question_number,question,code,source,tables,text_for_embedding,curl,timestamp,answer
1,Tổng số nhân viên hiện tại là bao nhiêu?,"{""measures"":[""hr_master_report.count""],""filters"":[{""dimension"":""hr_master_report.current_status"",""operator"":""equals"",""values"":[""Active""]}]}",hr,"[""hr_master_report""]",Tổng số nhân viên hiện tại là bao nhiêu?,,,
2,Số nhân viên theo giới tính là bao nhiêu?,"{""measures"":[""hr_master_report.count""],""dimensions"":[""hr_master_report.gender""]}",hr,"[""hr_master_report""]",Số nhân viên theo giới tính là bao nhiêu?,,,
3,Số nhân viên theo job level là bao nhiêu?,"{""measures"":[""hr_master_report.count""],""dimensions"":[""hr_master_report.job_level""]}",hr,"[""hr_master_report""]",Số nhân viên theo job level là bao nhiêu?,,,
4,Số nhân viên theo division là bao nhiêu?,"{""measures"":[""hr_master_report.count""],""dimensions"":[""hr_master_report.division""]}",hr,"[""hr_master_report""]",Số nhân viên theo division là bao nhiêu?,,,
5,Số nhân viên theo department level 2 là bao nhiêu?,"{""measures"":[""hr_master_report.count""],""dimensions"":[""hr_master_report.department_level_2""]}",hr,"[""hr_master_report""]",Số nhân viên theo department level 2 là bao nhiêu?,,,
6,Số nhân viên theo management level là bao nhiêu?,"{""measures"":[""hr_master_report.count""],""dimensions"":[""hr_master_report.management_level""]}",hr,"[""hr_master_report""]",Số nhân viên theo management level là bao nhiêu?,,,
7,Số nhân viên theo performance level là bao nhiêu?,"{""measures"":[""hr_master_report.count""],""dimensions"":[""hr_master_report.performance_level""]}",hr,"[""hr_master_report""]",Số nhân viên theo performance level là bao nhiêu?,,,
8,Số nhân viên theo potential level là bao nhiêu?,"{""measures"":[""hr_master_report.count""],""dimensions"":[""hr_master_report.potential_level""]}",hr,"[""hr_master_report""]",Số nhân viên theo potential level là bao nhiêu?,,,
9,Xu hướng tuyển dụng theo tháng là như thế nào?,"{""measures"":[""hr_master_report.count""],""timeDimensions"":[{""dimension"":""hr_master_report.hire_date"",""granularity"":""month""}]}",hr,"[""hr_master_report""]",Xu hướng tuyển dụng theo tháng là như thế nào?,,,
10,Số nhân viên nghỉ việc theo tháng là bao nhiêu?,"{""measures"":[""hr_master_report.count""],""timeDimensions"":[{""dimension"":""hr_master_report.termination_date"",""granularity"":""month""}]}",hr,"[""hr_master_report""]",Số nhân viên nghỉ việc theo tháng là bao nhiêu?,,,
11,Số nhân viên nghỉ việc theo lý do là gì?,"{""measures"":[""hr_master_report.count""],""dimensions"":[""hr_master_report.termination_reason""]}",hr,"[""hr_master_report""]",Số nhân viên nghỉ việc theo lý do là gì?,,,
14,Số nhân viên theo unit level 1 là bao nhiêu?,"{""measures"":[""hr_master_report.count""],""dimensions"":[""hr_master_report.business_unit_level_1""]}",hr,"[""hr_master_report""]",Số nhân viên theo unit level 1 là bao nhiêu?,,,
15,Số nhân viên theo tình trạng employment status là bao nhiêu?,"{""measures"":[""hr_master_report.count""],""dimensions"":[""hr_master_report.employment_status""]}",hr,"[""hr_master_report""]",Số nhân viên theo tình trạng employment status là bao nhiêu?,,,
16,Top 5 division có nhiều nhân viên nhất là những division nào?,"{""measures"":[""hr_master_report.count""],""dimensions"":[""hr_master_report.division""],""order"":{""hr_master_report.count"":""desc""},""limit"":5}",hr,"[""hr_master_report""]",Top 5 division có nhiều nhân viên nhất là những division nào?,,,
17,Department level 2 nào có nhiều nhân viên nhất?,"{""measures"":[""hr_master_report.count""],""dimensions"":[""hr_master_report.department_level_2""],""order"":{""hr_master_report.count"":""desc""},""limit"":1}",hr,"[""hr_master_report""]",Department level 2 nào có nhiều nhân viên nhất?,,,
18,Số nhân viên tuyển mới trong năm 2024 là bao nhiêu?,"{""measures"":[""hr_master_report.count""],""timeDimensions"":[{""dimension"":""hr_master_report.hire_date"",""dateRange"":[""2024-01-01"",""2024-12-31""]}]}",hr,"[""hr_master_report""]",Số nhân viên tuyển mới trong năm 2024 là bao nhiêu?,,,
19,Số nhân viên nghỉ việc trong quý 1 năm 2025 là bao nhiêu?,"{""measures"":[""hr_master_report.count""],""timeDimensions"":[{""dimension"":""hr_master_report.termination_date"",""dateRange"":[""2025-01-01"",""2025-03-31""]}]}",hr,"[""hr_master_report""]",Số nhân viên nghỉ việc trong quý 1 năm 2025 là bao nhiêu?,,,
20,Số nhân viên theo job level và giới tính là bao nhiêu?,"{""measures"":[""hr_master_report.count""],""dimensions"":[""hr_master_report.job_level"",""hr_master_report.gender""]}",hr,"[""hr_master_report""]",Số nhân viên theo job level và giới tính là bao nhiêu?,,,
21,Số nhân viên theo division và management level là bao nhiêu?,"{""measures"":[""hr_master_report.count""],""dimensions"":[""hr_master_report.division"",""hr_master_report.management_level""]}",hr,"[""hr_master_report""]",Số nhân viên theo division và management level là bao nhiêu?,,,
,,,,,,,,
23,Division nào có nhiều nhân viên nghỉ việc nhất?,"{""measures"":[""hr_master_report.count""],""dimensions"":[""hr_master_report.division""],""filters"":[{""dimension"":""hr_master_report.current_status"",""operator"":""equals"",""values"":[""Resigned""]}],""order"":{""hr_master_report.count"":""desc""},""limit"":1}",hr,"[""hr_master_report""]",Division nào có nhiều nhân viên nghỉ việc nhất?,,,
24,Số nhân viên tuyển mới theo tháng là bao nhiêu?,"{""measures"":[""hr_master_report.count""],""timeDimensions"":[{""dimension"":""hr_master_report.hire_date"",""granularity"":""month""}]}",hr,"[""hr_master_report""]",Số nhân viên tuyển mới theo tháng là bao nhiêu?,,,
25,Số nhân viên tuyển mới theo job level là bao nhiêu?,"{""measures"":[""hr_master_report.count""],""dimensions"":[""hr_master_report.job_level""],""timeDimensions"":[{""dimension"":""hr_master_report.hire_date""}]}",hr,"[""hr_master_report""]",Số nhân viên tuyển mới theo job level là bao nhiêu?,,,
27,Phân bố performance level theo job level như thế nào?,"{""measures"":[""hr_master_report.count""],""dimensions"":[""hr_master_report.job_level"",""hr_master_report.performance_level""]}",hr,"[""hr_master_report""]",Phân bố performance level theo job level như thế nào?,,,
28,Headcount theo job level và division là bao nhiêu?,"{""measures"":[""hr_master_report.count""],""dimensions"":[""hr_master_report.job_level"",""hr_master_report.division""]}",hr,"[""hr_master_report""]",Headcount theo job level và division là bao nhiêu?,,,
29,Cơ cấu nhân sự theo unit level 1 là như thế nào?,"{""measures"":[""hr_master_report.count""],""dimensions"":[""hr_master_report.business_unit_level_1""]}",hr,"[""hr_master_report""]",Cơ cấu nhân sự theo unit level 1 là như thế nào?,,,
,,,,,,,,
31,Gender theo job level phân bố như thế nào?,"{""measures"":[""hr_master_report.count""],""dimensions"":[""hr_master_report.job_level"",""hr_master_report.gender""]}",hr,"[""hr_master_report""]",Gender theo job level phân bố như thế nào?,,,
32,Net headcount change theo tháng là bao nhiêu?,"{""measures"":[""hr_master_report.count""],""timeDimensions"":[{""dimension"":""hr_master_report.hire_date"",""granularity"":""month""},{""dimension"":""hr_master_report.termination_date"",""granularity"":""month""}]}",hr,"[""hr_master_report""]",Net headcount change theo tháng là bao nhiêu?,,,
33,Số nhân viên tuyển mới và nghỉ việc theo tháng là bao nhiêu?,"{""measures"":[""hr_master_report.count""],""timeDimensions"":[{""dimension"":""hr_master_report.hire_date"",""granularity"":""month""},{""dimension"":""hr_master_report.termination_date"",""granularity"":""month""}]}",hr,"[""hr_master_report""]",Số nhân viên tuyển mới và nghỉ việc theo tháng là bao nhiêu?,,,
,,,,,,,,
,,,,,,,,
,,,,,,,,
,,,,,,,,
1,Tổng kế hoạch doanh thu MUST là bao nhiêu?,"{""measures"":[""finance_revenue_plan.total_plan_must_amount""]}",biz,"[""finance_revenue_plan""]",Tổng kế hoạch doanh thu MUST là bao nhiêu?,,,
2,Tổng kế hoạch doanh thu NICE là bao nhiêu?,"{""measures"":[""finance_revenue_plan.total_plan_nice_amount""]}",biz,"[""finance_revenue_plan""]",Tổng kế hoạch doanh thu NICE là bao nhiêu?,,,
3,Tổng kế hoạch doanh thu mục tiêu (MUST + NICE) là bao nhiêu?,"{""measures"":[""finance_revenue_plan.total_plan_target_amount""]}",biz,"[""finance_revenue_plan""]",Tổng kế hoạch doanh thu mục tiêu (MUST + NICE) là bao nhiêu?,,,
4,Kế hoạch doanh thu theo tháng là bao nhiêu?,"{""measures"":[""finance_revenue_plan.total_plan_target_amount""],""timeDimensions"":[{""dimension"":""finance_revenue_plan.plan_date"",""granularity"":""month""}]}",biz,"[""finance_revenue_plan""]",Kế hoạch doanh thu theo tháng là bao nhiêu?,,,
5,Kế hoạch doanh thu theo quý là bao nhiêu?,"{""measures"":[""finance_revenue_plan.total_plan_target_amount""],""timeDimensions"":[{""dimension"":""finance_revenue_plan.plan_date"",""granularity"":""quarter""}]}",biz,"[""finance_revenue_plan""]",Kế hoạch doanh thu theo quý là bao nhiêu?,,,
6,Kế hoạch doanh thu theo năm là bao nhiêu?,"{""measures"":[""finance_revenue_plan.total_plan_target_amount""],""timeDimensions"":[{""dimension"":""finance_revenue_plan.plan_date"",""granularity"":""year""}]}",biz,"[""finance_revenue_plan""]",Kế hoạch doanh thu theo năm là bao nhiêu?,,,
7,Kế hoạch doanh thu MUST theo phân khúc khách hàng cấp 1 là bao nhiêu?,"{""measures"":[""finance_revenue_plan.total_plan_must_amount""],""dimensions"":[""finance_revenue_plan.customer_segment_l1""]}",biz,"[""finance_revenue_plan""]",Kế hoạch doanh thu MUST theo phân khúc khách hàng cấp 1 là bao nhiêu?,,,
8,Kế hoạch doanh thu NICE theo phân khúc khách hàng cấp 1 là bao nhiêu?,"{""measures"":[""finance_revenue_plan.total_plan_nice_amount""],""dimensions"":[""finance_revenue_plan.customer_segment_l1""]}",biz,"[""finance_revenue_plan""]",Kế hoạch doanh thu NICE theo phân khúc khách hàng cấp 1 là bao nhiêu?,,,
9,Tổng kế hoạch doanh thu theo phân khúc khách hàng cấp 2 là bao nhiêu?,"{""measures"":[""finance_revenue_plan.total_plan_target_amount""],""dimensions"":[""finance_revenue_plan.customer_segment_l2""]}",biz,"[""finance_revenue_plan""]",Tổng kế hoạch doanh thu theo phân khúc khách hàng cấp 2 là bao nhiêu?,,,
10,Tỷ lệ kế hoạch NICE trên tổng kế hoạch là bao nhiêu?,"{""measures"":[""finance_revenue_plan.plan_nice_amount_ratio""]}",biz,"[""finance_revenue_plan""]",Tỷ lệ kế hoạch NICE trên tổng kế hoạch là bao nhiêu?,,,
11,Số lượng bản ghi kế hoạch doanh thu là bao nhiêu?,"{""measures"":[""finance_revenue_plan.number_of_plan_record_count""]}",biz,"[""finance_revenue_plan""]",Số lượng bản ghi kế hoạch doanh thu là bao nhiêu?,,,
13,Kế hoạch doanh thu MUST theo tháng là bao nhiêu?,"{""measures"":[""finance_revenue_plan.total_plan_must_amount""],""timeDimensions"":[{""dimension"":""finance_revenue_plan.plan_date"",""granularity"":""month""}]}",biz,"[""finance_revenue_plan""]",Kế hoạch doanh thu MUST theo tháng là bao nhiêu?,,,
14,Kế hoạch doanh thu MUST theo quý là bao nhiêu?,"{""measures"":[""finance_revenue_plan.total_plan_must_amount""],""timeDimensions"":[{""dimension"":""finance_revenue_plan.plan_date"",""granularity"":""quarter""}]}",biz,"[""finance_revenue_plan""]",Kế hoạch doanh thu MUST theo quý là bao nhiêu?,,,
15,Kế hoạch doanh thu MUST theo năm là bao nhiêu?,"{""measures"":[""finance_revenue_plan.total_plan_must_amount""],""timeDimensions"":[{""dimension"":""finance_revenue_plan.plan_date"",""granularity"":""year""}]}",biz,"[""finance_revenue_plan""]",Kế hoạch doanh thu MUST theo năm là bao nhiêu?,,,
16,So sánh kế hoạch doanh thu MUST và NICE theo tháng là bao nhiêu?,"{""measures"":[""finance_revenue_plan.total_plan_must_amount"",""finance_revenue_plan.total_plan_nice_amount""],""timeDimensions"":[{""dimension"":""finance_revenue_plan.plan_date"",""granularity"":""month""}]}",biz,"[""finance_revenue_plan""]",So sánh kế hoạch doanh thu MUST và NICE theo tháng là bao nhiêu?,,,
17,Top phân khúc khách hàng cấp 1 theo kế hoạch doanh thu là gì?,"{""measures"":[""finance_revenue_plan.total_plan_target_amount""],""dimensions"":[""finance_revenue_plan.customer_segment_l1""],""order"":{""finance_revenue_plan.total_plan_target_amount"":""desc""},""limit"":5}",biz,"[""finance_revenue_plan""]",Top phân khúc khách hàng cấp 1 theo kế hoạch doanh thu là gì?,,,
18,Phân khúc khách hàng nào có kế hoạch doanh thu cao nhất?,"{""measures"":[""finance_revenue_plan.total_plan_target_amount""],""dimensions"":[""finance_revenue_plan.customer_segment_l1""],""order"":{""finance_revenue_plan.total_plan_target_amount"":""desc""},""limit"":1}",biz,"[""finance_revenue_plan""]",Phân khúc khách hàng nào có kế hoạch doanh thu cao nhất?,,,
19,Phân khúc khách hàng nào có tỷ lệ NICE plan cao nhất?,"{""measures"":[""finance_revenue_plan.plan_nice_amount_ratio""],""dimensions"":[""finance_revenue_plan.customer_segment_l1""],""order"":{""finance_revenue_plan.plan_nice_amount_ratio"":""desc""},""limit"":1}",biz,"[""finance_revenue_plan""]",Phân khúc khách hàng nào có tỷ lệ NICE plan cao nhất?,,,
20,Phân bố kế hoạch MUST theo bucket là gì?,"{""measures"":[""finance_revenue_plan.total_plan_must_amount""],""dimensions"":[""finance_revenue_plan.plan_must_bucket""]}",biz,"[""finance_revenue_plan""]",Phân bố kế hoạch MUST theo bucket là gì?,,,
21,Phân bố kế hoạch NICE theo bucket là gì?,"{""measures"":[""finance_revenue_plan.total_plan_nice_amount""],""dimensions"":[""finance_revenue_plan.plan_nice_bucket""]}",biz,"[""finance_revenue_plan""]",Phân bố kế hoạch NICE theo bucket là gì?,,,
,,,,,,,,
23,Phân khúc khách hàng nào có kế hoạch doanh thu tăng theo thời gian nhanh nhất?,"{""measures"":[""finance_revenue_plan.total_plan_target_amount""],""dimensions"":[""finance_revenue_plan.customer_segment_l1""],""timeDimensions"":[{""dimension"":""finance_revenue_plan.plan_date"",""granularity"":""year""}]}",biz,"[""finance_revenue_plan""]",Phân khúc khách hàng nào có kế hoạch doanh thu tăng theo thời gian nhanh nhất?,,,
24,Phân khúc khách hàng nào có giá trị kế hoạch NICE cao bất thường?,"{""measures"":[""finance_revenue_plan.total_plan_nice_amount""],""dimensions"":[""finance_revenue_plan.customer_segment_l1""],""order"":{""finance_revenue_plan.total_plan_nice_amount"":""desc""},""limit"":5}",biz,"[""finance_revenue_plan""]",Phân khúc khách hàng nào có giá trị kế hoạch NICE cao bất thường?,,,
25,Top 5 phân khúc khách hàng theo kế hoạch doanh thu là gì?,"{""measures"":[""finance_revenue_plan.total_plan_target_amount""],""dimensions"":[""finance_revenue_plan.customer_segment_l1""],""order"":{""finance_revenue_plan.total_plan_target_amount"":""desc""},""limit"":5}",biz,"[""finance_revenue_plan""]",Top 5 phân khúc khách hàng theo kế hoạch doanh thu là gì?,,,
26,5 phân khúc khách hàng có kế hoạch doanh thu thấp nhất là gì?,"{""measures"":[""finance_revenue_plan.total_plan_target_amount""],""dimensions"":[""finance_revenue_plan.customer_segment_l1""],""order"":{""finance_revenue_plan.total_plan_target_amount"":""asc""},""limit"":5}",biz,"[""finance_revenue_plan""]",5 phân khúc khách hàng có kế hoạch doanh thu thấp nhất là gì?,,,
27,Kế hoạch doanh thu tháng này so với tháng trước là bao nhiêu?,"{""measures"":[""finance_revenue_plan.total_plan_target_amount""],""timeDimensions"":[{""dimension"":""finance_revenue_plan.plan_date"",""granularity"":""month""}]}",biz,"[""finance_revenue_plan""]",Kế hoạch doanh thu tháng này so với tháng trước là bao nhiêu?,,,
28,Kế hoạch doanh thu quý này so với quý trước là bao nhiêu?,"{""measures"":[""finance_revenue_plan.total_plan_target_amount""],""timeDimensions"":[{""dimension"":""finance_revenue_plan.plan_date"",""granularity"":""quarter""}]}",biz,"[""finance_revenue_plan""]",Kế hoạch doanh thu quý này so với quý trước là bao nhiêu?,,,
29,Kế hoạch doanh thu năm nay so với năm trước là bao nhiêu?,"{""measures"":[""finance_revenue_plan.total_plan_target_amount""],""timeDimensions"":[{""dimension"":""finance_revenue_plan.plan_date"",""granularity"":""year""}]}",biz,"[""finance_revenue_plan""]",Kế hoạch doanh thu năm nay so với năm trước là bao nhiêu?,,,
30,Kế hoạch doanh thu theo phân khúc khách hàng và thời gian là bao nhiêu?,"{""measures"":[""finance_revenue_plan.total_plan_target_amount""],""dimensions"":[""finance_revenue_plan.customer_segment_l1""],""timeDimensions"":[{""dimension"":""finance_revenue_plan.plan_date"",""granularity"":""year""}]}",biz,"[""finance_revenue_plan""]",Kế hoạch doanh thu theo phân khúc khách hàng và thời gian là bao nhiêu?,,,
31,Kế hoạch doanh thu MUST theo phân khúc khách hàng cấp 2 là bao nhiêu?,"{""measures"":[""finance_revenue_plan.total_plan_must_amount""],""dimensions"":[""finance_revenue_plan.customer_segment_l2""]}",biz,"[""finance_revenue_plan""]",Kế hoạch doanh thu MUST theo phân khúc khách hàng cấp 2 là bao nhiêu?,,,
32,Kế hoạch doanh thu NICE theo phân khúc khách hàng cấp 2 là bao nhiêu?,"{""measures"":[""finance_revenue_plan.total_plan_nice_amount""],""dimensions"":[""finance_revenue_plan.customer_segment_l2""]}",biz,"[""finance_revenue_plan""]",Kế hoạch doanh thu NICE theo phân khúc khách hàng cấp 2 là bao nhiêu?,,,
33,Phân khúc khách hàng nào có kế hoạch doanh thu thấp bất thường?,"{""measures"":[""finance_revenue_plan.total_plan_target_amount""],""dimensions"":[""finance_revenue_plan.customer_segment_l1""],""order"":{""finance_revenue_plan.total_plan_target_amount"":""asc""},""limit"":3}",biz,"[""finance_revenue_plan""]",Phân khúc khách hàng nào có kế hoạch doanh thu thấp bất thường?,,,
34,Phân khúc khách hàng nào có kế hoạch MUST rất cao nhưng NICE thấp?,"{""measures"":[""finance_revenue_plan.total_plan_must_amount"",""finance_revenue_plan.total_plan_nice_amount""],""dimensions"":[""finance_revenue_plan.customer_segment_l1""]}",biz,"[""finance_revenue_plan""]",Phân khúc khách hàng nào có kế hoạch MUST rất cao nhưng NICE thấp?,,,
35,Tổng kế hoạch doanh thu theo bucket MUST theo thời gian là bao nhiêu?,"{""measures"":[""finance_revenue_plan.total_plan_must_amount""],""dimensions"":[""finance_revenue_plan.plan_must_bucket""],""timeDimensions"":[{""dimension"":""finance_revenue_plan.plan_date"",""granularity"":""year""}]}",biz,"[""finance_revenue_plan""]",Tổng kế hoạch doanh thu theo bucket MUST theo thời gian là bao nhiêu?,,,
36,Tổng kế hoạch doanh thu theo bucket NICE theo thời gian là bao nhiêu?,"{""measures"":[""finance_revenue_plan.total_plan_nice_amount""],""dimensions"":[""finance_revenue_plan.plan_nice_bucket""],""timeDimensions"":[{""dimension"":""finance_revenue_plan.plan_date"",""granularity"":""year""}]}",biz,"[""finance_revenue_plan""]",Tổng kế hoạch doanh thu theo bucket NICE theo thời gian là bao nhiêu?,,,
37,So sánh kế hoạch MUST và NICE theo phân khúc khách hàng là gì?,"{""measures"":[""finance_revenue_plan.total_plan_must_amount"",""finance_revenue_plan.total_plan_nice_amount""],""dimensions"":[""finance_revenue_plan.customer_segment_l1""]}",biz,"[""finance_revenue_plan""]",So sánh kế hoạch MUST và NICE theo phân khúc khách hàng là gì?,,,
39,So sánh kế hoạch doanh thu theo phân khúc khách hàng giữa các năm là gì?,"{""measures"":[""finance_revenue_plan.total_plan_target_amount""],""dimensions"":[""finance_revenue_plan.customer_segment_l1""],""timeDimensions"":[{""dimension"":""finance_revenue_plan.plan_date"",""granularity"":""year""}]}",biz,"[""finance_revenue_plan""]",So sánh kế hoạch doanh thu theo phân khúc khách hàng giữa các năm là gì?,,,
40,So sánh kế hoạch doanh thu và doanh thu thực tế theo phân khúc khách hàng là gì?,"{""measures"":[""finance_revenue_plan.total_plan_target_amount""],""dimensions"":[""finance_revenue_plan.customer_segment_l1""]}",biz,"[""finance_revenue_plan""]",So sánh kế hoạch doanh thu và doanh thu thực tế theo phân khúc khách hàng là gì?,,,
41,Tỷ lệ NICE plan trên tổng kế hoạch là bao nhiêu?,"{""measures"":[""finance_revenue_plan.plan_nice_amount_ratio""]}",biz,"[""finance_revenue_plan""]",Tỷ lệ NICE plan trên tổng kế hoạch là bao nhiêu?,,,
42,Tỷ lệ NICE plan theo tháng là bao nhiêu?,"{""measures"":[""finance_revenue_plan.plan_nice_amount_ratio""],""timeDimensions"":[{""dimension"":""finance_revenue_plan.plan_date"",""granularity"":""month""}]}",biz,"[""finance_revenue_plan""]",Tỷ lệ NICE plan theo tháng là bao nhiêu?,,,
43,Tỷ lệ NICE plan theo quý là bao nhiêu?,"{""measures"":[""finance_revenue_plan.plan_nice_amount_ratio""],""timeDimensions"":[{""dimension"":""finance_revenue_plan.plan_date"",""granularity"":""quarter""}]}",biz,"[""finance_revenue_plan""]",Tỷ lệ NICE plan theo quý là bao nhiêu?,,,
44,Tỷ lệ NICE plan theo phân khúc khách hàng là bao nhiêu?,"{""measures"":[""finance_revenue_plan.plan_nice_amount_ratio""],""dimensions"":[""finance_revenue_plan.customer_segment_l1""]}",biz,"[""finance_revenue_plan""]",Tỷ lệ NICE plan theo phân khúc khách hàng là bao nhiêu?,,,
,,,,,,,,
,,,,,,,,
,,,,,,,,
49,So sánh đóng góp kế hoạch MUST và NICE theo phân khúc khách hàng là gì?,"{""measures"":[""finance_revenue_plan.total_plan_must_amount"",""finance_revenue_plan.total_plan_nice_amount""],""dimensions"":[""finance_revenue_plan.customer_segment_l1""]}",biz,"[""finance_revenue_plan""]",So sánh đóng góp kế hoạch MUST và NICE theo phân khúc khách hàng là gì?,,,
,,,,,,,,
,,,,,,,,
,,,,,,,,
,,,,,,,,
55,Giá trị kế hoạch MUST trung bình theo phân khúc khách hàng là bao nhiêu?,"{""measures"":[""finance_revenue_plan.avg_plan_must_amount""],""dimensions"":[""finance_revenue_plan.customer_segment_l1""]}",biz,"[""finance_revenue_plan""]",Giá trị kế hoạch MUST trung bình theo phân khúc khách hàng là bao nhiêu?,,,
56,Giá trị kế hoạch NICE trung bình theo phân khúc khách hàng là bao nhiêu?,"{""measures"":[""finance_revenue_plan.avg_plan_nice_amount""],""dimensions"":[""finance_revenue_plan.customer_segment_l1""]}",biz,"[""finance_revenue_plan""]",Giá trị kế hoạch NICE trung bình theo phân khúc khách hàng là bao nhiêu?,,,
57,Giá trị kế hoạch MUST lớn nhất theo phân khúc khách hàng là bao nhiêu?,"{""measures"":[""finance_revenue_plan.max_plan_must_amount""],""dimensions"":[""finance_revenue_plan.customer_segment_l1""]}",biz,"[""finance_revenue_plan""]",Giá trị kế hoạch MUST lớn nhất theo phân khúc khách hàng là bao nhiêu?,,,
58,Giá trị kế hoạch NICE lớn nhất theo phân khúc khách hàng là bao nhiêu?,"{""measures"":[""finance_revenue_plan.max_plan_nice_amount""],""dimensions"":[""finance_revenue_plan.customer_segment_l1""]}",biz,"[""finance_revenue_plan""]",Giá trị kế hoạch NICE lớn nhất theo phân khúc khách hàng là bao nhiêu?,,,
59,Số lượng bản ghi kế hoạch theo phân khúc khách hàng là bao nhiêu?,"{""measures"":[""finance_revenue_plan.number_of_plan_record_count""],""dimensions"":[""finance_revenue_plan.customer_segment_l1""]}",biz,"[""finance_revenue_plan""]",Số lượng bản ghi kế hoạch theo phân khúc khách hàng là bao nhiêu?,,,
61,Tháng nào có kế hoạch doanh thu cao nhất?,"{""measures"":[""finance_revenue_plan.total_plan_target_amount""],""timeDimensions"":[{""dimension"":""finance_revenue_plan.plan_date"",""granularity"":""month""}],""order"":{""finance_revenue_plan.total_plan_target_amount"":""desc""},""limit"":1}",biz,"[""finance_revenue_plan""]",Tháng nào có kế hoạch doanh thu cao nhất?,,,
62,Tháng nào có kế hoạch doanh thu thấp nhất?,"{""measures"":[""finance_revenue_plan.total_plan_target_amount""],""timeDimensions"":[{""dimension"":""finance_revenue_plan.plan_date"",""granularity"":""month""}],""order"":{""finance_revenue_plan.total_plan_target_amount"":""asc""},""limit"":1}",biz,"[""finance_revenue_plan""]",Tháng nào có kế hoạch doanh thu thấp nhất?,,,
63,Quý nào có kế hoạch doanh thu cao nhất?,"{""measures"":[""finance_revenue_plan.total_plan_target_amount""],""timeDimensions"":[{""dimension"":""finance_revenue_plan.plan_date"",""granularity"":""quarter""}],""order"":{""finance_revenue_plan.total_plan_target_amount"":""desc""},""limit"":1}",biz,"[""finance_revenue_plan""]",Quý nào có kế hoạch doanh thu cao nhất?,,,
64,Quý nào có kế hoạch doanh thu thấp nhất?,"{""measures"":[""finance_revenue_plan.total_plan_target_amount""],""timeDimensions"":[{""dimension"":""finance_revenue_plan.plan_date"",""granularity"":""quarter""}],""order"":{""finance_revenue_plan.total_plan_target_amount"":""asc""},""limit"":1}",biz,"[""finance_revenue_plan""]",Quý nào có kế hoạch doanh thu thấp nhất?,,,
65,Năm nào có kế hoạch doanh thu cao nhất?,"{""measures"":[""finance_revenue_plan.total_plan_target_amount""],""timeDimensions"":[{""dimension"":""finance_revenue_plan.plan_date"",""granularity"":""year""}],""order"":{""finance_revenue_plan.total_plan_target_amount"":""desc""},""limit"":1}",biz,"[""finance_revenue_plan""]",Năm nào có kế hoạch doanh thu cao nhất?,,,
66,Năm nào có kế hoạch doanh thu thấp nhất?,"{""measures"":[""finance_revenue_plan.total_plan_target_amount""],""timeDimensions"":[{""dimension"":""finance_revenue_plan.plan_date"",""granularity"":""year""}],""order"":{""finance_revenue_plan.total_plan_target_amount"":""asc""},""limit"":1}",biz,"[""finance_revenue_plan""]",Năm nào có kế hoạch doanh thu thấp nhất?,,,
67,Phân khúc khách hàng nào có kế hoạch doanh thu cao nhất?,"{""measures"":[""finance_revenue_plan.total_plan_target_amount""],""dimensions"":[""finance_revenue_plan.customer_segment_l1""],""order"":{""finance_revenue_plan.total_plan_target_amount"":""desc""},""limit"":1}",biz,"[""finance_revenue_plan""]",Phân khúc khách hàng nào có kế hoạch doanh thu cao nhất?,,,
68,Phân khúc khách hàng nào có kế hoạch doanh thu thấp nhất?,"{""measures"":[""finance_revenue_plan.total_plan_target_amount""],""dimensions"":[""finance_revenue_plan.customer_segment_l1""],""order"":{""finance_revenue_plan.total_plan_target_amount"":""asc""},""limit"":1}",biz,"[""finance_revenue_plan""]",Phân khúc khách hàng nào có kế hoạch doanh thu thấp nhất?,,,
69,Phân khúc khách hàng nào có kế hoạch MUST cao nhất?,"{""measures"":[""finance_revenue_plan.total_plan_must_amount""],""dimensions"":[""finance_revenue_plan.customer_segment_l1""],""order"":{""finance_revenue_plan.total_plan_must_amount"":""desc""},""limit"":1}",biz,"[""finance_revenue_plan""]",Phân khúc khách hàng nào có kế hoạch MUST cao nhất?,,,
70,Phân khúc khách hàng nào có kế hoạch NICE cao nhất?,"{""measures"":[""finance_revenue_plan.total_plan_nice_amount""],""dimensions"":[""finance_revenue_plan.customer_segment_l1""],""order"":{""finance_revenue_plan.total_plan_nice_amount"":""desc""},""limit"":1}",biz,"[""finance_revenue_plan""]",Phân khúc khách hàng nào có kế hoạch NICE cao nhất?,,,
71,Phân khúc khách hàng nào có tốc độ tăng trưởng kế hoạch nhanh nhất theo năm?,"{""measures"":[""finance_revenue_plan.total_plan_target_amount""],""dimensions"":[""finance_revenue_plan.customer_segment_l1""],""timeDimensions"":[{""dimension"":""finance_revenue_plan.plan_date"",""granularity"":""year""}]}",biz,"[""finance_revenue_plan""]",Phân khúc khách hàng nào có tốc độ tăng trưởng kế hoạch nhanh nhất theo năm?,,,
74,Bucket kế hoạch MUST nào có tổng plan cao nhất?,"{""measures"":[""finance_revenue_plan.total_plan_must_amount""],""dimensions"":[""finance_revenue_plan.plan_must_bucket""],""order"":{""finance_revenue_plan.total_plan_must_amount"":""desc""},""limit"":1}",biz,"[""finance_revenue_plan""]",Bucket kế hoạch MUST nào có tổng plan cao nhất?,,,
75,Bucket kế hoạch NICE nào có tổng plan cao nhất?,"{""measures"":[""finance_revenue_plan.total_plan_nice_amount""],""dimensions"":[""finance_revenue_plan.plan_nice_bucket""],""order"":{""finance_revenue_plan.total_plan_nice_amount"":""desc""},""limit"":1}",biz,"[""finance_revenue_plan""]",Bucket kế hoạch NICE nào có tổng plan cao nhất?,,,
76,Bucket kế hoạch MUST nào có tổng plan thấp nhất?,"{""measures"":[""finance_revenue_plan.total_plan_must_amount""],""dimensions"":[""finance_revenue_plan.plan_must_bucket""],""order"":{""finance_revenue_plan.total_plan_must_amount"":""asc""},""limit"":1}",biz,"[""finance_revenue_plan""]",Bucket kế hoạch MUST nào có tổng plan thấp nhất?,,,
77,Bucket kế hoạch NICE nào có tổng plan thấp nhất?,"{""measures"":[""finance_revenue_plan.total_plan_nice_amount""],""dimensions"":[""finance_revenue_plan.plan_nice_bucket""],""order"":{""finance_revenue_plan.total_plan_nice_amount"":""asc""},""limit"":1}",biz,"[""finance_revenue_plan""]",Bucket kế hoạch NICE nào có tổng plan thấp nhất?,,,
78,Phân khúc khách hàng cấp 2 nào có kế hoạch doanh thu cao nhất?,"{""measures"":[""finance_revenue_plan.total_plan_target_amount""],""dimensions"":[""finance_revenue_plan.customer_segment_l2""],""order"":{""finance_revenue_plan.total_plan_target_amount"":""desc""},""limit"":1}",biz,"[""finance_revenue_plan""]",Phân khúc khách hàng cấp 2 nào có kế hoạch doanh thu cao nhất?,,,
79,Phân khúc khách hàng cấp 2 nào có kế hoạch doanh thu thấp nhất?,"{""measures"":[""finance_revenue_plan.total_plan_target_amount""],""dimensions"":[""finance_revenue_plan.customer_segment_l2""],""order"":{""finance_revenue_plan.total_plan_target_amount"":""asc""},""limit"":1}",biz,"[""finance_revenue_plan""]",Phân khúc khách hàng cấp 2 nào có kế hoạch doanh thu thấp nhất?,,,
80,Segment nào có kế hoạch doanh thu tăng nhanh nhất theo thời gian?,"{""measures"":[""finance_revenue_plan.total_plan_target_amount""],""dimensions"":[""finance_revenue_plan.customer_segment_l1""],""timeDimensions"":[{""dimension"":""finance_revenue_plan.plan_date"",""granularity"":""year""}]}",biz,"[""finance_revenue_plan""]",Segment nào có kế hoạch doanh thu tăng nhanh nhất theo thời gian?,,,
81,Mix kế hoạch MUST theo bucket theo thời gian như thế nào?,"{""measures"":[""finance_revenue_plan.total_plan_must_amount""],""dimensions"":[""finance_revenue_plan.plan_must_bucket""],""timeDimensions"":[{""dimension"":""finance_revenue_plan.plan_date"",""granularity"":""month""}]}",biz,"[""finance_revenue_plan""]",Mix kế hoạch MUST theo bucket theo thời gian như thế nào?,,,
82,Mix kế hoạch NICE theo bucket theo thời gian như thế nào?,"{""measures"":[""finance_revenue_plan.total_plan_nice_amount""],""dimensions"":[""finance_revenue_plan.plan_nice_bucket""],""timeDimensions"":[{""dimension"":""finance_revenue_plan.plan_date"",""granularity"":""month""}]}",biz,"[""finance_revenue_plan""]",Mix kế hoạch NICE theo bucket theo thời gian như thế nào?,,,
83,Phân bố tổng kế hoạch theo bucket MUST theo năm như thế nào?,"{""measures"":[""finance_revenue_plan.total_plan_must_amount""],""dimensions"":[""finance_revenue_plan.plan_must_bucket""],""timeDimensions"":[{""dimension"":""finance_revenue_plan.plan_date"",""granularity"":""year""}]}",biz,"[""finance_revenue_plan""]",Phân bố tổng kế hoạch theo bucket MUST theo năm như thế nào?,,,
84,Phân bố tổng kế hoạch theo bucket NICE theo năm như thế nào?,"{""measures"":[""finance_revenue_plan.total_plan_nice_amount""],""dimensions"":[""finance_revenue_plan.plan_nice_bucket""],""timeDimensions"":[{""dimension"":""finance_revenue_plan.plan_date"",""granularity"":""year""}]}",biz,"[""finance_revenue_plan""]",Phân bố tổng kế hoạch theo bucket NICE theo năm như thế nào?,,,
85,Mix phân khúc khách hàng theo kế hoạch doanh thu từng năm như thế nào?,"{""measures"":[""finance_revenue_plan.total_plan_target_amount""],""dimensions"":[""finance_revenue_plan.customer_segment_l1""],""timeDimensions"":[{""dimension"":""finance_revenue_plan.plan_date"",""granularity"":""year""}]}",biz,"[""finance_revenue_plan""]",Mix phân khúc khách hàng theo kế hoạch doanh thu từng năm như thế nào?,,,
86,Mix phân khúc khách hàng cấp 2 theo kế hoạch doanh thu từng năm như thế nào?,"{""measures"":[""finance_revenue_plan.total_plan_target_amount""],""dimensions"":[""finance_revenue_plan.customer_segment_l2""],""timeDimensions"":[{""dimension"":""finance_revenue_plan.plan_date"",""granularity"":""year""}]}",biz,"[""finance_revenue_plan""]",Mix phân khúc khách hàng cấp 2 theo kế hoạch doanh thu từng năm như thế nào?,,,
,,,,,,,,
,,,,,,,,
89,So sánh cấu trúc MUST và NICE theo phân khúc khách hàng như thế nào?,"{""measures"":[""finance_revenue_plan.total_plan_must_amount"",""finance_revenue_plan.total_plan_nice_amount""],""dimensions"":[""finance_revenue_plan.customer_segment_l1""]}",biz,"[""finance_revenue_plan""]",So sánh cấu trúc MUST và NICE theo phân khúc khách hàng như thế nào?,,,
90,Cấu trúc kế hoạch MUST và NICE theo phân khúc khách hàng cấp 2 như thế nào?,"{""measures"":[""finance_revenue_plan.total_plan_must_amount"",""finance_revenue_plan.total_plan_nice_amount""],""dimensions"":[""finance_revenue_plan.customer_segment_l2""]}",biz,"[""finance_revenue_plan""]",Cấu trúc kế hoạch MUST và NICE theo phân khúc khách hàng cấp 2 như thế nào?,,,
93,Mix kế hoạch theo bucket MUST theo quý như thế nào?,"{""measures"":[""finance_revenue_plan.total_plan_must_amount""],""dimensions"":[""finance_revenue_plan.plan_must_bucket""],""timeDimensions"":[{""dimension"":""finance_revenue_plan.plan_date"",""granularity"":""quarter""}]}",biz,"[""finance_revenue_plan""]",Mix kế hoạch theo bucket MUST theo quý như thế nào?,,,
94,Mix kế hoạch theo bucket NICE theo quý như thế nào?,"{""measures"":[""finance_revenue_plan.total_plan_nice_amount""],""dimensions"":[""finance_revenue_plan.plan_nice_bucket""],""timeDimensions"":[{""dimension"":""finance_revenue_plan.plan_date"",""granularity"":""quarter""}]}",biz,"[""finance_revenue_plan""]",Mix kế hoạch theo bucket NICE theo quý như thế nào?,,,
95,Cấu trúc tổng kế hoạch theo bucket MUST theo năm như thế nào?,"{""measures"":[""finance_revenue_plan.total_plan_target_amount""],""dimensions"":[""finance_revenue_plan.plan_must_bucket""],""timeDimensions"":[{""dimension"":""finance_revenue_plan.plan_date"",""granularity"":""year""}]}",biz,"[""finance_revenue_plan""]",Cấu trúc tổng kế hoạch theo bucket MUST theo năm như thế nào?,,,
96,Cấu trúc tổng kế hoạch theo bucket NICE theo năm như thế nào?,"{""measures"":[""finance_revenue_plan.total_plan_target_amount""],""dimensions"":[""finance_revenue_plan.plan_nice_bucket""],""timeDimensions"":[{""dimension"":""finance_revenue_plan.plan_date"",""granularity"":""year""}]}",biz,"[""finance_revenue_plan""]",Cấu trúc tổng kế hoạch theo bucket NICE theo năm như thế nào?,,,
97,Mix kế hoạch theo phân khúc khách hàng theo quý như thế nào?,"{""measures"":[""finance_revenue_plan.total_plan_target_amount""],""dimensions"":[""finance_revenue_plan.customer_segment_l1""],""timeDimensions"":[{""dimension"":""finance_revenue_plan.plan_date"",""granularity"":""quarter""}]}",biz,"[""finance_revenue_plan""]",Mix kế hoạch theo phân khúc khách hàng theo quý như thế nào?,,,
98,Mix kế hoạch theo phân khúc khách hàng theo tháng như thế nào?,"{""measures"":[""finance_revenue_plan.total_plan_target_amount""],""dimensions"":[""finance_revenue_plan.customer_segment_l1""],""timeDimensions"":[{""dimension"":""finance_revenue_plan.plan_date"",""granularity"":""month""}]}",biz,"[""finance_revenue_plan""]",Mix kế hoạch theo phân khúc khách hàng theo tháng như thế nào?,,,
99,Phân bố tổng kế hoạch theo segment alias theo năm như thế nào?,"{""measures"":[""finance_revenue_plan.total_plan_target_amount""],""dimensions"":[""finance_revenue_plan.customer_segment_alias""],""timeDimensions"":[{""dimension"":""finance_revenue_plan.plan_date"",""granularity"":""year""}]}",biz,"[""finance_revenue_plan""]",Phân bố tổng kế hoạch theo segment alias theo năm như thế nào?,,,
100,Mix kế hoạch MUST và NICE theo thời gian như thế nào?,"{""measures"":[""finance_revenue_plan.total_plan_must_amount"",""finance_revenue_plan.total_plan_nice_amount""],""timeDimensions"":[{""dimension"":""finance_revenue_plan.plan_date"",""granularity"":""month""}]}",biz,"[""finance_revenue_plan""]",Mix kế hoạch MUST và NICE theo thời gian như thế nào?,,,
1,Tổng chi phí sản xuất là bao nhiêu?,"{""measures"":[""finance_production_cost_allocations.total_production_cost_value""]}",biz,"[""finance_production_cost_allocations""]",Tổng chi phí sản xuất là bao nhiêu?,,,
2,Tổng chi phí sản xuất theo tháng như thế nào?,"{""measures"":[""finance_production_cost_allocations.total_production_cost_value""],""timeDimensions"":[{""dimension"":""finance_production_cost_allocations.report_date"",""granularity"":""month""}]}",biz,"[""finance_production_cost_allocations""]",Tổng chi phí sản xuất theo tháng như thế nào?,,,
3,Tổng chi phí sản xuất theo quý như thế nào?,"{""measures"":[""finance_production_cost_allocations.total_production_cost_value""],""timeDimensions"":[{""dimension"":""finance_production_cost_allocations.report_date"",""granularity"":""quarter""}]}",biz,"[""finance_production_cost_allocations""]",Tổng chi phí sản xuất theo quý như thế nào?,,,
4,Tổng chi phí sản xuất theo năm như thế nào?,"{""measures"":[""finance_production_cost_allocations.total_production_cost_value""],""timeDimensions"":[{""dimension"":""finance_production_cost_allocations.report_date"",""granularity"":""year""}]}",biz,"[""finance_production_cost_allocations""]",Tổng chi phí sản xuất theo năm như thế nào?,,,
5,Chi phí sản xuất trung bình là bao nhiêu?,"{""measures"":[""finance_production_cost_allocations.avg_production_cost_value""]}",biz,"[""finance_production_cost_allocations""]",Chi phí sản xuất trung bình là bao nhiêu?,,,
6,Chi phí sản xuất lớn nhất là bao nhiêu?,"{""measures"":[""finance_production_cost_allocations.max_production_cost_value""]}",biz,"[""finance_production_cost_allocations""]",Chi phí sản xuất lớn nhất là bao nhiêu?,,,
7,Chi phí sản xuất nhỏ nhất là bao nhiêu?,"{""measures"":[""finance_production_cost_allocations.min_production_cost_value""]}",biz,"[""finance_production_cost_allocations""]",Chi phí sản xuất nhỏ nhất là bao nhiêu?,,,
8,Có bao nhiêu bản ghi chi phí sản xuất?,"{""measures"":[""finance_production_cost_allocations.number_of_production_cost_record_count""]}",biz,"[""finance_production_cost_allocations""]",Có bao nhiêu bản ghi chi phí sản xuất?,,,
9,Tổng chi phí hạ tầng sản xuất là bao nhiêu?,"{""measures"":[""finance_production_cost_allocations.total_infra_production_cost_value""]}",biz,"[""finance_production_cost_allocations""]",Tổng chi phí hạ tầng sản xuất là bao nhiêu?,,,
10,Chi phí hạ tầng sản xuất theo tháng như thế nào?,"{""measures"":[""finance_production_cost_allocations.total_infra_production_cost_value""],""timeDimensions"":[{""dimension"":""finance_production_cost_allocations.report_date"",""granularity"":""month""}]}",biz,"[""finance_production_cost_allocations""]",Chi phí hạ tầng sản xuất theo tháng như thế nào?,,,
11,Tổng chi phí sản xuất trong năm 2024 là bao nhiêu?,"{""measures"":[""finance_production_cost_allocations.total_production_cost_value""],""timeDimensions"":[{""dimension"":""finance_production_cost_allocations.report_date"",""dateRange"":[""2024-01-01"",""2024-12-31""]}]}",biz,"[""finance_production_cost_allocations""]",Tổng chi phí sản xuất trong năm 2024 là bao nhiêu?,,,
12,Tổng chi phí sản xuất quý 1 năm 2024 là bao nhiêu?,"{""measures"":[""finance_production_cost_allocations.total_production_cost_value""],""timeDimensions"":[{""dimension"":""finance_production_cost_allocations.report_date"",""dateRange"":[""2024-01-01"",""2024-03-31""]}]}",biz,"[""finance_production_cost_allocations""]",Tổng chi phí sản xuất quý 1 năm 2024 là bao nhiêu?,,,
13,Chi phí sản xuất tháng 1 năm 2024 là bao nhiêu?,"{""measures"":[""finance_production_cost_allocations.total_production_cost_value""],""timeDimensions"":[{""dimension"":""finance_production_cost_allocations.report_date"",""dateRange"":[""2024-01-01"",""2024-01-31""]}]}",biz,"[""finance_production_cost_allocations""]",Chi phí sản xuất tháng 1 năm 2024 là bao nhiêu?,,,
14,So sánh chi phí sản xuất theo tháng trong năm 2024,"{""measures"":[""finance_production_cost_allocations.total_production_cost_value""],""timeDimensions"":[{""dimension"":""finance_production_cost_allocations.report_date"",""granularity"":""month"",""dateRange"":[""2024-01-01"",""2024-12-31""]}]}",biz,"[""finance_production_cost_allocations""]",So sánh chi phí sản xuất theo tháng trong năm 2024,,,
15,Chi phí sản xuất theo quý trong năm 2024,"{""measures"":[""finance_production_cost_allocations.total_production_cost_value""],""timeDimensions"":[{""dimension"":""finance_production_cost_allocations.report_date"",""granularity"":""quarter"",""dateRange"":[""2024-01-01"",""2024-12-31""]}]}",biz,"[""finance_production_cost_allocations""]",Chi phí sản xuất theo quý trong năm 2024,,,
16,Xu hướng chi phí sản xuất theo năm như thế nào?,"{""measures"":[""finance_production_cost_allocations.total_production_cost_value""],""timeDimensions"":[{""dimension"":""finance_production_cost_allocations.report_date"",""granularity"":""year""}]}",biz,"[""finance_production_cost_allocations""]",Xu hướng chi phí sản xuất theo năm như thế nào?,,,
17,Tổng chi phí hạ tầng trong năm 2024 là bao nhiêu?,"{""measures"":[""finance_production_cost_allocations.total_infra_production_cost_value""],""timeDimensions"":[{""dimension"":""finance_production_cost_allocations.report_date"",""dateRange"":[""2024-01-01"",""2024-12-31""]}]}",biz,"[""finance_production_cost_allocations""]",Tổng chi phí hạ tầng trong năm 2024 là bao nhiêu?,,,
18,So sánh chi phí hạ tầng theo tháng,"{""measures"":[""finance_production_cost_allocations.total_infra_production_cost_value""],""timeDimensions"":[{""dimension"":""finance_production_cost_allocations.report_date"",""granularity"":""month""}]}",biz,"[""finance_production_cost_allocations""]",So sánh chi phí hạ tầng theo tháng,,,
19,Tổng chi phí sản xuất 6 tháng đầu năm 2024 là bao nhiêu?,"{""measures"":[""finance_production_cost_allocations.total_production_cost_value""],""timeDimensions"":[{""dimension"":""finance_production_cost_allocations.report_date"",""dateRange"":[""2024-01-01"",""2024-06-30""]}]}",biz,"[""finance_production_cost_allocations""]",Tổng chi phí sản xuất 6 tháng đầu năm 2024 là bao nhiêu?,,,
20,Tổng chi phí sản xuất 6 tháng cuối năm 2024 là bao nhiêu?,"{""measures"":[""finance_production_cost_allocations.total_production_cost_value""],""timeDimensions"":[{""dimension"":""finance_production_cost_allocations.report_date"",""dateRange"":[""2024-07-01"",""2024-12-31""]}]}",biz,"[""finance_production_cost_allocations""]",Tổng chi phí sản xuất 6 tháng cuối năm 2024 là bao nhiêu?,,,
23,Tổng chi phí sản xuất theo danh mục sản phẩm là bao nhiêu?,"{""measures"":[""finance_production_cost_allocations.total_production_cost_value""],""dimensions"":[""finance_production_cost_allocations.old_product_category""]}",biz,"[""finance_production_cost_allocations""]",Tổng chi phí sản xuất theo danh mục sản phẩm là bao nhiêu?,,,
24,Tổng chi phí sản xuất theo nhóm chi phí là bao nhiêu?,"{""measures"":[""finance_production_cost_allocations.total_production_cost_value""],""dimensions"":[""finance_production_cost_allocations.cost_group""]}",biz,"[""finance_production_cost_allocations""]",Tổng chi phí sản xuất theo nhóm chi phí là bao nhiêu?,,,
27,Chi phí sản xuất theo danh mục sản phẩm theo tháng như thế nào?,"{""measures"":[""finance_production_cost_allocations.total_production_cost_value""],""dimensions"":[""finance_production_cost_allocations.old_product_category""],""timeDimensions"":[{""dimension"":""finance_production_cost_allocations.report_date"",""granularity"":""month""}]}",biz,"[""finance_production_cost_allocations""]",Chi phí sản xuất theo danh mục sản phẩm theo tháng như thế nào?,,,
28,Chi phí sản xuất theo nhóm chi phí theo tháng như thế nào?,"{""measures"":[""finance_production_cost_allocations.total_production_cost_value""],""dimensions"":[""finance_production_cost_allocations.cost_group""],""timeDimensions"":[{""dimension"":""finance_production_cost_allocations.report_date"",""granularity"":""month""}]}",biz,"[""finance_production_cost_allocations""]",Chi phí sản xuất theo nhóm chi phí theo tháng như thế nào?,,,
31,Chi phí sản xuất theo khu vực Bắc và Nam là bao nhiêu?,"{""measures"":[""finance_production_cost_allocations.total_production_cost_value""],""dimensions"":[""finance_production_cost_allocations.territory_name""]}",biz,"[""finance_production_cost_allocations""]",Chi phí sản xuất theo khu vực Bắc và Nam là bao nhiêu?,,,
32,Chi phí sản xuất theo khu vực Bắc và Nam theo tháng như thế nào?,"{""measures"":[""finance_production_cost_allocations.total_production_cost_value""],""dimensions"":[""finance_production_cost_allocations.territory_name""],""timeDimensions"":[{""dimension"":""finance_production_cost_allocations.report_date"",""granularity"":""month""}]}",biz,"[""finance_production_cost_allocations""]",Chi phí sản xuất theo khu vực Bắc và Nam theo tháng như thế nào?,,,
35,Chi phí sản xuất theo nhóm chi phí theo năm như thế nào?,"{""measures"":[""finance_production_cost_allocations.total_production_cost_value""],""dimensions"":[""finance_production_cost_allocations.cost_group""],""timeDimensions"":[{""dimension"":""finance_production_cost_allocations.report_date"",""granularity"":""year""}]}",biz,"[""finance_production_cost_allocations""]",Chi phí sản xuất theo nhóm chi phí theo năm như thế nào?,,,
37,Tổng chi phí sản xuất theo nhóm chi phí trong năm 2024 là bao nhiêu?,"{""measures"":[""finance_production_cost_allocations.total_production_cost_value""],""dimensions"":[""finance_production_cost_allocations.cost_group""],""timeDimensions"":[{""dimension"":""finance_production_cost_allocations.report_date"",""dateRange"":[""2024-01-01"",""2024-12-31""]}]}",biz,"[""finance_production_cost_allocations""]",Tổng chi phí sản xuất theo nhóm chi phí trong năm 2024 là bao nhiêu?,,,
38,Tổng chi phí sản xuất theo danh mục sản phẩm trong năm 2024 là bao nhiêu?,"{""measures"":[""finance_production_cost_allocations.total_production_cost_value""],""dimensions"":[""finance_production_cost_allocations.old_product_category""],""timeDimensions"":[{""dimension"":""finance_production_cost_allocations.report_date"",""dateRange"":[""2024-01-01"",""2024-12-31""]}]}",biz,"[""finance_production_cost_allocations""]",Tổng chi phí sản xuất theo danh mục sản phẩm trong năm 2024 là bao nhiêu?,,,
41,Phân bố chi phí sản xuất theo bucket là như thế nào?,"{""measures"":[""finance_production_cost_allocations.total_production_cost_value""],""dimensions"":[""finance_production_cost_allocations.production_cost_bucket""]}",biz,"[""finance_production_cost_allocations""]",Phân bố chi phí sản xuất theo bucket là như thế nào?,,,
42,Số lượng bản ghi chi phí theo bucket là bao nhiêu?,"{""measures"":[""finance_production_cost_allocations.number_of_production_cost_record_count""],""dimensions"":[""finance_production_cost_allocations.production_cost_bucket""]}",biz,"[""finance_production_cost_allocations""]",Số lượng bản ghi chi phí theo bucket là bao nhiêu?,,,
43,Phân bố chi phí sản xuất theo bucket theo tháng như thế nào?,"{""measures"":[""finance_production_cost_allocations.total_production_cost_value""],""dimensions"":[""finance_production_cost_allocations.production_cost_bucket""],""timeDimensions"":[{""dimension"":""finance_production_cost_allocations.report_date"",""granularity"":""month""}]}",biz,"[""finance_production_cost_allocations""]",Phân bố chi phí sản xuất theo bucket theo tháng như thế nào?,,,
44,Phân bố số lượng bản ghi chi phí theo bucket theo tháng như thế nào?,"{""measures"":[""finance_production_cost_allocations.number_of_production_cost_record_count""],""dimensions"":[""finance_production_cost_allocations.production_cost_bucket""],""timeDimensions"":[{""dimension"":""finance_production_cost_allocations.report_date"",""granularity"":""month""}]}",biz,"[""finance_production_cost_allocations""]",Phân bố số lượng bản ghi chi phí theo bucket theo tháng như thế nào?,,,
45,Chi phí sản xuất theo bucket theo năm như thế nào?,"{""measures"":[""finance_production_cost_allocations.total_production_cost_value""],""dimensions"":[""finance_production_cost_allocations.production_cost_bucket""],""timeDimensions"":[{""dimension"":""finance_production_cost_allocations.report_date"",""granularity"":""year""}]}",biz,"[""finance_production_cost_allocations""]",Chi phí sản xuất theo bucket theo năm như thế nào?,,,
46,So sánh chi phí sản xuất giữa miền Bắc và miền Nam là bao nhiêu?,"{""measures"":[""finance_production_cost_allocations.total_production_cost_value""],""dimensions"":[""finance_production_cost_allocations.territory_name""]}",biz,"[""finance_production_cost_allocations""]",So sánh chi phí sản xuất giữa miền Bắc và miền Nam là bao nhiêu?,,,
47,So sánh chi phí sản xuất giữa miền Bắc và miền Nam theo tháng như thế nào?,"{""measures"":[""finance_production_cost_allocations.total_production_cost_value""],""dimensions"":[""finance_production_cost_allocations.territory_name""],""timeDimensions"":[{""dimension"":""finance_production_cost_allocations.report_date"",""granularity"":""month""}]}",biz,"[""finance_production_cost_allocations""]",So sánh chi phí sản xuất giữa miền Bắc và miền Nam theo tháng như thế nào?,,,
48,So sánh chi phí sản xuất giữa miền Bắc và miền Nam theo năm như thế nào?,"{""measures"":[""finance_production_cost_allocations.total_production_cost_value""],""dimensions"":[""finance_production_cost_allocations.territory_name""],""timeDimensions"":[{""dimension"":""finance_production_cost_allocations.report_date"",""granularity"":""year""}]}",biz,"[""finance_production_cost_allocations""]",So sánh chi phí sản xuất giữa miền Bắc và miền Nam theo năm như thế nào?,,,
53,Phân bố chi phí sản xuất theo bucket theo khu vực Bắc Nam như thế nào?,"{""measures"":[""finance_production_cost_allocations.total_production_cost_value""],""dimensions"":[""finance_production_cost_allocations.production_cost_bucket"",""finance_production_cost_allocations.territory_name""]}",biz,"[""finance_production_cost_allocations""]",Phân bố chi phí sản xuất theo bucket theo khu vực Bắc Nam như thế nào?,,,
54,Chi phí sản xuất trung bình theo bucket là bao nhiêu?,"{""measures"":[""finance_production_cost_allocations.avg_production_cost_value""],""dimensions"":[""finance_production_cost_allocations.production_cost_bucket""]}",biz,"[""finance_production_cost_allocations""]",Chi phí sản xuất trung bình theo bucket là bao nhiêu?,,,
55,Chi phí sản xuất lớn nhất theo bucket là bao nhiêu?,"{""measures"":[""finance_production_cost_allocations.max_production_cost_value""],""dimensions"":[""finance_production_cost_allocations.production_cost_bucket""]}",biz,"[""finance_production_cost_allocations""]",Chi phí sản xuất lớn nhất theo bucket là bao nhiêu?,,,
56,Chi phí sản xuất nhỏ nhất theo bucket là bao nhiêu?,"{""measures"":[""finance_production_cost_allocations.min_production_cost_value""],""dimensions"":[""finance_production_cost_allocations.production_cost_bucket""]}",biz,"[""finance_production_cost_allocations""]",Chi phí sản xuất nhỏ nhất theo bucket là bao nhiêu?,,,
57,Phân bố chi phí sản xuất theo bucket theo quý như thế nào?,"{""measures"":[""finance_production_cost_allocations.total_production_cost_value""],""dimensions"":[""finance_production_cost_allocations.production_cost_bucket""],""timeDimensions"":[{""dimension"":""finance_production_cost_allocations.report_date"",""granularity"":""quarter""}]}",biz,"[""finance_production_cost_allocations""]",Phân bố chi phí sản xuất theo bucket theo quý như thế nào?,,,
59,So sánh phân bố chi phí theo bucket giữa miền Bắc và miền Nam theo tháng như thế nào?,"{""measures"":[""finance_production_cost_allocations.total_production_cost_value""],""dimensions"":[""finance_production_cost_allocations.production_cost_bucket"",""finance_production_cost_allocations.territory_name""],""timeDimensions"":[{""dimension"":""finance_production_cost_allocations.report_date"",""granularity"":""month""}]}",biz,"[""finance_production_cost_allocations""]",So sánh phân bố chi phí theo bucket giữa miền Bắc và miền Nam theo tháng như thế nào?,,,
,,,,,,,,
62,Khu vực/lãnh thổ nào có chi phí sản xuất thấp nhất?,"{""measures"":[""finance_production_cost_allocations.total_production_cost_value""],""dimensions"":[""finance_production_cost_allocations.territory_name""],""order"":{""finance_production_cost_allocations.total_production_cost_value"":""asc""},""limit"":1}",biz,"[""finance_production_cost_allocations""]",Khu vực/lãnh thổ nào có chi phí sản xuất thấp nhất?,,,
63,Top 5 Khu vực/lãnh thổ có chi phí sản xuất cao nhất là gì?,"{""measures"":[""finance_production_cost_allocations.total_production_cost_value""],""dimensions"":[""finance_production_cost_allocations.territory_name""],""order"":{""finance_production_cost_allocations.total_production_cost_value"":""desc""},""limit"":5}",biz,"[""finance_production_cost_allocations""]",Top 5 Khu vực/lãnh thổ có chi phí sản xuất cao nhất là gì?,,,
64,Top 10 Khu vực/lãnh thổ có chi phí sản xuất cao nhất là gì?,"{""measures"":[""finance_production_cost_allocations.total_production_cost_value""],""dimensions"":[""finance_production_cost_allocations.territory_name""],""order"":{""finance_production_cost_allocations.total_production_cost_value"":""desc""},""limit"":10}",biz,"[""finance_production_cost_allocations""]",Top 10 Khu vực/lãnh thổ có chi phí sản xuất cao nhất là gì?,,,
65,Nhóm chi phí nào có tổng chi phí sản xuất lớn nhất?,"{""measures"":[""finance_production_cost_allocations.total_production_cost_value""],""dimensions"":[""finance_production_cost_allocations.cost_group""],""order"":{""finance_production_cost_allocations.total_production_cost_value"":""desc""},""limit"":1}",biz,"[""finance_production_cost_allocations""]",Nhóm chi phí nào có tổng chi phí sản xuất lớn nhất?,,,
66,Top 5 nhóm chi phí có chi phí sản xuất lớn nhất là gì?,"{""measures"":[""finance_production_cost_allocations.total_production_cost_value""],""dimensions"":[""finance_production_cost_allocations.cost_group""],""order"":{""finance_production_cost_allocations.total_production_cost_value"":""desc""},""limit"":5}",biz,"[""finance_production_cost_allocations""]",Top 5 nhóm chi phí có chi phí sản xuất lớn nhất là gì?,,,
67,Nhóm chi phí nào có chi phí sản xuất thấp nhất?,"{""measures"":[""finance_production_cost_allocations.total_production_cost_value""],""dimensions"":[""finance_production_cost_allocations.cost_group""],""order"":{""finance_production_cost_allocations.total_production_cost_value"":""asc""},""limit"":1}",biz,"[""finance_production_cost_allocations""]",Nhóm chi phí nào có chi phí sản xuất thấp nhất?,,,
68,Danh mục sản phẩm nào có chi phí sản xuất cao nhất?,"{""measures"":[""finance_production_cost_allocations.total_production_cost_value""],""dimensions"":[""finance_production_cost_allocations.old_product_category""],""order"":{""finance_production_cost_allocations.total_production_cost_value"":""desc""},""limit"":1}",biz,"[""finance_production_cost_allocations""]",Danh mục sản phẩm nào có chi phí sản xuất cao nhất?,,,
69,Top 5 danh mục sản phẩm có chi phí sản xuất cao nhất là gì?,"{""measures"":[""finance_production_cost_allocations.total_production_cost_value""],""dimensions"":[""finance_production_cost_allocations.old_product_category""],""order"":{""finance_production_cost_allocations.total_production_cost_value"":""desc""},""limit"":5}",biz,"[""finance_production_cost_allocations""]",Top 5 danh mục sản phẩm có chi phí sản xuất cao nhất là gì?,,,
70,Danh mục sản phẩm nào có chi phí sản xuất thấp nhất?,"{""measures"":[""finance_production_cost_allocations.total_production_cost_value""],""dimensions"":[""finance_production_cost_allocations.old_product_category""],""order"":{""finance_production_cost_allocations.total_production_cost_value"":""asc""},""limit"":1}",biz,"[""finance_production_cost_allocations""]",Danh mục sản phẩm nào có chi phí sản xuất thấp nhất?,,,
71,Khu vực/lãnh thổ nào có chi phí sản xuất cao nhất theo tháng?,"{""measures"":[""finance_production_cost_allocations.total_production_cost_value""],""dimensions"":[""finance_production_cost_allocations.territory_name""],""timeDimensions"":[{""dimension"":""finance_production_cost_allocations.report_date"",""granularity"":""month""}],""order"":{""finance_production_cost_allocations.total_production_cost_value"":""desc""},""limit"":5}",biz,"[""finance_production_cost_allocations""]",Khu vực/lãnh thổ nào có chi phí sản xuất cao nhất theo tháng?,,,
72,Nhóm chi phí nào có chi phí sản xuất cao nhất theo tháng?,"{""measures"":[""finance_production_cost_allocations.total_production_cost_value""],""dimensions"":[""finance_production_cost_allocations.cost_group""],""timeDimensions"":[{""dimension"":""finance_production_cost_allocations.report_date"",""granularity"":""month""}],""order"":{""finance_production_cost_allocations.total_production_cost_value"":""desc""},""limit"":5}",biz,"[""finance_production_cost_allocations""]",Nhóm chi phí nào có chi phí sản xuất cao nhất theo tháng?,,,
73,Danh mục sản phẩm nào có chi phí sản xuất cao nhất theo tháng?,"{""measures"":[""finance_production_cost_allocations.total_production_cost_value""],""dimensions"":[""finance_production_cost_allocations.old_product_category""],""timeDimensions"":[{""dimension"":""finance_production_cost_allocations.report_date"",""granularity"":""month""}],""order"":{""finance_production_cost_allocations.total_production_cost_value"":""desc""},""limit"":5}",biz,"[""finance_production_cost_allocations""]",Danh mục sản phẩm nào có chi phí sản xuất cao nhất theo tháng?,,,
74,Top 10 nhóm chi phí có chi phí sản xuất lớn nhất là gì?,"{""measures"":[""finance_production_cost_allocations.total_production_cost_value""],""dimensions"":[""finance_production_cost_allocations.cost_group""],""order"":{""finance_production_cost_allocations.total_production_cost_value"":""desc""},""limit"":10}",biz,"[""finance_production_cost_allocations""]",Top 10 nhóm chi phí có chi phí sản xuất lớn nhất là gì?,,,
75,Top 10 danh mục sản phẩm có chi phí sản xuất cao nhất là gì?,"{""measures"":[""finance_production_cost_allocations.total_production_cost_value""],""dimensions"":[""finance_production_cost_allocations.old_product_category""],""order"":{""finance_production_cost_allocations.total_production_cost_value"":""desc""},""limit"":10}",biz,"[""finance_production_cost_allocations""]",Top 10 danh mục sản phẩm có chi phí sản xuất cao nhất là gì?,,,
76,Bottom 5 Khu vực/lãnh thổ có chi phí sản xuất thấp nhất là gì?,"{""measures"":[""finance_production_cost_allocations.total_production_cost_value""],""dimensions"":[""finance_production_cost_allocations.territory_name""],""order"":{""finance_production_cost_allocations.total_production_cost_value"":""asc""},""limit"":5}",biz,"[""finance_production_cost_allocations""]",Bottom 5 Khu vực/lãnh thổ có chi phí sản xuất thấp nhất là gì?,,,
77,Bottom 5 nhóm chi phí có chi phí sản xuất thấp nhất là gì?,"{""measures"":[""finance_production_cost_allocations.total_production_cost_value""],""dimensions"":[""finance_production_cost_allocations.cost_group""],""order"":{""finance_production_cost_allocations.total_production_cost_value"":""asc""},""limit"":5}",biz,"[""finance_production_cost_allocations""]",Bottom 5 nhóm chi phí có chi phí sản xuất thấp nhất là gì?,,,
78,Bottom 5 danh mục sản phẩm có chi phí sản xuất thấp nhất là gì?,"{""measures"":[""finance_production_cost_allocations.total_production_cost_value""],""dimensions"":[""finance_production_cost_allocations.old_product_category""],""order"":{""finance_production_cost_allocations.total_production_cost_value"":""asc""},""limit"":5}",biz,"[""finance_production_cost_allocations""]",Bottom 5 danh mục sản phẩm có chi phí sản xuất thấp nhất là gì?,,,
79,Khu vực/lãnh thổ nào có chi phí sản xuất cao nhất trong năm 2024?,"{""measures"":[""finance_production_cost_allocations.total_production_cost_value""],""dimensions"":[""finance_production_cost_allocations.territory_name""],""timeDimensions"":[{""dimension"":""finance_production_cost_allocations.report_date"",""dateRange"":[""2024-01-01"",""2024-12-31""]}],""order"":{""finance_production_cost_allocations.total_production_cost_value"":""desc""},""limit"":1}",biz,"[""finance_production_cost_allocations""]",Khu vực/lãnh thổ nào có chi phí sản xuất cao nhất trong năm 2024?,,,
80,Nhóm chi phí nào có chi phí sản xuất lớn nhất trong năm 2024?,"{""measures"":[""finance_production_cost_allocations.total_production_cost_value""],""dimensions"":[""finance_production_cost_allocations.cost_group""],""timeDimensions"":[{""dimension"":""finance_production_cost_allocations.report_date"",""dateRange"":[""2024-01-01"",""2024-12-31""]}],""order"":{""finance_production_cost_allocations.total_production_cost_value"":""desc""},""limit"":1}",biz,"[""finance_production_cost_allocations""]",Nhóm chi phí nào có chi phí sản xuất lớn nhất trong năm 2024?,,,
81,Tháng nào có tổng chi phí sản xuất cao nhất?,"{""measures"":[""finance_production_cost_allocations.total_production_cost_value""],""timeDimensions"":[{""dimension"":""finance_production_cost_allocations.report_date"",""granularity"":""month""}],""order"":{""finance_production_cost_allocations.total_production_cost_value"":""desc""},""limit"":1}",biz,"[""finance_production_cost_allocations""]",Tháng nào có tổng chi phí sản xuất cao nhất?,,,
82,Tháng nào có tổng chi phí sản xuất thấp nhất?,"{""measures"":[""finance_production_cost_allocations.total_production_cost_value""],""timeDimensions"":[{""dimension"":""finance_production_cost_allocations.report_date"",""granularity"":""month""}],""order"":{""finance_production_cost_allocations.total_production_cost_value"":""asc""},""limit"":1}",biz,"[""finance_production_cost_allocations""]",Tháng nào có tổng chi phí sản xuất thấp nhất?,,,
83,Chi phí sản xuất theo tháng trong toàn bộ hệ thống là như thế nào?,"{""measures"":[""finance_production_cost_allocations.total_production_cost_value""],""timeDimensions"":[{""dimension"":""finance_production_cost_allocations.report_date"",""granularity"":""month""}]}",biz,"[""finance_production_cost_allocations""]",Chi phí sản xuất theo tháng trong toàn bộ hệ thống là như thế nào?,,,
84,Chi phí sản xuất theo khu vực Bắc và Nam theo tháng như thế nào?,"{""measures"":[""finance_production_cost_allocations.total_production_cost_value""],""dimensions"":[""finance_production_cost_allocations.territory_name""],""timeDimensions"":[{""dimension"":""finance_production_cost_allocations.report_date"",""granularity"":""month""}]}",biz,"[""finance_production_cost_allocations""]",Chi phí sản xuất theo khu vực Bắc và Nam theo tháng như thế nào?,,,
85,Khu vực nào có chi phí sản xuất cao nhất theo tháng?,"{""measures"":[""finance_production_cost_allocations.total_production_cost_value""],""dimensions"":[""finance_production_cost_allocations.territory_name""],""timeDimensions"":[{""dimension"":""finance_production_cost_allocations.report_date"",""granularity"":""month""}],""order"":{""finance_production_cost_allocations.total_production_cost_value"":""desc""},""limit"":5}",biz,"[""finance_production_cost_allocations""]",Khu vực nào có chi phí sản xuất cao nhất theo tháng?,,,
86,Khu vực/lãnh thổ nào có chi phí sản xuất tăng mạnh nhất theo tháng?,"{""measures"":[""finance_production_cost_allocations.total_production_cost_value""],""dimensions"":[""finance_production_cost_allocations.territory_name""],""timeDimensions"":[{""dimension"":""finance_production_cost_allocations.report_date"",""granularity"":""month""}]}",biz,"[""finance_production_cost_allocations""]",Khu vực/lãnh thổ nào có chi phí sản xuất tăng mạnh nhất theo tháng?,,,
87,Khu vực nào có chi phí sản xuất tăng mạnh nhất theo năm?,"{""measures"":[""finance_production_cost_allocations.total_production_cost_value""],""dimensions"":[""finance_production_cost_allocations.territory_name""],""timeDimensions"":[{""dimension"":""finance_production_cost_allocations.report_date"",""granularity"":""year""}]}",biz,"[""finance_production_cost_allocations""]",Khu vực nào có chi phí sản xuất tăng mạnh nhất theo năm?,,,
88,Khu vực/lãnh thổ nào có chi phí sản xuất tăng nhanh nhất theo năm?,"{""measures"":[""finance_production_cost_allocations.total_production_cost_value""],""dimensions"":[""finance_production_cost_allocations.territory_name""],""timeDimensions"":[{""dimension"":""finance_production_cost_allocations.report_date"",""granularity"":""year""}]}",biz,"[""finance_production_cost_allocations""]",Khu vực/lãnh thổ nào có chi phí sản xuất tăng nhanh nhất theo năm?,,,
89,Có tháng nào chi phí sản xuất tăng đột biến không?,"{""measures"":[""finance_production_cost_allocations.total_production_cost_value""],""timeDimensions"":[{""dimension"":""finance_production_cost_allocations.report_date"",""granularity"":""month""}]}",biz,"[""finance_production_cost_allocations""]",Có tháng nào chi phí sản xuất tăng đột biến không?,,,
90,Chi phí sản xuất theo quý trong toàn bộ hệ thống là bao nhiêu?,"{""measures"":[""finance_production_cost_allocations.total_production_cost_value""],""timeDimensions"":[{""dimension"":""finance_production_cost_allocations.report_date"",""granularity"":""quarter""}]}",biz,"[""finance_production_cost_allocations""]",Chi phí sản xuất theo quý trong toàn bộ hệ thống là bao nhiêu?,,,
91,Quý nào có chi phí sản xuất cao nhất?,"{""measures"":[""finance_production_cost_allocations.total_production_cost_value""],""timeDimensions"":[{""dimension"":""finance_production_cost_allocations.report_date"",""granularity"":""quarter""}],""order"":{""finance_production_cost_allocations.total_production_cost_value"":""desc""},""limit"":1}",biz,"[""finance_production_cost_allocations""]",Quý nào có chi phí sản xuất cao nhất?,,,
92,Năm nào có chi phí sản xuất cao nhất?,"{""measures"":[""finance_production_cost_allocations.total_production_cost_value""],""timeDimensions"":[{""dimension"":""finance_production_cost_allocations.report_date"",""granularity"":""year""}],""order"":{""finance_production_cost_allocations.total_production_cost_value"":""desc""},""limit"":1}",biz,"[""finance_production_cost_allocations""]",Năm nào có chi phí sản xuất cao nhất?,,,
93,Khu vực/lãnh thổ nào có chi phí sản xuất cao nhất theo quý?,"{""measures"":[""finance_production_cost_allocations.total_production_cost_value""],""dimensions"":[""finance_production_cost_allocations.territory_name""],""timeDimensions"":[{""dimension"":""finance_production_cost_allocations.report_date"",""granularity"":""quarter""}],""order"":{""finance_production_cost_allocations.total_production_cost_value"":""desc""},""limit"":5}",biz,"[""finance_production_cost_allocations""]",Khu vực/lãnh thổ nào có chi phí sản xuất cao nhất theo quý?,,,
94,Khu vực nào có chi phí sản xuất cao nhất theo năm?,"{""measures"":[""finance_production_cost_allocations.total_production_cost_value""],""dimensions"":[""finance_production_cost_allocations.territory_name""],""timeDimensions"":[{""dimension"":""finance_production_cost_allocations.report_date"",""granularity"":""year""}],""order"":{""finance_production_cost_allocations.total_production_cost_value"":""desc""},""limit"":5}",biz,"[""finance_production_cost_allocations""]",Khu vực nào có chi phí sản xuất cao nhất theo năm?,,,
95,Có Khu vực/lãnh thổ nào có chi phí sản xuất tăng bất thường theo tháng không?,"{""measures"":[""finance_production_cost_allocations.total_production_cost_value""],""dimensions"":[""finance_production_cost_allocations.territory_name""],""timeDimensions"":[{""dimension"":""finance_production_cost_allocations.report_date"",""granularity"":""month""}]}",biz,"[""finance_production_cost_allocations""]",Có Khu vực/lãnh thổ nào có chi phí sản xuất tăng bất thường theo tháng không?,,,
96,Khu vực/lãnh thổ nào có chi phí sản xuất giảm mạnh nhất theo tháng?,"{""measures"":[""finance_production_cost_allocations.total_production_cost_value""],""dimensions"":[""finance_production_cost_allocations.territory_name""],""timeDimensions"":[{""dimension"":""finance_production_cost_allocations.report_date"",""granularity"":""month""}]}",biz,"[""finance_production_cost_allocations""]",Khu vực/lãnh thổ nào có chi phí sản xuất giảm mạnh nhất theo tháng?,,,
97,Có xu hướng tăng chi phí sản xuất theo năm không?,"{""measures"":[""finance_production_cost_allocations.total_production_cost_value""],""timeDimensions"":[{""dimension"":""finance_production_cost_allocations.report_date"",""granularity"":""year""}]}",biz,"[""finance_production_cost_allocations""]",Có xu hướng tăng chi phí sản xuất theo năm không?,,,
98,Chi phí hạ tầng theo tháng có biến động như thế nào?,"{""measures"":[""finance_production_cost_allocations.total_infra_production_cost_value""],""timeDimensions"":[{""dimension"":""finance_production_cost_allocations.report_date"",""granularity"":""month""}]}",biz,"[""finance_production_cost_allocations""]",Chi phí hạ tầng theo tháng có biến động như thế nào?,,,
99,Tháng nào có chi phí hạ tầng cao nhất?,"{""measures"":[""finance_production_cost_allocations.total_infra_production_cost_value""],""timeDimensions"":[{""dimension"":""finance_production_cost_allocations.report_date"",""granularity"":""month""}],""order"":{""finance_production_cost_allocations.total_infra_production_cost_value"":""desc""},""limit"":1}",biz,"[""finance_production_cost_allocations""]",Tháng nào có chi phí hạ tầng cao nhất?,,,
100,Khu vực nào có chi phí hạ tầng cao nhất?,"{""measures"":[""finance_production_cost_allocations.total_infra_production_cost_value""],""dimensions"":[""finance_production_cost_allocations.territory_name""],""order"":{""finance_production_cost_allocations.total_infra_production_cost_value"":""desc""},""limit"":1}",biz,"[""finance_production_cost_allocations""]",Khu vực nào có chi phí hạ tầng cao nhất?,,,
101,Tổng chi phí sản xuất theo tháng là bao nhiêu?,"{""measures"":[""finance_production_cost_allocations.total_production_cost_value""],""timeDimensions"":[{""dimension"":""finance_production_cost_allocations.report_date"",""granularity"":""month""}]}",biz,"[""finance_production_cost_allocations""]",Tổng chi phí sản xuất theo tháng là bao nhiêu?,,,
102,Tăng trưởng chi phí sản xuất theo tháng (MoM) như thế nào?,"{""measures"":[""finance_production_cost_allocations.total_production_cost_value""],""timeDimensions"":[{""dimension"":""finance_production_cost_allocations.report_date"",""granularity"":""month""}]}",biz,"[""finance_production_cost_allocations""]",Tăng trưởng chi phí sản xuất theo tháng MoM như thế nào?,,,
103,Tăng trưởng chi phí sản xuất theo năm (YoY) như thế nào?,"{""measures"":[""finance_production_cost_allocations.total_production_cost_value""],""timeDimensions"":[{""dimension"":""finance_production_cost_allocations.report_date"",""granularity"":""year""}]}",biz,"[""finance_production_cost_allocations""]",Tăng trưởng chi phí sản xuất theo năm YoY như thế nào?,,,
104,Khu vực nào có tăng trưởng chi phí sản xuất nhanh nhất theo năm?,"{""measures"":[""finance_production_cost_allocations.total_production_cost_value""],""dimensions"":[""finance_production_cost_allocations.territory_name""],""timeDimensions"":[{""dimension"":""finance_production_cost_allocations.report_date"",""granularity"":""year""}]}",biz,"[""finance_production_cost_allocations""]",Khu vực nào có tăng trưởng chi phí sản xuất nhanh nhất theo năm?,,,
105,Khu vực nào có tăng trưởng chi phí sản xuất nhanh nhất theo tháng?,"{""measures"":[""finance_production_cost_allocations.total_production_cost_value""],""dimensions"":[""finance_production_cost_allocations.territory_name""],""timeDimensions"":[{""dimension"":""finance_production_cost_allocations.report_date"",""granularity"":""month""}]}",biz,"[""finance_production_cost_allocations""]",Khu vực nào có tăng trưởng chi phí sản xuất nhanh nhất theo tháng?,,,
106,Khu vực/lãnh thổ nào có tăng trưởng chi phí sản xuất nhanh nhất theo năm?,"{""measures"":[""finance_production_cost_allocations.total_production_cost_value""],""dimensions"":[""finance_production_cost_allocations.territory_name""],""timeDimensions"":[{""dimension"":""finance_production_cost_allocations.report_date"",""granularity"":""year""}]}",biz,"[""finance_production_cost_allocations""]",Khu vực/lãnh thổ nào có tăng trưởng chi phí sản xuất nhanh nhất theo năm?,,,
107,Khu vực/lãnh thổ nào có tăng trưởng chi phí sản xuất nhanh nhất theo tháng?,"{""measures"":[""finance_production_cost_allocations.total_production_cost_value""],""dimensions"":[""finance_production_cost_allocations.territory_name""],""timeDimensions"":[{""dimension"":""finance_production_cost_allocations.report_date"",""granularity"":""month""}]}",biz,"[""finance_production_cost_allocations""]",Khu vực/lãnh thổ nào có tăng trưởng chi phí sản xuất nhanh nhất theo tháng?,,,
108,Danh mục sản phẩm nào có tăng trưởng chi phí sản xuất nhanh nhất theo năm?,"{""measures"":[""finance_production_cost_allocations.total_production_cost_value""],""dimensions"":[""finance_production_cost_allocations.old_product_category""],""timeDimensions"":[{""dimension"":""finance_production_cost_allocations.report_date"",""granularity"":""year""}]}",biz,"[""finance_production_cost_allocations""]",Danh mục sản phẩm nào có tăng trưởng chi phí sản xuất nhanh nhất theo năm?,,,
109,Nhóm chi phí nào có tăng trưởng chi phí sản xuất nhanh nhất theo năm?,"{""measures"":[""finance_production_cost_allocations.total_production_cost_value""],""dimensions"":[""finance_production_cost_allocations.cost_group""],""timeDimensions"":[{""dimension"":""finance_production_cost_allocations.report_date"",""granularity"":""year""}]}",biz,"[""finance_production_cost_allocations""]",Nhóm chi phí nào có tăng trưởng chi phí sản xuất nhanh nhất theo năm?,,,
110,Tăng trưởng chi phí sản xuất của từng khu vực theo năm như thế nào?,"{""measures"":[""finance_production_cost_allocations.total_production_cost_value""],""dimensions"":[""finance_production_cost_allocations.territory_name""],""timeDimensions"":[{""dimension"":""finance_production_cost_allocations.report_date"",""granularity"":""year""}]}",biz,"[""finance_production_cost_allocations""]",Tăng trưởng chi phí sản xuất của từng khu vực theo năm như thế nào?,,,
111,Tăng trưởng chi phí sản xuất của từng Khu vực/lãnh thổ theo năm như thế nào?,"{""measures"":[""finance_production_cost_allocations.total_production_cost_value""],""dimensions"":[""finance_production_cost_allocations.territory_name""],""timeDimensions"":[{""dimension"":""finance_production_cost_allocations.report_date"",""granularity"":""year""}]}",biz,"[""finance_production_cost_allocations""]",Tăng trưởng chi phí sản xuất của từng Khu vực/lãnh thổ theo năm như thế nào?,,,
112,Chi phí sản xuất của từng nhóm chi phí theo năm như thế nào?,"{""measures"":[""finance_production_cost_allocations.total_production_cost_value""],""dimensions"":[""finance_production_cost_allocations.cost_group""],""timeDimensions"":[{""dimension"":""finance_production_cost_allocations.report_date"",""granularity"":""year""}]}",biz,"[""finance_production_cost_allocations""]",Chi phí sản xuất của từng nhóm chi phí theo năm như thế nào?,,,
113,Chi phí sản xuất theo danh mục sản phẩm theo năm như thế nào?,"{""measures"":[""finance_production_cost_allocations.total_production_cost_value""],""dimensions"":[""finance_production_cost_allocations.old_product_category""],""timeDimensions"":[{""dimension"":""finance_production_cost_allocations.report_date"",""granularity"":""year""}]}",biz,"[""finance_production_cost_allocations""]",Chi phí sản xuất theo danh mục sản phẩm theo năm như thế nào?,,,
114,Chi phí sản xuất trung bình theo tháng thay đổi như thế nào?,"{""measures"":[""finance_production_cost_allocations.avg_production_cost_value""],""timeDimensions"":[{""dimension"":""finance_production_cost_allocations.report_date"",""granularity"":""month""}]}",biz,"[""finance_production_cost_allocations""]",Chi phí sản xuất trung bình theo tháng thay đổi như thế nào?,,,
115,Chi phí sản xuất trung bình theo năm thay đổi như thế nào?,"{""measures"":[""finance_production_cost_allocations.avg_production_cost_value""],""timeDimensions"":[{""dimension"":""finance_production_cost_allocations.report_date"",""granularity"":""year""}]}",biz,"[""finance_production_cost_allocations""]",Chi phí sản xuất trung bình theo năm thay đổi như thế nào?,,,
116,Khu vực nào có chi phí sản xuất trung bình tăng nhanh nhất theo năm?,"{""measures"":[""finance_production_cost_allocations.avg_production_cost_value""],""dimensions"":[""finance_production_cost_allocations.territory_name""],""timeDimensions"":[{""dimension"":""finance_production_cost_allocations.report_date"",""granularity"":""year""}]}",biz,"[""finance_production_cost_allocations""]",Khu vực nào có chi phí sản xuất trung bình tăng nhanh nhất theo năm?,,,
117,Khu vực/lãnh thổ nào có chi phí sản xuất trung bình tăng nhanh nhất theo năm?,"{""measures"":[""finance_production_cost_allocations.avg_production_cost_value""],""dimensions"":[""finance_production_cost_allocations.territory_name""],""timeDimensions"":[{""dimension"":""finance_production_cost_allocations.report_date"",""granularity"":""year""}]}",biz,"[""finance_production_cost_allocations""]",Khu vực/lãnh thổ nào có chi phí sản xuất trung bình tăng nhanh nhất theo năm?,,,
118,Nhóm chi phí nào có chi phí sản xuất trung bình tăng nhanh nhất theo năm?,"{""measures"":[""finance_production_cost_allocations.avg_production_cost_value""],""dimensions"":[""finance_production_cost_allocations.cost_group""],""timeDimensions"":[{""dimension"":""finance_production_cost_allocations.report_date"",""granularity"":""year""}]}",biz,"[""finance_production_cost_allocations""]",Nhóm chi phí nào có chi phí sản xuất trung bình tăng nhanh nhất theo năm?,,,
119,Danh mục sản phẩm nào có chi phí sản xuất trung bình tăng nhanh nhất theo năm?,"{""measures"":[""finance_production_cost_allocations.avg_production_cost_value""],""dimensions"":[""finance_production_cost_allocations.old_product_category""],""timeDimensions"":[{""dimension"":""finance_production_cost_allocations.report_date"",""granularity"":""year""}]}",biz,"[""finance_production_cost_allocations""]",Danh mục sản phẩm nào có chi phí sản xuất trung bình tăng nhanh nhất theo năm?,,,
120,Xu hướng tăng trưởng chi phí sản xuất toàn hệ thống theo năm như thế nào?,"{""measures"":[""finance_production_cost_allocations.total_production_cost_value""],""timeDimensions"":[{""dimension"":""finance_production_cost_allocations.report_date"",""granularity"":""year""}]}",biz,"[""finance_production_cost_allocations""]",Xu hướng tăng trưởng chi phí sản xuất toàn hệ thống theo năm như thế nào?,,,
121,Chi phí sản xuất trung bình theo danh mục sản phẩm là bao nhiêu?,"{""measures"":[""finance_production_cost_allocations.avg_production_cost_value""],""dimensions"":[""finance_production_cost_allocations.old_product_category""]}",biz,"[""finance_production_cost_allocations""]",Chi phí sản xuất trung bình theo danh mục sản phẩm là bao nhiêu?,,,
122,Chi phí sản xuất trung bình theo Khu vực/lãnh thổ là bao nhiêu?,"{""measures"":[""finance_production_cost_allocations.avg_production_cost_value""],""dimensions"":[""finance_production_cost_allocations.territory_name""]}",biz,"[""finance_production_cost_allocations""]",Chi phí sản xuất trung bình theo Khu vực/lãnh thổ là bao nhiêu?,,,
123,Chi phí sản xuất trung bình theo khu vực kinh doanh là bao nhiêu?,"{""measures"":[""finance_production_cost_allocations.avg_production_cost_value""],""dimensions"":[""finance_production_cost_allocations.territory_name""]}",biz,"[""finance_production_cost_allocations""]",Chi phí sản xuất trung bình theo khu vực kinh doanh là bao nhiêu?,,,
124,Danh mục sản phẩm nào có chi phí sản xuất trung bình cao nhất?,"{""measures"":[""finance_production_cost_allocations.avg_production_cost_value""],""dimensions"":[""finance_production_cost_allocations.old_product_category""],""order"":{""finance_production_cost_allocations.avg_production_cost_value"":""desc""},""limit"":5}",biz,"[""finance_production_cost_allocations""]",Danh mục sản phẩm nào có chi phí sản xuất trung bình cao nhất?,,,
125,Khu vực/lãnh thổ nào có chi phí sản xuất trung bình cao nhất?,"{""measures"":[""finance_production_cost_allocations.avg_production_cost_value""],""dimensions"":[""finance_production_cost_allocations.territory_name""],""order"":{""finance_production_cost_allocations.avg_production_cost_value"":""desc""},""limit"":5}",biz,"[""finance_production_cost_allocations""]",Khu vực/lãnh thổ nào có chi phí sản xuất trung bình cao nhất?,,,
126,Khu vực kinh doanh nào có chi phí sản xuất trung bình cao nhất?,"{""measures"":[""finance_production_cost_allocations.avg_production_cost_value""],""dimensions"":[""finance_production_cost_allocations.territory_name""],""order"":{""finance_production_cost_allocations.avg_production_cost_value"":""desc""},""limit"":5}",biz,"[""finance_production_cost_allocations""]",Khu vực kinh doanh nào có chi phí sản xuất trung bình cao nhất?,,,
127,Danh mục sản phẩm nào có chi phí sản xuất trung bình thấp nhất?,"{""measures"":[""finance_production_cost_allocations.avg_production_cost_value""],""dimensions"":[""finance_production_cost_allocations.old_product_category""],""order"":{""finance_production_cost_allocations.avg_production_cost_value"":""asc""},""limit"":5}",biz,"[""finance_production_cost_allocations""]",Danh mục sản phẩm nào có chi phí sản xuất trung bình thấp nhất?,,,
128,Khu vực/lãnh thổ nào có chi phí sản xuất trung bình thấp nhất?,"{""measures"":[""finance_production_cost_allocations.avg_production_cost_value""],""dimensions"":[""finance_production_cost_allocations.territory_name""],""order"":{""finance_production_cost_allocations.avg_production_cost_value"":""asc""},""limit"":5}",biz,"[""finance_production_cost_allocations""]",Khu vực/lãnh thổ nào có chi phí sản xuất trung bình thấp nhất?,,,
129,Khu vực kinh doanh nào có chi phí sản xuất trung bình thấp nhất?,"{""measures"":[""finance_production_cost_allocations.avg_production_cost_value""],""dimensions"":[""finance_production_cost_allocations.territory_name""],""order"":{""finance_production_cost_allocations.avg_production_cost_value"":""asc""},""limit"":5}",biz,"[""finance_production_cost_allocations""]",Khu vực kinh doanh nào có chi phí sản xuất trung bình thấp nhất?,,,
130,Chi phí sản xuất trung bình theo nhóm chi phí là bao nhiêu?,"{""measures"":[""finance_production_cost_allocations.avg_production_cost_value""],""dimensions"":[""finance_production_cost_allocations.cost_group""]}",biz,"[""finance_production_cost_allocations""]",Chi phí sản xuất trung bình theo nhóm chi phí là bao nhiêu?,,,
131,Nhóm chi phí nào có chi phí sản xuất trung bình cao nhất?,"{""measures"":[""finance_production_cost_allocations.avg_production_cost_value""],""dimensions"":[""finance_production_cost_allocations.cost_group""],""order"":{""finance_production_cost_allocations.avg_production_cost_value"":""desc""},""limit"":5}",biz,"[""finance_production_cost_allocations""]",Nhóm chi phí nào có chi phí sản xuất trung bình cao nhất?,,,
132,Nhóm chi phí nào có chi phí sản xuất trung bình thấp nhất?,"{""measures"":[""finance_production_cost_allocations.avg_production_cost_value""],""dimensions"":[""finance_production_cost_allocations.cost_group""],""order"":{""finance_production_cost_allocations.avg_production_cost_value"":""asc""},""limit"":5}",biz,"[""finance_production_cost_allocations""]",Nhóm chi phí nào có chi phí sản xuất trung bình thấp nhất?,,,
133,Chi phí sản xuất trung bình theo khu vực Bắc và Nam là bao nhiêu?,"{""measures"":[""finance_production_cost_allocations.avg_production_cost_value""],""dimensions"":[""finance_production_cost_allocations.territory_name""]}",biz,"[""finance_production_cost_allocations""]",Chi phí sản xuất trung bình theo khu vực Bắc và Nam là bao nhiêu?,,,
134,Khu vực nào có chi phí sản xuất trung bình cao nhất?,"{""measures"":[""finance_production_cost_allocations.avg_production_cost_value""],""dimensions"":[""finance_production_cost_allocations.territory_name""],""order"":{""finance_production_cost_allocations.avg_production_cost_value"":""desc""},""limit"":5}",biz,"[""finance_production_cost_allocations""]",Khu vực nào có chi phí sản xuất trung bình cao nhất?,,,
135,Khu vực nào có chi phí sản xuất trung bình thấp nhất?,"{""measures"":[""finance_production_cost_allocations.avg_production_cost_value""],""dimensions"":[""finance_production_cost_allocations.territory_name""],""order"":{""finance_production_cost_allocations.avg_production_cost_value"":""asc""},""limit"":5}",biz,"[""finance_production_cost_allocations""]",Khu vực nào có chi phí sản xuất trung bình thấp nhất?,,,
136,Chi phí sản xuất trung bình theo danh mục sản phẩm theo năm là bao nhiêu?,"{""measures"":[""finance_production_cost_allocations.avg_production_cost_value""],""dimensions"":[""finance_production_cost_allocations.old_product_category""],""timeDimensions"":[{""dimension"":""finance_production_cost_allocations.report_date"",""granularity"":""year""}]}",biz,"[""finance_production_cost_allocations""]",Chi phí sản xuất trung bình theo danh mục sản phẩm theo năm là bao nhiêu?,,,
137,Chi phí sản xuất trung bình theo Khu vực/lãnh thổ theo năm là bao nhiêu?,"{""measures"":[""finance_production_cost_allocations.avg_production_cost_value""],""dimensions"":[""finance_production_cost_allocations.territory_name""],""timeDimensions"":[{""dimension"":""finance_production_cost_allocations.report_date"",""granularity"":""year""}]}",biz,"[""finance_production_cost_allocations""]",Chi phí sản xuất trung bình theo Khu vực/lãnh thổ theo năm là bao nhiêu?,,,
138,Chi phí sản xuất trung bình theo khu vực theo năm là bao nhiêu?,"{""measures"":[""finance_production_cost_allocations.avg_production_cost_value""],""dimensions"":[""finance_production_cost_allocations.territory_name""],""timeDimensions"":[{""dimension"":""finance_production_cost_allocations.report_date"",""granularity"":""year""}]}",biz,"[""finance_production_cost_allocations""]",Chi phí sản xuất trung bình theo khu vực theo năm là bao nhiêu?,,,
139,Xu hướng chi phí sản xuất trung bình theo Khu vực/lãnh thổ theo tháng như thế nào?,"{""measures"":[""finance_production_cost_allocations.avg_production_cost_value""],""dimensions"":[""finance_production_cost_allocations.territory_name""],""timeDimensions"":[{""dimension"":""finance_production_cost_allocations.report_date"",""granularity"":""month""}]}",biz,"[""finance_production_cost_allocations""]",Xu hướng chi phí sản xuất trung bình theo Khu vực/lãnh thổ theo tháng như thế nào?,,,
140,Xu hướng chi phí sản xuất trung bình theo danh mục sản phẩm theo tháng như thế nào?,"{""measures"":[""finance_production_cost_allocations.avg_production_cost_value""],""dimensions"":[""finance_production_cost_allocations.old_product_category""],""timeDimensions"":[{""dimension"":""finance_production_cost_allocations.report_date"",""granularity"":""month""}]}",biz,"[""finance_production_cost_allocations""]",Xu hướng chi phí sản xuất trung bình theo danh mục sản phẩm theo tháng như thế nào?,,,
141,Tổng chi phí sản xuất theo từng Khu vực/lãnh thổ là bao nhiêu?,"{""measures"":[""finance_production_cost_allocations.total_production_cost_value""],""dimensions"":[""finance_production_cost_allocations.territory_name""],""order"":{""finance_production_cost_allocations.total_production_cost_value"":""desc""}}",biz,"[""finance_production_cost_allocations""]",Tổng chi phí sản xuất theo từng Khu vực/lãnh thổ là bao nhiêu?,,,
142,Top 5 Khu vực/lãnh thổ có chi phí sản xuất cao nhất là những Khu vực/lãnh thổ nào?,"{""measures"":[""finance_production_cost_allocations.total_production_cost_value""],""dimensions"":[""finance_production_cost_allocations.territory_name""],""order"":{""finance_production_cost_allocations.total_production_cost_value"":""desc""},""limit"":5}",biz,"[""finance_production_cost_allocations""]",Top 5 Khu vực/lãnh thổ có chi phí sản xuất cao nhất là những Khu vực/lãnh thổ nào?,,,
,,,,,,,,
,,,,,,,,
145,Tổng chi phí sản xuất theo từng nhóm chi phí là bao nhiêu?,"{""measures"":[""finance_production_cost_allocations.total_production_cost_value""],""dimensions"":[""finance_production_cost_allocations.cost_group""],""order"":{""finance_production_cost_allocations.total_production_cost_value"":""desc""}}",biz,"[""finance_production_cost_allocations""]",Tổng chi phí sản xuất theo từng nhóm chi phí là bao nhiêu?,,,
146,Top 5 nhóm chi phí có tổng chi phí sản xuất cao nhất là những nhóm nào?,"{""measures"":[""finance_production_cost_allocations.total_production_cost_value""],""dimensions"":[""finance_production_cost_allocations.cost_group""],""order"":{""finance_production_cost_allocations.total_production_cost_value"":""desc""},""limit"":5}",biz,"[""finance_production_cost_allocations""]",Top 5 nhóm chi phí có tổng chi phí sản xuất cao nhất là những nhóm nào?,,,
,,,,,,,,
,,,,,,,,
149,Tổng chi phí sản xuất theo danh mục sản phẩm là bao nhiêu?,"{""measures"":[""finance_production_cost_allocations.total_production_cost_value""],""dimensions"":[""finance_production_cost_allocations.old_product_category""],""order"":{""finance_production_cost_allocations.total_production_cost_value"":""desc""}}",biz,"[""finance_production_cost_allocations""]",Tổng chi phí sản xuất theo danh mục sản phẩm là bao nhiêu?,,,
150,Top 5 danh mục sản phẩm có chi phí sản xuất cao nhất là những danh mục nào?,"{""measures"":[""finance_production_cost_allocations.total_production_cost_value""],""dimensions"":[""finance_production_cost_allocations.old_product_category""],""order"":{""finance_production_cost_allocations.total_production_cost_value"":""desc""},""limit"":5}",biz,"[""finance_production_cost_allocations""]",Top 5 danh mục sản phẩm có chi phí sản xuất cao nhất là những danh mục nào?,,,
,,,,,,,,
,,,,,,,,
153,Tổng chi phí sản xuất theo khu vực là bao nhiêu?,"{""measures"":[""finance_production_cost_allocations.total_production_cost_value""],""dimensions"":[""finance_production_cost_allocations.territory_name""],""order"":{""finance_production_cost_allocations.total_production_cost_value"":""desc""}}",biz,"[""finance_production_cost_allocations""]",Tổng chi phí sản xuất theo khu vực là bao nhiêu?,,,
154,Khu vực nào có tổng chi phí sản xuất cao nhất?,"{""measures"":[""finance_production_cost_allocations.total_production_cost_value""],""dimensions"":[""finance_production_cost_allocations.territory_name""],""order"":{""finance_production_cost_allocations.total_production_cost_value"":""desc""},""limit"":1}",biz,"[""finance_production_cost_allocations""]",Khu vực nào có tổng chi phí sản xuất cao nhất?,,,
155,Top 5 khu vực có chi phí sản xuất cao nhất là những khu vực nào?,"{""measures"":[""finance_production_cost_allocations.total_production_cost_value""],""dimensions"":[""finance_production_cost_allocations.territory_name""],""order"":{""finance_production_cost_allocations.total_production_cost_value"":""desc""},""limit"":5}",biz,"[""finance_production_cost_allocations""]",Top 5 khu vực có chi phí sản xuất cao nhất là những khu vực nào?,,,
,,,,,,,,
157,Chi phí sản xuất tập trung nhiều nhất ở những Khu vực/lãnh thổ nào?,"{""measures"":[""finance_production_cost_allocations.total_production_cost_value""],""dimensions"":[""finance_production_cost_allocations.territory_name""],""order"":{""finance_production_cost_allocations.total_production_cost_value"":""desc""},""limit"":10}",biz,"[""finance_production_cost_allocations""]",Chi phí sản xuất tập trung nhiều nhất ở những Khu vực/lãnh thổ nào?,,,
158,Chi phí sản xuất tập trung nhiều nhất ở những nhóm chi phí nào?,"{""measures"":[""finance_production_cost_allocations.total_production_cost_value""],""dimensions"":[""finance_production_cost_allocations.cost_group""],""order"":{""finance_production_cost_allocations.total_production_cost_value"":""desc""},""limit"":10}",biz,"[""finance_production_cost_allocations""]",Chi phí sản xuất tập trung nhiều nhất ở những nhóm chi phí nào?,,,
159,Chi phí sản xuất tập trung nhiều nhất ở những danh mục sản phẩm nào?,"{""measures"":[""finance_production_cost_allocations.total_production_cost_value""],""dimensions"":[""finance_production_cost_allocations.old_product_category""],""order"":{""finance_production_cost_allocations.total_production_cost_value"":""desc""},""limit"":10}",biz,"[""finance_production_cost_allocations""]",Chi phí sản xuất tập trung nhiều nhất ở những danh mục sản phẩm nào?,,,
160,Cấu trúc phân bổ chi phí sản xuất theo Khu vực/lãnh thổ là như thế nào?,"{""measures"":[""finance_production_cost_allocations.total_production_cost_value""],""dimensions"":[""finance_production_cost_allocations.territory_name""]}",biz,"[""finance_production_cost_allocations""]",Cấu trúc phân bổ chi phí sản xuất theo Khu vực/lãnh thổ là như thế nào?,,,
1,Tổng kế hoạch doanh thu sản phẩm dịch vụ (spdv) (MUST + NICE) quý 1 năm 2025 là bao nhiêu?,"{""measures"":[""finance_product_revenue_plan.total_plan_target_amount""],""timeDimensions"":[{""dimension"":""finance_product_revenue_plan.plan_date"",""dateRange"":[""2025-01-01"",""2025-03-31""]}]}",biz,"[""finance_product_revenue_plan""]",Tổng kế hoạch doanh thu (MUST + NICE) quý 1 năm 2025 là bao nhiêu?,,,
2,Tổng kế hoạch doanh thu sản phẩm dịch vụ (spdv) MUST quý 1 năm 2025 là bao nhiêu?,"{""measures"":[""finance_product_revenue_plan.total_plan_must_amount""],""timeDimensions"":[{""dimension"":""finance_product_revenue_plan.plan_date"",""dateRange"":[""2025-01-01"",""2025-03-31""]}]}",biz,"[""finance_product_revenue_plan""]",Tổng kế hoạch doanh thu MUST quý 1 năm 2025 là bao nhiêu?,,,
3,Tổng kế hoạch doanh thu sản phẩm dịch vụ (spdv) NICE quý 1 năm 2025 là bao nhiêu?,"{""measures"":[""finance_product_revenue_plan.total_plan_nice_amount""],""timeDimensions"":[{""dimension"":""finance_product_revenue_plan.plan_date"",""dateRange"":[""2025-01-01"",""2025-03-31""]}]}",biz,"[""finance_product_revenue_plan""]",Tổng kế hoạch doanh thu NICE quý 1 năm 2025 là bao nhiêu?,,,
4,Tổng kế hoạch doanh thu sản phẩm dịch vụ (spdv) theo từng tháng trong năm 2025 là bao nhiêu?,"{""measures"":[""finance_product_revenue_plan.total_plan_target_amount""],""timeDimensions"":[{""dimension"":""finance_product_revenue_plan.plan_date"",""granularity"":""month"",""dateRange"":[""2025-01-01"",""2025-12-31""]}]}",biz,"[""finance_product_revenue_plan""]",Tổng kế hoạch doanh thu theo từng tháng trong năm 2025 là bao nhiêu?,,,
5,Tổng kế hoạch doanh thu sản phẩm dịch vụ (spdv) theo từng quý trong năm 2025 là bao nhiêu?,"{""measures"":[""finance_product_revenue_plan.total_plan_target_amount""],""timeDimensions"":[{""dimension"":""finance_product_revenue_plan.plan_date"",""granularity"":""quarter"",""dateRange"":[""2025-01-01"",""2025-12-31""]}]}",biz,"[""finance_product_revenue_plan""]",Tổng kế hoạch doanh thu theo từng quý trong năm 2025 là bao nhiêu?,,,
6,Tổng kế hoạch doanh thu sản phẩm dịch vụ (spdv) theo từng nhóm sản phẩm trong năm 2025 là bao nhiêu?,"{""measures"":[""finance_product_revenue_plan.total_plan_target_amount""],""dimensions"":[""finance_product_revenue_plan.product_group""],""timeDimensions"":[{""dimension"":""finance_product_revenue_plan.plan_date"",""dateRange"":[""2025-01-01"",""2025-12-31""]}]}",biz,"[""finance_product_revenue_plan""]",Tổng kế hoạch doanh thu theo từng nhóm sản phẩm trong năm 2025 là bao nhiêu?,,,
7,Tổng kế hoạch doanh thu sản phẩm dịch vụ (spdv) MUST theo từng nhóm sản phẩm trong năm 2025 là bao nhiêu?,"{""measures"":[""finance_product_revenue_plan.total_plan_must_amount""],""dimensions"":[""finance_product_revenue_plan.product_group""],""timeDimensions"":[{""dimension"":""finance_product_revenue_plan.plan_date"",""dateRange"":[""2025-01-01"",""2025-12-31""]}]}",biz,"[""finance_product_revenue_plan""]",Tổng kế hoạch doanh thu MUST theo từng nhóm sản phẩm trong năm 2025 là bao nhiêu?,,,
8,Tổng kế hoạch doanh thu sản phẩm dịch vụ (spdv) NICE theo từng nhóm sản phẩm trong năm 2025 là bao nhiêu?,"{""measures"":[""finance_product_revenue_plan.total_plan_nice_amount""],""dimensions"":[""finance_product_revenue_plan.product_group""],""timeDimensions"":[{""dimension"":""finance_product_revenue_plan.plan_date"",""dateRange"":[""2025-01-01"",""2025-12-31""]}]}",biz,"[""finance_product_revenue_plan""]",Tổng kế hoạch doanh thu NICE theo từng nhóm sản phẩm trong năm 2025 là bao nhiêu?,,,
9,Sản phẩm nào có tổng kế hoạch doanh thu sản phẩm dịch vụ (spdv) (MUST + NICE) cao nhất trong năm 2025?,"{""measures"":[""finance_product_revenue_plan.total_plan_target_amount""],""dimensions"":[""finance_product_revenue_plan.product_name""],""timeDimensions"":[{""dimension"":""finance_product_revenue_plan.plan_date"",""dateRange"":[""2025-01-01"",""2025-12-31""]}],""order"":{""finance_product_revenue_plan.total_plan_target_amount"":""desc""},""limit"":1}",biz,"[""finance_product_revenue_plan""]",Sản phẩm nào có tổng kế hoạch doanh thu (MUST + NICE) cao nhất trong năm 2025?,,,
10,Top 5 sản phẩm có kế hoạch doanh thu sản phẩm dịch vụ (spdv) MUST cao nhất trong năm 2025 là những sản phẩm nào?,"{""measures"":[""finance_product_revenue_plan.total_plan_must_amount""],""dimensions"":[""finance_product_revenue_plan.product_name""],""timeDimensions"":[{""dimension"":""finance_product_revenue_plan.plan_date"",""dateRange"":[""2025-01-01"",""2025-12-31""]}],""order"":{""finance_product_revenue_plan.total_plan_must_amount"":""desc""},""limit"":5}",biz,"[""finance_product_revenue_plan""]",Top 5 sản phẩm có kế hoạch doanh thu MUST cao nhất trong năm 2025 là những sản phẩm nào?,,,
11,Top 5 sản phẩm có kế hoạch doanh thu sản phẩm dịch vụ (spdv) NICE cao nhất trong năm 2025 là những sản phẩm nào?,"{""measures"":[""finance_product_revenue_plan.total_plan_nice_amount""],""dimensions"":[""finance_product_revenue_plan.product_name""],""timeDimensions"":[{""dimension"":""finance_product_revenue_plan.plan_date"",""dateRange"":[""2025-01-01"",""2025-12-31""]}],""order"":{""finance_product_revenue_plan.total_plan_nice_amount"":""desc""},""limit"":5}",biz,"[""finance_product_revenue_plan""]",Top 5 sản phẩm có kế hoạch doanh thu NICE cao nhất trong năm 2025 là những sản phẩm nào?,,,
12,Nhóm sản phẩm nào có tổng kế hoạch doanh thu sản phẩm dịch vụ (spdv) cao nhất trong năm 2025?,"{""measures"":[""finance_product_revenue_plan.total_plan_target_amount""],""dimensions"":[""finance_product_revenue_plan.product_group""],""timeDimensions"":[{""dimension"":""finance_product_revenue_plan.plan_date"",""dateRange"":[""2025-01-01"",""2025-12-31""]}],""order"":{""finance_product_revenue_plan.total_plan_target_amount"":""desc""},""limit"":1}",biz,"[""finance_product_revenue_plan""]",Nhóm sản phẩm nào có tổng kế hoạch doanh thu cao nhất trong năm 2025?,,,
,,,,,,,,
,,,,,,,,
15,Giá trị kế hoạch sản phẩm dịch vụ (spdv) MUST trung bình theo từng nhóm sản phẩm trong năm 2025 là bao nhiêu?,"{""measures"":[""finance_product_revenue_plan.avg_plan_must_amount""],""dimensions"":[""finance_product_revenue_plan.product_group""],""timeDimensions"":[{""dimension"":""finance_product_revenue_plan.plan_date"",""dateRange"":[""2025-01-01"",""2025-12-31""]}]}",biz,"[""finance_product_revenue_plan""]",Giá trị kế hoạch MUST trung bình theo từng nhóm sản phẩm trong năm 2025 là bao nhiêu?,,,
16,Giá trị kế hoạch sản phẩm dịch vụ (spdv) NICE trung bình theo từng nhóm sản phẩm trong năm 2025 là bao nhiêu?,"{""measures"":[""finance_product_revenue_plan.avg_plan_nice_amount""],""dimensions"":[""finance_product_revenue_plan.product_group""],""timeDimensions"":[{""dimension"":""finance_product_revenue_plan.plan_date"",""dateRange"":[""2025-01-01"",""2025-12-31""]}]}",biz,"[""finance_product_revenue_plan""]",Giá trị kế hoạch NICE trung bình theo từng nhóm sản phẩm trong năm 2025 là bao nhiêu?,,,
17,Phân bố tổng kế hoạch sản phẩm dịch vụ (spdv) MUST theo các bucket giá trị là như thế nào?,"{""measures"":[""finance_product_revenue_plan.total_plan_must_amount""],""dimensions"":[""finance_product_revenue_plan.plan_must_bucket""]}",biz,"[""finance_product_revenue_plan""]",Phân bố tổng kế hoạch MUST theo các bucket giá trị là như thế nào?,,,
18,Phân bố tổng kế hoạch sản phẩm dịch vụ (spdv) NICE theo các bucket giá trị là như thế nào?,"{""measures"":[""finance_product_revenue_plan.total_plan_nice_amount""],""dimensions"":[""finance_product_revenue_plan.plan_nice_bucket""]}",biz,"[""finance_product_revenue_plan""]",Phân bố tổng kế hoạch NICE theo các bucket giá trị là như thế nào?,,,
19,Có bao nhiêu bản ghi kế hoạch doanh thu sản phẩm dịch vụ (spdv) theo sản phẩm trong hệ thống?,"{""measures"":[""finance_product_revenue_plan.number_of_plan_record_count""]}",biz,"[""finance_product_revenue_plan""]",Có bao nhiêu bản ghi kế hoạch doanh thu theo sản phẩm trong hệ thống?,,,
20,Tổng kế hoạch doanh thu sản phẩm dịch vụ (spdv) MUST và NICE theo từng sản phẩm trong năm 2025 là bao nhiêu?,"{""measures"":[""finance_product_revenue_plan.total_plan_must_amount"",""finance_product_revenue_plan.total_plan_nice_amount""],""dimensions"":[""finance_product_revenue_plan.product_name""],""timeDimensions"":[{""dimension"":""finance_product_revenue_plan.plan_date"",""dateRange"":[""2025-01-01"",""2025-12-31""]}]}",biz,"[""finance_product_revenue_plan""]",Tổng kế hoạch doanh thu MUST và NICE theo từng sản phẩm trong năm 2025 là bao nhiêu?,,,
21,Tổng kế hoạch doanh thu sản phẩm dịch vụ (SPDV) theo từng tháng trong năm 2025 là bao nhiêu?,"{""measures"":[""finance_product_revenue_plan.total_plan_target_amount""],""timeDimensions"":[{""dimension"":""finance_product_revenue_plan.plan_date"",""granularity"":""month"",""dateRange"":[""2025-01-01"",""2025-12-31""]}]}",biz,"[""finance_product_revenue_plan""]",Tổng kế hoạch doanh thu sản phẩm dịch vụ (SPDV) theo từng tháng trong năm 2025 là bao nhiêu?,,,
22,Tổng kế hoạch doanh thu SPDV MUST theo từng quý trong năm 2025 là bao nhiêu?,"{""measures"":[""finance_product_revenue_plan.total_plan_must_amount""],""timeDimensions"":[{""dimension"":""finance_product_revenue_plan.plan_date"",""granularity"":""quarter"",""dateRange"":[""2025-01-01"",""2025-12-31""]}]}",biz,"[""finance_product_revenue_plan""]",Tổng kế hoạch doanh thu SPDV MUST theo từng quý trong năm 2025 là bao nhiêu?,,,
23,Tổng kế hoạch doanh thu SPDV NICE theo từng quý trong năm 2025 là bao nhiêu?,"{""measures"":[""finance_product_revenue_plan.total_plan_nice_amount""],""timeDimensions"":[{""dimension"":""finance_product_revenue_plan.plan_date"",""granularity"":""quarter"",""dateRange"":[""2025-01-01"",""2025-12-31""]}]}",biz,"[""finance_product_revenue_plan""]",Tổng kế hoạch doanh thu SPDV NICE theo từng quý trong năm 2025 là bao nhiêu?,,,
,,,,,,,,
25,Sản phẩm nào có tổng kế hoạch doanh thu SPDV cao nhất trong năm 2025?,"{""measures"":[""finance_product_revenue_plan.total_plan_target_amount""],""dimensions"":[""finance_product_revenue_plan.product_name""],""timeDimensions"":[{""dimension"":""finance_product_revenue_plan.plan_date"",""dateRange"":[""2025-01-01"",""2025-12-31""]}],""order"":{""finance_product_revenue_plan.total_plan_target_amount"":""desc""},""limit"":1}",biz,"[""finance_product_revenue_plan""]",Sản phẩm nào có tổng kế hoạch doanh thu SPDV cao nhất trong năm 2025?,,,
26,Top 10 sản phẩm có tổng kế hoạch doanh thu SPDV cao nhất trong năm 2025 là những sản phẩm nào?,"{""measures"":[""finance_product_revenue_plan.total_plan_target_amount""],""dimensions"":[""finance_product_revenue_plan.product_name""],""timeDimensions"":[{""dimension"":""finance_product_revenue_plan.plan_date"",""dateRange"":[""2025-01-01"",""2025-12-31""]}],""order"":{""finance_product_revenue_plan.total_plan_target_amount"":""desc""},""limit"":10}",biz,"[""finance_product_revenue_plan""]",Top 10 sản phẩm có tổng kế hoạch doanh thu SPDV cao nhất trong năm 2025 là những sản phẩm nào?,,,
27,Top 5 nhóm sản phẩm có tổng kế hoạch doanh thu SPDV cao nhất trong năm 2025 là những nhóm nào?,"{""measures"":[""finance_product_revenue_plan.total_plan_target_amount""],""dimensions"":[""finance_product_revenue_plan.product_group""],""timeDimensions"":[{""dimension"":""finance_product_revenue_plan.plan_date"",""dateRange"":[""2025-01-01"",""2025-12-31""]}],""order"":{""finance_product_revenue_plan.total_plan_target_amount"":""desc""},""limit"":5}",biz,"[""finance_product_revenue_plan""]",Top 5 nhóm sản phẩm có tổng kế hoạch doanh thu SPDV cao nhất trong năm 2025 là những nhóm nào?,,,
28,Phân bố tổng kế hoạch doanh thu SPDV MUST theo các bucket giá trị là như thế nào?,"{""measures"":[""finance_product_revenue_plan.total_plan_must_amount""],""dimensions"":[""finance_product_revenue_plan.plan_must_bucket""]}",biz,"[""finance_product_revenue_plan""]",Phân bố tổng kế hoạch doanh thu SPDV MUST theo các bucket giá trị là như thế nào?,,,
29,Phân bố tổng kế hoạch doanh thu SPDV NICE theo các bucket giá trị là như thế nào?,"{""measures"":[""finance_product_revenue_plan.total_plan_nice_amount""],""dimensions"":[""finance_product_revenue_plan.plan_nice_bucket""]}",biz,"[""finance_product_revenue_plan""]",Phân bố tổng kế hoạch doanh thu SPDV NICE theo các bucket giá trị là như thế nào?,,,
30,Có bao nhiêu bản ghi kế hoạch doanh thu SPDV trong hệ thống?,"{""measures"":[""finance_product_revenue_plan.number_of_plan_record_count""]}",biz,"[""finance_product_revenue_plan""]",Có bao nhiêu bản ghi kế hoạch doanh thu SPDV trong hệ thống?,,,
31,Giá trị kế hoạch doanh thu SPDV MUST lớn nhất trong năm 2025 là bao nhiêu?,"{""measures"":[""finance_product_revenue_plan.max_plan_must_amount""],""timeDimensions"":[{""dimension"":""finance_product_revenue_plan.plan_date"",""dateRange"":[""2025-01-01"",""2025-12-31""]}]}",biz,"[""finance_product_revenue_plan""]",Giá trị kế hoạch doanh thu SPDV MUST lớn nhất trong năm 2025 là bao nhiêu?,,,
32,Giá trị kế hoạch doanh thu SPDV NICE lớn nhất trong năm 2025 là bao nhiêu?,"{""measures"":[""finance_product_revenue_plan.max_plan_nice_amount""],""timeDimensions"":[{""dimension"":""finance_product_revenue_plan.plan_date"",""dateRange"":[""2025-01-01"",""2025-12-31""]}]}",biz,"[""finance_product_revenue_plan""]",Giá trị kế hoạch doanh thu SPDV NICE lớn nhất trong năm 2025 là bao nhiêu?,,,
33,Giá trị kế hoạch doanh thu SPDV MUST trung bình theo từng sản phẩm trong năm 2025 là bao nhiêu?,"{""measures"":[""finance_product_revenue_plan.avg_plan_must_amount""],""dimensions"":[""finance_product_revenue_plan.product_name""],""timeDimensions"":[{""dimension"":""finance_product_revenue_plan.plan_date"",""dateRange"":[""2025-01-01"",""2025-12-31""]}]}",biz,"[""finance_product_revenue_plan""]",Giá trị kế hoạch doanh thu SPDV MUST trung bình theo từng sản phẩm trong năm 2025 là bao nhiêu?,,,
34,Giá trị kế hoạch doanh thu SPDV NICE trung bình theo từng sản phẩm trong năm 2025 là bao nhiêu?,"{""measures"":[""finance_product_revenue_plan.avg_plan_nice_amount""],""dimensions"":[""finance_product_revenue_plan.product_name""],""timeDimensions"":[{""dimension"":""finance_product_revenue_plan.plan_date"",""dateRange"":[""2025-01-01"",""2025-12-31""]}]}",biz,"[""finance_product_revenue_plan""]",Giá trị kế hoạch doanh thu SPDV NICE trung bình theo từng sản phẩm trong năm 2025 là bao nhiêu?,,,
35,Tổng kế hoạch doanh thu SPDV MUST và NICE theo từng sản phẩm trong năm 2025 là bao nhiêu?,"{""measures"":[""finance_product_revenue_plan.total_plan_must_amount"",""finance_product_revenue_plan.total_plan_nice_amount""],""dimensions"":[""finance_product_revenue_plan.product_name""],""timeDimensions"":[{""dimension"":""finance_product_revenue_plan.plan_date"",""dateRange"":[""2025-01-01"",""2025-12-31""]}]}",biz,"[""finance_product_revenue_plan""]",Tổng kế hoạch doanh thu SPDV MUST và NICE theo từng sản phẩm trong năm 2025 là bao nhiêu?,,,
36,Tháng nào trong năm 2025 có tổng kế hoạch doanh thu SPDV cao nhất?,"{""measures"":[""finance_product_revenue_plan.total_plan_target_amount""],""timeDimensions"":[{""dimension"":""finance_product_revenue_plan.plan_date"",""granularity"":""month"",""dateRange"":[""2025-01-01"",""2025-12-31""]}],""order"":{""finance_product_revenue_plan.total_plan_target_amount"":""desc""},""limit"":1}",biz,"[""finance_product_revenue_plan""]",Tháng nào trong năm 2025 có tổng kế hoạch doanh thu SPDV cao nhất?,,,
37,Tháng nào trong năm 2025 có tổng kế hoạch doanh thu SPDV thấp nhất?,"{""measures"":[""finance_product_revenue_plan.total_plan_target_amount""],""timeDimensions"":[{""dimension"":""finance_product_revenue_plan.plan_date"",""granularity"":""month"",""dateRange"":[""2025-01-01"",""2025-12-31""]}],""order"":{""finance_product_revenue_plan.total_plan_target_amount"":""asc""},""limit"":1}",biz,"[""finance_product_revenue_plan""]",Tháng nào trong năm 2025 có tổng kế hoạch doanh thu SPDV thấp nhất?,,,
,,,,,,,,
,,,,,,,,
40,Tổng kế hoạch doanh thu SPDV theo từng nhóm sản phẩm trong năm 2025 là bao nhiêu?,"{""measures"":[""finance_product_revenue_plan.total_plan_target_amount""],""dimensions"":[""finance_product_revenue_plan.product_group""],""timeDimensions"":[{""dimension"":""finance_product_revenue_plan.plan_date"",""dateRange"":[""2025-01-01"",""2025-12-31""]}]}",biz,"[""finance_product_revenue_plan""]",Tổng kế hoạch doanh thu SPDV theo từng nhóm sản phẩm trong năm 2025 là bao nhiêu?,,,
41,Tổng kế hoạch doanh thu sản phẩm dịch vụ (SPDV) theo từng năm là bao nhiêu?,"{""measures"":[""finance_product_revenue_plan.total_plan_target_amount""],""timeDimensions"":[{""dimension"":""finance_product_revenue_plan.plan_date"",""granularity"":""year""}]}",biz,"[""finance_product_revenue_plan""]",Tổng kế hoạch doanh thu sản phẩm dịch vụ (SPDV) theo từng năm là bao nhiêu?,,,
42,Tổng kế hoạch doanh thu SPDV MUST theo từng tháng trong năm 2025 là bao nhiêu?,"{""measures"":[""finance_product_revenue_plan.total_plan_must_amount""],""timeDimensions"":[{""dimension"":""finance_product_revenue_plan.plan_date"",""granularity"":""month"",""dateRange"":[""2025-01-01"",""2025-12-31""]}]}",biz,"[""finance_product_revenue_plan""]",Tổng kế hoạch doanh thu SPDV MUST theo từng tháng trong năm 2025 là bao nhiêu?,,,
43,Tổng kế hoạch doanh thu SPDV NICE theo từng tháng trong năm 2025 là bao nhiêu?,"{""measures"":[""finance_product_revenue_plan.total_plan_nice_amount""],""timeDimensions"":[{""dimension"":""finance_product_revenue_plan.plan_date"",""granularity"":""month"",""dateRange"":[""2025-01-01"",""2025-12-31""]}]}",biz,"[""finance_product_revenue_plan""]",Tổng kế hoạch doanh thu SPDV NICE theo từng tháng trong năm 2025 là bao nhiêu?,,,
44,Top 3 sản phẩm có kế hoạch doanh thu SPDV MUST cao nhất trong năm 2025 là những sản phẩm nào?,"{""measures"":[""finance_product_revenue_plan.total_plan_must_amount""],""dimensions"":[""finance_product_revenue_plan.product_name""],""timeDimensions"":[{""dimension"":""finance_product_revenue_plan.plan_date"",""dateRange"":[""2025-01-01"",""2025-12-31""]}],""order"":{""finance_product_revenue_plan.total_plan_must_amount"":""desc""},""limit"":3}",biz,"[""finance_product_revenue_plan""]",Top 3 sản phẩm có kế hoạch doanh thu SPDV MUST cao nhất trong năm 2025 là những sản phẩm nào?,,,
45,Top 3 sản phẩm có kế hoạch doanh thu SPDV NICE cao nhất trong năm 2025 là những sản phẩm nào?,"{""measures"":[""finance_product_revenue_plan.total_plan_nice_amount""],""dimensions"":[""finance_product_revenue_plan.product_name""],""timeDimensions"":[{""dimension"":""finance_product_revenue_plan.plan_date"",""dateRange"":[""2025-01-01"",""2025-12-31""]}],""order"":{""finance_product_revenue_plan.total_plan_nice_amount"":""desc""},""limit"":3}",biz,"[""finance_product_revenue_plan""]",Top 3 sản phẩm có kế hoạch doanh thu SPDV NICE cao nhất trong năm 2025 là những sản phẩm nào?,,,
46,Tổng kế hoạch doanh thu SPDV theo từng sản phẩm trong năm 2025 là bao nhiêu?,"{""measures"":[""finance_product_revenue_plan.total_plan_target_amount""],""dimensions"":[""finance_product_revenue_plan.product_name""],""timeDimensions"":[{""dimension"":""finance_product_revenue_plan.plan_date"",""dateRange"":[""2025-01-01"",""2025-12-31""]}]}",biz,"[""finance_product_revenue_plan""]",Tổng kế hoạch doanh thu SPDV theo từng sản phẩm trong năm 2025 là bao nhiêu?,,,
47,Tổng kế hoạch doanh thu SPDV MUST theo từng sản phẩm trong năm 2025 là bao nhiêu?,"{""measures"":[""finance_product_revenue_plan.total_plan_must_amount""],""dimensions"":[""finance_product_revenue_plan.product_name""],""timeDimensions"":[{""dimension"":""finance_product_revenue_plan.plan_date"",""dateRange"":[""2025-01-01"",""2025-12-31""]}]}",biz,"[""finance_product_revenue_plan""]",Tổng kế hoạch doanh thu SPDV MUST theo từng sản phẩm trong năm 2025 là bao nhiêu?,,,
48,Tổng kế hoạch doanh thu SPDV NICE theo từng sản phẩm trong năm 2025 là bao nhiêu?,"{""measures"":[""finance_product_revenue_plan.total_plan_nice_amount""],""dimensions"":[""finance_product_revenue_plan.product_name""],""timeDimensions"":[{""dimension"":""finance_product_revenue_plan.plan_date"",""dateRange"":[""2025-01-01"",""2025-12-31""]}]}",biz,"[""finance_product_revenue_plan""]",Tổng kế hoạch doanh thu SPDV NICE theo từng sản phẩm trong năm 2025 là bao nhiêu?,,,
49,Phân bố số lượng bản ghi kế hoạch doanh thu SPDV theo từng nhóm sản phẩm là như thế nào?,"{""measures"":[""finance_product_revenue_plan.number_of_plan_record_count""],""dimensions"":[""finance_product_revenue_plan.product_group""]}",biz,"[""finance_product_revenue_plan""]",Phân bố số lượng bản ghi kế hoạch doanh thu SPDV theo từng nhóm sản phẩm là như thế nào?,,,
50,Phân bố tổng kế hoạch doanh thu SPDV theo các nhóm sản phẩm trong năm 2025 là như thế nào?,"{""measures"":[""finance_product_revenue_plan.total_plan_target_amount""],""dimensions"":[""finance_product_revenue_plan.product_group""],""timeDimensions"":[{""dimension"":""finance_product_revenue_plan.plan_date"",""dateRange"":[""2025-01-01"",""2025-12-31""]}]}",biz,"[""finance_product_revenue_plan""]",Phân bố tổng kế hoạch doanh thu SPDV theo các nhóm sản phẩm trong năm 2025 là như thế nào?,,,
,,,,,,,,
52,Sản phẩm nào có kế hoạch doanh thu SPDV MUST thấp nhất trong năm 2025?,"{""measures"":[""finance_product_revenue_plan.total_plan_must_amount""],""dimensions"":[""finance_product_revenue_plan.product_name""],""timeDimensions"":[{""dimension"":""finance_product_revenue_plan.plan_date"",""dateRange"":[""2025-01-01"",""2025-12-31""]}],""order"":{""finance_product_revenue_plan.total_plan_must_amount"":""asc""},""limit"":1}",biz,"[""finance_product_revenue_plan""]",Sản phẩm nào có kế hoạch doanh thu SPDV MUST thấp nhất trong năm 2025?,,,
53,Sản phẩm nào có kế hoạch doanh thu SPDV NICE thấp nhất trong năm 2025?,"{""measures"":[""finance_product_revenue_plan.total_plan_nice_amount""],""dimensions"":[""finance_product_revenue_plan.product_name""],""timeDimensions"":[{""dimension"":""finance_product_revenue_plan.plan_date"",""dateRange"":[""2025-01-01"",""2025-12-31""]}],""order"":{""finance_product_revenue_plan.total_plan_nice_amount"":""asc""},""limit"":1}",biz,"[""finance_product_revenue_plan""]",Sản phẩm nào có kế hoạch doanh thu SPDV NICE thấp nhất trong năm 2025?,,,
54,Nhóm sản phẩm nào có tổng kế hoạch doanh thu SPDV thấp nhất trong năm 2025?,"{""measures"":[""finance_product_revenue_plan.total_plan_target_amount""],""dimensions"":[""finance_product_revenue_plan.product_group""],""timeDimensions"":[{""dimension"":""finance_product_revenue_plan.plan_date"",""dateRange"":[""2025-01-01"",""2025-12-31""]}],""order"":{""finance_product_revenue_plan.total_plan_target_amount"":""asc""},""limit"":1}",biz,"[""finance_product_revenue_plan""]",Nhóm sản phẩm nào có tổng kế hoạch doanh thu SPDV thấp nhất trong năm 2025?,,,
55,Có bao nhiêu sản phẩm có kế hoạch doanh thu SPDV MUST thuộc bucket trên 1 tỷ?,"{""measures"":[""finance_product_revenue_plan.number_of_plan_record_count""],""dimensions"":[""finance_product_revenue_plan.plan_must_bucket""],""filters"":[{""dimension"":""finance_product_revenue_plan.plan_must_bucket"",""operator"":""equals"",""values"":[""tren_1b""]}]}",biz,"[""finance_product_revenue_plan""]",Có bao nhiêu sản phẩm có kế hoạch doanh thu SPDV MUST thuộc bucket trên 1 tỷ?,,,
56,Có bao nhiêu sản phẩm có kế hoạch doanh thu SPDV NICE thuộc bucket dưới 50 triệu?,"{""measures"":[""finance_product_revenue_plan.number_of_plan_record_count""],""dimensions"":[""finance_product_revenue_plan.plan_nice_bucket""],""filters"":[{""dimension"":""finance_product_revenue_plan.plan_nice_bucket"",""operator"":""equals"",""values"":[""duoi_50tr""]}]}",biz,"[""finance_product_revenue_plan""]",Có bao nhiêu sản phẩm có kế hoạch doanh thu SPDV NICE thuộc bucket dưới 50 triệu?,,,
57,Tổng kế hoạch doanh thu SPDV theo từng tháng trong năm 2025 là bao nhiêu?,"{""measures"":[""finance_product_revenue_plan.total_plan_target_amount""],""timeDimensions"":[{""dimension"":""finance_product_revenue_plan.plan_date"",""granularity"":""month"",""dateRange"":[""2025-01-01"",""2025-12-31""]}]}",biz,"[""finance_product_revenue_plan""]",Tổng kế hoạch doanh thu SPDV theo từng tháng trong năm 2025 là bao nhiêu?,,,
,,,,,,,,
,,,,,,,,
60,Nhóm sản phẩm nào có kế hoạch doanh thu SPDV MUST trung bình cao nhất trong năm 2025?,"{""measures"":[""finance_product_revenue_plan.avg_plan_must_amount""],""dimensions"":[""finance_product_revenue_plan.product_group""],""timeDimensions"":[{""dimension"":""finance_product_revenue_plan.plan_date"",""dateRange"":[""2025-01-01"",""2025-12-31""]}],""order"":{""finance_product_revenue_plan.avg_plan_must_amount"":""desc""},""limit"":1}",biz,"[""finance_product_revenue_plan""]",Nhóm sản phẩm nào có kế hoạch doanh thu SPDV MUST trung bình cao nhất trong năm 2025?,,,
1,Tổng doanh thu trong quý 1 năm 2025 là bao nhiêu?,"{""measures"":[""finance_metrics.total_revenue_amount""],""timeDimensions"":[{""dimension"":""finance_metrics.report_date"",""dateRange"":[""2025-01-01"",""2025-03-31""]}]}",biz,"[""finance_metrics""]",Tổng doanh thu trong quý 1 năm 2025 là bao nhiêu?,,,
2,Tổng chi phí trong quý 1 năm 2025 là bao nhiêu?,"{""measures"":[""finance_metrics.total_cost_value""],""timeDimensions"":[{""dimension"":""finance_metrics.report_date"",""dateRange"":[""2025-01-01"",""2025-03-31""]}]}",biz,"[""finance_metrics""]",Tổng chi phí trong quý 1 năm 2025 là bao nhiêu?,,,
3,Tổng gross profit trong quý 1 năm 2025 là bao nhiêu?,"{""measures"":[""finance_metrics.total_gross_profit_value""],""timeDimensions"":[{""dimension"":""finance_metrics.report_date"",""dateRange"":[""2025-01-01"",""2025-03-31""]}]}",biz,"[""finance_metrics""]",Tổng gross profit trong quý 1 năm 2025 là bao nhiêu?,,,
4,Tổng EBITDA trong quý 1 năm 2025 là bao nhiêu?,"{""measures"":[""finance_metrics.total_ebitda_value""],""timeDimensions"":[{""dimension"":""finance_metrics.report_date"",""dateRange"":[""2025-01-01"",""2025-03-31""]}]}",biz,"[""finance_metrics""]",Tổng EBITDA trong quý 1 năm 2025 là bao nhiêu?,,,
5,Tổng doanh thu theo từng tháng trong năm 2025 là bao nhiêu?,"{""measures"":[""finance_metrics.total_revenue_amount""],""timeDimensions"":[{""dimension"":""finance_metrics.report_date"",""granularity"":""month"",""dateRange"":[""2025-01-01"",""2025-12-31""]}]}",biz,"[""finance_metrics""]",Tổng doanh thu theo từng tháng trong năm 2025 là bao nhiêu?,,,
6,Tổng chi phí theo từng tháng trong năm 2025 là bao nhiêu?,"{""measures"":[""finance_metrics.total_cost_value""],""timeDimensions"":[{""dimension"":""finance_metrics.report_date"",""granularity"":""month"",""dateRange"":[""2025-01-01"",""2025-12-31""]}]}",biz,"[""finance_metrics""]",Tổng chi phí theo từng tháng trong năm 2025 là bao nhiêu?,,,
7,Tổng doanh thu theo từng nhóm sản phẩm trong năm 2025 là bao nhiêu?,"{""measures"":[""finance_metrics.total_revenue_amount""],""dimensions"":[""finance_metrics.product_category""],""timeDimensions"":[{""dimension"":""finance_metrics.report_date"",""dateRange"":[""2025-01-01"",""2025-12-31""]}]}",biz,"[""finance_metrics""]",Tổng doanh thu theo từng nhóm sản phẩm trong năm 2025 là bao nhiêu?,,,
8,Tổng chi phí theo từng nhóm sản phẩm trong năm 2025 là bao nhiêu?,"{""measures"":[""finance_metrics.total_cost_value""],""dimensions"":[""finance_metrics.product_category""],""timeDimensions"":[{""dimension"":""finance_metrics.report_date"",""dateRange"":[""2025-01-01"",""2025-12-31""]}]}",biz,"[""finance_metrics""]",Tổng chi phí theo từng nhóm sản phẩm trong năm 2025 là bao nhiêu?,,,
9,Tổng gross profit theo từng nhóm sản phẩm trong năm 2025 là bao nhiêu?,"{""measures"":[""finance_metrics.total_gross_profit_value""],""dimensions"":[""finance_metrics.product_category""],""timeDimensions"":[{""dimension"":""finance_metrics.report_date"",""dateRange"":[""2025-01-01"",""2025-12-31""]}]}",biz,"[""finance_metrics""]",Tổng gross profit theo từng nhóm sản phẩm trong năm 2025 là bao nhiêu?,,,
10,Nhóm sản phẩm nào có tổng doanh thu cao nhất trong năm 2025?,"{""measures"":[""finance_metrics.total_revenue_amount""],""dimensions"":[""finance_metrics.product_category""],""timeDimensions"":[{""dimension"":""finance_metrics.report_date"",""dateRange"":[""2025-01-01"",""2025-12-31""]}],""order"":{""finance_metrics.total_revenue_amount"":""desc""},""limit"":1}",biz,"[""finance_metrics""]",Nhóm sản phẩm nào có tổng doanh thu cao nhất trong năm 2025?,,,
11,Nhóm sản phẩm nào có tổng chi phí cao nhất trong năm 2025?,"{""measures"":[""finance_metrics.total_cost_value""],""dimensions"":[""finance_metrics.product_category""],""timeDimensions"":[{""dimension"":""finance_metrics.report_date"",""dateRange"":[""2025-01-01"",""2025-12-31""]}],""order"":{""finance_metrics.total_cost_value"":""desc""},""limit"":1}",biz,"[""finance_metrics""]",Nhóm sản phẩm nào có tổng chi phí cao nhất trong năm 2025?,,,
12,Nhóm sản phẩm nào có tổng gross profit cao nhất trong năm 2025?,"{""measures"":[""finance_metrics.total_gross_profit_value""],""dimensions"":[""finance_metrics.product_category""],""timeDimensions"":[{""dimension"":""finance_metrics.report_date"",""dateRange"":[""2025-01-01"",""2025-12-31""]}],""order"":{""finance_metrics.total_gross_profit_value"":""desc""},""limit"":1}",biz,"[""finance_metrics""]",Nhóm sản phẩm nào có tổng gross profit cao nhất trong năm 2025?,,,
13,Tỷ suất gross profit trên doanh thu trong năm 2025 là bao nhiêu?,"{""measures"":[""finance_metrics.gross_profit_margin_rate""],""timeDimensions"":[{""dimension"":""finance_metrics.report_date"",""dateRange"":[""2025-01-01"",""2025-12-31""]}]}",biz,"[""finance_metrics""]",Tỷ suất gross profit trên doanh thu trong năm 2025 là bao nhiêu?,,,
14,Tỷ suất EBITDA trên doanh thu trong năm 2025 là bao nhiêu?,"{""measures"":[""finance_metrics.ebitda_margin_rate""],""timeDimensions"":[{""dimension"":""finance_metrics.report_date"",""dateRange"":[""2025-01-01"",""2025-12-31""]}]}",biz,"[""finance_metrics""]",Tỷ suất EBITDA trên doanh thu trong năm 2025 là bao nhiêu?,,,
15,Tổng chi phí khấu hao tài sản cố định trong năm 2025 là bao nhiêu?,"{""measures"":[""finance_metrics.total_fixed_asset_depreciation_cost_value""],""timeDimensions"":[{""dimension"":""finance_metrics.report_date"",""dateRange"":[""2025-01-01"",""2025-12-31""]}]}",biz,"[""finance_metrics""]",Tổng chi phí khấu hao tài sản cố định trong năm 2025 là bao nhiêu?,,,
16,Tổng chi phí nhân công và OS trực tiếp trong năm 2025 là bao nhiêu?,"{""measures"":[""finance_metrics.total_direct_labor_os_cost_value""],""timeDimensions"":[{""dimension"":""finance_metrics.report_date"",""dateRange"":[""2025-01-01"",""2025-12-31""]}]}",biz,"[""finance_metrics""]",Tổng chi phí nhân công và OS trực tiếp trong năm 2025 là bao nhiêu?,,,
17,Tổng chi phí hạ tầng sản xuất trong năm 2025 là bao nhiêu?,"{""measures"":[""finance_metrics.total_production_infra_cost_value""],""timeDimensions"":[{""dimension"":""finance_metrics.report_date"",""dateRange"":[""2025-01-01"",""2025-12-31""]}]}",biz,"[""finance_metrics""]",Tổng chi phí hạ tầng sản xuất trong năm 2025 là bao nhiêu?,,,
18,Tổng chi phí OS kinh doanh trong năm 2025 là bao nhiêu?,"{""measures"":[""finance_metrics.total_business_os_cost_value""],""timeDimensions"":[{""dimension"":""finance_metrics.report_date"",""dateRange"":[""2025-01-01"",""2025-12-31""]}]}",biz,"[""finance_metrics""]",Tổng chi phí OS kinh doanh trong năm 2025 là bao nhiêu?,,,
,,,,,,,,
,,,,,,,,
21,Tổng doanh thu theo từng quý trong năm 2025 là bao nhiêu?,"{""measures"":[""finance_metrics.total_revenue_amount""],""timeDimensions"":[{""dimension"":""finance_metrics.report_date"",""granularity"":""quarter"",""dateRange"":[""2025-01-01"",""2025-12-31""]}]}",biz,"[""finance_metrics""]",Tổng doanh thu theo từng quý trong năm 2025 là bao nhiêu?,,,
22,Tổng EBITDA theo từng quý trong năm 2025 là bao nhiêu?,"{""measures"":[""finance_metrics.total_ebitda_value""],""timeDimensions"":[{""dimension"":""finance_metrics.report_date"",""granularity"":""quarter"",""dateRange"":[""2025-01-01"",""2025-12-31""]}]}",biz,"[""finance_metrics""]",Tổng EBITDA theo từng quý trong năm 2025 là bao nhiêu?,,,
23,Tổng gross profit theo từng tháng trong năm 2025 là bao nhiêu?,"{""measures"":[""finance_metrics.total_gross_profit_value""],""timeDimensions"":[{""dimension"":""finance_metrics.report_date"",""granularity"":""month"",""dateRange"":[""2025-01-01"",""2025-12-31""]}]}",biz,"[""finance_metrics""]",Tổng gross profit theo từng tháng trong năm 2025 là bao nhiêu?,,,
24,Nhóm sản phẩm nào có EBITDA cao nhất trong năm 2025?,"{""measures"":[""finance_metrics.total_ebitda_value""],""dimensions"":[""finance_metrics.product_category""],""timeDimensions"":[{""dimension"":""finance_metrics.report_date"",""dateRange"":[""2025-01-01"",""2025-12-31""]}],""order"":{""finance_metrics.total_ebitda_value"":""desc""},""limit"":1}",biz,"[""finance_metrics""]",Nhóm sản phẩm nào có EBITDA cao nhất trong năm 2025?,,,
25,Nhóm sản phẩm nào có EBITDA thấp nhất trong năm 2025?,"{""measures"":[""finance_metrics.total_ebitda_value""],""dimensions"":[""finance_metrics.product_category""],""timeDimensions"":[{""dimension"":""finance_metrics.report_date"",""dateRange"":[""2025-01-01"",""2025-12-31""]}],""order"":{""finance_metrics.total_ebitda_value"":""asc""},""limit"":1}",biz,"[""finance_metrics""]",Nhóm sản phẩm nào có EBITDA thấp nhất trong năm 2025?,,,
26,Top 5 nhóm sản phẩm có tổng doanh thu cao nhất trong năm 2025 là những nhóm nào?,"{""measures"":[""finance_metrics.total_revenue_amount""],""dimensions"":[""finance_metrics.product_category""],""timeDimensions"":[{""dimension"":""finance_metrics.report_date"",""dateRange"":[""2025-01-01"",""2025-12-31""]}],""order"":{""finance_metrics.total_revenue_amount"":""desc""},""limit"":5}",biz,"[""finance_metrics""]",Top 5 nhóm sản phẩm có tổng doanh thu cao nhất trong năm 2025 là những nhóm nào?,,,
27,Top 5 nhóm sản phẩm có tổng chi phí cao nhất trong năm 2025 là những nhóm nào?,"{""measures"":[""finance_metrics.total_cost_value""],""dimensions"":[""finance_metrics.product_category""],""timeDimensions"":[{""dimension"":""finance_metrics.report_date"",""dateRange"":[""2025-01-01"",""2025-12-31""]}],""order"":{""finance_metrics.total_cost_value"":""desc""},""limit"":5}",biz,"[""finance_metrics""]",Top 5 nhóm sản phẩm có tổng chi phí cao nhất trong năm 2025 là những nhóm nào?,,,
28,Phân bố số lượng bản ghi theo revenue bucket là như thế nào?,"{""measures"":[""finance_metrics.number_of_metric_record_count""],""dimensions"":[""finance_metrics.revenue_bucket""]}",biz,"[""finance_metrics""]",Phân bố số lượng bản ghi theo revenue bucket là như thế nào?,,,
29,Phân bố số lượng bản ghi theo cost bucket là như thế nào?,"{""measures"":[""finance_metrics.number_of_metric_record_count""],""dimensions"":[""finance_metrics.cost_bucket""]}",biz,"[""finance_metrics""]",Phân bố số lượng bản ghi theo cost bucket là như thế nào?,,,
30,Phân bố số lượng bản ghi theo gross profit bucket là như thế nào?,"{""measures"":[""finance_metrics.number_of_metric_record_count""],""dimensions"":[""finance_metrics.gross_profit_bucket""]}",biz,"[""finance_metrics""]",Phân bố số lượng bản ghi theo gross profit bucket là như thế nào?,,,
31,Phân bố số lượng bản ghi theo EBITDA bucket là như thế nào?,"{""measures"":[""finance_metrics.number_of_metric_record_count""],""dimensions"":[""finance_metrics.ebitda_bucket""]}",biz,"[""finance_metrics""]",Phân bố số lượng bản ghi theo EBITDA bucket là như thế nào?,,,
32,Doanh thu trung bình trên mỗi bản ghi trong năm 2025 là bao nhiêu?,"{""measures"":[""finance_metrics.avg_revenue_amount""],""timeDimensions"":[{""dimension"":""finance_metrics.report_date"",""dateRange"":[""2025-01-01"",""2025-12-31""]}]}",biz,"[""finance_metrics""]",Doanh thu trung bình trên mỗi bản ghi trong năm 2025 là bao nhiêu?,,,
33,Chi phí trung bình trên mỗi bản ghi trong năm 2025 là bao nhiêu?,"{""measures"":[""finance_metrics.avg_cost_value""],""timeDimensions"":[{""dimension"":""finance_metrics.report_date"",""dateRange"":[""2025-01-01"",""2025-12-31""]}]}",biz,"[""finance_metrics""]",Chi phí trung bình trên mỗi bản ghi trong năm 2025 là bao nhiêu?,,,
34,Gross profit trung bình trên mỗi bản ghi trong năm 2025 là bao nhiêu?,"{""measures"":[""finance_metrics.avg_gross_profit_value""],""timeDimensions"":[{""dimension"":""finance_metrics.report_date"",""dateRange"":[""2025-01-01"",""2025-12-31""]}]}",biz,"[""finance_metrics""]",Gross profit trung bình trên mỗi bản ghi trong năm 2025 là bao nhiêu?,,,
35,EBITDA trung bình trên mỗi bản ghi trong năm 2025 là bao nhiêu?,"{""measures"":[""finance_metrics.avg_ebitda_value""],""timeDimensions"":[{""dimension"":""finance_metrics.report_date"",""dateRange"":[""2025-01-01"",""2025-12-31""]}]}",biz,"[""finance_metrics""]",EBITDA trung bình trên mỗi bản ghi trong năm 2025 là bao nhiêu?,,,
,,,,,,,,
,,,,,,,,
38,Tổng doanh thu theo từng category_code trong năm 2025 là bao nhiêu?,"{""measures"":[""finance_metrics.total_revenue_amount""],""dimensions"":[""finance_metrics.product_category_code""],""timeDimensions"":[{""dimension"":""finance_metrics.report_date"",""dateRange"":[""2025-01-01"",""2025-12-31""]}]}",biz,"[""finance_metrics""]",Tổng doanh thu theo từng category_code trong năm 2025 là bao nhiêu?,,,
39,Tổng chi phí theo từng category_code trong năm 2025 là bao nhiêu?,"{""measures"":[""finance_metrics.total_cost_value""],""dimensions"":[""finance_metrics.product_category_code""],""timeDimensions"":[{""dimension"":""finance_metrics.report_date"",""dateRange"":[""2025-01-01"",""2025-12-31""]}]}",biz,"[""finance_metrics""]",Tổng chi phí theo từng category_code trong năm 2025 là bao nhiêu?,,,
40,Category_code nào có tổng doanh thu cao nhất trong năm 2025?,"{""measures"":[""finance_metrics.total_revenue_amount""],""dimensions"":[""finance_metrics.product_category_code""],""timeDimensions"":[{""dimension"":""finance_metrics.report_date"",""dateRange"":[""2025-01-01"",""2025-12-31""]}],""order"":{""finance_metrics.total_revenue_amount"":""desc""},""limit"":1}",biz,"[""finance_metrics""]",Category_code nào có tổng doanh thu cao nhất trong năm 2025?,,,
1,Tổng chi phí kế hoạch quý 1 năm 2025 là bao nhiêu?,"{""measures"":[""finance_cost_plan.total_expected_cost_value""],""timeDimensions"":[{""dimension"":""finance_cost_plan.plan_date"",""dateRange"":[""2025-01-01"",""2025-03-31""]}]}",biz,"[""finance_cost_plan""]",Tổng chi phí kế hoạch quý 1 năm 2025 là bao nhiêu?,,,
2,Tổng chi phí kế hoạch trong năm 2025 là bao nhiêu?,"{""measures"":[""finance_cost_plan.total_expected_cost_value""],""timeDimensions"":[{""dimension"":""finance_cost_plan.plan_date"",""dateRange"":[""2025-01-01"",""2025-12-31""]}]}",biz,"[""finance_cost_plan""]",Tổng chi phí kế hoạch trong năm 2025 là bao nhiêu?,,,
3,Tổng chi phí kế hoạch theo từng tháng trong năm 2025 là bao nhiêu?,"{""measures"":[""finance_cost_plan.total_expected_cost_value""],""timeDimensions"":[{""dimension"":""finance_cost_plan.plan_date"",""granularity"":""month"",""dateRange"":[""2025-01-01"",""2025-12-31""]}]}",biz,"[""finance_cost_plan""]",Tổng chi phí kế hoạch theo từng tháng trong năm 2025 là bao nhiêu?,,,
4,Tổng chi phí kế hoạch theo từng quý trong năm 2025 là bao nhiêu?,"{""measures"":[""finance_cost_plan.total_expected_cost_value""],""timeDimensions"":[{""dimension"":""finance_cost_plan.plan_date"",""granularity"":""quarter"",""dateRange"":[""2025-01-01"",""2025-12-31""]}]}",biz,"[""finance_cost_plan""]",Tổng chi phí kế hoạch theo từng quý trong năm 2025 là bao nhiêu?,,,
5,Tổng chi phí kế hoạch theo từng nhóm chi phí (cost_group) trong năm 2025 là bao nhiêu?,"{""measures"":[""finance_cost_plan.total_expected_cost_value""],""dimensions"":[""finance_cost_plan.cost_group""],""timeDimensions"":[{""dimension"":""finance_cost_plan.plan_date"",""dateRange"":[""2025-01-01"",""2025-12-31""]}]}",biz,"[""finance_cost_plan""]",Tổng chi phí kế hoạch theo từng nhóm chi phí trong năm 2025 là bao nhiêu?,,,
6,Nhóm chi phí (cost_group) nào có tổng chi phí kế hoạch cao nhất trong năm 2025?,"{""measures"":[""finance_cost_plan.total_expected_cost_value""],""dimensions"":[""finance_cost_plan.cost_group""],""timeDimensions"":[{""dimension"":""finance_cost_plan.plan_date"",""dateRange"":[""2025-01-01"",""2025-12-31""]}],""order"":{""finance_cost_plan.total_expected_cost_value"":""desc""},""limit"":1}",biz,"[""finance_cost_plan""]",Nhóm chi phí nào có tổng chi phí kế hoạch cao nhất trong năm 2025?,,,
7,Top 5 nhóm chi phí (cost_group) có tổng chi phí kế hoạch cao nhất trong năm 2025 là những nhóm nào?,"{""measures"":[""finance_cost_plan.total_expected_cost_value""],""dimensions"":[""finance_cost_plan.cost_group""],""timeDimensions"":[{""dimension"":""finance_cost_plan.plan_date"",""dateRange"":[""2025-01-01"",""2025-12-31""]}],""order"":{""finance_cost_plan.total_expected_cost_value"":""desc""},""limit"":5}",biz,"[""finance_cost_plan""]",Top 5 nhóm chi phí có tổng chi phí kế hoạch cao nhất trong năm 2025 là những nhóm nào?,,,
8,Chi phí kế hoạch trung bình trong năm 2025 là bao nhiêu?,"{""measures"":[""finance_cost_plan.avg_expected_cost_value""],""timeDimensions"":[{""dimension"":""finance_cost_plan.plan_date"",""dateRange"":[""2025-01-01"",""2025-12-31""]}]}",biz,"[""finance_cost_plan""]",Chi phí kế hoạch trung bình trong năm 2025 là bao nhiêu?,,,
9,Giá trị chi phí kế hoạch lớn nhất trong năm 2025 là bao nhiêu?,"{""measures"":[""finance_cost_plan.max_expected_cost_value""],""timeDimensions"":[{""dimension"":""finance_cost_plan.plan_date"",""dateRange"":[""2025-01-01"",""2025-12-31""]}]}",biz,"[""finance_cost_plan""]",Giá trị chi phí kế hoạch lớn nhất trong năm 2025 là bao nhiêu?,,,
10,Giá trị chi phí kế hoạch nhỏ nhất trong năm 2025 là bao nhiêu?,"{""measures"":[""finance_cost_plan.min_expected_cost_value""],""timeDimensions"":[{""dimension"":""finance_cost_plan.plan_date"",""dateRange"":[""2025-01-01"",""2025-12-31""]}]}",biz,"[""finance_cost_plan""]",Giá trị chi phí kế hoạch nhỏ nhất trong năm 2025 là bao nhiêu?,,,
11,Có bao nhiêu bản ghi kế hoạch chi phí trong năm 2025?,"{""measures"":[""finance_cost_plan.total_cost_plan_record_count""],""timeDimensions"":[{""dimension"":""finance_cost_plan.plan_date"",""dateRange"":[""2025-01-01"",""2025-12-31""]}]}",biz,"[""finance_cost_plan""]",Có bao nhiêu bản ghi kế hoạch chi phí trong năm 2025?,,,
12,Phân bố số lượng bản ghi kế hoạch chi phí theo expected_cost_bucket là như thế nào?,"{""measures"":[""finance_cost_plan.total_cost_plan_record_count""],""dimensions"":[""finance_cost_plan.expected_cost_bucket""]}",biz,"[""finance_cost_plan""]",Phân bố số lượng bản ghi kế hoạch chi phí theo expected_cost_bucket là như thế nào?,,,
13,Tổng chi phí kế hoạch theo từng expected_cost_bucket trong năm 2025 là bao nhiêu?,"{""measures"":[""finance_cost_plan.total_expected_cost_value""],""dimensions"":[""finance_cost_plan.expected_cost_bucket""],""timeDimensions"":[{""dimension"":""finance_cost_plan.plan_date"",""dateRange"":[""2025-01-01"",""2025-12-31""]}]}",biz,"[""finance_cost_plan""]",Tổng chi phí kế hoạch theo từng expected_cost_bucket trong năm 2025 là bao nhiêu?,,,
14,Bucket chi phí kế hoạch nào có tổng chi phí kế hoạch lớn nhất trong năm 2025?,"{""measures"":[""finance_cost_plan.total_expected_cost_value""],""dimensions"":[""finance_cost_plan.expected_cost_bucket""],""timeDimensions"":[{""dimension"":""finance_cost_plan.plan_date"",""dateRange"":[""2025-01-01"",""2025-12-31""]}],""order"":{""finance_cost_plan.total_expected_cost_value"":""desc""},""limit"":1}",biz,"[""finance_cost_plan""]",Bucket chi phí kế hoạch nào có tổng chi phí kế hoạch lớn nhất trong năm 2025?,,,
15,Tổng chi phí kế hoạch theo từng nhóm chi phí theo tháng trong năm 2025 là bao nhiêu?,"{""measures"":[""finance_cost_plan.total_expected_cost_value""],""dimensions"":[""finance_cost_plan.cost_group""],""timeDimensions"":[{""dimension"":""finance_cost_plan.plan_date"",""granularity"":""month"",""dateRange"":[""2025-01-01"",""2025-12-31""]}]}",biz,"[""finance_cost_plan""]",Tổng chi phí kế hoạch theo từng nhóm chi phí theo tháng trong năm 2025 là bao nhiêu?,,,
16,Chi phí kế hoạch trung bình theo từng nhóm chi phí trong năm 2025 là bao nhiêu?,"{""measures"":[""finance_cost_plan.avg_expected_cost_value""],""dimensions"":[""finance_cost_plan.cost_group""],""timeDimensions"":[{""dimension"":""finance_cost_plan.plan_date"",""dateRange"":[""2025-01-01"",""2025-12-31""]}]}",biz,"[""finance_cost_plan""]",Chi phí kế hoạch trung bình theo từng nhóm chi phí trong năm 2025 là bao nhiêu?,,,
17,Giá trị chi phí kế hoạch lớn nhất theo từng nhóm chi phí trong năm 2025 là bao nhiêu?,"{""measures"":[""finance_cost_plan.max_expected_cost_value""],""dimensions"":[""finance_cost_plan.cost_group""],""timeDimensions"":[{""dimension"":""finance_cost_plan.plan_date"",""dateRange"":[""2025-01-01"",""2025-12-31""]}]}",biz,"[""finance_cost_plan""]",Giá trị chi phí kế hoạch lớn nhất theo từng nhóm chi phí trong năm 2025 là bao nhiêu?,,,
18,Giá trị chi phí kế hoạch nhỏ nhất theo từng nhóm chi phí trong năm 2025 là bao nhiêu?,"{""measures"":[""finance_cost_plan.min_expected_cost_value""],""dimensions"":[""finance_cost_plan.cost_group""],""timeDimensions"":[{""dimension"":""finance_cost_plan.plan_date"",""dateRange"":[""2025-01-01"",""2025-12-31""]}]}",biz,"[""finance_cost_plan""]",Giá trị chi phí kế hoạch nhỏ nhất theo từng nhóm chi phí trong năm 2025 là bao nhiêu?,,,
19,Tháng nào trong năm 2025 có tổng chi phí kế hoạch cao nhất?,"{""measures"":[""finance_cost_plan.total_expected_cost_value""],""timeDimensions"":[{""dimension"":""finance_cost_plan.plan_date"",""granularity"":""month"",""dateRange"":[""2025-01-01"",""2025-12-31""]}],""order"":{""finance_cost_plan.total_expected_cost_value"":""desc""},""limit"":1}",biz,"[""finance_cost_plan""]",Tháng nào trong năm 2025 có tổng chi phí kế hoạch cao nhất?,,,
20,Tháng nào trong năm 2025 có tổng chi phí kế hoạch thấp nhất?,"{""measures"":[""finance_cost_plan.total_expected_cost_value""],""timeDimensions"":[{""dimension"":""finance_cost_plan.plan_date"",""granularity"":""month"",""dateRange"":[""2025-01-01"",""2025-12-31""]}],""order"":{""finance_cost_plan.total_expected_cost_value"":""asc""},""limit"":1}",biz,"[""finance_cost_plan""]",Tháng nào trong năm 2025 có tổng chi phí kế hoạch thấp nhất?,,,
21,Tổng chi phí kế hoạch theo từng năm là bao nhiêu?,"{""measures"":[""finance_cost_plan.total_expected_cost_value""],""timeDimensions"":[{""dimension"":""finance_cost_plan.plan_date"",""granularity"":""year""}]}",biz,"[""finance_cost_plan""]",Tổng chi phí kế hoạch theo từng năm là bao nhiêu?,,,
22,Tổng chi phí kế hoạch theo từng nhóm chi phí theo quý trong năm 2025 là bao nhiêu?,"{""measures"":[""finance_cost_plan.total_expected_cost_value""],""dimensions"":[""finance_cost_plan.cost_group""],""timeDimensions"":[{""dimension"":""finance_cost_plan.plan_date"",""granularity"":""quarter"",""dateRange"":[""2025-01-01"",""2025-12-31""]}]}",biz,"[""finance_cost_plan""]",Tổng chi phí kế hoạch theo từng nhóm chi phí theo quý trong năm 2025 là bao nhiêu?,,,
23,Tổng chi phí kế hoạch theo từng nhóm chi phí theo tháng trong năm 2025 là bao nhiêu?,"{""measures"":[""finance_cost_plan.total_expected_cost_value""],""dimensions"":[""finance_cost_plan.cost_group""],""timeDimensions"":[{""dimension"":""finance_cost_plan.plan_date"",""granularity"":""month"",""dateRange"":[""2025-01-01"",""2025-12-31""]}]}",biz,"[""finance_cost_plan""]",Tổng chi phí kế hoạch theo từng nhóm chi phí theo tháng trong năm 2025 là bao nhiêu?,,,
24,Top 3 nhóm chi phí có tổng chi phí kế hoạch cao nhất trong năm 2025 là những nhóm nào?,"{""measures"":[""finance_cost_plan.total_expected_cost_value""],""dimensions"":[""finance_cost_plan.cost_group""],""timeDimensions"":[{""dimension"":""finance_cost_plan.plan_date"",""dateRange"":[""2025-01-01"",""2025-12-31""]}],""order"":{""finance_cost_plan.total_expected_cost_value"":""desc""},""limit"":3}",biz,"[""finance_cost_plan""]",Top 3 nhóm chi phí có tổng chi phí kế hoạch cao nhất trong năm 2025 là những nhóm nào?,,,
25,Top 5 nhóm chi phí có chi phí kế hoạch trung bình cao nhất trong năm 2025 là những nhóm nào?,"{""measures"":[""finance_cost_plan.avg_expected_cost_value""],""dimensions"":[""finance_cost_plan.cost_group""],""timeDimensions"":[{""dimension"":""finance_cost_plan.plan_date"",""dateRange"":[""2025-01-01"",""2025-12-31""]}],""order"":{""finance_cost_plan.avg_expected_cost_value"":""desc""},""limit"":5}",biz,"[""finance_cost_plan""]",Top 5 nhóm chi phí có chi phí kế hoạch trung bình cao nhất trong năm 2025 là những nhóm nào?,,,
26,Nhóm chi phí nào có chi phí kế hoạch trung bình thấp nhất trong năm 2025?,"{""measures"":[""finance_cost_plan.avg_expected_cost_value""],""dimensions"":[""finance_cost_plan.cost_group""],""timeDimensions"":[{""dimension"":""finance_cost_plan.plan_date"",""dateRange"":[""2025-01-01"",""2025-12-31""]}],""order"":{""finance_cost_plan.avg_expected_cost_value"":""asc""},""limit"":1}",biz,"[""finance_cost_plan""]",Nhóm chi phí nào có chi phí kế hoạch trung bình thấp nhất trong năm 2025?,,,
27,Phân bố tổng chi phí kế hoạch theo expected_cost_bucket trong năm 2025 là như thế nào?,"{""measures"":[""finance_cost_plan.total_expected_cost_value""],""dimensions"":[""finance_cost_plan.expected_cost_bucket""],""timeDimensions"":[{""dimension"":""finance_cost_plan.plan_date"",""dateRange"":[""2025-01-01"",""2025-12-31""]}]}",biz,"[""finance_cost_plan""]",Phân bố tổng chi phí kế hoạch theo expected_cost_bucket trong năm 2025 là như thế nào?,,,
28,Bucket chi phí kế hoạch nào có số lượng bản ghi nhiều nhất trong hệ thống?,"{""measures"":[""finance_cost_plan.total_cost_plan_record_count""],""dimensions"":[""finance_cost_plan.expected_cost_bucket""],""order"":{""finance_cost_plan.total_cost_plan_record_count"":""desc""},""limit"":1}",biz,"[""finance_cost_plan""]",Bucket chi phí kế hoạch nào có số lượng bản ghi nhiều nhất trong hệ thống?,,,
29,Bucket chi phí kế hoạch nào có tổng chi phí kế hoạch thấp nhất trong năm 2025?,"{""measures"":[""finance_cost_plan.total_expected_cost_value""],""dimensions"":[""finance_cost_plan.expected_cost_bucket""],""timeDimensions"":[{""dimension"":""finance_cost_plan.plan_date"",""dateRange"":[""2025-01-01"",""2025-12-31""]}],""order"":{""finance_cost_plan.total_expected_cost_value"":""asc""},""limit"":1}",biz,"[""finance_cost_plan""]",Bucket chi phí kế hoạch nào có tổng chi phí kế hoạch thấp nhất trong năm 2025?,,,
30,Có bao nhiêu bản ghi kế hoạch chi phí theo từng nhóm chi phí trong năm 2025?,"{""measures"":[""finance_cost_plan.total_cost_plan_record_count""],""dimensions"":[""finance_cost_plan.cost_group""],""timeDimensions"":[{""dimension"":""finance_cost_plan.plan_date"",""dateRange"":[""2025-01-01"",""2025-12-31""]}]}",biz,"[""finance_cost_plan""]",Có bao nhiêu bản ghi kế hoạch chi phí theo từng nhóm chi phí trong năm 2025?,,,
31,Tháng nào trong năm 2025 có chi phí kế hoạch trung bình cao nhất?,"{""measures"":[""finance_cost_plan.avg_expected_cost_value""],""timeDimensions"":[{""dimension"":""finance_cost_plan.plan_date"",""granularity"":""month"",""dateRange"":[""2025-01-01"",""2025-12-31""]}],""order"":{""finance_cost_plan.avg_expected_cost_value"":""desc""},""limit"":1}",biz,"[""finance_cost_plan""]",Tháng nào trong năm 2025 có chi phí kế hoạch trung bình cao nhất?,,,
32,Tháng nào trong năm 2025 có chi phí kế hoạch trung bình thấp nhất?,"{""measures"":[""finance_cost_plan.avg_expected_cost_value""],""timeDimensions"":[{""dimension"":""finance_cost_plan.plan_date"",""granularity"":""month"",""dateRange"":[""2025-01-01"",""2025-12-31""]}],""order"":{""finance_cost_plan.avg_expected_cost_value"":""asc""},""limit"":1}",biz,"[""finance_cost_plan""]",Tháng nào trong năm 2025 có chi phí kế hoạch trung bình thấp nhất?,,,
33,Quý nào trong năm 2025 có chi phí kế hoạch trung bình cao nhất?,"{""measures"":[""finance_cost_plan.avg_expected_cost_value""],""timeDimensions"":[{""dimension"":""finance_cost_plan.plan_date"",""granularity"":""quarter"",""dateRange"":[""2025-01-01"",""2025-12-31""]}],""order"":{""finance_cost_plan.avg_expected_cost_value"":""desc""},""limit"":1}",biz,"[""finance_cost_plan""]",Quý nào trong năm 2025 có chi phí kế hoạch trung bình cao nhất?,,,
34,Quý nào trong năm 2025 có chi phí kế hoạch trung bình thấp nhất?,"{""measures"":[""finance_cost_plan.avg_expected_cost_value""],""timeDimensions"":[{""dimension"":""finance_cost_plan.plan_date"",""granularity"":""quarter"",""dateRange"":[""2025-01-01"",""2025-12-31""]}],""order"":{""finance_cost_plan.avg_expected_cost_value"":""asc""},""limit"":1}",biz,"[""finance_cost_plan""]",Quý nào trong năm 2025 có chi phí kế hoạch trung bình thấp nhất?,,,
35,Tổng chi phí kế hoạch theo từng bucket chi phí theo tháng trong năm 2025 là bao nhiêu?,"{""measures"":[""finance_cost_plan.total_expected_cost_value""],""dimensions"":[""finance_cost_plan.expected_cost_bucket""],""timeDimensions"":[{""dimension"":""finance_cost_plan.plan_date"",""granularity"":""month"",""dateRange"":[""2025-01-01"",""2025-12-31""]}]}",biz,"[""finance_cost_plan""]",Tổng chi phí kế hoạch theo từng bucket chi phí theo tháng trong năm 2025 là bao nhiêu?,,,
36,Tổng chi phí kế hoạch theo từng bucket chi phí theo quý trong năm 2025 là bao nhiêu?,"{""measures"":[""finance_cost_plan.total_expected_cost_value""],""dimensions"":[""finance_cost_plan.expected_cost_bucket""],""timeDimensions"":[{""dimension"":""finance_cost_plan.plan_date"",""granularity"":""quarter"",""dateRange"":[""2025-01-01"",""2025-12-31""]}]}",biz,"[""finance_cost_plan""]",Tổng chi phí kế hoạch theo từng bucket chi phí theo quý trong năm 2025 là bao nhiêu?,,,
37,Nhóm chi phí nào có chi phí kế hoạch lớn nhất trong toàn bộ dữ liệu?,"{""measures"":[""finance_cost_plan.max_expected_cost_value""],""dimensions"":[""finance_cost_plan.cost_group""],""order"":{""finance_cost_plan.max_expected_cost_value"":""desc""},""limit"":1}",biz,"[""finance_cost_plan""]",Nhóm chi phí nào có chi phí kế hoạch lớn nhất trong toàn bộ dữ liệu?,,,
38,Nhóm chi phí nào có chi phí kế hoạch nhỏ nhất trong toàn bộ dữ liệu?,"{""measures"":[""finance_cost_plan.min_expected_cost_value""],""dimensions"":[""finance_cost_plan.cost_group""],""order"":{""finance_cost_plan.min_expected_cost_value"":""asc""},""limit"":1}",biz,"[""finance_cost_plan""]",Nhóm chi phí nào có chi phí kế hoạch nhỏ nhất trong toàn bộ dữ liệu?,,,
39,Có bao nhiêu bản ghi kế hoạch chi phí theo từng bucket chi phí trong hệ thống?,"{""measures"":[""finance_cost_plan.total_cost_plan_record_count""],""dimensions"":[""finance_cost_plan.expected_cost_bucket""]}",biz,"[""finance_cost_plan""]",Có bao nhiêu bản ghi kế hoạch chi phí theo từng bucket chi phí trong hệ thống?,,,
40,Tổng chi phí kế hoạch theo từng nhóm chi phí trong toàn bộ dữ liệu là bao nhiêu?,"{""measures"":[""finance_cost_plan.total_expected_cost_value""],""dimensions"":[""finance_cost_plan.cost_group""]}",biz,"[""finance_cost_plan""]",Tổng chi phí kế hoạch theo từng nhóm chi phí trong toàn bộ dữ liệu là bao nhiêu?,,,
51,Tổng chi phí kế hoạch tháng 1 năm 2025 là bao nhiêu?,"{""measures"":[""finance_cost_plan.total_expected_cost_value""],""timeDimensions"":[{""dimension"":""finance_cost_plan.plan_date"",""dateRange"":[""2025-01-01"",""2025-01-31""]}]}",biz,"[""finance_cost_plan""]",Tổng chi phí kế hoạch tháng 1 năm 2025 là bao nhiêu?,,,
52,Tổng chi phí kế hoạch tháng 2 năm 2025 là bao nhiêu?,"{""measures"":[""finance_cost_plan.total_expected_cost_value""],""timeDimensions"":[{""dimension"":""finance_cost_plan.plan_date"",""dateRange"":[""2025-02-01"",""2025-02-28""]}]}",biz,"[""finance_cost_plan""]",Tổng chi phí kế hoạch tháng 2 năm 2025 là bao nhiêu?,,,
53,Tổng chi phí kế hoạch tháng 3 năm 2025 là bao nhiêu?,"{""measures"":[""finance_cost_plan.total_expected_cost_value""],""timeDimensions"":[{""dimension"":""finance_cost_plan.plan_date"",""dateRange"":[""2025-03-01"",""2025-03-31""]}]}",biz,"[""finance_cost_plan""]",Tổng chi phí kế hoạch tháng 3 năm 2025 là bao nhiêu?,,,
54,Có bao nhiêu bản ghi kế hoạch chi phí trong quý 1 năm 2025?,"{""measures"":[""finance_cost_plan.total_cost_plan_record_count""],""timeDimensions"":[{""dimension"":""finance_cost_plan.plan_date"",""dateRange"":[""2025-01-01"",""2025-03-31""]}]}",biz,"[""finance_cost_plan""]",Có bao nhiêu bản ghi kế hoạch chi phí trong quý 1 năm 2025?,,,
55,Tổng chi phí kế hoạch theo từng bucket chi phí trong quý 1 năm 2025 là bao nhiêu?,"{""measures"":[""finance_cost_plan.total_expected_cost_value""],""dimensions"":[""finance_cost_plan.expected_cost_bucket""],""timeDimensions"":[{""dimension"":""finance_cost_plan.plan_date"",""dateRange"":[""2025-01-01"",""2025-03-31""]}]}",biz,"[""finance_cost_plan""]",Tổng chi phí kế hoạch theo từng bucket chi phí trong quý 1 năm 2025 là bao nhiêu?,,,
56,Bucket chi phí nào có chi phí kế hoạch trung bình cao nhất trong năm 2025?,"{""measures"":[""finance_cost_plan.avg_expected_cost_value""],""dimensions"":[""finance_cost_plan.expected_cost_bucket""],""timeDimensions"":[{""dimension"":""finance_cost_plan.plan_date"",""dateRange"":[""2025-01-01"",""2025-12-31""]}],""order"":{""finance_cost_plan.avg_expected_cost_value"":""desc""},""limit"":1}",biz,"[""finance_cost_plan""]",Bucket chi phí nào có chi phí kế hoạch trung bình cao nhất trong năm 2025?,,,
57,Bucket chi phí nào có chi phí kế hoạch trung bình thấp nhất trong năm 2025?,"{""measures"":[""finance_cost_plan.avg_expected_cost_value""],""dimensions"":[""finance_cost_plan.expected_cost_bucket""],""timeDimensions"":[{""dimension"":""finance_cost_plan.plan_date"",""dateRange"":[""2025-01-01"",""2025-12-31""]}],""order"":{""finance_cost_plan.avg_expected_cost_value"":""asc""},""limit"":1}",biz,"[""finance_cost_plan""]",Bucket chi phí nào có chi phí kế hoạch trung bình thấp nhất trong năm 2025?,,,
58,Top 3 bucket chi phí có tổng chi phí kế hoạch cao nhất trong năm 2025 là những bucket nào?,"{""measures"":[""finance_cost_plan.total_expected_cost_value""],""dimensions"":[""finance_cost_plan.expected_cost_bucket""],""timeDimensions"":[{""dimension"":""finance_cost_plan.plan_date"",""dateRange"":[""2025-01-01"",""2025-12-31""]}],""order"":{""finance_cost_plan.total_expected_cost_value"":""desc""},""limit"":3}",biz,"[""finance_cost_plan""]",Top 3 bucket chi phí có tổng chi phí kế hoạch cao nhất trong năm 2025 là những bucket nào?,,,
59,Tổng chi phí kế hoạch trung bình theo từng bucket chi phí trong năm 2025 là bao nhiêu?,"{""measures"":[""finance_cost_plan.avg_expected_cost_value""],""dimensions"":[""finance_cost_plan.expected_cost_bucket""],""timeDimensions"":[{""dimension"":""finance_cost_plan.plan_date"",""dateRange"":[""2025-01-01"",""2025-12-31""]}]}",biz,"[""finance_cost_plan""]",Tổng chi phí kế hoạch trung bình theo từng bucket chi phí trong năm 2025 là bao nhiêu?,,,
60,Có bao nhiêu bản ghi kế hoạch chi phí theo từng nhóm chi phí trong toàn bộ dữ liệu?,"{""measures"":[""finance_cost_plan.total_cost_plan_record_count""],""dimensions"":[""finance_cost_plan.cost_group""]}",biz,"[""finance_cost_plan""]",Có bao nhiêu bản ghi kế hoạch chi phí theo từng nhóm chi phí trong toàn bộ dữ liệu?,,,
61,Nhóm chi phí nào có nhiều bản ghi kế hoạch chi phí nhất trong hệ thống?,"{""measures"":[""finance_cost_plan.total_cost_plan_record_count""],""dimensions"":[""finance_cost_plan.cost_group""],""order"":{""finance_cost_plan.total_cost_plan_record_count"":""desc""},""limit"":1}",biz,"[""finance_cost_plan""]",Nhóm chi phí nào có nhiều bản ghi kế hoạch chi phí nhất trong hệ thống?,,,
62,Nhóm chi phí nào có ít bản ghi kế hoạch chi phí nhất trong hệ thống?,"{""measures"":[""finance_cost_plan.total_cost_plan_record_count""],""dimensions"":[""finance_cost_plan.cost_group""],""order"":{""finance_cost_plan.total_cost_plan_record_count"":""asc""},""limit"":1}",biz,"[""finance_cost_plan""]",Nhóm chi phí nào có ít bản ghi kế hoạch chi phí nhất trong hệ thống?,,,
63,Tổng chi phí kế hoạch trung bình theo từng tháng trong năm 2025 là bao nhiêu?,"{""measures"":[""finance_cost_plan.avg_expected_cost_value""],""timeDimensions"":[{""dimension"":""finance_cost_plan.plan_date"",""granularity"":""month"",""dateRange"":[""2025-01-01"",""2025-12-31""]}]}",biz,"[""finance_cost_plan""]",Tổng chi phí kế hoạch trung bình theo từng tháng trong năm 2025 là bao nhiêu?,,,
64,Tổng chi phí kế hoạch trung bình theo từng quý trong năm 2025 là bao nhiêu?,"{""measures"":[""finance_cost_plan.avg_expected_cost_value""],""timeDimensions"":[{""dimension"":""finance_cost_plan.plan_date"",""granularity"":""quarter"",""dateRange"":[""2025-01-01"",""2025-12-31""]}]}",biz,"[""finance_cost_plan""]",Tổng chi phí kế hoạch trung bình theo từng quý trong năm 2025 là bao nhiêu?,,,
65,Giá trị chi phí kế hoạch lớn nhất theo từng bucket chi phí trong năm 2025 là bao nhiêu?,"{""measures"":[""finance_cost_plan.max_expected_cost_value""],""dimensions"":[""finance_cost_plan.expected_cost_bucket""],""timeDimensions"":[{""dimension"":""finance_cost_plan.plan_date"",""dateRange"":[""2025-01-01"",""2025-12-31""]}]}",biz,"[""finance_cost_plan""]",Giá trị chi phí kế hoạch lớn nhất theo từng bucket chi phí trong năm 2025 là bao nhiêu?,,,
66,Giá trị chi phí kế hoạch nhỏ nhất theo từng bucket chi phí trong năm 2025 là bao nhiêu?,"{""measures"":[""finance_cost_plan.min_expected_cost_value""],""dimensions"":[""finance_cost_plan.expected_cost_bucket""],""timeDimensions"":[{""dimension"":""finance_cost_plan.plan_date"",""dateRange"":[""2025-01-01"",""2025-12-31""]}]}",biz,"[""finance_cost_plan""]",Giá trị chi phí kế hoạch nhỏ nhất theo từng bucket chi phí trong năm 2025 là bao nhiêu?,,,
67,Tổng chi phí kế hoạch theo từng nhóm chi phí theo năm là bao nhiêu?,"{""measures"":[""finance_cost_plan.total_expected_cost_value""],""dimensions"":[""finance_cost_plan.cost_group""],""timeDimensions"":[{""dimension"":""finance_cost_plan.plan_date"",""granularity"":""year""}]}",biz,"[""finance_cost_plan""]",Tổng chi phí kế hoạch theo từng nhóm chi phí theo năm là bao nhiêu?,,,
68,Có bao nhiêu bản ghi kế hoạch chi phí theo từng tháng trong năm 2025?,"{""measures"":[""finance_cost_plan.total_cost_plan_record_count""],""timeDimensions"":[{""dimension"":""finance_cost_plan.plan_date"",""granularity"":""month"",""dateRange"":[""2025-01-01"",""2025-12-31""]}]}",biz,"[""finance_cost_plan""]",Có bao nhiêu bản ghi kế hoạch chi phí theo từng tháng trong năm 2025?,,,
69,Có bao nhiêu bản ghi kế hoạch chi phí theo từng quý trong năm 2025?,"{""measures"":[""finance_cost_plan.total_cost_plan_record_count""],""timeDimensions"":[{""dimension"":""finance_cost_plan.plan_date"",""granularity"":""quarter"",""dateRange"":[""2025-01-01"",""2025-12-31""]}]}",biz,"[""finance_cost_plan""]",Có bao nhiêu bản ghi kế hoạch chi phí theo từng quý trong năm 2025?,,,
70,Tổng chi phí kế hoạch theo từng bucket chi phí theo năm là bao nhiêu?,"{""measures"":[""finance_cost_plan.total_expected_cost_value""],""dimensions"":[""finance_cost_plan.expected_cost_bucket""],""timeDimensions"":[{""dimension"":""finance_cost_plan.plan_date"",""granularity"":""year""}]}",biz,"[""finance_cost_plan""]",Tổng chi phí kế hoạch theo từng bucket chi phí theo năm là bao nhiêu?,,,
81,Tổng chi phí kế hoạch năm 2025 là bao nhiêu?,"{""measures"":[""finance_cost_plan.total_expected_cost_value""],""timeDimensions"":[{""dimension"":""finance_cost_plan.plan_date"",""dateRange"":[""2025-01-01"",""2025-12-31""]}]}",biz,"[""finance_cost_plan""]",Tổng chi phí kế hoạch năm 2025 là bao nhiêu?,,,
82,Tổng chi phí kế hoạch theo từng tháng trong năm 2025 là bao nhiêu?,"{""measures"":[""finance_cost_plan.total_expected_cost_value""],""timeDimensions"":[{""dimension"":""finance_cost_plan.plan_date"",""granularity"":""month"",""dateRange"":[""2025-01-01"",""2025-12-31""]}]}",biz,"[""finance_cost_plan""]",Tổng chi phí kế hoạch theo từng tháng trong năm 2025 là bao nhiêu?,,,
83,Tổng chi phí kế hoạch theo từng quý trong năm 2025 là bao nhiêu?,"{""measures"":[""finance_cost_plan.total_expected_cost_value""],""timeDimensions"":[{""dimension"":""finance_cost_plan.plan_date"",""granularity"":""quarter"",""dateRange"":[""2025-01-01"",""2025-12-31""]}]}",biz,"[""finance_cost_plan""]",Tổng chi phí kế hoạch theo từng quý trong năm 2025 là bao nhiêu?,,,
84,Tổng chi phí kế hoạch theo từng nhóm chi phí trong năm 2025 là bao nhiêu?,"{""measures"":[""finance_cost_plan.total_expected_cost_value""],""dimensions"":[""finance_cost_plan.cost_group""],""timeDimensions"":[{""dimension"":""finance_cost_plan.plan_date"",""dateRange"":[""2025-01-01"",""2025-12-31""]}]}",biz,"[""finance_cost_plan""]",Tổng chi phí kế hoạch theo từng nhóm chi phí trong năm 2025 là bao nhiêu?,,,
85,Nhóm chi phí nào có tổng chi phí kế hoạch cao nhất trong năm 2025?,"{""measures"":[""finance_cost_plan.total_expected_cost_value""],""dimensions"":[""finance_cost_plan.cost_group""],""timeDimensions"":[{""dimension"":""finance_cost_plan.plan_date"",""dateRange"":[""2025-01-01"",""2025-12-31""]}],""order"":{""finance_cost_plan.total_expected_cost_value"":""desc""},""limit"":1}",biz,"[""finance_cost_plan""]",Nhóm chi phí nào có tổng chi phí kế hoạch cao nhất trong năm 2025?,,,
86,Top 5 nhóm chi phí có tổng chi phí kế hoạch cao nhất trong năm 2025 là những nhóm nào?,"{""measures"":[""finance_cost_plan.total_expected_cost_value""],""dimensions"":[""finance_cost_plan.cost_group""],""timeDimensions"":[{""dimension"":""finance_cost_plan.plan_date"",""dateRange"":[""2025-01-01"",""2025-12-31""]}],""order"":{""finance_cost_plan.total_expected_cost_value"":""desc""},""limit"":5}",biz,"[""finance_cost_plan""]",Top 5 nhóm chi phí có tổng chi phí kế hoạch cao nhất trong năm 2025 là những nhóm nào?,,,
87,Nhóm chi phí nào có tổng chi phí kế hoạch thấp nhất trong năm 2025?,"{""measures"":[""finance_cost_plan.total_expected_cost_value""],""dimensions"":[""finance_cost_plan.cost_group""],""timeDimensions"":[{""dimension"":""finance_cost_plan.plan_date"",""dateRange"":[""2025-01-01"",""2025-12-31""]}],""order"":{""finance_cost_plan.total_expected_cost_value"":""asc""},""limit"":1}",biz,"[""finance_cost_plan""]",Nhóm chi phí nào có tổng chi phí kế hoạch thấp nhất trong năm 2025?,,,
,,,,,,,,
89,Tổng chi phí kế hoạch theo từng bucket chi phí trong năm 2025 là bao nhiêu?,"{""measures"":[""finance_cost_plan.total_expected_cost_value""],""dimensions"":[""finance_cost_plan.expected_cost_bucket""],""timeDimensions"":[{""dimension"":""finance_cost_plan.plan_date"",""dateRange"":[""2025-01-01"",""2025-12-31""]}]}",biz,"[""finance_cost_plan""]",Tổng chi phí kế hoạch theo từng bucket chi phí trong năm 2025 là bao nhiêu?,,,
90,Bucket chi phí nào có tổng chi phí kế hoạch cao nhất trong năm 2025?,"{""measures"":[""finance_cost_plan.total_expected_cost_value""],""dimensions"":[""finance_cost_plan.expected_cost_bucket""],""timeDimensions"":[{""dimension"":""finance_cost_plan.plan_date"",""dateRange"":[""2025-01-01"",""2025-12-31""]}],""order"":{""finance_cost_plan.total_expected_cost_value"":""desc""},""limit"":1}",biz,"[""finance_cost_plan""]",Bucket chi phí nào có tổng chi phí kế hoạch cao nhất trong năm 2025?,,,
91,Bucket chi phí nào có tổng chi phí kế hoạch thấp nhất trong năm 2025?,"{""measures"":[""finance_cost_plan.total_expected_cost_value""],""dimensions"":[""finance_cost_plan.expected_cost_bucket""],""timeDimensions"":[{""dimension"":""finance_cost_plan.plan_date"",""dateRange"":[""2025-01-01"",""2025-12-31""]}],""order"":{""finance_cost_plan.total_expected_cost_value"":""asc""},""limit"":1}",biz,"[""finance_cost_plan""]",Bucket chi phí nào có tổng chi phí kế hoạch thấp nhất trong năm 2025?,,,
92,Giá trị chi phí kế hoạch lớn nhất trong năm 2025 là bao nhiêu?,"{""measures"":[""finance_cost_plan.max_expected_cost_value""],""timeDimensions"":[{""dimension"":""finance_cost_plan.plan_date"",""dateRange"":[""2025-01-01"",""2025-12-31""]}]}",biz,"[""finance_cost_plan""]",Giá trị chi phí kế hoạch lớn nhất trong năm 2025 là bao nhiêu?,,,
93,Giá trị chi phí kế hoạch nhỏ nhất trong năm 2025 là bao nhiêu?,"{""measures"":[""finance_cost_plan.min_expected_cost_value""],""timeDimensions"":[{""dimension"":""finance_cost_plan.plan_date"",""dateRange"":[""2025-01-01"",""2025-12-31""]}]}",biz,"[""finance_cost_plan""]",Giá trị chi phí kế hoạch nhỏ nhất trong năm 2025 là bao nhiêu?,,,
94,Chi phí kế hoạch trung bình trong năm 2025 là bao nhiêu?,"{""measures"":[""finance_cost_plan.avg_expected_cost_value""],""timeDimensions"":[{""dimension"":""finance_cost_plan.plan_date"",""dateRange"":[""2025-01-01"",""2025-12-31""]}]}",biz,"[""finance_cost_plan""]",Chi phí kế hoạch trung bình trong năm 2025 là bao nhiêu?,,,
95,Có bao nhiêu bản ghi kế hoạch chi phí trong năm 2025?,"{""measures"":[""finance_cost_plan.total_cost_plan_record_count""],""timeDimensions"":[{""dimension"":""finance_cost_plan.plan_date"",""dateRange"":[""2025-01-01"",""2025-12-31""]}]}",biz,"[""finance_cost_plan""]",Có bao nhiêu bản ghi kế hoạch chi phí trong năm 2025?,,,
96,Có bao nhiêu bản ghi kế hoạch chi phí theo từng bucket chi phí trong năm 2025?,"{""measures"":[""finance_cost_plan.total_cost_plan_record_count""],""dimensions"":[""finance_cost_plan.expected_cost_bucket""],""timeDimensions"":[{""dimension"":""finance_cost_plan.plan_date"",""dateRange"":[""2025-01-01"",""2025-12-31""]}]}",biz,"[""finance_cost_plan""]",Có bao nhiêu bản ghi kế hoạch chi phí theo từng bucket chi phí trong năm 2025?,,,
97,Bucket chi phí nào có nhiều bản ghi kế hoạch chi phí nhất trong năm 2025?,"{""measures"":[""finance_cost_plan.total_cost_plan_record_count""],""dimensions"":[""finance_cost_plan.expected_cost_bucket""],""timeDimensions"":[{""dimension"":""finance_cost_plan.plan_date"",""dateRange"":[""2025-01-01"",""2025-12-31""]}],""order"":{""finance_cost_plan.total_cost_plan_record_count"":""desc""},""limit"":1}",biz,"[""finance_cost_plan""]",Bucket chi phí nào có nhiều bản ghi kế hoạch chi phí nhất trong năm 2025?,,,
98,Bucket chi phí nào có ít bản ghi kế hoạch chi phí nhất trong năm 2025?,"{""measures"":[""finance_cost_plan.total_cost_plan_record_count""],""dimensions"":[""finance_cost_plan.expected_cost_bucket""],""timeDimensions"":[{""dimension"":""finance_cost_plan.plan_date"",""dateRange"":[""2025-01-01"",""2025-12-31""]}],""order"":{""finance_cost_plan.total_cost_plan_record_count"":""asc""},""limit"":1}",biz,"[""finance_cost_plan""]",Bucket chi phí nào có ít bản ghi kế hoạch chi phí nhất trong năm 2025?,,,
99,Tổng chi phí kế hoạch theo từng nhóm chi phí theo tháng trong năm 2025 là bao nhiêu?,"{""measures"":[""finance_cost_plan.total_expected_cost_value""],""dimensions"":[""finance_cost_plan.cost_group""],""timeDimensions"":[{""dimension"":""finance_cost_plan.plan_date"",""granularity"":""month"",""dateRange"":[""2025-01-01"",""2025-12-31""]}]}",biz,"[""finance_cost_plan""]",Tổng chi phí kế hoạch theo từng nhóm chi phí theo tháng trong năm 2025 là bao nhiêu?,,,
100,Tổng chi phí kế hoạch theo từng bucket chi phí theo tháng trong năm 2025 là bao nhiêu?,"{""measures"":[""finance_cost_plan.total_expected_cost_value""],""dimensions"":[""finance_cost_plan.expected_cost_bucket""],""timeDimensions"":[{""dimension"":""finance_cost_plan.plan_date"",""granularity"":""month"",""dateRange"":[""2025-01-01"",""2025-12-31""]}]}",biz,"[""finance_cost_plan""]",Tổng chi phí kế hoạch theo từng bucket chi phí theo tháng trong năm 2025 là bao nhiêu?,,,
201,So sánh tổng chi phí kế hoạch tháng 2 năm 2025 và tháng 1 năm 2025 là bao nhiêu?,"{""measures"":[""finance_cost_plan.total_expected_cost_value""],""timeDimensions"":[{""dimension"":""finance_cost_plan.plan_date"",""granularity"":""month"",""dateRange"":[""2025-01-01"",""2025-02-28""]}]}",biz,"[""finance_cost_plan""]",So sánh tổng chi phí kế hoạch tháng 2 năm 2025 và tháng 1 năm 2025 là bao nhiêu?,,,
202,So sánh chi phí kế hoạch theo từng nhóm chi phí giữa tháng 2 và tháng 1 năm 2025 là như thế nào?,"{""measures"":[""finance_cost_plan.total_expected_cost_value""],""dimensions"":[""finance_cost_plan.cost_group""],""timeDimensions"":[{""dimension"":""finance_cost_plan.plan_date"",""granularity"":""month"",""dateRange"":[""2025-01-01"",""2025-02-28""]}]}",biz,"[""finance_cost_plan""]",So sánh chi phí kế hoạch theo từng nhóm chi phí giữa tháng 2 và tháng 1 năm 2025 là như thế nào?,,,
203,So sánh tổng chi phí kế hoạch quý 2 và quý 1 năm 2025 là bao nhiêu?,"{""measures"":[""finance_cost_plan.total_expected_cost_value""],""timeDimensions"":[{""dimension"":""finance_cost_plan.plan_date"",""granularity"":""quarter"",""dateRange"":[""2025-01-01"",""2025-06-30""]}]}",biz,"[""finance_cost_plan""]",So sánh tổng chi phí kế hoạch quý 2 và quý 1 năm 2025 là bao nhiêu?,,,
204,So sánh chi phí kế hoạch theo từng nhóm chi phí giữa quý 2 và quý 1 năm 2025 là như thế nào?,"{""measures"":[""finance_cost_plan.total_expected_cost_value""],""dimensions"":[""finance_cost_plan.cost_group""],""timeDimensions"":[{""dimension"":""finance_cost_plan.plan_date"",""granularity"":""quarter"",""dateRange"":[""2025-01-01"",""2025-06-30""]}]}",biz,"[""finance_cost_plan""]",So sánh chi phí kế hoạch theo từng nhóm chi phí giữa quý 2 và quý 1 năm 2025 là như thế nào?,,,
205,So sánh tổng chi phí kế hoạch theo từng bucket chi phí giữa quý 2 và quý 1 năm 2025 là như thế nào?,"{""measures"":[""finance_cost_plan.total_expected_cost_value""],""dimensions"":[""finance_cost_plan.expected_cost_bucket""],""timeDimensions"":[{""dimension"":""finance_cost_plan.plan_date"",""granularity"":""quarter"",""dateRange"":[""2025-01-01"",""2025-06-30""]}]}",biz,"[""finance_cost_plan""]",So sánh tổng chi phí kế hoạch theo từng bucket chi phí giữa quý 2 và quý 1 năm 2025 là như thế nào?,,,
,,,,,,,,
,,,,,,,,
,,,,,,,,
,,,,,,,,
1,Tổng doanh thu thu tiền quý 1 năm 2025 là bao nhiêu?,"{""measures"":[""finance_allocated_revenue.total_revenue_amount""],""timeDimensions"":[{""dimension"":""finance_allocated_revenue.report_date"",""dateRange"":[""2025-01-01"",""2025-03-31""]}]}",biz,"[""finance_allocated_revenue""]",Tổng doanh thu thu tiền quý 1 năm 2025 là bao nhiêu?,,,
2,Tổng doanh thu thu tiền trong năm 2025 là bao nhiêu?,"{""measures"":[""finance_allocated_revenue.total_revenue_amount""],""timeDimensions"":[{""dimension"":""finance_allocated_revenue.report_date"",""dateRange"":[""2025-01-01"",""2025-12-31""]}]}",biz,"[""finance_allocated_revenue""]",Tổng doanh thu thu tiền trong năm 2025 là bao nhiêu?,,,
3,Tổng doanh thu thu tiền theo từng tháng trong năm 2025 là bao nhiêu?,"{""measures"":[""finance_allocated_revenue.total_revenue_amount""],""timeDimensions"":[{""dimension"":""finance_allocated_revenue.report_date"",""granularity"":""month"",""dateRange"":[""2025-01-01"",""2025-12-31""]}]}",biz,"[""finance_allocated_revenue""]",Tổng doanh thu thu tiền theo từng tháng trong năm 2025 là bao nhiêu?,,,
4,Tổng doanh thu thu tiền theo từng quý trong năm 2025 là bao nhiêu?,"{""measures"":[""finance_allocated_revenue.total_revenue_amount""],""timeDimensions"":[{""dimension"":""finance_allocated_revenue.report_date"",""granularity"":""quarter"",""dateRange"":[""2025-01-01"",""2025-12-31""]}]}",biz,"[""finance_allocated_revenue""]",Tổng doanh thu thu tiền theo từng quý trong năm 2025 là bao nhiêu?,,,
5,Tổng doanh thu thu tiền theo từng nhóm sản phẩm trong năm 2025 là bao nhiêu?,"{""measures"":[""finance_allocated_revenue.total_revenue_amount""],""dimensions"":[""finance_allocated_revenue.product_category""],""timeDimensions"":[{""dimension"":""finance_allocated_revenue.report_date"",""dateRange"":[""2025-01-01"",""2025-12-31""]}]}",biz,"[""finance_allocated_revenue""]",Tổng doanh thu thu tiền theo từng nhóm sản phẩm trong năm 2025 là bao nhiêu?,,,
6,Tổng doanh thu thu tiền theo từng nhóm dịch vụ chi tiết trong năm 2025 là bao nhiêu?,"{""measures"":[""finance_allocated_revenue.total_revenue_amount""],""dimensions"":[""finance_allocated_revenue.product_service_group""],""timeDimensions"":[{""dimension"":""finance_allocated_revenue.report_date"",""dateRange"":[""2025-01-01"",""2025-12-31""]}]}",biz,"[""finance_allocated_revenue""]",Tổng doanh thu thu tiền theo từng nhóm dịch vụ chi tiết trong năm 2025 là bao nhiêu?,,,
7,Tổng doanh thu thu tiền theo từng kênh bán hàng trong năm 2025 là bao nhiêu?,"{""measures"":[""finance_allocated_revenue.total_revenue_amount""],""dimensions"":[""finance_allocated_revenue.channel_name""],""timeDimensions"":[{""dimension"":""finance_allocated_revenue.report_date"",""dateRange"":[""2025-01-01"",""2025-12-31""]}]}",biz,"[""finance_allocated_revenue""]",Tổng doanh thu thu tiền theo từng kênh bán hàng trong năm 2025 là bao nhiêu?,,,
8,Tổng doanh thu thu tiền theo từng bộ phận kinh doanh trong năm 2025 là bao nhiêu?,"{""measures"":[""finance_allocated_revenue.total_revenue_amount""],""dimensions"":[""finance_allocated_revenue.sales_department""],""timeDimensions"":[{""dimension"":""finance_allocated_revenue.report_date"",""dateRange"":[""2025-01-01"",""2025-12-31""]}]}",biz,"[""finance_allocated_revenue""]",Tổng doanh thu thu tiền theo từng bộ phận kinh doanh trong năm 2025 là bao nhiêu?,,,
9,Top 5 nhóm sản phẩm có doanh thu thu tiền cao nhất trong năm 2025 là những nhóm nào?,"{""measures"":[""finance_allocated_revenue.total_revenue_amount""],""dimensions"":[""finance_allocated_revenue.product_category""],""order"":{""finance_allocated_revenue.total_revenue_amount"":""desc""},""limit"":5,""timeDimensions"":[{""dimension"":""finance_allocated_revenue.report_date"",""dateRange"":[""2025-01-01"",""2025-12-31""]}]}",biz,"[""finance_allocated_revenue""]",Top 5 nhóm sản phẩm có doanh thu thu tiền cao nhất trong năm 2025 là những nhóm nào?,,,
10,Top 5 kênh bán hàng có doanh thu thu tiền cao nhất trong năm 2025 là những kênh nào?,"{""measures"":[""finance_allocated_revenue.total_revenue_amount""],""dimensions"":[""finance_allocated_revenue.channel_name""],""order"":{""finance_allocated_revenue.total_revenue_amount"":""desc""},""limit"":5,""timeDimensions"":[{""dimension"":""finance_allocated_revenue.report_date"",""dateRange"":[""2025-01-01"",""2025-12-31""]}]}",biz,"[""finance_allocated_revenue""]",Top 5 kênh bán hàng có doanh thu thu tiền cao nhất trong năm 2025 là những kênh nào?,,,
11,Doanh thu thu tiền trung bình theo từng nhóm sản phẩm trong năm 2025 là bao nhiêu?,"{""measures"":[""finance_allocated_revenue.avg_revenue_amount""],""dimensions"":[""finance_allocated_revenue.product_category""],""timeDimensions"":[{""dimension"":""finance_allocated_revenue.report_date"",""dateRange"":[""2025-01-01"",""2025-12-31""]}]}",biz,"[""finance_allocated_revenue""]",Doanh thu thu tiền trung bình theo từng nhóm sản phẩm trong năm 2025 là bao nhiêu?,,,
12,Giá trị doanh thu thu tiền lớn nhất trong năm 2025 là bao nhiêu?,"{""measures"":[""finance_allocated_revenue.max_revenue_amount""],""timeDimensions"":[{""dimension"":""finance_allocated_revenue.report_date"",""dateRange"":[""2025-01-01"",""2025-12-31""]}]}",biz,"[""finance_allocated_revenue""]",Giá trị doanh thu thu tiền lớn nhất trong năm 2025 là bao nhiêu?,,,
13,Giá trị doanh thu thu tiền nhỏ nhất trong năm 2025 là bao nhiêu?,"{""measures"":[""finance_allocated_revenue.min_revenue_amount""],""timeDimensions"":[{""dimension"":""finance_allocated_revenue.report_date"",""dateRange"":[""2025-01-01"",""2025-12-31""]}]}",biz,"[""finance_allocated_revenue""]",Giá trị doanh thu thu tiền nhỏ nhất trong năm 2025 là bao nhiêu?,,,
14,Có bao nhiêu bản ghi doanh thu thu tiền trong năm 2025?,"{""measures"":[""finance_allocated_revenue.total_revenue_record_count""],""timeDimensions"":[{""dimension"":""finance_allocated_revenue.report_date"",""dateRange"":[""2025-01-01"",""2025-12-31""]}]}",biz,"[""finance_allocated_revenue""]",Có bao nhiêu bản ghi doanh thu thu tiền trong năm 2025?,,,
15,Tổng doanh thu thu tiền theo từng khu vực Bắc và Nam trong năm 2025 là bao nhiêu?,"{""measures"":[""finance_allocated_revenue.total_revenue_amount""],""dimensions"":[""finance_allocated_revenue.region_group""],""timeDimensions"":[{""dimension"":""finance_allocated_revenue.report_date"",""dateRange"":[""2025-01-01"",""2025-12-31""]}]}",biz,"[""finance_allocated_revenue""]",Tổng doanh thu thu tiền theo từng khu vực Bắc và Nam trong năm 2025 là bao nhiêu?,,,
16,Tổng doanh thu thu tiền theo từng loại doanh thu trong năm 2025 là bao nhiêu?,"{""measures"":[""finance_allocated_revenue.total_revenue_amount""],""dimensions"":[""finance_allocated_revenue.revenue_type""],""timeDimensions"":[{""dimension"":""finance_allocated_revenue.report_date"",""dateRange"":[""2025-01-01"",""2025-12-31""]}]}",biz,"[""finance_allocated_revenue""]",Tổng doanh thu thu tiền theo từng loại doanh thu trong năm 2025 là bao nhiêu?,,,
17,Tổng doanh thu thu tiền theo từng nhóm doanh thu trong năm 2025 là bao nhiêu?,"{""measures"":[""finance_allocated_revenue.total_revenue_amount""],""dimensions"":[""finance_allocated_revenue.revenue_group""],""timeDimensions"":[{""dimension"":""finance_allocated_revenue.report_date"",""dateRange"":[""2025-01-01"",""2025-12-31""]}]}",biz,"[""finance_allocated_revenue""]",Tổng doanh thu thu tiền theo từng nhóm doanh thu trong năm 2025 là bao nhiêu?,,,
18,Tổng doanh thu thu tiền theo từng phân khúc khách hàng cấp 1 trong năm 2025 là bao nhiêu?,"{""measures"":[""finance_allocated_revenue.total_revenue_amount""],""dimensions"":[""finance_allocated_revenue.customer_segment_l1""],""timeDimensions"":[{""dimension"":""finance_allocated_revenue.report_date"",""dateRange"":[""2025-01-01"",""2025-12-31""]}]}",biz,"[""finance_allocated_revenue""]",Tổng doanh thu thu tiền theo từng phân khúc khách hàng cấp 1 trong năm 2025 là bao nhiêu?,,,
19,Tổng doanh thu thu tiền theo từng phân khúc khách hàng chi tiết trong năm 2025 là bao nhiêu?,"{""measures"":[""finance_allocated_revenue.total_revenue_amount""],""dimensions"":[""finance_allocated_revenue.customer_segment_l3""],""timeDimensions"":[{""dimension"":""finance_allocated_revenue.report_date"",""dateRange"":[""2025-01-01"",""2025-12-31""]}]}",biz,"[""finance_allocated_revenue""]",Tổng doanh thu thu tiền theo từng phân khúc khách hàng chi tiết trong năm 2025 là bao nhiêu?,,,
20,Tổng doanh thu thu tiền theo từng giai đoạn thanh toán trong năm 2025 là bao nhiêu?,"{""measures"":[""finance_allocated_revenue.total_revenue_amount""],""dimensions"":[""finance_allocated_revenue.payment_stage""],""timeDimensions"":[{""dimension"":""finance_allocated_revenue.report_date"",""dateRange"":[""2025-01-01"",""2025-12-31""]}]}",biz,"[""finance_allocated_revenue""]",Tổng doanh thu thu tiền theo từng giai đoạn thanh toán trong năm 2025 là bao nhiêu?,,,
21,Top 5 nhóm dịch vụ chi tiết có doanh thu thu tiền cao nhất trong năm 2025 là những nhóm nào?,"{""measures"":[""finance_allocated_revenue.total_revenue_amount""],""dimensions"":[""finance_allocated_revenue.product_service_group""],""order"":{""finance_allocated_revenue.total_revenue_amount"":""desc""},""limit"":5,""timeDimensions"":[{""dimension"":""finance_allocated_revenue.report_date"",""dateRange"":[""2025-01-01"",""2025-12-31""]}]}",biz,"[""finance_allocated_revenue""]",Top 5 nhóm dịch vụ chi tiết có doanh thu thu tiền cao nhất trong năm 2025 là những nhóm nào?,,,
22,Top 5 bộ phận kinh doanh có doanh thu thu tiền cao nhất trong năm 2025 là những bộ phận nào?,"{""measures"":[""finance_allocated_revenue.total_revenue_amount""],""dimensions"":[""finance_allocated_revenue.sales_department""],""order"":{""finance_allocated_revenue.total_revenue_amount"":""desc""},""limit"":5,""timeDimensions"":[{""dimension"":""finance_allocated_revenue.report_date"",""dateRange"":[""2025-01-01"",""2025-12-31""]}]}",biz,"[""finance_allocated_revenue""]",Top 5 bộ phận kinh doanh có doanh thu thu tiền cao nhất trong năm 2025 là những bộ phận nào?,,,
23,Top 5 phân khúc khách hàng cấp 1 có doanh thu thu tiền cao nhất trong năm 2025 là những phân khúc nào?,"{""measures"":[""finance_allocated_revenue.total_revenue_amount""],""dimensions"":[""finance_allocated_revenue.customer_segment_l1""],""order"":{""finance_allocated_revenue.total_revenue_amount"":""desc""},""limit"":5,""timeDimensions"":[{""dimension"":""finance_allocated_revenue.report_date"",""dateRange"":[""2025-01-01"",""2025-12-31""]}]}",biz,"[""finance_allocated_revenue""]",Top 5 phân khúc khách hàng cấp 1 có doanh thu thu tiền cao nhất trong năm 2025 là những phân khúc nào?,,,
24,Top 5 phân khúc khách hàng chi tiết có doanh thu thu tiền cao nhất trong năm 2025 là những phân khúc nào?,"{""measures"":[""finance_allocated_revenue.total_revenue_amount""],""dimensions"":[""finance_allocated_revenue.customer_segment_l3""],""order"":{""finance_allocated_revenue.total_revenue_amount"":""desc""},""limit"":5,""timeDimensions"":[{""dimension"":""finance_allocated_revenue.report_date"",""dateRange"":[""2025-01-01"",""2025-12-31""]}]}",biz,"[""finance_allocated_revenue""]",Top 5 phân khúc khách hàng chi tiết có doanh thu thu tiền cao nhất trong năm 2025 là những phân khúc nào?,,,
25,Doanh thu thu tiền trung bình theo từng kênh bán hàng trong năm 2025 là bao nhiêu?,"{""measures"":[""finance_allocated_revenue.avg_revenue_amount""],""dimensions"":[""finance_allocated_revenue.channel_name""],""timeDimensions"":[{""dimension"":""finance_allocated_revenue.report_date"",""dateRange"":[""2025-01-01"",""2025-12-31""]}]}",biz,"[""finance_allocated_revenue""]",Doanh thu thu tiền trung bình theo từng kênh bán hàng trong năm 2025 là bao nhiêu?,,,
26,Doanh thu thu tiền trung bình theo từng bộ phận kinh doanh trong năm 2025 là bao nhiêu?,"{""measures"":[""finance_allocated_revenue.avg_revenue_amount""],""dimensions"":[""finance_allocated_revenue.sales_department""],""timeDimensions"":[{""dimension"":""finance_allocated_revenue.report_date"",""dateRange"":[""2025-01-01"",""2025-12-31""]}]}",biz,"[""finance_allocated_revenue""]",Doanh thu thu tiền trung bình theo từng bộ phận kinh doanh trong năm 2025 là bao nhiêu?,,,
27,Doanh thu thu tiền theo từng tháng của từng khu vực trong năm 2025 là bao nhiêu?,"{""measures"":[""finance_allocated_revenue.total_revenue_amount""],""dimensions"":[""finance_allocated_revenue.region_group""],""timeDimensions"":[{""dimension"":""finance_allocated_revenue.report_date"",""granularity"":""month"",""dateRange"":[""2025-01-01"",""2025-12-31""]}]}",biz,"[""finance_allocated_revenue""]",Doanh thu thu tiền theo từng tháng của từng khu vực trong năm 2025 là bao nhiêu?,,,
28,Tổng doanh thu thu tiền theo từng đơn vị kinh doanh cấp 1 trong năm 2025 là bao nhiêu?,"{""measures"":[""finance_allocated_revenue.total_revenue_amount""],""dimensions"":[""finance_allocated_revenue.business_unit_level_1""],""timeDimensions"":[{""dimension"":""finance_allocated_revenue.report_date"",""dateRange"":[""2025-01-01"",""2025-12-31""]}]}",biz,"[""finance_allocated_revenue""]",Tổng doanh thu thu tiền theo từng đơn vị kinh doanh cấp 1 trong năm 2025 là bao nhiêu?,,,
29,Top 5 đơn vị kinh doanh cấp 1 có doanh thu thu tiền cao nhất trong năm 2025 là những đơn vị nào?,"{""measures"":[""finance_allocated_revenue.total_revenue_amount""],""dimensions"":[""finance_allocated_revenue.business_unit_level_1""],""order"":{""finance_allocated_revenue.total_revenue_amount"":""desc""},""limit"":5,""timeDimensions"":[{""dimension"":""finance_allocated_revenue.report_date"",""dateRange"":[""2025-01-01"",""2025-12-31""]}]}",biz,"[""finance_allocated_revenue""]",Top 5 đơn vị kinh doanh cấp 1 có doanh thu thu tiền cao nhất trong năm 2025 là những đơn vị nào?,,,
30,Tổng doanh thu thu tiền theo từng mã danh mục doanh thu trong năm 2025 là bao nhiêu?,"{""measures"":[""finance_allocated_revenue.total_revenue_amount""],""dimensions"":[""finance_allocated_revenue.product_category_code""],""timeDimensions"":[{""dimension"":""finance_allocated_revenue.report_date"",""dateRange"":[""2025-01-01"",""2025-12-31""]}]}",biz,"[""finance_allocated_revenue""]",Tổng doanh thu thu tiền theo từng mã danh mục doanh thu trong năm 2025 là bao nhiêu?,,,
31,Có bao nhiêu bản ghi doanh thu theo từng kênh bán hàng trong năm 2025?,"{""measures"":[""finance_allocated_revenue.total_revenue_record_count""],""dimensions"":[""finance_allocated_revenue.channel_name""],""timeDimensions"":[{""dimension"":""finance_allocated_revenue.report_date"",""dateRange"":[""2025-01-01"",""2025-12-31""]}]}",biz,"[""finance_allocated_revenue""]",Có bao nhiêu bản ghi doanh thu theo từng kênh bán hàng trong năm 2025?,,,
32,Có bao nhiêu bản ghi doanh thu theo từng nhóm sản phẩm trong năm 2025?,"{""measures"":[""finance_allocated_revenue.total_revenue_record_count""],""dimensions"":[""finance_allocated_revenue.product_category""],""timeDimensions"":[{""dimension"":""finance_allocated_revenue.report_date"",""dateRange"":[""2025-01-01"",""2025-12-31""]}]}",biz,"[""finance_allocated_revenue""]",Có bao nhiêu bản ghi doanh thu theo từng nhóm sản phẩm trong năm 2025?,,,
33,Tổng doanh thu thu tiền theo từng giai đoạn thanh toán và từng tháng trong năm 2025 là bao nhiêu?,"{""measures"":[""finance_allocated_revenue.total_revenue_amount""],""dimensions"":[""finance_allocated_revenue.payment_stage""],""timeDimensions"":[{""dimension"":""finance_allocated_revenue.report_date"",""granularity"":""month"",""dateRange"":[""2025-01-01"",""2025-12-31""]}]}",biz,"[""finance_allocated_revenue""]",Tổng doanh thu thu tiền theo từng giai đoạn thanh toán và từng tháng trong năm 2025 là bao nhiêu?,,,
34,Kênh bán hàng nào có doanh thu thu tiền thấp nhất trong năm 2025?,"{""measures"":[""finance_allocated_revenue.total_revenue_amount""],""dimensions"":[""finance_allocated_revenue.channel_name""],""order"":{""finance_allocated_revenue.total_revenue_amount"":""asc""},""limit"":1,""timeDimensions"":[{""dimension"":""finance_allocated_revenue.report_date"",""dateRange"":[""2025-01-01"",""2025-12-31""]}]}",biz,"[""finance_allocated_revenue""]",Kênh bán hàng nào có doanh thu thu tiền thấp nhất trong năm 2025?,,,
35,Doanh thu thu tiền trung bình theo từng phân khúc khách hàng cấp 1 trong năm 2025 là bao nhiêu?,"{""measures"":[""finance_allocated_revenue.avg_revenue_amount""],""dimensions"":[""finance_allocated_revenue.customer_segment_l1""],""timeDimensions"":[{""dimension"":""finance_allocated_revenue.report_date"",""dateRange"":[""2025-01-01"",""2025-12-31""]}]}",biz,"[""finance_allocated_revenue""]",Doanh thu thu tiền trung bình theo từng phân khúc khách hàng cấp 1 trong năm 2025 là bao nhiêu?,,,
36,Doanh thu thu tiền theo từng tháng của từng nhóm sản phẩm trong năm 2025 là bao nhiêu?,"{""measures"":[""finance_allocated_revenue.total_revenue_amount""],""dimensions"":[""finance_allocated_revenue.product_category""],""timeDimensions"":[{""dimension"":""finance_allocated_revenue.report_date"",""granularity"":""month"",""dateRange"":[""2025-01-01"",""2025-12-31""]}]}",biz,"[""finance_allocated_revenue""]",Doanh thu thu tiền theo từng tháng của từng nhóm sản phẩm trong năm 2025 là bao nhiêu?,,,
37,Doanh thu thu tiền theo từng quý của từng kênh bán hàng trong năm 2025 là bao nhiêu?,"{""measures"":[""finance_allocated_revenue.total_revenue_amount""],""dimensions"":[""finance_allocated_revenue.channel_name""],""timeDimensions"":[{""dimension"":""finance_allocated_revenue.report_date"",""granularity"":""quarter"",""dateRange"":[""2025-01-01"",""2025-12-31""]}]}",biz,"[""finance_allocated_revenue""]",Doanh thu thu tiền theo từng quý của từng kênh bán hàng trong năm 2025 là bao nhiêu?,,,
38,Bộ phận kinh doanh nào có doanh thu thu tiền thấp nhất trong năm 2025?,"{""measures"":[""finance_allocated_revenue.total_revenue_amount""],""dimensions"":[""finance_allocated_revenue.sales_department""],""order"":{""finance_allocated_revenue.total_revenue_amount"":""asc""},""limit"":1,""timeDimensions"":[{""dimension"":""finance_allocated_revenue.report_date"",""dateRange"":[""2025-01-01"",""2025-12-31""]}]}",biz,"[""finance_allocated_revenue""]",Bộ phận kinh doanh nào có doanh thu thu tiền thấp nhất trong năm 2025?,,,
39,Phân khúc khách hàng cấp 1 nào có doanh thu thu tiền thấp nhất trong năm 2025?,"{""measures"":[""finance_allocated_revenue.total_revenue_amount""],""dimensions"":[""finance_allocated_revenue.customer_segment_l1""],""order"":{""finance_allocated_revenue.total_revenue_amount"":""asc""},""limit"":1,""timeDimensions"":[{""dimension"":""finance_allocated_revenue.report_date"",""dateRange"":[""2025-01-01"",""2025-12-31""]}]}",biz,"[""finance_allocated_revenue""]",Phân khúc khách hàng cấp 1 nào có doanh thu thu tiền thấp nhất trong năm 2025?,,,
40,Tổng doanh thu thu tiền theo từng khu vực và từng nhóm sản phẩm trong năm 2025 là bao nhiêu?,"{""measures"":[""finance_allocated_revenue.total_revenue_amount""],""dimensions"":[""finance_allocated_revenue.region_group"",""finance_allocated_revenue.product_category""],""timeDimensions"":[{""dimension"":""finance_allocated_revenue.report_date"",""dateRange"":[""2025-01-01"",""2025-12-31""]}]}",biz,"[""finance_allocated_revenue""]",Tổng doanh thu thu tiền theo từng khu vực và từng nhóm sản phẩm trong năm 2025 là bao nhiêu?,,,
41,Tổng doanh thu thu tiền theo từng khu vực và từng kênh bán hàng trong năm 2025 là bao nhiêu?,"{""measures"":[""finance_allocated_revenue.total_revenue_amount""],""dimensions"":[""finance_allocated_revenue.region_group"",""finance_allocated_revenue.channel_name""],""timeDimensions"":[{""dimension"":""finance_allocated_revenue.report_date"",""dateRange"":[""2025-01-01"",""2025-12-31""]}]}",biz,"[""finance_allocated_revenue""]",Tổng doanh thu thu tiền theo từng khu vực và từng kênh bán hàng trong năm 2025 là bao nhiêu?,,,
42,Tổng doanh thu thu tiền theo từng tháng của từng phân khúc khách hàng cấp 1 trong năm 2025 là bao nhiêu?,"{""measures"":[""finance_allocated_revenue.total_revenue_amount""],""dimensions"":[""finance_allocated_revenue.customer_segment_l1""],""timeDimensions"":[{""dimension"":""finance_allocated_revenue.report_date"",""granularity"":""month"",""dateRange"":[""2025-01-01"",""2025-12-31""]}]}",biz,"[""finance_allocated_revenue""]",Tổng doanh thu thu tiền theo từng tháng của từng phân khúc khách hàng cấp 1 trong năm 2025 là bao nhiêu?,,,
43,Tổng doanh thu thu tiền theo từng tháng của từng bộ phận kinh doanh trong năm 2025 là bao nhiêu?,"{""measures"":[""finance_allocated_revenue.total_revenue_amount""],""dimensions"":[""finance_allocated_revenue.sales_department""],""timeDimensions"":[{""dimension"":""finance_allocated_revenue.report_date"",""granularity"":""month"",""dateRange"":[""2025-01-01"",""2025-12-31""]}]}",biz,"[""finance_allocated_revenue""]",Tổng doanh thu thu tiền theo từng tháng của từng bộ phận kinh doanh trong năm 2025 là bao nhiêu?,,,
44,Doanh thu thu tiền trung bình theo từng nhóm doanh thu trong năm 2025 là bao nhiêu?,"{""measures"":[""finance_allocated_revenue.avg_revenue_amount""],""dimensions"":[""finance_allocated_revenue.revenue_group""],""timeDimensions"":[{""dimension"":""finance_allocated_revenue.report_date"",""dateRange"":[""2025-01-01"",""2025-12-31""]}]}",biz,"[""finance_allocated_revenue""]",Doanh thu thu tiền trung bình theo từng nhóm doanh thu trong năm 2025 là bao nhiêu?,,,
45,Có bao nhiêu bản ghi doanh thu theo từng phân khúc khách hàng cấp 1 trong năm 2025?,"{""measures"":[""finance_allocated_revenue.total_revenue_record_count""],""dimensions"":[""finance_allocated_revenue.customer_segment_l1""],""timeDimensions"":[{""dimension"":""finance_allocated_revenue.report_date"",""dateRange"":[""2025-01-01"",""2025-12-31""]}]}",biz,"[""finance_allocated_revenue""]",Có bao nhiêu bản ghi doanh thu theo từng phân khúc khách hàng cấp 1 trong năm 2025?,,,
46,Có bao nhiêu bản ghi doanh thu theo từng bộ phận kinh doanh trong năm 2025?,"{""measures"":[""finance_allocated_revenue.total_revenue_record_count""],""dimensions"":[""finance_allocated_revenue.sales_department""],""timeDimensions"":[{""dimension"":""finance_allocated_revenue.report_date"",""dateRange"":[""2025-01-01"",""2025-12-31""]}]}",biz,"[""finance_allocated_revenue""]",Có bao nhiêu bản ghi doanh thu theo từng bộ phận kinh doanh trong năm 2025?,,,
47,Tổng doanh thu thu tiền theo từng giai đoạn thanh toán và từng nhóm sản phẩm trong năm 2025 là bao nhiêu?,"{""measures"":[""finance_allocated_revenue.total_revenue_amount""],""dimensions"":[""finance_allocated_revenue.payment_stage"",""finance_allocated_revenue.product_category""],""timeDimensions"":[{""dimension"":""finance_allocated_revenue.report_date"",""dateRange"":[""2025-01-01"",""2025-12-31""]}]}",biz,"[""finance_allocated_revenue""]",Tổng doanh thu thu tiền theo từng giai đoạn thanh toán và từng nhóm sản phẩm trong năm 2025 là bao nhiêu?,,,
48,Tổng doanh thu thu tiền theo từng kênh bán hàng và từng phân khúc khách hàng cấp 1 trong năm 2025 là bao nhiêu?,"{""measures"":[""finance_allocated_revenue.total_revenue_amount""],""dimensions"":[""finance_allocated_revenue.channel_name"",""finance_allocated_revenue.customer_segment_l1""],""timeDimensions"":[{""dimension"":""finance_allocated_revenue.report_date"",""dateRange"":[""2025-01-01"",""2025-12-31""]}]}",biz,"[""finance_allocated_revenue""]",Tổng doanh thu thu tiền theo từng kênh bán hàng và từng phân khúc khách hàng cấp 1 trong năm 2025 là bao nhiêu?,,,
49,Tổng doanh thu thu tiền theo từng khu vực và từng giai đoạn thanh toán trong năm 2025 là bao nhiêu?,"{""measures"":[""finance_allocated_revenue.total_revenue_amount""],""dimensions"":[""finance_allocated_revenue.region_group"",""finance_allocated_revenue.payment_stage""],""timeDimensions"":[{""dimension"":""finance_allocated_revenue.report_date"",""dateRange"":[""2025-01-01"",""2025-12-31""]}]}",biz,"[""finance_allocated_revenue""]",Tổng doanh thu thu tiền theo từng khu vực và từng giai đoạn thanh toán trong năm 2025 là bao nhiêu?,,,
50,Tổng doanh thu thu tiền theo từng tháng của từng giai đoạn thanh toán trong năm 2025 là bao nhiêu?,"{""measures"":[""finance_allocated_revenue.total_revenue_amount""],""dimensions"":[""finance_allocated_revenue.payment_stage""],""timeDimensions"":[{""dimension"":""finance_allocated_revenue.report_date"",""granularity"":""month"",""dateRange"":[""2025-01-01"",""2025-12-31""]}]}",biz,"[""finance_allocated_revenue""]",Tổng doanh thu thu tiền theo từng tháng của từng giai đoạn thanh toán trong năm 2025 là bao nhiêu?,,,
,,,,,,,,
,,,,,,,,
,,,,,,,,
,,,,,,,,
,,,,,,,,
,,,,,,,,
,,,,,,,,
61,Tốc độ tăng trưởng doanh thu theo từng tháng trong năm 2025 là bao nhiêu?,"{""measures"":[""finance_allocated_revenue.total_revenue_amount""],""timeDimensions"":[{""dimension"":""finance_allocated_revenue.report_date"",""granularity"":""month"",""dateRange"":[""2025-01-01"",""2025-12-31""]}]}",biz,"[""finance_allocated_revenue""]",Tốc độ tăng trưởng doanh thu theo từng tháng trong năm 2025 là bao nhiêu?,,,
62,Kênh bán hàng nào đóng góp doanh thu lớn nhất trong năm 2025?,"{""measures"":[""finance_allocated_revenue.total_revenue_amount""],""dimensions"":[""finance_allocated_revenue.channel_name""],""order"":{""finance_allocated_revenue.total_revenue_amount"":""desc""},""limit"":1,""timeDimensions"":[{""dimension"":""finance_allocated_revenue.report_date"",""dateRange"":[""2025-01-01"",""2025-12-31""]}]}",biz,"[""finance_allocated_revenue""]",Kênh bán hàng nào đóng góp doanh thu lớn nhất trong năm 2025?,,,
63,Phân khúc khách hàng nào đóng góp doanh thu lớn nhất trong năm 2025?,"{""measures"":[""finance_allocated_revenue.total_revenue_amount""],""dimensions"":[""finance_allocated_revenue.customer_segment_l1""],""order"":{""finance_allocated_revenue.total_revenue_amount"":""desc""},""limit"":1,""timeDimensions"":[{""dimension"":""finance_allocated_revenue.report_date"",""dateRange"":[""2025-01-01"",""2025-12-31""]}]}",biz,"[""finance_allocated_revenue""]",Phân khúc khách hàng nào đóng góp doanh thu lớn nhất trong năm 2025?,,,
64,Khu vực nào đóng góp doanh thu lớn nhất trong năm 2025?,"{""measures"":[""finance_allocated_revenue.total_revenue_amount""],""dimensions"":[""finance_allocated_revenue.region_group""],""order"":{""finance_allocated_revenue.total_revenue_amount"":""desc""},""limit"":1,""timeDimensions"":[{""dimension"":""finance_allocated_revenue.report_date"",""dateRange"":[""2025-01-01"",""2025-12-31""]}]}",biz,"[""finance_allocated_revenue""]",Khu vực nào đóng góp doanh thu lớn nhất trong năm 2025?,,,
,,,,,,,,
1,Tổng chi phí thực tế quý 1 năm 2025 là bao nhiêu?,"{""measures"":[""finance_actual_cost.total_actual_cost""],""timeDimensions"":[{""dimension"":""finance_actual_cost.report_date"",""dateRange"":[""2025-01-01"",""2025-03-31""]}]}",biz,"[""finance_actual_cost""]",Tổng chi phí thực tế quý 1 năm 2025 là bao nhiêu?,,,
2,Tổng chi phí thực tế trong năm 2025 là bao nhiêu?,"{""measures"":[""finance_actual_cost.total_actual_cost""],""timeDimensions"":[{""dimension"":""finance_actual_cost.report_date"",""dateRange"":[""2025-01-01"",""2025-12-31""]}]}",biz,"[""finance_actual_cost""]",Tổng chi phí thực tế trong năm 2025 là bao nhiêu?,,,
3,Tổng chi phí thực tế theo từng tháng trong năm 2025 là bao nhiêu?,"{""measures"":[""finance_actual_cost.total_actual_cost""],""timeDimensions"":[{""dimension"":""finance_actual_cost.report_date"",""granularity"":""month"",""dateRange"":[""2025-01-01"",""2025-12-31""]}]}",biz,"[""finance_actual_cost""]",Tổng chi phí theo từng tháng trong năm 2025 là bao nhiêu?,,,
4,Tổng chi phí thực tế theo từng quý trong năm 2025 là bao nhiêu?,"{""measures"":[""finance_actual_cost.total_actual_cost""],""timeDimensions"":[{""dimension"":""finance_actual_cost.report_date"",""granularity"":""quarter"",""dateRange"":[""2025-01-01"",""2025-12-31""]}]}",biz,"[""finance_actual_cost""]",Tổng chi phí theo từng quý trong năm 2025 là bao nhiêu?,,,
5,Tổng chi phí thực tế theo từng nhóm chi phí (cost_group) trong năm 2025 là bao nhiêu?,"{""measures"":[""finance_actual_cost.total_actual_cost""],""dimensions"":[""finance_actual_cost.cost_group""],""timeDimensions"":[{""dimension"":""finance_actual_cost.report_date"",""dateRange"":[""2025-01-01"",""2025-12-31""]}]}",biz,"[""finance_actual_cost""]",Tổng chi phí theo từng nhóm chi phí trong năm 2025 là bao nhiêu?,,,
6,Tổng chi phí thực tế theo từng nhóm sản phẩm trong năm 2025 là bao nhiêu?,"{""measures"":[""finance_actual_cost.total_actual_cost""],""dimensions"":[""finance_actual_cost.product_category""],""timeDimensions"":[{""dimension"":""finance_actual_cost.report_date"",""dateRange"":[""2025-01-01"",""2025-12-31""]}]}",biz,"[""finance_actual_cost""]",Tổng chi phí theo từng nhóm sản phẩm trong năm 2025 là bao nhiêu?,,,
7,Tổng chi phí thực tế theo từng khu vực kinh doanh trong năm 2025 là bao nhiêu?,"{""measures"":[""finance_actual_cost.total_actual_cost""],""dimensions"":[""finance_actual_cost.territory_name""],""timeDimensions"":[{""dimension"":""finance_actual_cost.report_date"",""dateRange"":[""2025-01-01"",""2025-12-31""]}]}",biz,"[""finance_actual_cost""]",Tổng chi phí theo từng trung tâm kinh doanh trong năm 2025 là bao nhiêu?,,,
8,Top 5 trung tâm có chi phí thực tế cao nhất trong năm 2025 là những khu vực nào?,"{""measures"":[""finance_actual_cost.total_actual_cost""],""dimensions"":[""finance_actual_cost.territory_name""],""order"":{""finance_actual_cost.total_actual_cost"":""desc""},""limit"":5,""timeDimensions"":[{""dimension"":""finance_actual_cost.report_date"",""dateRange"":[""2025-01-01"",""2025-12-31""]}]}",biz,"[""finance_actual_cost""]",Top 5 trung tâm có chi phí cao nhất trong năm 2025 là những trung tâm nào?,,,
9,Nhóm chi phí thực tế nào có tổng chi phí lớn nhất trong năm 2025?,"{""measures"":[""finance_actual_cost.total_actual_cost""],""dimensions"":[""finance_actual_cost.cost_group""],""order"":{""finance_actual_cost.total_actual_cost"":""desc""},""limit"":1,""timeDimensions"":[{""dimension"":""finance_actual_cost.report_date"",""dateRange"":[""2025-01-01"",""2025-12-31""]}]}",biz,"[""finance_actual_cost""]",Nhóm chi phí nào có tổng chi phí lớn nhất trong năm 2025?,,,
10,Giá trị chi phí thực tế lớn nhất được ghi nhận là bao nhiêu?,"{""measures"":[""finance_actual_cost.max_actual_cost""]}",biz,"[""finance_actual_cost""]",Giá trị chi phí lớn nhất được ghi nhận là bao nhiêu?,,,
11,Giá trị chi phí thực tế nhỏ nhất được ghi nhận là bao nhiêu?,"{""measures"":[""finance_actual_cost.min_actual_cost""]}",biz,"[""finance_actual_cost""]",Giá trị chi phí nhỏ nhất được ghi nhận là bao nhiêu?,,,
12,Chi phí thực tế trung bình của các bản ghi chi phí là bao nhiêu?,"{""measures"":[""finance_actual_cost.avg_actual_cost""]}",biz,"[""finance_actual_cost""]",Chi phí trung bình của các bản ghi chi phí là bao nhiêu?,,,
13,Có bao nhiêu bản ghi chi phí thực tế được ghi nhận trong năm 2025?,"{""measures"":[""finance_actual_cost.total_cost_record_count""],""timeDimensions"":[{""dimension"":""finance_actual_cost.report_date"",""dateRange"":[""2025-01-01"",""2025-12-31""]}]}",biz,"[""finance_actual_cost""]",Có bao nhiêu bản ghi chi phí được ghi nhận trong năm 2025?,,,
14,Phân bố số lượng bản ghi chi phí thực tế theo cost_bucket là như thế nào?,"{""measures"":[""finance_actual_cost.total_cost_record_count""],""dimensions"":[""finance_actual_cost.cost_bucket""]}",biz,"[""finance_actual_cost""]",Phân bố số lượng bản ghi chi phí theo cost_bucket là như thế nào?,,,
15,Tổng chi phí thực tế theo từng cost_bucket trong năm 2025 là bao nhiêu?,"{""measures"":[""finance_actual_cost.total_actual_cost""],""dimensions"":[""finance_actual_cost.cost_bucket""],""timeDimensions"":[{""dimension"":""finance_actual_cost.report_date"",""dateRange"":[""2025-01-01"",""2025-12-31""]}]}",biz,"[""finance_actual_cost""]",Tổng chi phí theo từng cost_bucket trong năm 2025 là bao nhiêu?,,,
,,,,,,,,
,,,,,,,,
18,Chi phí thực tế tháng này có cao hơn tháng trước không?,"{""measures"":[""finance_actual_cost.total_actual_cost""],""timeDimensions"":[{""dimension"":""finance_actual_cost.report_date"",""granularity"":""month"",""dateRange"":""last 2 months""}]}",biz,"[""finance_actual_cost""]",Chi phí tháng này có cao hơn tháng trước không?,,,
19,Chi phí thực tế quý này có cao hơn quý trước không?,"{""measures"":[""finance_actual_cost.total_actual_cost""],""timeDimensions"":[{""dimension"":""finance_actual_cost.report_date"",""granularity"":""quarter"",""dateRange"":""last 2 quarters""}]}",biz,"[""finance_actual_cost""]",Chi phí quý này có cao hơn quý trước không?,,,
20,Trung tâm nào có chi phí thực tế tăng mạnh nhất trong năm 2025?,"{""measures"":[""finance_actual_cost.total_actual_cost""],""dimensions"":[""finance_actual_cost.territory_name""],""order"":{""finance_actual_cost.total_actual_cost"":""desc""},""timeDimensions"":[{""dimension"":""finance_actual_cost.report_date"",""dateRange"":[""2025-01-01"",""2025-12-31""]}]}",biz,"[""finance_actual_cost""]",Trung tâm nào có chi phí tăng mạnh nhất trong năm 2025?,,,
21,Tổng chi phí thực tế theo từng đơn vị tổ chức cấp 1 trong năm 2025 là bao nhiêu?,"{""measures"":[""finance_actual_cost.total_actual_cost""],""dimensions"":[""finance_actual_cost.business_unit_level_1""],""timeDimensions"":[{""dimension"":""finance_actual_cost.report_date"",""dateRange"":[""2025-01-01"",""2025-12-31""]}]}",biz,"[""finance_actual_cost""]",Tổng chi phí theo từng đơn vị tổ chức cấp 1 trong năm 2025 là bao nhiêu?,,,
22,Top 5 nhóm sản phẩm có chi phí thực tế cao nhất trong năm 2025 là những nhóm nào?,"{""measures"":[""finance_actual_cost.total_actual_cost""],""dimensions"":[""finance_actual_cost.product_category""],""order"":{""finance_actual_cost.total_actual_cost"":""desc""},""limit"":5,""timeDimensions"":[{""dimension"":""finance_actual_cost.report_date"",""dateRange"":[""2025-01-01"",""2025-12-31""]}]}",biz,"[""finance_actual_cost""]",Top 5 nhóm sản phẩm có chi phí cao nhất trong năm 2025 là những nhóm nào?,,,
,,,,,,,,
24,Trung tâm nào có chi phí  thực tế thấp nhất trong năm 2025?,"{""measures"":[""finance_actual_cost.total_actual_cost""],""dimensions"":[""finance_actual_cost.territory_name""],""order"":{""finance_actual_cost.total_actual_cost"":""asc""},""limit"":1,""timeDimensions"":[{""dimension"":""finance_actual_cost.report_date"",""dateRange"":[""2025-01-01"",""2025-12-31""]}]}",biz,"[""finance_actual_cost""]",Trung tâm nào có chi phí thấp nhất trong năm 2025?,,,
25,Tổng chi phí  thực tế theo từng mã danh mục chi phí trong năm 2025 là bao nhiêu?,"{""measures"":[""finance_actual_cost.total_actual_cost""],""dimensions"":[""finance_actual_cost.product_category_code""],""timeDimensions"":[{""dimension"":""finance_actual_cost.report_date"",""dateRange"":[""2025-01-01"",""2025-12-31""]}]}",biz,"[""finance_actual_cost""]",Tổng chi phí theo từng mã danh mục chi phí trong năm 2025 là bao nhiêu?,,,
26,Chi phí thực tế theo từng nhóm chi phí thay đổi theo tháng trong năm 2025 như thế nào?,"{""measures"":[""finance_actual_cost.total_actual_cost""],""dimensions"":[""finance_actual_cost.cost_group""],""timeDimensions"":[{""dimension"":""finance_actual_cost.report_date"",""granularity"":""month"",""dateRange"":[""2025-01-01"",""2025-12-31""]}]}",biz,"[""finance_actual_cost""]",Chi phí theo từng nhóm chi phí thay đổi theo tháng trong năm 2025 như thế nào?,,,
27,Khu vực nào có chi phí thực tế bất thường cao trong một tháng bất kỳ của năm 2025?,"{""measures"":[""finance_actual_cost.total_actual_cost""],""dimensions"":[""finance_actual_cost.territory_name""],""timeDimensions"":[{""dimension"":""finance_actual_cost.report_date"",""granularity"":""month"",""dateRange"":[""2025-01-01"",""2025-12-31""]}],""order"":{""finance_actual_cost.total_actual_cost"":""desc""},""limit"":5}",biz,"[""finance_actual_cost""]",Trung tâm nào có chi phí bất thường cao trong một tháng bất kỳ của năm 2025?,,,
28,Nhóm chi phí thực tế nào có chi phí trung bình cao nhất?,"{""measures"":[""finance_actual_cost.avg_actual_cost""],""dimensions"":[""finance_actual_cost.cost_group""],""order"":{""finance_actual_cost.avg_actual_cost"":""desc""},""limit"":1}",biz,"[""finance_actual_cost""]",Nhóm chi phí nào có chi phí trung bình cao nhất?,,,
29,Chi phí thực tế trung bình theo từng trung tâm kinh doanh trong năm 2025 là bao nhiêu?,"{""measures"":[""finance_actual_cost.avg_actual_cost""],""dimensions"":[""finance_actual_cost.territory_name""],""timeDimensions"":[{""dimension"":""finance_actual_cost.report_date"",""dateRange"":[""2025-01-01"",""2025-12-31""]}]}",biz,"[""finance_actual_cost""]",Chi phí trung bình theo từng trung tâm kinh doanh trong năm 2025 là bao nhiêu?,,,
30,Cost bucket nào có số lượng bản ghi chi phí  thực tế nhiều nhất?,"{""measures"":[""finance_actual_cost.total_cost_record_count""],""dimensions"":[""finance_actual_cost.cost_bucket""],""order"":{""finance_actual_cost.total_cost_record_count"":""desc""},""limit"":1}",biz,"[""finance_actual_cost""]",Cost bucket nào có số lượng bản ghi chi phí nhiều nhất?,,,
1,Tổng số khảo sát được tạo trong năm 2025 là bao nhiêu?,"{""measures"":[""cx_sur_surveys.survey_count""],""timeDimensions"":[{""dimension"":""cx_sur_surveys.created_at"",""dateRange"":[""2025-01-01"",""2025-12-31""]}]}",cx_cso,"[""cx_sur_surveys""]",Tổng số khảo sát được tạo trong năm 2025 là bao nhiêu?,,,
2,Số lượng khảo sát theo từng tháng trong năm 2025 thay đổi như thế nào?,"{""measures"":[""cx_sur_surveys.survey_count""],""timeDimensions"":[{""dimension"":""cx_sur_surveys.created_at"",""granularity"":""month"",""dateRange"":[""2025-01-01"",""2025-12-31""]}]}",cx_cso,"[""cx_sur_surveys""]",Số lượng khảo sát theo từng tháng trong năm 2025 thay đổi như thế nào?,,,
3,Cơ cấu số lượng khảo sát theo loại khảo sát là gì?,"{""measures"":[""cx_sur_surveys.survey_count""],""dimensions"":[""cx_sur_surveys.survey_type_bucket""]}",cx_cso,"[""cx_sur_surveys""]",Cơ cấu số lượng khảo sát theo loại khảo sát là gì?,,,
4,Số lượng khảo sát theo từng giai đoạn hành trình khách hàng là bao nhiêu?,"{""measures"":[""cx_sur_surveys.survey_count""],""dimensions"":[""cx_sur_surveys.journey_bucket""]}",cx_cso,"[""cx_sur_surveys""]",Số lượng khảo sát theo từng giai đoạn hành trình khách hàng là bao nhiêu?,,,
5,Số lượng khảo sát theo từng điểm chạm khách hàng là bao nhiêu?,"{""measures"":[""cx_sur_surveys.survey_count""],""dimensions"":[""cx_sur_surveys.touchpoint_bucket""]}",cx_cso,"[""cx_sur_surveys""]",Số lượng khảo sát theo từng điểm chạm khách hàng là bao nhiêu?,,,
6,Top 5 nhóm sản phẩm có nhiều khảo sát nhất là gì?,"{""measures"":[""cx_sur_surveys.survey_count""],""dimensions"":[""cx_sur_surveys.product_category""],""order"":{""cx_sur_surveys.survey_count"":""desc""},""limit"":5}",cx_cso,"[""cx_sur_surveys""]",Top 5 nhóm sản phẩm có nhiều khảo sát nhất là gì?,,,
7,Nhóm sản phẩm nào có ít khảo sát nhất?,"{""measures"":[""cx_sur_surveys.survey_count""],""dimensions"":[""cx_sur_surveys.product_category""],""order"":{""cx_sur_surveys.survey_count"":""asc""},""limit"":1}",cx_cso,"[""cx_sur_surveys""]",Nhóm sản phẩm nào có ít khảo sát nhất?,,,
8,Số lượng khảo sát theo từng loại khảo sát trong năm 2025 là bao nhiêu?,"{""measures"":[""cx_sur_surveys.survey_count""],""dimensions"":[""cx_sur_surveys.survey_type_bucket""],""timeDimensions"":[{""dimension"":""cx_sur_surveys.created_at"",""dateRange"":[""2025-01-01"",""2025-12-31""]}]}",cx_cso,"[""cx_sur_surveys""]",Số lượng khảo sát theo từng loại khảo sát trong năm 2025 là bao nhiêu?,,,
9,Xu hướng số lượng khảo sát theo giai đoạn hành trình khách hàng theo tháng năm 2025 như thế nào?,"{""measures"":[""cx_sur_surveys.survey_count""],""dimensions"":[""cx_sur_surveys.journey_bucket""],""timeDimensions"":[{""dimension"":""cx_sur_surveys.created_at"",""granularity"":""month"",""dateRange"":[""2025-01-01"",""2025-12-31""]}]}",cx_cso,"[""cx_sur_surveys""]",Xu hướng số lượng khảo sát theo giai đoạn hành trình khách hàng theo tháng năm 2025 như thế nào?,,,
,,,,,,,,
11,Có bao nhiêu loại khảo sát khác nhau trong hệ thống?,"{""measures"":[""cx_sur_surveys.distinct_survey_type_count""]}",cx_cso,"[""cx_sur_surveys""]",Có bao nhiêu loại khảo sát khác nhau trong hệ thống?,,,
12,Có bao nhiêu giai đoạn hành trình khách hàng khác nhau được ghi nhận trong khảo sát?,"{""measures"":[""cx_sur_surveys.distinct_journey_count""]}",cx_cso,"[""cx_sur_surveys""]",Có bao nhiêu giai đoạn hành trình khách hàng khác nhau được ghi nhận trong khảo sát?,,,
13,Có bao nhiêu điểm chạm khách hàng khác nhau xuất hiện trong khảo sát?,"{""measures"":[""cx_sur_surveys.distinct_touchpoint_count""]}",cx_cso,"[""cx_sur_surveys""]",Có bao nhiêu điểm chạm khách hàng khác nhau xuất hiện trong khảo sát?,,,
14,Có bao nhiêu nhóm sản phẩm có khảo sát được thực hiện?,"{""measures"":[""cx_sur_surveys.distinct_product_category_count""]}",cx_cso,"[""cx_sur_surveys""]",Có bao nhiêu nhóm sản phẩm có khảo sát được thực hiện?,,,
15,Trong quý 1 năm 2025 có bao nhiêu khảo sát được tạo?,"{""measures"":[""cx_sur_surveys.survey_count""],""timeDimensions"":[{""dimension"":""cx_sur_surveys.created_at"",""dateRange"":[""2025-01-01"",""2025-03-31""]}]}",cx_cso,"[""cx_sur_surveys""]",Trong quý 1 năm 2025 có bao nhiêu khảo sát được tạo?,,,
16,Số lượng khảo sát theo tháng trong quý 1 năm 2025 là bao nhiêu?,"{""measures"":[""cx_sur_surveys.survey_count""],""timeDimensions"":[{""dimension"":""cx_sur_surveys.created_at"",""granularity"":""month"",""dateRange"":[""2025-01-01"",""2025-03-31""]}]}",cx_cso,"[""cx_sur_surveys""]",Số lượng khảo sát theo tháng trong quý 1 năm 2025 là bao nhiêu?,,,
17,Điểm chạm khách hàng nào có nhiều khảo sát nhất?,"{""measures"":[""cx_sur_surveys.survey_count""],""dimensions"":[""cx_sur_surveys.touchpoint_bucket""],""order"":{""cx_sur_surveys.survey_count"":""desc""},""limit"":1}",cx_cso,"[""cx_sur_surveys""]",Điểm chạm khách hàng nào có nhiều khảo sát nhất?,,,
18,Giai đoạn hành trình khách hàng nào có nhiều khảo sát nhất?,"{""measures"":[""cx_sur_surveys.survey_count""],""dimensions"":[""cx_sur_surveys.journey_bucket""],""order"":{""cx_sur_surveys.survey_count"":""desc""},""limit"":1}",cx_cso,"[""cx_sur_surveys""]",Giai đoạn hành trình khách hàng nào có nhiều khảo sát nhất?,,,
19,So sánh số lượng khảo sát giữa năm 2024 và năm 2025 theo tháng như thế nào?,"{""measures"":[""cx_sur_surveys.survey_count""],""timeDimensions"":[{""dimension"":""cx_sur_surveys.created_at"",""granularity"":""month"",""dateRange"":[""2024-01-01"",""2025-12-31""]}]}",cx_cso,"[""cx_sur_surveys""]",So sánh số lượng khảo sát giữa năm 2024 và năm 2025 theo tháng như thế nào?,,,
20,Có tháng nào trong năm 2025 số lượng khảo sát tăng đột biến so với các tháng khác không?,"{""measures"":[""cx_sur_surveys.survey_count""],""timeDimensions"":[{""dimension"":""cx_sur_surveys.created_at"",""granularity"":""month"",""dateRange"":[""2025-01-01"",""2025-12-31""]}]}",cx_cso,"[""cx_sur_surveys""]",Có tháng nào trong năm 2025 số lượng khảo sát tăng đột biến so với các tháng khác không?,,,
21,Tổng số khảo sát theo từng nhóm sản phẩm trong năm 2025 là bao nhiêu?,"{""measures"":[""cx_sur_surveys.survey_count""],""dimensions"":[""cx_sur_surveys.product_category""],""timeDimensions"":[{""dimension"":""cx_sur_surveys.created_at"",""dateRange"":[""2025-01-01"",""2025-12-31""]}]}",cx_cso,"[""cx_sur_surveys""]",Tổng số khảo sát theo từng nhóm sản phẩm trong năm 2025 là bao nhiêu?,,,
22,Xu hướng số lượng khảo sát theo nhóm sản phẩm theo tháng năm 2025 như thế nào?,"{""measures"":[""cx_sur_surveys.survey_count""],""dimensions"":[""cx_sur_surveys.product_category""],""timeDimensions"":[{""dimension"":""cx_sur_surveys.created_at"",""granularity"":""month"",""dateRange"":[""2025-01-01"",""2025-12-31""]}]}",cx_cso,"[""cx_sur_surveys""]",Xu hướng số lượng khảo sát theo nhóm sản phẩm theo tháng năm 2025 như thế nào?,,,
23,Cơ cấu khảo sát theo giai đoạn hành trình khách hàng và nhóm sản phẩm là gì?,"{""measures"":[""cx_sur_surveys.survey_count""],""dimensions"":[""cx_sur_surveys.journey_bucket"",""cx_sur_surveys.product_category""]}",cx_cso,"[""cx_sur_surveys""]",Cơ cấu khảo sát theo giai đoạn hành trình khách hàng và nhóm sản phẩm là gì?,,,
24,Số lượng khảo sát theo từng điểm chạm khách hàng và nhóm sản phẩm là bao nhiêu?,"{""measures"":[""cx_sur_surveys.survey_count""],""dimensions"":[""cx_sur_surveys.touchpoint_bucket"",""cx_sur_surveys.product_category""]}",cx_cso,"[""cx_sur_surveys""]",Số lượng khảo sát theo từng điểm chạm khách hàng và nhóm sản phẩm là bao nhiêu?,,,
25,Top 10 điểm chạm khách hàng có nhiều khảo sát nhất là gì?,"{""measures"":[""cx_sur_surveys.survey_count""],""dimensions"":[""cx_sur_surveys.touchpoint_bucket""],""order"":{""cx_sur_surveys.survey_count"":""desc""},""limit"":10}",cx_cso,"[""cx_sur_surveys""]",Top 10 điểm chạm khách hàng có nhiều khảo sát nhất là gì?,,,
26,Top 5 giai đoạn hành trình khách hàng có nhiều khảo sát nhất là gì?,"{""measures"":[""cx_sur_surveys.survey_count""],""dimensions"":[""cx_sur_surveys.journey_bucket""],""order"":{""cx_sur_surveys.survey_count"":""desc""},""limit"":5}",cx_cso,"[""cx_sur_surveys""]",Top 5 giai đoạn hành trình khách hàng có nhiều khảo sát nhất là gì?,,,
27,Xu hướng khảo sát theo loại khảo sát và tháng trong năm 2025 như thế nào?,"{""measures"":[""cx_sur_surveys.survey_count""],""dimensions"":[""cx_sur_surveys.survey_type_bucket""],""timeDimensions"":[{""dimension"":""cx_sur_surveys.created_at"",""granularity"":""month"",""dateRange"":[""2025-01-01"",""2025-12-31""]}]}",cx_cso,"[""cx_sur_surveys""]",Xu hướng khảo sát theo loại khảo sát và tháng trong năm 2025 như thế nào?,,,
28,So sánh số lượng khảo sát giữa các nhóm sản phẩm theo từng giai đoạn hành trình khách hàng là gì?,"{""measures"":[""cx_sur_surveys.survey_count""],""dimensions"":[""cx_sur_surveys.product_category"",""cx_sur_surveys.journey_bucket""]}",cx_cso,"[""cx_sur_surveys""]",So sánh số lượng khảo sát giữa các nhóm sản phẩm theo từng giai đoạn hành trình khách hàng là gì?,,,
29,Cơ cấu khảo sát theo điểm chạm khách hàng trong năm 2025 là gì?,"{""measures"":[""cx_sur_surveys.survey_count""],""dimensions"":[""cx_sur_surveys.touchpoint_bucket""],""timeDimensions"":[{""dimension"":""cx_sur_surveys.created_at"",""dateRange"":[""2025-01-01"",""2025-12-31""]}]}",cx_cso,"[""cx_sur_surveys""]",Cơ cấu khảo sát theo điểm chạm khách hàng trong năm 2025 là gì?,,,
30,Nhóm sản phẩm nào có nhiều khảo sát nhất trong từng giai đoạn hành trình khách hàng?,"{""measures"":[""cx_sur_surveys.survey_count""],""dimensions"":[""cx_sur_surveys.journey_bucket"",""cx_sur_surveys.product_category""],""order"":{""cx_sur_surveys.survey_count"":""desc""}}",cx_cso,"[""cx_sur_surveys""]",Nhóm sản phẩm nào có nhiều khảo sát nhất trong từng giai đoạn hành trình khách hàng?,,,
31,Số lượng khảo sát theo từng điểm chạm khách hàng theo tháng là bao nhiêu?,"{""measures"":[""cx_sur_surveys.survey_count""],""dimensions"":[""cx_sur_surveys.touchpoint_bucket""],""timeDimensions"":[{""dimension"":""cx_sur_surveys.created_at"",""granularity"":""month""}]}",cx_cso,"[""cx_sur_surveys""]",Số lượng khảo sát theo từng điểm chạm khách hàng theo tháng là bao nhiêu?,,,
32,Xu hướng khảo sát theo hành trình khách hàng theo tháng trong năm 2025 như thế nào?,"{""measures"":[""cx_sur_surveys.survey_count""],""dimensions"":[""cx_sur_surveys.journey_bucket""],""timeDimensions"":[{""dimension"":""cx_sur_surveys.created_at"",""granularity"":""month"",""dateRange"":[""2025-01-01"",""2025-12-31""]}]}",cx_cso,"[""cx_sur_surveys""]",Xu hướng khảo sát theo hành trình khách hàng theo tháng trong năm 2025 như thế nào?,,,
33,Điểm chạm khách hàng nào có ít khảo sát nhất?,"{""measures"":[""cx_sur_surveys.survey_count""],""dimensions"":[""cx_sur_surveys.touchpoint_bucket""],""order"":{""cx_sur_surveys.survey_count"":""asc""},""limit"":1}",cx_cso,"[""cx_sur_surveys""]",Điểm chạm khách hàng nào có ít khảo sát nhất?,,,
34,Trong năm 2025 tháng nào có nhiều khảo sát nhất?,"{""measures"":[""cx_sur_surveys.survey_count""],""timeDimensions"":[{""dimension"":""cx_sur_surveys.created_at"",""granularity"":""month"",""dateRange"":[""2025-01-01"",""2025-12-31""]}],""order"":{""cx_sur_surveys.survey_count"":""desc""},""limit"":1}",cx_cso,"[""cx_sur_surveys""]",Trong năm 2025 tháng nào có nhiều khảo sát nhất?,,,
35,Trong năm 2025 tháng nào có ít khảo sát nhất?,"{""measures"":[""cx_sur_surveys.survey_count""],""timeDimensions"":[{""dimension"":""cx_sur_surveys.created_at"",""granularity"":""month"",""dateRange"":[""2025-01-01"",""2025-12-31""]}],""order"":{""cx_sur_surveys.survey_count"":""asc""},""limit"":1}",cx_cso,"[""cx_sur_surveys""]",Trong năm 2025 tháng nào có ít khảo sát nhất?,,,
36,Tổng số khảo sát theo từng loại khảo sát và nhóm sản phẩm là bao nhiêu?,"{""measures"":[""cx_sur_surveys.survey_count""],""dimensions"":[""cx_sur_surveys.survey_type_bucket"",""cx_sur_surveys.product_category""]}",cx_cso,"[""cx_sur_surveys""]",Tổng số khảo sát theo từng loại khảo sát và nhóm sản phẩm là bao nhiêu?,,,
37,Xu hướng khảo sát theo nhóm sản phẩm và điểm chạm khách hàng theo tháng như thế nào?,"{""measures"":[""cx_sur_surveys.survey_count""],""dimensions"":[""cx_sur_surveys.product_category"",""cx_sur_surveys.touchpoint_bucket""],""timeDimensions"":[{""dimension"":""cx_sur_surveys.created_at"",""granularity"":""month""}]}",cx_cso,"[""cx_sur_surveys""]",Xu hướng khảo sát theo nhóm sản phẩm và điểm chạm khách hàng theo tháng như thế nào?,,,
38,Có bao nhiêu khảo sát được tạo theo từng tháng trong năm gần nhất?,"{""measures"":[""cx_sur_surveys.survey_count""],""timeDimensions"":[{""dimension"":""cx_sur_surveys.created_at"",""granularity"":""month""}]}",cx_cso,"[""cx_sur_surveys""]",Có bao nhiêu khảo sát được tạo theo từng tháng trong năm gần nhất?,,,
39,Điểm chạm khách hàng nào có nhiều khảo sát nhất theo từng nhóm sản phẩm?,"{""measures"":[""cx_sur_surveys.survey_count""],""dimensions"":[""cx_sur_surveys.product_category"",""cx_sur_surveys.touchpoint_bucket""],""order"":{""cx_sur_surveys.survey_count"":""desc""}}",cx_cso,"[""cx_sur_surveys""]",Điểm chạm khách hàng nào có nhiều khảo sát nhất theo từng nhóm sản phẩm?,,,
40,Nhóm sản phẩm nào có nhiều khảo sát nhất theo từng điểm chạm khách hàng?,"{""measures"":[""cx_sur_surveys.survey_count""],""dimensions"":[""cx_sur_surveys.touchpoint_bucket"",""cx_sur_surveys.product_category""],""order"":{""cx_sur_surveys.survey_count"":""desc""}}",cx_cso,"[""cx_sur_surveys""]",Nhóm sản phẩm nào có nhiều khảo sát nhất theo từng điểm chạm khách hàng?,,,
41,Tổng số khảo sát theo từng loại khảo sát trong năm 2024 là bao nhiêu?,"{""measures"":[""cx_sur_surveys.survey_count""],""dimensions"":[""cx_sur_surveys.survey_type_bucket""],""timeDimensions"":[{""dimension"":""cx_sur_surveys.created_at"",""dateRange"":[""2024-01-01"",""2024-12-31""]}]}",cx_cso,"[""cx_sur_surveys""]",Tổng số khảo sát theo từng loại khảo sát trong năm 2024 là bao nhiêu?,,,
42,Xu hướng số lượng khảo sát theo loại khảo sát theo quý trong năm 2025 như thế nào?,"{""measures"":[""cx_sur_surveys.survey_count""],""dimensions"":[""cx_sur_surveys.survey_type_bucket""],""timeDimensions"":[{""dimension"":""cx_sur_surveys.created_at"",""granularity"":""quarter"",""dateRange"":[""2025-01-01"",""2025-12-31""]}]}",cx_cso,"[""cx_sur_surveys""]",Xu hướng số lượng khảo sát theo loại khảo sát theo quý trong năm 2025 như thế nào?,,,
43,Số lượng khảo sát theo từng giai đoạn hành trình khách hàng và loại khảo sát là bao nhiêu?,"{""measures"":[""cx_sur_surveys.survey_count""],""dimensions"":[""cx_sur_surveys.journey_bucket"",""cx_sur_surveys.survey_type_bucket""]}",cx_cso,"[""cx_sur_surveys""]",Số lượng khảo sát theo từng giai đoạn hành trình khách hàng và loại khảo sát là bao nhiêu?,,,
44,Cơ cấu khảo sát theo nhóm sản phẩm và loại khảo sát là gì?,"{""measures"":[""cx_sur_surveys.survey_count""],""dimensions"":[""cx_sur_surveys.product_category"",""cx_sur_surveys.survey_type_bucket""]}",cx_cso,"[""cx_sur_surveys""]",Cơ cấu khảo sát theo nhóm sản phẩm và loại khảo sát là gì?,,,
45,Top 5 điểm chạm khách hàng có nhiều khảo sát nhất trong năm 2025 là gì?,"{""measures"":[""cx_sur_surveys.survey_count""],""dimensions"":[""cx_sur_surveys.touchpoint_bucket""],""timeDimensions"":[{""dimension"":""cx_sur_surveys.created_at"",""dateRange"":[""2025-01-01"",""2025-12-31""]}],""order"":{""cx_sur_surveys.survey_count"":""desc""},""limit"":5}",cx_cso,"[""cx_sur_surveys""]",Top 5 điểm chạm khách hàng có nhiều khảo sát nhất trong năm 2025 là gì?,,,
46,Giai đoạn hành trình khách hàng nào có ít khảo sát nhất trong năm 2025?,"{""measures"":[""cx_sur_surveys.survey_count""],""dimensions"":[""cx_sur_surveys.journey_bucket""],""timeDimensions"":[{""dimension"":""cx_sur_surveys.created_at"",""dateRange"":[""2025-01-01"",""2025-12-31""]}],""order"":{""cx_sur_surveys.survey_count"":""asc""},""limit"":1}",cx_cso,"[""cx_sur_surveys""]",Giai đoạn hành trình khách hàng nào có ít khảo sát nhất trong năm 2025?,,,
47,Xu hướng số lượng khảo sát theo điểm chạm khách hàng theo quý trong năm 2025 như thế nào?,"{""measures"":[""cx_sur_surveys.survey_count""],""dimensions"":[""cx_sur_surveys.touchpoint_bucket""],""timeDimensions"":[{""dimension"":""cx_sur_surveys.created_at"",""granularity"":""quarter"",""dateRange"":[""2025-01-01"",""2025-12-31""]}]}",cx_cso,"[""cx_sur_surveys""]",Xu hướng số lượng khảo sát theo điểm chạm khách hàng theo quý trong năm 2025 như thế nào?,,,
48,Số lượng khảo sát theo từng nhóm sản phẩm và điểm chạm khách hàng trong năm 2025 là bao nhiêu?,"{""measures"":[""cx_sur_surveys.survey_count""],""dimensions"":[""cx_sur_surveys.product_category"",""cx_sur_surveys.touchpoint_bucket""],""timeDimensions"":[{""dimension"":""cx_sur_surveys.created_at"",""dateRange"":[""2025-01-01"",""2025-12-31""]}]}",cx_cso,"[""cx_sur_surveys""]",Số lượng khảo sát theo từng nhóm sản phẩm và điểm chạm khách hàng trong năm 2025 là bao nhiêu?,,,
49,Trong năm 2025 nhóm sản phẩm nào có nhiều khảo sát nhất theo từng giai đoạn hành trình khách hàng?,"{""measures"":[""cx_sur_surveys.survey_count""],""dimensions"":[""cx_sur_surveys.journey_bucket"",""cx_sur_surveys.product_category""],""timeDimensions"":[{""dimension"":""cx_sur_surveys.created_at"",""dateRange"":[""2025-01-01"",""2025-12-31""]}],""order"":{""cx_sur_surveys.survey_count"":""desc""}}",cx_cso,"[""cx_sur_surveys""]",Trong năm 2025 nhóm sản phẩm nào có nhiều khảo sát nhất theo từng giai đoạn hành trình khách hàng?,,,
,,,,,,,,
51,Số lượng khảo sát trung bình mỗi tháng trong năm 2025 là bao nhiêu?,"{""measures"":[""cx_sur_surveys.survey_record_count""],""timeDimensions"":[{""dimension"":""cx_sur_surveys.created_at"",""granularity"":""month"",""dateRange"":[""2025-01-01"",""2025-12-31""]}]}",cx_cso,"[""cx_sur_surveys""]",Số lượng khảo sát trung bình mỗi tháng trong năm 2025 là bao nhiêu?,,,
52,Xu hướng số lượng khảo sát theo nhóm sản phẩm theo quý trong năm 2025 như thế nào?,"{""measures"":[""cx_sur_surveys.survey_count""],""dimensions"":[""cx_sur_surveys.product_category""],""timeDimensions"":[{""dimension"":""cx_sur_surveys.created_at"",""granularity"":""quarter"",""dateRange"":[""2025-01-01"",""2025-12-31""]}]}",cx_cso,"[""cx_sur_surveys""]",Xu hướng số lượng khảo sát theo nhóm sản phẩm theo quý trong năm 2025 như thế nào?,,,
53,Trong năm 2025 có bao nhiêu khảo sát được tạo theo từng quý?,"{""measures"":[""cx_sur_surveys.survey_count""],""timeDimensions"":[{""dimension"":""cx_sur_surveys.created_at"",""granularity"":""quarter"",""dateRange"":[""2025-01-01"",""2025-12-31""]}]}",cx_cso,"[""cx_sur_surveys""]",Trong năm 2025 có bao nhiêu khảo sát được tạo theo từng quý?,,,
54,So sánh số lượng khảo sát theo nhóm sản phẩm giữa năm 2024 và năm 2025 là gì?,"{""measures"":[""cx_sur_surveys.survey_count""],""dimensions"":[""cx_sur_surveys.product_category""],""timeDimensions"":[{""dimension"":""cx_sur_surveys.created_at"",""granularity"":""year"",""dateRange"":[""2024-01-01"",""2025-12-31""]}]}",cx_cso,"[""cx_sur_surveys""]",So sánh số lượng khảo sát theo nhóm sản phẩm giữa năm 2024 và năm 2025 là gì?,,,
55,Số lượng khảo sát theo từng thư mục khảo sát là bao nhiêu?,"{""measures"":[""cx_sur_surveys.survey_count""],""dimensions"":[""cx_sur_surveys.folder_name""]}",cx_cso,"[""cx_sur_surveys""]",Số lượng khảo sát theo từng thư mục khảo sát là bao nhiêu?,,,
56,Top 5 thư mục khảo sát có nhiều khảo sát nhất là gì?,"{""measures"":[""cx_sur_surveys.survey_count""],""dimensions"":[""cx_sur_surveys.folder_name""],""order"":{""cx_sur_surveys.survey_count"":""desc""},""limit"":5}",cx_cso,"[""cx_sur_surveys""]",Top 5 thư mục khảo sát có nhiều khảo sát nhất là gì?,,,
57,Xu hướng số lượng khảo sát theo thư mục khảo sát theo tháng là gì?,"{""measures"":[""cx_sur_surveys.survey_count""],""dimensions"":[""cx_sur_surveys.folder_name""],""timeDimensions"":[{""dimension"":""cx_sur_surveys.created_at"",""granularity"":""month""}]}",cx_cso,"[""cx_sur_surveys""]",Xu hướng số lượng khảo sát theo thư mục khảo sát theo tháng là gì?,,,
58,Trong năm 2025 thư mục khảo sát nào có nhiều khảo sát nhất?,"{""measures"":[""cx_sur_surveys.survey_count""],""dimensions"":[""cx_sur_surveys.folder_name""],""timeDimensions"":[{""dimension"":""cx_sur_surveys.created_at"",""dateRange"":[""2025-01-01"",""2025-12-31""]}],""order"":{""cx_sur_surveys.survey_count"":""desc""},""limit"":1}",cx_cso,"[""cx_sur_surveys""]",Trong năm 2025 thư mục khảo sát nào có nhiều khảo sát nhất?,,,
59,Có tháng nào trong năm 2025 số lượng khảo sát giảm mạnh so với tháng trước không?,"{""measures"":[""cx_sur_surveys.survey_count""],""timeDimensions"":[{""dimension"":""cx_sur_surveys.created_at"",""granularity"":""month"",""dateRange"":[""2025-01-01"",""2025-12-31""]}]}",cx_cso,"[""cx_sur_surveys""]",Có tháng nào trong năm 2025 số lượng khảo sát giảm mạnh so với tháng trước không?,,,
60,Số lượng khảo sát theo từng giai đoạn hành trình khách hàng theo năm là bao nhiêu?,"{""measures"":[""cx_sur_surveys.survey_count""],""dimensions"":[""cx_sur_surveys.journey_bucket""],""timeDimensions"":[{""dimension"":""cx_sur_surveys.created_at"",""granularity"":""year""}]}",cx_cso,"[""cx_sur_surveys""]",Số lượng khảo sát theo từng giai đoạn hành trình khách hàng theo năm là bao nhiêu?,,,
1,Tổng số phản hồi khảo sát trong năm 2025 là bao nhiêu?,"{""measures"":[""cx_sur_question_response.response_count""],""timeDimensions"":[{""dimension"":""cx_sur_question_response.collected_date"",""dateRange"":[""2025-01-01"",""2025-12-31""]}]}",cx_cso,"[""cx_sur_question_response""]",Tổng số phản hồi khảo sát trong năm 2025 là bao nhiêu?,,,
2,Số lượng phản hồi khảo sát theo từng nhóm sản phẩm là bao nhiêu?,"{""measures"":[""cx_sur_question_response.response_count""],""dimensions"":[""cx_sur_question_response.product_category""]}",cx_cso,"[""cx_sur_question_response""]",Số lượng phản hồi khảo sát theo từng nhóm sản phẩm là bao nhiêu?,,,
3,Xu hướng số lượng phản hồi khảo sát theo tháng trong năm 2025 như thế nào?,"{""measures"":[""cx_sur_question_response.response_count""],""timeDimensions"":[{""dimension"":""cx_sur_question_response.collected_date"",""granularity"":""month"",""dateRange"":[""2025-01-01"",""2025-12-31""]}]}",cx_cso,"[""cx_sur_question_response""]",Xu hướng số lượng phản hồi khảo sát theo tháng trong năm 2025 như thế nào?,,,
4,Giá trị NPS trung bình trong năm 2025 là bao nhiêu?,"{""measures"":[""cx_sur_question_response.nps_score""],""timeDimensions"":[{""dimension"":""cx_sur_question_response.collected_date"",""dateRange"":[""2025-01-01"",""2025-12-31""]}]}",cx_cso,"[""cx_sur_question_response""]",Giá trị NPS trung bình trong năm 2025 là bao nhiêu?,,,
5,NPS theo từng nhóm sản phẩm là bao nhiêu?,"{""measures"":[""cx_sur_question_response.nps_score""],""dimensions"":[""cx_sur_question_response.product_category""]}",cx_cso,"[""cx_sur_question_response""]",NPS theo từng nhóm sản phẩm là bao nhiêu?,,,
6,Top 5 nhóm sản phẩm có NPS cao nhất là gì?,"{""measures"":[""cx_sur_question_response.nps_score""],""dimensions"":[""cx_sur_question_response.product_category""],""order"":{""cx_sur_question_response.nps_score"":""desc""},""limit"":5}",cx_cso,"[""cx_sur_question_response""]",Top 5 nhóm sản phẩm có NPS cao nhất là gì?,,,
7,Nhóm sản phẩm nào có NPS thấp nhất?,"{""measures"":[""cx_sur_question_response.nps_score""],""dimensions"":[""cx_sur_question_response.product_category""],""order"":{""cx_sur_question_response.nps_score"":""asc""},""limit"":1}",cx_cso,"[""cx_sur_question_response""]",Nhóm sản phẩm nào có NPS thấp nhất?,,,
,,,,,,,,
9,"Số lượng Promoter, Passive và Detractor là bao nhiêu?","{""measures"":[""cx_sur_question_response.promoter_count"",""cx_sur_question_response.passive_count"",""cx_sur_question_response.detractor_count""]}",cx_cso,"[""cx_sur_question_response""]","Số lượng Promoter, Passive và Detractor là bao nhiêu?",,,
10,CSAT trung bình theo nhóm sản phẩm là bao nhiêu?,"{""measures"":[""cx_sur_question_response.csat_score""],""dimensions"":[""cx_sur_question_response.product_category""]}",cx_cso,"[""cx_sur_question_response""]",CSAT trung bình theo nhóm sản phẩm là bao nhiêu?,,,
11,Xu hướng CSAT theo tháng trong năm 2025 như thế nào?,"{""measures"":[""cx_sur_question_response.csat_score""],""timeDimensions"":[{""dimension"":""cx_sur_question_response.collected_date"",""granularity"":""month"",""dateRange"":[""2025-01-01"",""2025-12-31""]}]}",cx_cso,"[""cx_sur_question_response""]",Xu hướng CSAT theo tháng trong năm 2025 như thế nào?,,,
12,Giá trị CES trung bình theo nhóm sản phẩm là bao nhiêu?,"{""measures"":[""cx_sur_question_response.ces_score""],""dimensions"":[""cx_sur_question_response.product_category""]}",cx_cso,"[""cx_sur_question_response""]",Giá trị CES trung bình theo nhóm sản phẩm là bao nhiêu?,,,
13,Điểm CSAT cao nhất thuộc về nhóm sản phẩm nào?,"{""measures"":[""cx_sur_question_response.csat_score""],""dimensions"":[""cx_sur_question_response.product_category""],""order"":{""cx_sur_question_response.csat_score"":""desc""},""limit"":1}",cx_cso,"[""cx_sur_question_response""]",Điểm CSAT cao nhất thuộc về nhóm sản phẩm nào?,,,
14,Điểm CSAT thấp nhất thuộc về nhóm sản phẩm nào?,"{""measures"":[""cx_sur_question_response.csat_score""],""dimensions"":[""cx_sur_question_response.product_category""],""order"":{""cx_sur_question_response.csat_score"":""asc""},""limit"":1}",cx_cso,"[""cx_sur_question_response""]",Điểm CSAT thấp nhất thuộc về nhóm sản phẩm nào?,,,
15,Số lượng người trả lời khảo sát duy nhất trong năm 2025 là bao nhiêu?,"{""measures"":[""cx_sur_question_response.distinct_respondent_count""],""timeDimensions"":[{""dimension"":""cx_sur_question_response.collected_date"",""dateRange"":[""2025-01-01"",""2025-12-31""]}]}",cx_cso,"[""cx_sur_question_response""]",Số lượng người trả lời khảo sát duy nhất trong năm 2025 là bao nhiêu?,,,
16,Số lượng phản hồi khảo sát theo từng loại KPI CX là bao nhiêu?,"{""measures"":[""cx_sur_question_response.response_count""],""dimensions"":[""cx_sur_question_response.kpi_type_bucket""]}",cx_cso,"[""cx_sur_question_response""]",Số lượng phản hồi khảo sát theo từng loại KPI CX là bao nhiêu?,,,
17,Xu hướng NPS theo tháng trong năm 2025 như thế nào?,"{""measures"":[""cx_sur_question_response.nps_score""],""timeDimensions"":[{""dimension"":""cx_sur_question_response.collected_date"",""granularity"":""month"",""dateRange"":[""2025-01-01"",""2025-12-31""]}]}",cx_cso,"[""cx_sur_question_response""]",Xu hướng NPS theo tháng trong năm 2025 như thế nào?,,,
18,So sánh CSAT giữa các nhóm sản phẩm là gì?,"{""measures"":[""cx_sur_question_response.csat_score""],""dimensions"":[""cx_sur_question_response.product_category""]}",cx_cso,"[""cx_sur_question_response""]",So sánh CSAT giữa các nhóm sản phẩm là gì?,,,
19,Trong năm 2025 tháng nào có số phản hồi khảo sát cao nhất?,"{""measures"":[""cx_sur_question_response.response_count""],""timeDimensions"":[{""dimension"":""cx_sur_question_response.collected_date"",""granularity"":""month"",""dateRange"":[""2025-01-01"",""2025-12-31""]}],""order"":{""cx_sur_question_response.response_count"":""desc""},""limit"":1}",cx_cso,"[""cx_sur_question_response""]",Trong năm 2025 tháng nào có số phản hồi khảo sát cao nhất?,,,
20,Có tháng nào trong năm 2025 số phản hồi khảo sát giảm bất thường so với các tháng khác không?,"{""measures"":[""cx_sur_question_response.response_count""],""timeDimensions"":[{""dimension"":""cx_sur_question_response.collected_date"",""granularity"":""month"",""dateRange"":[""2025-01-01"",""2025-12-31""]}]}",cx_cso,"[""cx_sur_question_response""]",Có tháng nào trong năm 2025 số phản hồi khảo sát giảm bất thường so với các tháng khác không?,,,
21,Tổng số phản hồi khảo sát trong năm 2025 là bao nhiêu?,"{""measures"":[""cx_sur_question_response.response_count""],""timeDimensions"":[{""dimension"":""cx_sur_question_response.collected_date"",""dateRange"":[""2025-01-01"",""2025-12-31""]}]}",cx_cso,"[""cx_sur_question_response""]",Tổng số phản hồi khảo sát trong năm 2025 là bao nhiêu?,,,
22,Số lượng người phản hồi khảo sát duy nhất trong quý 1 năm 2025 là bao nhiêu?,"{""measures"":[""cx_sur_question_response.distinct_respondent_count""],""timeDimensions"":[{""dimension"":""cx_sur_question_response.collected_date"",""dateRange"":[""2025-01-01"",""2025-03-31""]}]}",cx_cso,"[""cx_sur_question_response""]",Số lượng người phản hồi khảo sát duy nhất trong quý 1 năm 2025 là bao nhiêu?,,,
23,Điểm CSAT trung bình theo từng nhóm sản phẩm trong năm 2025 là bao nhiêu?,"{""measures"":[""cx_sur_question_response.csat_score""],""dimensions"":[""cx_sur_question_response.product_category""],""timeDimensions"":[{""dimension"":""cx_sur_question_response.collected_date"",""dateRange"":[""2025-01-01"",""2025-12-31""]}]}",cx_cso,"[""cx_sur_question_response""]",Điểm CSAT trung bình theo từng nhóm sản phẩm trong năm 2025 là bao nhiêu?,,,
24,Xu hướng điểm NPS theo tháng trong năm 2025 như thế nào?,"{""measures"":[""cx_sur_question_response.nps_score""],""timeDimensions"":[{""dimension"":""cx_sur_question_response.collected_date"",""granularity"":""month"",""dateRange"":[""2025-01-01"",""2025-12-31""]}]}",cx_cso,"[""cx_sur_question_response""]",Xu hướng điểm NPS theo tháng trong năm 2025 như thế nào?,,,
25,"Số phản hồi khảo sát theo từng loại KPI (NPS, CSAT, CES, CRR) trong năm 2025 là bao nhiêu?","{""measures"":[""cx_sur_question_response.response_count""],""dimensions"":[""cx_sur_question_response.kpi_type""],""timeDimensions"":[{""dimension"":""cx_sur_question_response.collected_date"",""dateRange"":[""2025-01-01"",""2025-12-31""]}]}",cx_cso,"[""cx_sur_question_response""]",Số phản hồi khảo sát theo từng loại KPI trong năm 2025 là bao nhiêu?,,,
26,Nhóm sản phẩm nào có số phản hồi khảo sát nhiều nhất trong năm 2025?,"{""measures"":[""cx_sur_question_response.response_count""],""dimensions"":[""cx_sur_question_response.product_category""],""timeDimensions"":[{""dimension"":""cx_sur_question_response.collected_date"",""dateRange"":[""2025-01-01"",""2025-12-31""]}],""order"":{""cx_sur_question_response.response_count"":""desc""}}",cx_cso,"[""cx_sur_question_response""]",Nhóm sản phẩm nào có số phản hồi khảo sát nhiều nhất trong năm 2025?,,,
27,Điểm CES trung bình theo từng loại tương tác khách hàng trong năm 2025 là bao nhiêu?,"{""measures"":[""cx_sur_question_response.ces_score""],""dimensions"":[""cx_sur_question_response.customer_touchpoint""],""timeDimensions"":[{""dimension"":""cx_sur_question_response.collected_date"",""dateRange"":[""2025-01-01"",""2025-12-31""]}]}",cx_cso,"[""cx_sur_question_response""]",Điểm CES trung bình theo từng loại tương tác khách hàng trong năm 2025 là bao nhiêu?,,,
,,,,,,,,
29,Số phản hồi khảo sát theo từng loại câu hỏi trong năm 2025 là bao nhiêu?,"{""measures"":[""cx_sur_question_response.response_count""],""dimensions"":[""cx_sur_question_response.question_type""],""timeDimensions"":[{""dimension"":""cx_sur_question_response.collected_date"",""dateRange"":[""2025-01-01"",""2025-12-31""]}]}",cx_cso,"[""cx_sur_question_response""]",Số phản hồi khảo sát theo từng loại câu hỏi trong năm 2025 là bao nhiêu?,,,
30,Điểm trung bình câu trả lời khảo sát theo từng câu hỏi trong năm 2025 là bao nhiêu?,"{""measures"":[""cx_sur_question_response.avg_score""],""dimensions"":[""cx_sur_question_response.question_clean""],""timeDimensions"":[{""dimension"":""cx_sur_question_response.collected_date"",""dateRange"":[""2025-01-01"",""2025-12-31""]}]}",cx_cso,"[""cx_sur_question_response""]",Điểm trung bình câu trả lời khảo sát theo từng câu hỏi trong năm 2025 là bao nhiêu?,,,
31,Xu hướng số phản hồi khảo sát theo tháng trong năm 2025 như thế nào?,"{""measures"":[""cx_sur_question_response.response_count""],""timeDimensions"":[{""dimension"":""cx_sur_question_response.collected_date"",""granularity"":""month"",""dateRange"":[""2025-01-01"",""2025-12-31""]}]}",cx_cso,"[""cx_sur_question_response""]",Xu hướng số phản hồi khảo sát theo tháng trong năm 2025 như thế nào?,,,
32,Nhóm sản phẩm nào có điểm NPS cao nhất trong năm 2025?,"{""measures"":[""cx_sur_question_response.nps_score""],""dimensions"":[""cx_sur_question_response.product_category""],""timeDimensions"":[{""dimension"":""cx_sur_question_response.collected_date"",""dateRange"":[""2025-01-01"",""2025-12-31""]}],""order"":{""cx_sur_question_response.nps_score"":""desc""}}",cx_cso,"[""cx_sur_question_response""]",Nhóm sản phẩm nào có điểm NPS cao nhất trong năm 2025?,,,
33,Nhóm sản phẩm nào có điểm CSAT thấp nhất trong năm 2025?,"{""measures"":[""cx_sur_question_response.csat_score""],""dimensions"":[""cx_sur_question_response.product_category""],""timeDimensions"":[{""dimension"":""cx_sur_question_response.collected_date"",""dateRange"":[""2025-01-01"",""2025-12-31""]}],""order"":{""cx_sur_question_response.csat_score"":""asc""}}",cx_cso,"[""cx_sur_question_response""]",Nhóm sản phẩm nào có điểm CSAT thấp nhất trong năm 2025?,,,
34,Số lượng phản hồi khảo sát theo từng nhóm KPI trong năm 2025 là bao nhiêu?,"{""measures"":[""cx_sur_question_response.response_count""],""dimensions"":[""cx_sur_question_response.kpi_group""],""timeDimensions"":[{""dimension"":""cx_sur_question_response.collected_date"",""dateRange"":[""2025-01-01"",""2025-12-31""]}]}",cx_cso,"[""cx_sur_question_response""]",Số lượng phản hồi khảo sát theo từng nhóm KPI trong năm 2025 là bao nhiêu?,,,
35,Số lượng promoter theo từng nhóm sản phẩm trong năm 2025 là bao nhiêu?,"{""measures"":[""cx_sur_question_response.promoter_count""],""dimensions"":[""cx_sur_question_response.product_category""],""timeDimensions"":[{""dimension"":""cx_sur_question_response.collected_date"",""dateRange"":[""2025-01-01"",""2025-12-31""]}]}",cx_cso,"[""cx_sur_question_response""]",Số lượng promoter theo từng nhóm sản phẩm trong năm 2025 là bao nhiêu?,,,
36,Số lượng detractor theo từng nhóm sản phẩm trong năm 2025 là bao nhiêu?,"{""measures"":[""cx_sur_question_response.detractor_count""],""dimensions"":[""cx_sur_question_response.product_category""],""timeDimensions"":[{""dimension"":""cx_sur_question_response.collected_date"",""dateRange"":[""2025-01-01"",""2025-12-31""]}]}",cx_cso,"[""cx_sur_question_response""]",Số lượng detractor theo từng nhóm sản phẩm trong năm 2025 là bao nhiêu?,,,
37,So sánh điểm CES trung bình giữa các loại tương tác khách hàng trong năm 2025.,"{""measures"":[""cx_sur_question_response.ces_score""],""dimensions"":[""cx_sur_question_response.customer_touchpoint""],""timeDimensions"":[{""dimension"":""cx_sur_question_response.collected_date"",""dateRange"":[""2025-01-01"",""2025-12-31""]}]}",cx_cso,"[""cx_sur_question_response""]",So sánh điểm CES trung bình giữa các loại tương tác khách hàng trong năm 2025.,,,
38,Điểm NPS trung bình theo từng loại tương tác khách hàng trong năm 2025 là bao nhiêu?,"{""measures"":[""cx_sur_question_response.nps_score""],""dimensions"":[""cx_sur_question_response.customer_touchpoint""],""timeDimensions"":[{""dimension"":""cx_sur_question_response.collected_date"",""dateRange"":[""2025-01-01"",""2025-12-31""]}]}",cx_cso,"[""cx_sur_question_response""]",Điểm NPS trung bình theo từng loại tương tác khách hàng trong năm 2025 là bao nhiêu?,,,
39,Tháng nào trong năm 2025 có số phản hồi khảo sát cao nhất?,"{""measures"":[""cx_sur_question_response.response_count""],""timeDimensions"":[{""dimension"":""cx_sur_question_response.collected_date"",""granularity"":""month"",""dateRange"":[""2025-01-01"",""2025-12-31""]}],""order"":{""cx_sur_question_response.response_count"":""desc""}}",cx_cso,"[""cx_sur_question_response""]",Tháng nào trong năm 2025 có số phản hồi khảo sát cao nhất?,,,
40,Trong năm 2025 có tháng nào điểm NPS giảm mạnh so với các tháng khác không?,"{""measures"":[""cx_sur_question_response.nps_score""],""timeDimensions"":[{""dimension"":""cx_sur_question_response.collected_date"",""granularity"":""month"",""dateRange"":[""2025-01-01"",""2025-12-31""]}]}",cx_cso,"[""cx_sur_question_response""]",Trong năm 2025 có tháng nào điểm NPS giảm mạnh so với các tháng khác không?,,,
41,Tổng điểm khảo sát thu thập được trong năm 2025 là bao nhiêu?,"{""measures"":[""cx_sur_question_response.total_score""],""timeDimensions"":[{""dimension"":""cx_sur_question_response.collected_date"",""dateRange"":[""2025-01-01"",""2025-12-31""]}]}",cx_cso,"[""cx_sur_question_response""]",Tổng điểm khảo sát thu thập được trong năm 2025 là bao nhiêu?,,,
42,Số phản hồi khảo sát theo từng nhóm sản phẩm trong quý 1 năm 2025 là bao nhiêu?,"{""measures"":[""cx_sur_question_response.response_count""],""dimensions"":[""cx_sur_question_response.product_category""],""timeDimensions"":[{""dimension"":""cx_sur_question_response.collected_date"",""dateRange"":[""2025-01-01"",""2025-03-31""]}]}",cx_cso,"[""cx_sur_question_response""]",Số phản hồi khảo sát theo từng nhóm sản phẩm trong quý 1 năm 2025 là bao nhiêu?,,,
43,Xu hướng điểm CSAT theo tháng trong năm 2024 như thế nào?,"{""measures"":[""cx_sur_question_response.csat_score""],""timeDimensions"":[{""dimension"":""cx_sur_question_response.collected_date"",""granularity"":""month"",""dateRange"":[""2024-01-01"",""2024-12-31""]}]}",cx_cso,"[""cx_sur_question_response""]",Xu hướng điểm CSAT theo tháng trong năm 2024 như thế nào?,,,
44,Có bao nhiêu phản hồi khảo sát cho từng loại tương tác khách hàng trong năm 2025?,"{""measures"":[""cx_sur_question_response.response_count""],""dimensions"":[""cx_sur_question_response.customer_touchpoint""],""timeDimensions"":[{""dimension"":""cx_sur_question_response.collected_date"",""dateRange"":[""2025-01-01"",""2025-12-31""]}]}",cx_cso,"[""cx_sur_question_response""]",Có bao nhiêu phản hồi khảo sát cho từng loại tương tác khách hàng trong năm 2025?,,,
45,Số lượng câu hỏi khảo sát khác nhau được trả lời trong năm 2025 là bao nhiêu?,"{""measures"":[""cx_sur_question_response.distinct_response_count""],""dimensions"":[""cx_sur_question_response.question_id""],""timeDimensions"":[{""dimension"":""cx_sur_question_response.collected_date"",""dateRange"":[""2025-01-01"",""2025-12-31""]}]}",cx_cso,"[""cx_sur_question_response""]",Số lượng câu hỏi khảo sát khác nhau được trả lời trong năm 2025 là bao nhiêu?,,,
46,Phân bố số phản hồi khảo sát theo loại KPI trong năm 2025 như thế nào?,"{""measures"":[""cx_sur_question_response.response_count""],""dimensions"":[""cx_sur_question_response.kpi_type_bucket""],""timeDimensions"":[{""dimension"":""cx_sur_question_response.collected_date"",""dateRange"":[""2025-01-01"",""2025-12-31""]}]}",cx_cso,"[""cx_sur_question_response""]",Phân bố số phản hồi khảo sát theo loại KPI trong năm 2025 như thế nào?,,,
47,Nhóm sản phẩm nào có số lượng detractor cao nhất trong năm 2025?,"{""measures"":[""cx_sur_question_response.detractor_count""],""dimensions"":[""cx_sur_question_response.product_category""],""timeDimensions"":[{""dimension"":""cx_sur_question_response.collected_date"",""dateRange"":[""2025-01-01"",""2025-12-31""]}],""order"":{""cx_sur_question_response.detractor_count"":""desc""}}",cx_cso,"[""cx_sur_question_response""]",Nhóm sản phẩm nào có số lượng detractor cao nhất trong năm 2025?,,,
48,Số lượng promoter theo từng loại tương tác khách hàng trong năm 2025 là bao nhiêu?,"{""measures"":[""cx_sur_question_response.promoter_count""],""dimensions"":[""cx_sur_question_response.customer_touchpoint""],""timeDimensions"":[{""dimension"":""cx_sur_question_response.collected_date"",""dateRange"":[""2025-01-01"",""2025-12-31""]}]}",cx_cso,"[""cx_sur_question_response""]",Số lượng promoter theo từng loại tương tác khách hàng trong năm 2025 là bao nhiêu?,,,
49,Điểm trung bình khảo sát theo từng loại câu hỏi trong năm 2025 là bao nhiêu?,"{""measures"":[""cx_sur_question_response.avg_score""],""dimensions"":[""cx_sur_question_response.question_type""],""timeDimensions"":[{""dimension"":""cx_sur_question_response.collected_date"",""dateRange"":[""2025-01-01"",""2025-12-31""]}]}",cx_cso,"[""cx_sur_question_response""]",Điểm trung bình khảo sát theo từng loại câu hỏi trong năm 2025 là bao nhiêu?,,,
50,Có bao nhiêu phản hồi khảo sát cho từng lựa chọn trả lời trong năm 2025?,"{""measures"":[""cx_sur_question_response.response_count""],""dimensions"":[""cx_sur_question_response.choice_content""],""timeDimensions"":[{""dimension"":""cx_sur_question_response.collected_date"",""dateRange"":[""2025-01-01"",""2025-12-31""]}]}",cx_cso,"[""cx_sur_question_response""]",Có bao nhiêu phản hồi khảo sát cho từng lựa chọn trả lời trong năm 2025?,,,
51,Xu hướng số lượng promoter theo tháng trong năm 2025 như thế nào?,"{""measures"":[""cx_sur_question_response.promoter_count""],""timeDimensions"":[{""dimension"":""cx_sur_question_response.collected_date"",""granularity"":""month"",""dateRange"":[""2025-01-01"",""2025-12-31""]}]}",cx_cso,"[""cx_sur_question_response""]",Xu hướng số lượng promoter theo tháng trong năm 2025 như thế nào?,,,
52,Xu hướng số lượng detractor theo tháng trong năm 2025 như thế nào?,"{""measures"":[""cx_sur_question_response.detractor_count""],""timeDimensions"":[{""dimension"":""cx_sur_question_response.collected_date"",""granularity"":""month"",""dateRange"":[""2025-01-01"",""2025-12-31""]}]}",cx_cso,"[""cx_sur_question_response""]",Xu hướng số lượng detractor theo tháng trong năm 2025 như thế nào?,,,
53,Số lượng phản hồi khảo sát theo từng câu hỏi khảo sát trong năm 2025 là bao nhiêu?,"{""measures"":[""cx_sur_question_response.response_count""],""dimensions"":[""cx_sur_question_response.question_clean""],""timeDimensions"":[{""dimension"":""cx_sur_question_response.collected_date"",""dateRange"":[""2025-01-01"",""2025-12-31""]}]}",cx_cso,"[""cx_sur_question_response""]",Số lượng phản hồi khảo sát theo từng câu hỏi khảo sát trong năm 2025 là bao nhiêu?,,,
54,Nhóm sản phẩm nào có số phản hồi khảo sát thấp nhất trong năm 2025?,"{""measures"":[""cx_sur_question_response.response_count""],""dimensions"":[""cx_sur_question_response.product_category""],""timeDimensions"":[{""dimension"":""cx_sur_question_response.collected_date"",""dateRange"":[""2025-01-01"",""2025-12-31""]}],""order"":{""cx_sur_question_response.response_count"":""asc""}}",cx_cso,"[""cx_sur_question_response""]",Nhóm sản phẩm nào có số phản hồi khảo sát thấp nhất trong năm 2025?,,,
55,Trong năm 2025 có bao nhiêu người phản hồi khảo sát cho từng nhóm sản phẩm?,"{""measures"":[""cx_sur_question_response.distinct_respondent_count""],""dimensions"":[""cx_sur_question_response.product_category""],""timeDimensions"":[{""dimension"":""cx_sur_question_response.collected_date"",""dateRange"":[""2025-01-01"",""2025-12-31""]}]}",cx_cso,"[""cx_sur_question_response""]",Trong năm 2025 có bao nhiêu người phản hồi khảo sát cho từng nhóm sản phẩm?,,,
56,So sánh điểm CSAT trung bình giữa các nhóm sản phẩm trong năm 2025.,"{""measures"":[""cx_sur_question_response.csat_score""],""dimensions"":[""cx_sur_question_response.product_category""],""timeDimensions"":[{""dimension"":""cx_sur_question_response.collected_date"",""dateRange"":[""2025-01-01"",""2025-12-31""]}]}",cx_cso,"[""cx_sur_question_response""]",So sánh điểm CSAT trung bình giữa các nhóm sản phẩm trong năm 2025.,,,
57,So sánh điểm CES trung bình giữa các nhóm sản phẩm trong năm 2025.,"{""measures"":[""cx_sur_question_response.ces_score""],""dimensions"":[""cx_sur_question_response.product_category""],""timeDimensions"":[{""dimension"":""cx_sur_question_response.collected_date"",""dateRange"":[""2025-01-01"",""2025-12-31""]}]}",cx_cso,"[""cx_sur_question_response""]",So sánh điểm CES trung bình giữa các nhóm sản phẩm trong năm 2025.,,,
58,Trong năm 2025 có tháng nào số phản hồi khảo sát tăng đột biến không?,"{""measures"":[""cx_sur_question_response.response_count""],""timeDimensions"":[{""dimension"":""cx_sur_question_response.collected_date"",""granularity"":""month"",""dateRange"":[""2025-01-01"",""2025-12-31""]}]}",cx_cso,"[""cx_sur_question_response""]",Trong năm 2025 có tháng nào số phản hồi khảo sát tăng đột biến không?,,,
59,Có bao nhiêu phản hồi khảo sát theo từng item_score_label trong năm 2025?,"{""measures"":[""cx_sur_question_response.response_count""],""dimensions"":[""cx_sur_question_response.item_score_label""],""timeDimensions"":[{""dimension"":""cx_sur_question_response.collected_date"",""dateRange"":[""2025-01-01"",""2025-12-31""]}]}",cx_cso,"[""cx_sur_question_response""]",Có bao nhiêu phản hồi khảo sát theo từng item_score_label trong năm 2025?,,,
60,Xu hướng điểm trung bình khảo sát theo tháng trong năm 2025 như thế nào?,"{""measures"":[""cx_sur_question_response.avg_score""],""timeDimensions"":[{""dimension"":""cx_sur_question_response.collected_date"",""granularity"":""month"",""dateRange"":[""2025-01-01"",""2025-12-31""]}]}",cx_cso,"[""cx_sur_question_response""]",Xu hướng điểm trung bình khảo sát theo tháng trong năm 2025 như thế nào?,,,
1,Có tổng cộng bao nhiêu lựa chọn trả lời trong toàn bộ hệ thống khảo sát?,"{""measures"":[""cx_sur_question_answer_choices.answer_choice_count""]}",cx_cso,"[""cx_sur_question_answer_choices""]",Có tổng cộng bao nhiêu lựa chọn trả lời trong toàn bộ hệ thống khảo sát?,,,
2,Có bao nhiêu câu hỏi khảo sát duy nhất trong hệ thống?,"{""measures"":[""cx_sur_question_answer_choices.distinct_question_count""]}",cx_cso,"[""cx_sur_question_answer_choices""]",Có bao nhiêu câu hỏi khảo sát duy nhất trong hệ thống?,,,
3,Có bao nhiêu khảo sát khác nhau trong dataset?,"{""measures"":[""cx_sur_question_answer_choices.distinct_survey_count""]}",cx_cso,"[""cx_sur_question_answer_choices""]",Có bao nhiêu khảo sát khác nhau trong dataset?,,,
4,Số lượng lựa chọn trả lời theo từng loại KPI CX là bao nhiêu?,"{""measures"":[""cx_sur_question_answer_choices.answer_choice_count""],""dimensions"":[""cx_sur_question_answer_choices.kpi_type""]}",cx_cso,"[""cx_sur_question_answer_choices""]",Số lượng lựa chọn trả lời theo từng loại KPI CX là bao nhiêu?,,,
5,Số lượng câu hỏi khảo sát theo từng nhóm sản phẩm là bao nhiêu?,"{""measures"":[""cx_sur_question_answer_choices.distinct_question_count""],""dimensions"":[""cx_sur_question_answer_choices.product_category""]}",cx_cso,"[""cx_sur_question_answer_choices""]",Số lượng câu hỏi khảo sát theo từng nhóm sản phẩm là bao nhiêu?,,,
6,Phân bố số lượng câu hỏi khảo sát theo từng giai đoạn hành trình khách hàng là như thế nào?,"{""measures"":[""cx_sur_question_answer_choices.distinct_question_count""],""dimensions"":[""cx_sur_question_answer_choices.journey""]}",cx_cso,"[""cx_sur_question_answer_choices""]",Phân bố số lượng câu hỏi khảo sát theo từng giai đoạn hành trình khách hàng là như thế nào?,,,
7,Số lượng lựa chọn trả lời theo từng điểm chạm khách hàng là bao nhiêu?,"{""measures"":[""cx_sur_question_answer_choices.answer_choice_count""],""dimensions"":[""cx_sur_question_answer_choices.customer_touchpoint""]}",cx_cso,"[""cx_sur_question_answer_choices""]",Số lượng lựa chọn trả lời theo từng điểm chạm khách hàng là bao nhiêu?,,,
8,Loại KPI CX nào có nhiều câu hỏi khảo sát nhất?,"{""measures"":[""cx_sur_question_answer_choices.distinct_question_count""],""dimensions"":[""cx_sur_question_answer_choices.kpi_type""],""order"":{""cx_sur_question_answer_choices.distinct_question_count"":""desc""}}",cx_cso,"[""cx_sur_question_answer_choices""]",Loại KPI CX nào có nhiều câu hỏi khảo sát nhất?,,,
9,Loại KPI CX nào có ít câu hỏi khảo sát nhất?,"{""measures"":[""cx_sur_question_answer_choices.distinct_question_count""],""dimensions"":[""cx_sur_question_answer_choices.kpi_type""],""order"":{""cx_sur_question_answer_choices.distinct_question_count"":""asc""}}",cx_cso,"[""cx_sur_question_answer_choices""]",Loại KPI CX nào có ít câu hỏi khảo sát nhất?,,,
10,Nhóm sản phẩm nào có nhiều lựa chọn trả lời nhất trong các khảo sát?,"{""measures"":[""cx_sur_question_answer_choices.answer_choice_count""],""dimensions"":[""cx_sur_question_answer_choices.product_category""],""order"":{""cx_sur_question_answer_choices.answer_choice_count"":""desc""}}",cx_cso,"[""cx_sur_question_answer_choices""]",Nhóm sản phẩm nào có nhiều lựa chọn trả lời nhất trong các khảo sát?,,,
11,Nhóm sản phẩm nào có ít lựa chọn trả lời nhất trong khảo sát?,"{""measures"":[""cx_sur_question_answer_choices.answer_choice_count""],""dimensions"":[""cx_sur_question_answer_choices.product_category""],""order"":{""cx_sur_question_answer_choices.answer_choice_count"":""asc""}}",cx_cso,"[""cx_sur_question_answer_choices""]",Nhóm sản phẩm nào có ít lựa chọn trả lời nhất trong khảo sát?,,,
12,So sánh số lượng câu hỏi khảo sát giữa các loại KPI CX.,"{""measures"":[""cx_sur_question_answer_choices.distinct_question_count""],""dimensions"":[""cx_sur_question_answer_choices.kpi_type""]}",cx_cso,"[""cx_sur_question_answer_choices""]",So sánh số lượng câu hỏi khảo sát giữa các loại KPI CX.,,,
13,So sánh số lượng câu hỏi khảo sát giữa các giai đoạn hành trình khách hàng.,"{""measures"":[""cx_sur_question_answer_choices.distinct_question_count""],""dimensions"":[""cx_sur_question_answer_choices.journey""]}",cx_cso,"[""cx_sur_question_answer_choices""]",So sánh số lượng câu hỏi khảo sát giữa các giai đoạn hành trình khách hàng.,,,
14,Phân bố số lượng lựa chọn trả lời theo từng loại câu hỏi khảo sát là như thế nào?,"{""measures"":[""cx_sur_question_answer_choices.answer_choice_count""],""dimensions"":[""cx_sur_question_answer_choices.question_type""]}",cx_cso,"[""cx_sur_question_answer_choices""]",Phân bố số lượng lựa chọn trả lời theo từng loại câu hỏi khảo sát là như thế nào?,,,
15,Điểm chạm khách hàng nào có nhiều câu hỏi khảo sát nhất?,"{""measures"":[""cx_sur_question_answer_choices.distinct_question_count""],""dimensions"":[""cx_sur_question_answer_choices.customer_touchpoint""],""order"":{""cx_sur_question_answer_choices.distinct_question_count"":""desc""}}",cx_cso,"[""cx_sur_question_answer_choices""]",Điểm chạm khách hàng nào có nhiều câu hỏi khảo sát nhất?,,,
16,Giai đoạn hành trình khách hàng nào có nhiều lựa chọn trả lời nhất trong khảo sát?,"{""measures"":[""cx_sur_question_answer_choices.answer_choice_count""],""dimensions"":[""cx_sur_question_answer_choices.journey""],""order"":{""cx_sur_question_answer_choices.answer_choice_count"":""desc""}}",cx_cso,"[""cx_sur_question_answer_choices""]",Giai đoạn hành trình khách hàng nào có nhiều lựa chọn trả lời nhất trong khảo sát?,,,
17,Có bao nhiêu loại KPI CX khác nhau được sử dụng trong khảo sát?,"{""measures"":[""cx_sur_question_answer_choices.distinct_kpi_type_count""]}",cx_cso,"[""cx_sur_question_answer_choices""]",Có bao nhiêu loại KPI CX khác nhau được sử dụng trong khảo sát?,,,
18,Có bao nhiêu nhóm sản phẩm khác nhau xuất hiện trong khảo sát khách hàng?,"{""measures"":[""cx_sur_question_answer_choices.distinct_product_category_count""]}",cx_cso,"[""cx_sur_question_answer_choices""]",Có bao nhiêu nhóm sản phẩm khác nhau xuất hiện trong khảo sát khách hàng?,,,
19,Có bao nhiêu giai đoạn hành trình khách hàng khác nhau được đo lường trong khảo sát?,"{""measures"":[""cx_sur_question_answer_choices.distinct_journey_count""]}",cx_cso,"[""cx_sur_question_answer_choices""]",Có bao nhiêu giai đoạn hành trình khách hàng khác nhau được đo lường trong khảo sát?,,,
20,Điểm chạm khách hàng nào có số lượng lựa chọn trả lời bất thường cao so với các điểm chạm khác?,"{""measures"":[""cx_sur_question_answer_choices.answer_choice_count""],""dimensions"":[""cx_sur_question_answer_choices.customer_touchpoint""]}",cx_cso,"[""cx_sur_question_answer_choices""]",Điểm chạm khách hàng nào có số lượng lựa chọn trả lời bất thường cao so với các điểm chạm khác?,,,
21,Mỗi loại KPI CX có bao nhiêu khảo sát khác nhau?,"{""measures"":[""cx_sur_question_answer_choices.distinct_survey_count""],""dimensions"":[""cx_sur_question_answer_choices.kpi_type""]}",cx_cso,"[""cx_sur_question_answer_choices""]",Mỗi loại KPI CX có bao nhiêu khảo sát khác nhau?,,,
22,Mỗi nhóm sản phẩm có bao nhiêu khảo sát CX khác nhau?,"{""measures"":[""cx_sur_question_answer_choices.distinct_survey_count""],""dimensions"":[""cx_sur_question_answer_choices.product_category""]}",cx_cso,"[""cx_sur_question_answer_choices""]",Mỗi nhóm sản phẩm có bao nhiêu khảo sát CX khác nhau?,,,
23,Phân bố số lượng khảo sát theo từng giai đoạn hành trình khách hàng là như thế nào?,"{""measures"":[""cx_sur_question_answer_choices.distinct_survey_count""],""dimensions"":[""cx_sur_question_answer_choices.journey""]}",cx_cso,"[""cx_sur_question_answer_choices""]",Phân bố số lượng khảo sát theo từng giai đoạn hành trình khách hàng là như thế nào?,,,
24,Điểm chạm khách hàng nào có nhiều khảo sát CX nhất?,"{""measures"":[""cx_sur_question_answer_choices.distinct_survey_count""],""dimensions"":[""cx_sur_question_answer_choices.customer_touchpoint""],""order"":{""cx_sur_question_answer_choices.distinct_survey_count"":""desc""}}",cx_cso,"[""cx_sur_question_answer_choices""]",Điểm chạm khách hàng nào có nhiều khảo sát CX nhất?,,,
25,Điểm chạm khách hàng nào có ít khảo sát CX nhất?,"{""measures"":[""cx_sur_question_answer_choices.distinct_survey_count""],""dimensions"":[""cx_sur_question_answer_choices.customer_touchpoint""],""order"":{""cx_sur_question_answer_choices.distinct_survey_count"":""asc""}}",cx_cso,"[""cx_sur_question_answer_choices""]",Điểm chạm khách hàng nào có ít khảo sát CX nhất?,,,
26,Số lượng lựa chọn trả lời theo từng loại KPI CX và nhóm sản phẩm là bao nhiêu?,"{""measures"":[""cx_sur_question_answer_choices.answer_choice_count""],""dimensions"":[""cx_sur_question_answer_choices.kpi_type"",""cx_sur_question_answer_choices.product_category""]}",cx_cso,"[""cx_sur_question_answer_choices""]",Số lượng lựa chọn trả lời theo từng loại KPI CX và nhóm sản phẩm là bao nhiêu?,,,
27,Số lượng câu hỏi khảo sát theo từng loại KPI CX và giai đoạn hành trình khách hàng là bao nhiêu?,"{""measures"":[""cx_sur_question_answer_choices.distinct_question_count""],""dimensions"":[""cx_sur_question_answer_choices.kpi_type"",""cx_sur_question_answer_choices.journey""]}",cx_cso,"[""cx_sur_question_answer_choices""]",Số lượng câu hỏi khảo sát theo từng loại KPI CX và giai đoạn hành trình khách hàng là bao nhiêu?,,,
28,"Trong mỗi giai đoạn hành trình khách hàng, có bao nhiêu loại KPI CX khác nhau được sử dụng?","{""measures"":[""cx_sur_question_answer_choices.distinct_kpi_type_count""],""dimensions"":[""cx_sur_question_answer_choices.journey""]}",cx_cso,"[""cx_sur_question_answer_choices""]","Trong mỗi giai đoạn hành trình khách hàng, có bao nhiêu loại KPI CX khác nhau được sử dụng?",,,
29,Nhóm sản phẩm nào có nhiều câu hỏi khảo sát CX nhất?,"{""measures"":[""cx_sur_question_answer_choices.distinct_question_count""],""dimensions"":[""cx_sur_question_answer_choices.product_category""],""order"":{""cx_sur_question_answer_choices.distinct_question_count"":""desc""}}",cx_cso,"[""cx_sur_question_answer_choices""]",Nhóm sản phẩm nào có nhiều câu hỏi khảo sát CX nhất?,,,
30,Nhóm sản phẩm nào có ít câu hỏi khảo sát CX nhất?,"{""measures"":[""cx_sur_question_answer_choices.distinct_question_count""],""dimensions"":[""cx_sur_question_answer_choices.product_category""],""order"":{""cx_sur_question_answer_choices.distinct_question_count"":""asc""}}",cx_cso,"[""cx_sur_question_answer_choices""]",Nhóm sản phẩm nào có ít câu hỏi khảo sát CX nhất?,,,
31,Mỗi loại câu hỏi khảo sát có bao nhiêu lựa chọn trả lời trung bình?,"{""measures"":[""cx_sur_question_answer_choices.answer_choice_count""],""dimensions"":[""cx_sur_question_answer_choices.question_type""]}",cx_cso,"[""cx_sur_question_answer_choices""]",Mỗi loại câu hỏi khảo sát có bao nhiêu lựa chọn trả lời trung bình?,,,
32,Câu hỏi khảo sát nào có nhiều lựa chọn trả lời nhất?,"{""measures"":[""cx_sur_question_answer_choices.answer_choice_count""],""dimensions"":[""cx_sur_question_answer_choices.question_clean""],""order"":{""cx_sur_question_answer_choices.answer_choice_count"":""desc""}}",cx_cso,"[""cx_sur_question_answer_choices""]",Câu hỏi khảo sát nào có nhiều lựa chọn trả lời nhất?,,,
33,Câu hỏi khảo sát nào có ít lựa chọn trả lời nhất?,"{""measures"":[""cx_sur_question_answer_choices.answer_choice_count""],""dimensions"":[""cx_sur_question_answer_choices.question_clean""],""order"":{""cx_sur_question_answer_choices.answer_choice_count"":""asc""}}",cx_cso,"[""cx_sur_question_answer_choices""]",Câu hỏi khảo sát nào có ít lựa chọn trả lời nhất?,,,
34,Số lượng lựa chọn trả lời theo từng giai đoạn hành trình khách hàng và điểm chạm là bao nhiêu?,"{""measures"":[""cx_sur_question_answer_choices.answer_choice_count""],""dimensions"":[""cx_sur_question_answer_choices.journey"",""cx_sur_question_answer_choices.customer_touchpoint""]}",cx_cso,"[""cx_sur_question_answer_choices""]",Số lượng lựa chọn trả lời theo từng giai đoạn hành trình khách hàng và điểm chạm là bao nhiêu?,,,
35,Giai đoạn hành trình khách hàng nào có nhiều câu hỏi khảo sát nhất?,"{""measures"":[""cx_sur_question_answer_choices.distinct_question_count""],""dimensions"":[""cx_sur_question_answer_choices.journey""],""order"":{""cx_sur_question_answer_choices.distinct_question_count"":""desc""}}",cx_cso,"[""cx_sur_question_answer_choices""]",Giai đoạn hành trình khách hàng nào có nhiều câu hỏi khảo sát nhất?,,,
36,Giai đoạn hành trình khách hàng nào có ít câu hỏi khảo sát nhất?,"{""measures"":[""cx_sur_question_answer_choices.distinct_question_count""],""dimensions"":[""cx_sur_question_answer_choices.journey""],""order"":{""cx_sur_question_answer_choices.distinct_question_count"":""asc""}}",cx_cso,"[""cx_sur_question_answer_choices""]",Giai đoạn hành trình khách hàng nào có ít câu hỏi khảo sát nhất?,,,
37,Điểm chạm khách hàng nào có nhiều câu hỏi khảo sát nhất?,"{""measures"":[""cx_sur_question_answer_choices.distinct_question_count""],""dimensions"":[""cx_sur_question_answer_choices.customer_touchpoint""],""order"":{""cx_sur_question_answer_choices.distinct_question_count"":""desc""}}",cx_cso,"[""cx_sur_question_answer_choices""]",Điểm chạm khách hàng nào có nhiều câu hỏi khảo sát nhất?,,,
38,Điểm chạm khách hàng nào có ít câu hỏi khảo sát nhất?,"{""measures"":[""cx_sur_question_answer_choices.distinct_question_count""],""dimensions"":[""cx_sur_question_answer_choices.customer_touchpoint""],""order"":{""cx_sur_question_answer_choices.distinct_question_count"":""asc""}}",cx_cso,"[""cx_sur_question_answer_choices""]",Điểm chạm khách hàng nào có ít câu hỏi khảo sát nhất?,,,
39,Phân bố số lượng câu hỏi khảo sát theo từng loại câu hỏi và KPI CX là như thế nào?,"{""measures"":[""cx_sur_question_answer_choices.distinct_question_count""],""dimensions"":[""cx_sur_question_answer_choices.question_type"",""cx_sur_question_answer_choices.kpi_type""]}",cx_cso,"[""cx_sur_question_answer_choices""]",Phân bố số lượng câu hỏi khảo sát theo từng loại câu hỏi và KPI CX là như thế nào?,,,
40,Có điểm chạm khách hàng nào có số lượng câu hỏi khảo sát bất thường so với các điểm chạm khác không?,"{""measures"":[""cx_sur_question_answer_choices.distinct_question_count""],""dimensions"":[""cx_sur_question_answer_choices.customer_touchpoint""]}",cx_cso,"[""cx_sur_question_answer_choices""]",Có điểm chạm khách hàng nào có số lượng câu hỏi khảo sát bất thường so với các điểm chạm khác không?,,,
41,Mỗi loại KPI CX được sử dụng trong bao nhiêu nhóm sản phẩm khác nhau?,"{""measures"":[""cx_sur_question_answer_choices.distinct_product_category_count""],""dimensions"":[""cx_sur_question_answer_choices.kpi_type""]}",cx_cso,"[""cx_sur_question_answer_choices""]",Mỗi loại KPI CX được sử dụng trong bao nhiêu nhóm sản phẩm khác nhau?,,,
42,Mỗi nhóm sản phẩm đang sử dụng bao nhiêu loại KPI CX khác nhau trong khảo sát?,"{""measures"":[""cx_sur_question_answer_choices.distinct_kpi_type_count""],""dimensions"":[""cx_sur_question_answer_choices.product_category""]}",cx_cso,"[""cx_sur_question_answer_choices""]",Mỗi nhóm sản phẩm đang sử dụng bao nhiêu loại KPI CX khác nhau trong khảo sát?,,,
43,Mỗi giai đoạn hành trình khách hàng có bao nhiêu nhóm sản phẩm khác nhau được khảo sát?,"{""measures"":[""cx_sur_question_answer_choices.distinct_product_category_count""],""dimensions"":[""cx_sur_question_answer_choices.journey""]}",cx_cso,"[""cx_sur_question_answer_choices""]",Mỗi giai đoạn hành trình khách hàng có bao nhiêu nhóm sản phẩm khác nhau được khảo sát?,,,
44,Mỗi điểm chạm khách hàng có bao nhiêu loại KPI CX được đo lường?,"{""measures"":[""cx_sur_question_answer_choices.distinct_kpi_type_count""],""dimensions"":[""cx_sur_question_answer_choices.customer_touchpoint""]}",cx_cso,"[""cx_sur_question_answer_choices""]",Mỗi điểm chạm khách hàng có bao nhiêu loại KPI CX được đo lường?,,,
45,Nhóm sản phẩm nào có phạm vi đo lường CX rộng nhất theo số giai đoạn hành trình khách hàng?,"{""measures"":[""cx_sur_question_answer_choices.distinct_journey_count""],""dimensions"":[""cx_sur_question_answer_choices.product_category""],""order"":{""cx_sur_question_answer_choices.distinct_journey_count"":""desc""}}",cx_cso,"[""cx_sur_question_answer_choices""]",Nhóm sản phẩm nào có phạm vi đo lường CX rộng nhất theo số giai đoạn hành trình khách hàng?,,,
46,Nhóm sản phẩm nào có phạm vi đo lường CX hẹp nhất theo hành trình khách hàng?,"{""measures"":[""cx_sur_question_answer_choices.distinct_journey_count""],""dimensions"":[""cx_sur_question_answer_choices.product_category""],""order"":{""cx_sur_question_answer_choices.distinct_journey_count"":""asc""}}",cx_cso,"[""cx_sur_question_answer_choices""]",Nhóm sản phẩm nào có phạm vi đo lường CX hẹp nhất theo hành trình khách hàng?,,,
47,KPI CX nào được đo lường ở nhiều điểm chạm khách hàng nhất?,"{""measures"":[""cx_sur_question_answer_choices.distinct_question_count""],""dimensions"":[""cx_sur_question_answer_choices.kpi_type"",""cx_sur_question_answer_choices.customer_touchpoint""]}",cx_cso,"[""cx_sur_question_answer_choices""]",KPI CX nào được đo lường ở nhiều điểm chạm khách hàng nhất?,,,
48,Giai đoạn hành trình khách hàng nào có nhiều nhóm sản phẩm tham gia khảo sát CX nhất?,"{""measures"":[""cx_sur_question_answer_choices.distinct_product_category_count""],""dimensions"":[""cx_sur_question_answer_choices.journey""],""order"":{""cx_sur_question_answer_choices.distinct_product_category_count"":""desc""}}",cx_cso,"[""cx_sur_question_answer_choices""]",Giai đoạn hành trình khách hàng nào có nhiều nhóm sản phẩm tham gia khảo sát CX nhất?,,,
49,Giai đoạn hành trình khách hàng nào có ít nhóm sản phẩm tham gia khảo sát CX nhất?,"{""measures"":[""cx_sur_question_answer_choices.distinct_product_category_count""],""dimensions"":[""cx_sur_question_answer_choices.journey""],""order"":{""cx_sur_question_answer_choices.distinct_product_category_count"":""asc""}}",cx_cso,"[""cx_sur_question_answer_choices""]",Giai đoạn hành trình khách hàng nào có ít nhóm sản phẩm tham gia khảo sát CX nhất?,,,
50,Điểm chạm khách hàng nào có nhiều nhóm sản phẩm được khảo sát CX nhất?,"{""measures"":[""cx_sur_question_answer_choices.distinct_product_category_count""],""dimensions"":[""cx_sur_question_answer_choices.customer_touchpoint""],""order"":{""cx_sur_question_answer_choices.distinct_product_category_count"":""desc""}}",cx_cso,"[""cx_sur_question_answer_choices""]",Điểm chạm khách hàng nào có nhiều nhóm sản phẩm được khảo sát CX nhất?,,,
51,Mỗi loại KPI CX có bao nhiêu câu hỏi khảo sát trung bình trên mỗi khảo sát?,"{""measures"":[""cx_sur_question_answer_choices.distinct_question_count""],""dimensions"":[""cx_sur_question_answer_choices.kpi_type""]}",cx_cso,"[""cx_sur_question_answer_choices""]",Mỗi loại KPI CX có bao nhiêu câu hỏi khảo sát trung bình trên mỗi khảo sát?,,,
52,Mỗi nhóm sản phẩm có bao nhiêu câu hỏi khảo sát CX trung bình?,"{""measures"":[""cx_sur_question_answer_choices.distinct_question_count""],""dimensions"":[""cx_sur_question_answer_choices.product_category""]}",cx_cso,"[""cx_sur_question_answer_choices""]",Mỗi nhóm sản phẩm có bao nhiêu câu hỏi khảo sát CX trung bình?,,,
53,Có KPI CX nào chỉ xuất hiện ở một giai đoạn hành trình khách hàng duy nhất không?,"{""measures"":[""cx_sur_question_answer_choices.distinct_journey_count""],""dimensions"":[""cx_sur_question_answer_choices.kpi_type""]}",cx_cso,"[""cx_sur_question_answer_choices""]",Có KPI CX nào chỉ xuất hiện ở một giai đoạn hành trình khách hàng duy nhất không?,,,
54,Có nhóm sản phẩm nào chỉ có khảo sát CX ở một điểm chạm khách hàng duy nhất không?,"{""measures"":[""cx_sur_question_answer_choices.distinct_question_count""],""dimensions"":[""cx_sur_question_answer_choices.product_category"",""cx_sur_question_answer_choices.customer_touchpoint""]}",cx_cso,"[""cx_sur_question_answer_choices""]",Có nhóm sản phẩm nào chỉ có khảo sát CX ở một điểm chạm khách hàng duy nhất không?,,,
55,Nhóm sản phẩm nào có cấu trúc khảo sát CX đa dạng nhất theo loại câu hỏi?,"{""measures"":[""cx_sur_question_answer_choices.answer_choice_count""],""dimensions"":[""cx_sur_question_answer_choices.product_category"",""cx_sur_question_answer_choices.question_type""]}",cx_cso,"[""cx_sur_question_answer_choices""]",Nhóm sản phẩm nào có cấu trúc khảo sát CX đa dạng nhất theo loại câu hỏi?,,,
56,Loại KPI CX nào được sử dụng trong nhiều nhóm sản phẩm nhất?,"{""measures"":[""cx_sur_question_answer_choices.distinct_product_category_count""],""dimensions"":[""cx_sur_question_answer_choices.kpi_type""],""order"":{""cx_sur_question_answer_choices.distinct_product_category_count"":""desc""}}",cx_cso,"[""cx_sur_question_answer_choices""]",Loại KPI CX nào được sử dụng trong nhiều nhóm sản phẩm nhất?,,,
57,Loại KPI CX nào được sử dụng trong ít nhóm sản phẩm nhất?,"{""measures"":[""cx_sur_question_answer_choices.distinct_product_category_count""],""dimensions"":[""cx_sur_question_answer_choices.kpi_type""],""order"":{""cx_sur_question_answer_choices.distinct_product_category_count"":""asc""}}",cx_cso,"[""cx_sur_question_answer_choices""]",Loại KPI CX nào được sử dụng trong ít nhóm sản phẩm nhất?,,,
58,Nhóm sản phẩm nào có nhiều điểm chạm khách hàng được khảo sát CX nhất?,"{""measures"":[""cx_sur_question_answer_choices.distinct_question_count""],""dimensions"":[""cx_sur_question_answer_choices.product_category"",""cx_sur_question_answer_choices.customer_touchpoint""]}",cx_cso,"[""cx_sur_question_answer_choices""]",Nhóm sản phẩm nào có nhiều điểm chạm khách hàng được khảo sát CX nhất?,,,
59,Có điểm chạm khách hàng nào chưa được đo lường bằng KPI NPS không?,"{""measures"":[""cx_sur_question_answer_choices.distinct_question_count""],""filters"":[{""member"":""cx_sur_question_answer_choices.kpi_type"",""operator"":""contains"",""values"":[""NPS""]}],""dimensions"":[""cx_sur_question_answer_choices.customer_touchpoint""]}",cx_cso,"[""cx_sur_question_answer_choices""]",Có điểm chạm khách hàng nào chưa được đo lường bằng KPI NPS không?,,,
60,Có giai đoạn hành trình khách hàng nào chưa có khảo sát CSAT không?,"{""measures"":[""cx_sur_question_answer_choices.distinct_question_count""],""filters"":[{""member"":""cx_sur_question_answer_choices.kpi_type"",""operator"":""contains"",""values"":[""CSAT""]}],""dimensions"":[""cx_sur_question_answer_choices.journey""]}",cx_cso,"[""cx_sur_question_answer_choices""]",Có giai đoạn hành trình khách hàng nào chưa có khảo sát CSAT không?,,,
1,Tổng số câu trả lời khảo sát khách hàng là bao nhiêu?,"{""measures"":[""cx_sur_question_response.response_count""]}",cx_cso,"[""cx_sur_question_response""]",Tổng số câu trả lời khảo sát khách hàng là bao nhiêu?,,,
2,Có bao nhiêu phản hồi khảo sát duy nhất từ khách hàng?,"{""measures"":[""cx_sur_question_response.distinct_response_count""]}",cx_cso,"[""cx_sur_question_response""]",Có bao nhiêu phản hồi khảo sát duy nhất từ khách hàng?,,,
3,Có bao nhiêu khách hàng khác nhau đã tham gia trả lời khảo sát?,"{""measures"":[""cx_sur_question_response.distinct_respondent_count""]}",cx_cso,"[""cx_sur_question_response""]",Có bao nhiêu khách hàng khác nhau đã tham gia trả lời khảo sát?,,,
4,Điểm hài lòng CSAT trung bình của khách hàng là bao nhiêu?,"{""measures"":[""cx_sur_question_response.csat_score""]}",cx_cso,"[""cx_sur_question_response""]",Điểm hài lòng CSAT trung bình của khách hàng là bao nhiêu?,,,
5,Điểm NPS tổng thể của khách hàng là bao nhiêu?,"{""measures"":[""cx_sur_question_response.nps_score""]}",cx_cso,"[""cx_sur_question_response""]",Điểm NPS tổng thể của khách hàng là bao nhiêu?,,,
6,Xu hướng điểm CSAT trung bình theo tháng như thế nào?,"{""measures"":[""cx_sur_question_response.csat_score""],""timeDimensions"":[{""dimension"":""cx_sur_question_response.collected_date"",""granularity"":""month""}]}",cx_cso,"[""cx_sur_question_response""]",Xu hướng điểm CSAT trung bình theo tháng như thế nào?,,,
7,Số lượng câu trả lời khảo sát theo từng nhóm sản phẩm là bao nhiêu?,"{""measures"":[""cx_sur_question_response.response_count""],""dimensions"":[""cx_sur_question_response.product_category""]}",cx_cso,"[""cx_sur_question_response""]",Số lượng câu trả lời khảo sát theo từng nhóm sản phẩm là bao nhiêu?,,,
8,Điểm CSAT trung bình theo từng nhóm sản phẩm là bao nhiêu?,"{""measures"":[""cx_sur_question_response.csat_score""],""dimensions"":[""cx_sur_question_response.product_category""]}",cx_cso,"[""cx_sur_question_response""]",Điểm CSAT trung bình theo từng nhóm sản phẩm là bao nhiêu?,,,
9,Nhóm sản phẩm nào có điểm CSAT cao nhất?,"{""measures"":[""cx_sur_question_response.csat_score""],""dimensions"":[""cx_sur_question_response.product_category""],""order"":{""cx_sur_question_response.csat_score"":""desc""}}",cx_cso,"[""cx_sur_question_response""]",Nhóm sản phẩm nào có điểm CSAT cao nhất?,,,
10,Nhóm sản phẩm nào có điểm CSAT thấp nhất?,"{""measures"":[""cx_sur_question_response.csat_score""],""dimensions"":[""cx_sur_question_response.product_category""],""order"":{""cx_sur_question_response.csat_score"":""asc""}}",cx_cso,"[""cx_sur_question_response""]",Nhóm sản phẩm nào có điểm CSAT thấp nhất?,,,
,,,,,,,,
13,Điểm NPS theo từng nhóm sản phẩm là bao nhiêu?,"{""measures"":[""cx_sur_question_response.nps_score""],""dimensions"":[""cx_sur_question_response.product_category""]}",cx_cso,"[""cx_sur_question_response""]",Điểm NPS theo từng nhóm sản phẩm là bao nhiêu?,,,
14,Điểm CES trung bình theo từng điểm chạm khách hàng là bao nhiêu?,"{""measures"":[""cx_sur_question_response.ces_score""],""dimensions"":[""cx_sur_question_response.customer_touchpoint""]}",cx_cso,"[""cx_sur_question_response""]",Điểm CES trung bình theo từng điểm chạm khách hàng là bao nhiêu?,,,
15,Điểm CSAT trung bình theo từng giai đoạn hành trình khách hàng là bao nhiêu?,"{""measures"":[""cx_sur_question_response.csat_score""],""dimensions"":[""cx_sur_question_response.journey""]}",cx_cso,"[""cx_sur_question_response""]",Điểm CSAT trung bình theo từng giai đoạn hành trình khách hàng là bao nhiêu?,,,
16,Giai đoạn hành trình khách hàng nào có điểm CSAT cao nhất?,"{""measures"":[""cx_sur_question_response.csat_score""],""dimensions"":[""cx_sur_question_response.journey""],""order"":{""cx_sur_question_response.csat_score"":""desc""}}",cx_cso,"[""cx_sur_question_response""]",Giai đoạn hành trình khách hàng nào có điểm CSAT cao nhất?,,,
17,Giai đoạn hành trình khách hàng nào có điểm CSAT thấp nhất?,"{""measures"":[""cx_sur_question_response.csat_score""],""dimensions"":[""cx_sur_question_response.journey""],""order"":{""cx_sur_question_response.csat_score"":""asc""}}",cx_cso,"[""cx_sur_question_response""]",Giai đoạn hành trình khách hàng nào có điểm CSAT thấp nhất?,,,
18,So sánh điểm NPS giữa các nhóm sản phẩm.,"{""measures"":[""cx_sur_question_response.nps_score""],""dimensions"":[""cx_sur_question_response.product_category""]}",cx_cso,"[""cx_sur_question_response""]",So sánh điểm NPS giữa các nhóm sản phẩm.,,,
19,Theo dõi số lượng phản hồi khảo sát theo tháng.,"{""measures"":[""cx_sur_question_response.response_count""],""timeDimensions"":[{""dimension"":""cx_sur_question_response.collected_date"",""granularity"":""month""}]}",cx_cso,"[""cx_sur_question_response""]",Theo dõi số lượng phản hồi khảo sát theo tháng.,,,
20,Có nhóm sản phẩm nào có điểm CSAT bất thường thấp so với các nhóm khác không?,"{""measures"":[""cx_sur_question_response.csat_score""],""dimensions"":[""cx_sur_question_response.product_category""]}",cx_cso,"[""cx_sur_question_response""]",Có nhóm sản phẩm nào có điểm CSAT bất thường thấp so với các nhóm khác không?,,,
21,Xu hướng điểm NPS theo tháng là như thế nào?,"{""measures"":[""cx_sur_question_response.nps_score""],""timeDimensions"":[{""dimension"":""cx_sur_question_response.collected_date"",""granularity"":""month""}]}",cx_cso,"[""cx_sur_question_response""]",Xu hướng điểm NPS theo tháng là như thế nào?,,,
22,Xu hướng điểm CES theo tháng là như thế nào?,"{""measures"":[""cx_sur_question_response.ces_score""],""timeDimensions"":[{""dimension"":""cx_sur_question_response.collected_date"",""granularity"":""month""}]}",cx_cso,"[""cx_sur_question_response""]",Xu hướng điểm CES theo tháng là như thế nào?,,,
23,Số lượng phản hồi khảo sát theo từng điểm chạm khách hàng là bao nhiêu?,"{""measures"":[""cx_sur_question_response.response_count""],""dimensions"":[""cx_sur_question_response.customer_touchpoint""]}",cx_cso,"[""cx_sur_question_response""]",Số lượng phản hồi khảo sát theo từng điểm chạm khách hàng là bao nhiêu?,,,
24,Điểm NPS theo từng điểm chạm khách hàng là bao nhiêu?,"{""measures"":[""cx_sur_question_response.nps_score""],""dimensions"":[""cx_sur_question_response.customer_touchpoint""]}",cx_cso,"[""cx_sur_question_response""]",Điểm NPS theo từng điểm chạm khách hàng là bao nhiêu?,,,
25,Điểm CES trung bình theo từng giai đoạn hành trình khách hàng là bao nhiêu?,"{""measures"":[""cx_sur_question_response.ces_score""],""dimensions"":[""cx_sur_question_response.journey""]}",cx_cso,"[""cx_sur_question_response""]",Điểm CES trung bình theo từng giai đoạn hành trình khách hàng là bao nhiêu?,,,
26,Những điểm chạm khách hàng nào có điểm NPS cao nhất?,"{""measures"":[""cx_sur_question_response.nps_score""],""dimensions"":[""cx_sur_question_response.customer_touchpoint""],""order"":{""cx_sur_question_response.nps_score"":""desc""}}",cx_cso,"[""cx_sur_question_response""]",Những điểm chạm khách hàng nào có điểm NPS cao nhất?,,,
27,Những điểm chạm khách hàng nào có điểm NPS thấp nhất?,"{""measures"":[""cx_sur_question_response.nps_score""],""dimensions"":[""cx_sur_question_response.customer_touchpoint""],""order"":{""cx_sur_question_response.nps_score"":""asc""}}",cx_cso,"[""cx_sur_question_response""]",Những điểm chạm khách hàng nào có điểm NPS thấp nhất?,,,
,,,,,,,,
,,,,,,,,
31,Điểm CSAT trung bình theo từng điểm chạm khách hàng là bao nhiêu?,"{""measures"":[""cx_sur_question_response.csat_score""],""dimensions"":[""cx_sur_question_response.customer_touchpoint""]}",cx_cso,"[""cx_sur_question_response""]",Điểm CSAT trung bình theo từng điểm chạm khách hàng là bao nhiêu?,,,
32,Điểm CSAT theo từng loại KPI CX là bao nhiêu?,"{""measures"":[""cx_sur_question_response.csat_score""],""dimensions"":[""cx_sur_question_response.kpi_type""]}",cx_cso,"[""cx_sur_question_response""]",Điểm CSAT theo từng loại KPI CX là bao nhiêu?,,,
33,Số lượng phản hồi khảo sát theo từng loại KPI CX là bao nhiêu?,"{""measures"":[""cx_sur_question_response.response_count""],""dimensions"":[""cx_sur_question_response.kpi_type""]}",cx_cso,"[""cx_sur_question_response""]",Số lượng phản hồi khảo sát theo từng loại KPI CX là bao nhiêu?,,,
34,Xu hướng số lượng phản hồi khảo sát theo tháng và theo nhóm sản phẩm là như thế nào?,"{""measures"":[""cx_sur_question_response.response_count""],""dimensions"":[""cx_sur_question_response.product_category""],""timeDimensions"":[{""dimension"":""cx_sur_question_response.collected_date"",""granularity"":""month""}]}",cx_cso,"[""cx_sur_question_response""]",Xu hướng số lượng phản hồi khảo sát theo tháng và theo nhóm sản phẩm là như thế nào?,,,
35,Xu hướng điểm CSAT theo từng nhóm sản phẩm theo tháng là như thế nào?,"{""measures"":[""cx_sur_question_response.csat_score""],""dimensions"":[""cx_sur_question_response.product_category""],""timeDimensions"":[{""dimension"":""cx_sur_question_response.collected_date"",""granularity"":""month""}]}",cx_cso,"[""cx_sur_question_response""]",Xu hướng điểm CSAT theo từng nhóm sản phẩm theo tháng là như thế nào?,,,
36,Xu hướng điểm NPS theo từng nhóm sản phẩm theo tháng là như thế nào?,"{""measures"":[""cx_sur_question_response.nps_score""],""dimensions"":[""cx_sur_question_response.product_category""],""timeDimensions"":[{""dimension"":""cx_sur_question_response.collected_date"",""granularity"":""month""}]}",cx_cso,"[""cx_sur_question_response""]",Xu hướng điểm NPS theo từng nhóm sản phẩm theo tháng là như thế nào?,,,
37,Điểm CSAT trung bình theo từng hành trình khách hàng và nhóm sản phẩm là bao nhiêu?,"{""measures"":[""cx_sur_question_response.csat_score""],""dimensions"":[""cx_sur_question_response.journey"",""cx_sur_question_response.product_category""]}",cx_cso,"[""cx_sur_question_response""]",Điểm CSAT trung bình theo từng hành trình khách hàng và nhóm sản phẩm là bao nhiêu?,,,
38,Điểm NPS theo từng hành trình khách hàng và điểm chạm là bao nhiêu?,"{""measures"":[""cx_sur_question_response.nps_score""],""dimensions"":[""cx_sur_question_response.journey"",""cx_sur_question_response.customer_touchpoint""]}",cx_cso,"[""cx_sur_question_response""]",Điểm NPS theo từng hành trình khách hàng và điểm chạm là bao nhiêu?,,,
39,Điểm CES theo từng nhóm sản phẩm và điểm chạm khách hàng là bao nhiêu?,"{""measures"":[""cx_sur_question_response.ces_score""],""dimensions"":[""cx_sur_question_response.product_category"",""cx_sur_question_response.customer_touchpoint""]}",cx_cso,"[""cx_sur_question_response""]",Điểm CES theo từng nhóm sản phẩm và điểm chạm khách hàng là bao nhiêu?,,,
40,Có điểm chạm khách hàng nào có điểm CSAT bất thường thấp so với các điểm chạm khác không?,"{""measures"":[""cx_sur_question_response.csat_score""],""dimensions"":[""cx_sur_question_response.customer_touchpoint""]}",cx_cso,"[""cx_sur_question_response""]",Có điểm chạm khách hàng nào có điểm CSAT bất thường thấp so với các điểm chạm khác không?,,,
1,Tổng số bản ghi tag trên ticket CSO là bao nhiêu?,"{""measures"":[""cx_cso_ticket_tags.tag_record_count""]}",cx_cso,"[""cx_cso_ticket_tags""]",Tổng số bản ghi tag trên ticket CSO là bao nhiêu?,,,
2,Có bao nhiêu ticket CSO duy nhất đã được gắn tag?,"{""measures"":[""cx_cso_ticket_tags.tagged_ticket_count""]}",cx_cso,"[""cx_cso_ticket_tags""]",Có bao nhiêu ticket CSO duy nhất đã được gắn tag?,,,
3,Có bao nhiêu tag khác nhau đã được sử dụng trên ticket CSO?,"{""measures"":[""cx_cso_ticket_tags.distinct_tag_count""]}",cx_cso,"[""cx_cso_ticket_tags""]",Có bao nhiêu tag khác nhau đã được sử dụng trên ticket CSO?,,,
4,Số tag trung bình trên mỗi ticket CSO là bao nhiêu?,"{""measures"":[""cx_cso_ticket_tags.avg_tags_per_ticket_proxy""]}",cx_cso,"[""cx_cso_ticket_tags""]",Số tag trung bình trên mỗi ticket CSO là bao nhiêu?,,,
5,Tổng số bản ghi tag trên ticket CSO theo từng tag là bao nhiêu?,"{""measures"":[""cx_cso_ticket_tags.tag_record_count""],""dimensions"":[""cx_cso_ticket_tags.tag_bucket""]}",cx_cso,"[""cx_cso_ticket_tags""]",Tổng số bản ghi tag trên ticket CSO theo từng tag là bao nhiêu?,,,
6,Xu hướng số bản ghi tag trên ticket CSO theo tháng là như thế nào?,"{""measures"":[""cx_cso_ticket_tags.tag_record_count""],""timeDimensions"":[{""dimension"":""cx_cso_ticket_tags.created_at"",""granularity"":""month""}]}",cx_cso,"[""cx_cso_ticket_tags""]",Xu hướng số bản ghi tag trên ticket CSO theo tháng là như thế nào?,,,
7,Xu hướng số ticket CSO được gắn tag theo tháng là như thế nào?,"{""measures"":[""cx_cso_ticket_tags.tagged_ticket_count""],""timeDimensions"":[{""dimension"":""cx_cso_ticket_tags.created_at"",""granularity"":""month""}]}",cx_cso,"[""cx_cso_ticket_tags""]",Xu hướng số ticket CSO được gắn tag theo tháng là như thế nào?,,,
8,Top 10 tag phổ biến nhất trên ticket CSO là gì dựa trên số bản ghi tag?,"{""measures"":[""cx_cso_ticket_tags.tag_record_count""],""dimensions"":[""cx_cso_ticket_tags.tag_bucket""],""order"":{""cx_cso_ticket_tags.tag_record_count"":""desc""},""limit"":10}",cx_cso,"[""cx_cso_ticket_tags""]",Top 10 tag phổ biến nhất trên ticket CSO là gì dựa trên số bản ghi tag?,,,
9,Tag nào xuất hiện nhiều nhất trên ticket CSO?,"{""measures"":[""cx_cso_ticket_tags.tag_record_count""],""dimensions"":[""cx_cso_ticket_tags.tag_bucket""],""order"":{""cx_cso_ticket_tags.tag_record_count"":""desc""},""limit"":1}",cx_cso,"[""cx_cso_ticket_tags""]",Tag nào xuất hiện nhiều nhất trên ticket CSO?,,,
10,Tag nào xuất hiện ít nhất trên ticket CSO?,"{""measures"":[""cx_cso_ticket_tags.tag_record_count""],""dimensions"":[""cx_cso_ticket_tags.tag_bucket""],""order"":{""cx_cso_ticket_tags.tag_record_count"":""asc""},""limit"":1}",cx_cso,"[""cx_cso_ticket_tags""]",Tag nào xuất hiện ít nhất trên ticket CSO?,,,
11,Phân bố số bản ghi tag theo từng tag bucket trên ticket CSO như thế nào?,"{""measures"":[""cx_cso_ticket_tags.tag_record_count""],""dimensions"":[""cx_cso_ticket_tags.tag_bucket""]}",cx_cso,"[""cx_cso_ticket_tags""]",Phân bố số bản ghi tag theo từng tag bucket trên ticket CSO như thế nào?,,,
,,,,,,,,
13,So sánh số bản ghi tag giữa các tag bucket phổ biến nhất trên ticket CSO.,"{""measures"":[""cx_cso_ticket_tags.tag_record_count""],""dimensions"":[""cx_cso_ticket_tags.tag_bucket""],""order"":{""cx_cso_ticket_tags.tag_record_count"":""desc""},""limit"":5}",cx_cso,"[""cx_cso_ticket_tags""]",So sánh số bản ghi tag giữa các tag bucket phổ biến nhất trên ticket CSO.,,,
14,Số bản ghi tag trên ticket CSO theo ngày trong 30 ngày gần nhất là bao nhiêu?,"{""measures"":[""cx_cso_ticket_tags.tag_record_count""],""timeDimensions"":[{""dimension"":""cx_cso_ticket_tags.created_at"",""granularity"":""day"",""dateRange"":""Last 30 days""}]}",cx_cso,"[""cx_cso_ticket_tags""]",Số bản ghi tag trên ticket CSO theo ngày trong 30 ngày gần nhất là bao nhiêu?,,,
15,Số ticket CSO được gắn tag theo ngày trong 30 ngày gần nhất là bao nhiêu?,"{""measures"":[""cx_cso_ticket_tags.tagged_ticket_count""],""timeDimensions"":[{""dimension"":""cx_cso_ticket_tags.created_at"",""granularity"":""day"",""dateRange"":""Last 30 days""}]}",cx_cso,"[""cx_cso_ticket_tags""]",Số ticket CSO được gắn tag theo ngày trong 30 ngày gần nhất là bao nhiêu?,,,
16,Số tag trung bình trên mỗi ticket CSO theo tháng là bao nhiêu?,"{""measures"":[""cx_cso_ticket_tags.avg_tags_per_ticket_proxy""],""timeDimensions"":[{""dimension"":""cx_cso_ticket_tags.created_at"",""granularity"":""month""}]}",cx_cso,"[""cx_cso_ticket_tags""]",Số tag trung bình trên mỗi ticket CSO theo tháng là bao nhiêu?,,,
17,Tag bucket nào có số ticket CSO được gắn tag nhiều nhất?,"{""measures"":[""cx_cso_ticket_tags.tagged_ticket_count""],""dimensions"":[""cx_cso_ticket_tags.tag_bucket""],""order"":{""cx_cso_ticket_tags.tagged_ticket_count"":""desc""},""limit"":1}",cx_cso,"[""cx_cso_ticket_tags""]",Tag bucket nào có số ticket CSO được gắn tag nhiều nhất?,,,
18,Tag bucket nào có số ticket CSO được gắn tag ít nhất?,"{""measures"":[""cx_cso_ticket_tags.tagged_ticket_count""],""dimensions"":[""cx_cso_ticket_tags.tag_bucket""],""order"":{""cx_cso_ticket_tags.tagged_ticket_count"":""asc""},""limit"":1}",cx_cso,"[""cx_cso_ticket_tags""]",Tag bucket nào có số ticket CSO được gắn tag ít nhất?,,,
19,Có sự bất thường nào trong xu hướng số bản ghi tag theo ngày trong 90 ngày gần nhất không?,"{""measures"":[""cx_cso_ticket_tags.tag_record_count""],""timeDimensions"":[{""dimension"":""cx_cso_ticket_tags.created_at"",""granularity"":""day"",""dateRange"":""Last 90 days""}]}",cx_cso,"[""cx_cso_ticket_tags""]",Có sự bất thường nào trong xu hướng số bản ghi tag theo ngày trong 90 ngày gần nhất không?,,,
20,Số bản ghi tag trên ticket CSO trong tháng gần nhất so với tháng trước thay đổi như thế nào?,"{""measures"":[""cx_cso_ticket_tags.tag_record_count""],""timeDimensions"":[{""dimension"":""cx_cso_ticket_tags.created_at"",""granularity"":""month"",""dateRange"":""Last 2 months""}]}",cx_cso,"[""cx_cso_ticket_tags""]",Số bản ghi tag trên ticket CSO trong tháng gần nhất so với tháng trước thay đổi như thế nào?,,,
21,Tổng số bản ghi tag trên ticket CSO trong năm 2024 là bao nhiêu?,"{""measures"":[""cx_cso_ticket_tags.tag_record_count""],""timeDimensions"":[{""dimension"":""cx_cso_ticket_tags.created_at"",""dateRange"":[""2024-01-01"",""2024-12-31""]}]}",cx_cso,"[""cx_cso_ticket_tags""]",Tổng số bản ghi tag trên ticket CSO trong năm 2024 là bao nhiêu?,,,
22,Tổng số ticket CSO được gắn tag trong năm 2024 là bao nhiêu?,"{""measures"":[""cx_cso_ticket_tags.tagged_ticket_count""],""timeDimensions"":[{""dimension"":""cx_cso_ticket_tags.created_at"",""dateRange"":[""2024-01-01"",""2024-12-31""]}]}",cx_cso,"[""cx_cso_ticket_tags""]",Tổng số ticket CSO được gắn tag trong năm 2024 là bao nhiêu?,,,
23,Số bản ghi tag trên ticket CSO theo từng năm là bao nhiêu?,"{""measures"":[""cx_cso_ticket_tags.tag_record_count""],""timeDimensions"":[{""dimension"":""cx_cso_ticket_tags.created_at"",""granularity"":""year""}]}",cx_cso,"[""cx_cso_ticket_tags""]",Số bản ghi tag trên ticket CSO theo từng năm là bao nhiêu?,,,
24,Số ticket CSO được gắn tag theo từng năm là bao nhiêu?,"{""measures"":[""cx_cso_ticket_tags.tagged_ticket_count""],""timeDimensions"":[{""dimension"":""cx_cso_ticket_tags.created_at"",""granularity"":""year""}]}",cx_cso,"[""cx_cso_ticket_tags""]",Số ticket CSO được gắn tag theo từng năm là bao nhiêu?,,,
25,Số bản ghi tag trên ticket CSO theo từng quý là bao nhiêu?,"{""measures"":[""cx_cso_ticket_tags.tag_record_count""],""timeDimensions"":[{""dimension"":""cx_cso_ticket_tags.created_at"",""granularity"":""quarter""}]}",cx_cso,"[""cx_cso_ticket_tags""]",Số bản ghi tag trên ticket CSO theo từng quý là bao nhiêu?,,,
26,Số ticket CSO được gắn tag theo từng quý là bao nhiêu?,"{""measures"":[""cx_cso_ticket_tags.tagged_ticket_count""],""timeDimensions"":[{""dimension"":""cx_cso_ticket_tags.created_at"",""granularity"":""quarter""}]}",cx_cso,"[""cx_cso_ticket_tags""]",Số ticket CSO được gắn tag theo từng quý là bao nhiêu?,,,
27,Số bản ghi tag trên ticket CSO theo từng tháng và từng tag bucket là bao nhiêu?,"{""measures"":[""cx_cso_ticket_tags.tag_record_count""],""dimensions"":[""cx_cso_ticket_tags.tag_bucket""],""timeDimensions"":[{""dimension"":""cx_cso_ticket_tags.created_at"",""granularity"":""month""}]}",cx_cso,"[""cx_cso_ticket_tags""]",Số bản ghi tag trên ticket CSO theo từng tháng và từng tag bucket là bao nhiêu?,,,
28,Xu hướng số ticket CSO được gắn tag theo từng tag bucket theo tháng là như thế nào?,"{""measures"":[""cx_cso_ticket_tags.tagged_ticket_count""],""dimensions"":[""cx_cso_ticket_tags.tag_bucket""],""timeDimensions"":[{""dimension"":""cx_cso_ticket_tags.created_at"",""granularity"":""month""}]}",cx_cso,"[""cx_cso_ticket_tags""]",Xu hướng số ticket CSO được gắn tag theo từng tag bucket theo tháng là như thế nào?,,,
29,Top 5 tag bucket có số ticket CSO được gắn tag nhiều nhất là gì?,"{""measures"":[""cx_cso_ticket_tags.tagged_ticket_count""],""dimensions"":[""cx_cso_ticket_tags.tag_bucket""],""order"":{""cx_cso_ticket_tags.tagged_ticket_count"":""desc""},""limit"":5}",cx_cso,"[""cx_cso_ticket_tags""]",Top 5 tag bucket có số ticket CSO được gắn tag nhiều nhất là gì?,,,
30,Top 5 tag bucket có số bản ghi tag nhiều nhất trong 90 ngày gần nhất là gì?,"{""measures"":[""cx_cso_ticket_tags.tag_record_count""],""dimensions"":[""cx_cso_ticket_tags.tag_bucket""],""timeDimensions"":[{""dimension"":""cx_cso_ticket_tags.created_at"",""dateRange"":""Last 90 days""}],""order"":{""cx_cso_ticket_tags.tag_record_count"":""desc""},""limit"":5}",cx_cso,"[""cx_cso_ticket_tags""]",Top 5 tag bucket có số bản ghi tag nhiều nhất trong 90 ngày gần nhất là gì?,,,
31,Tag bucket nào có số bản ghi tag tăng mạnh nhất trong 30 ngày gần đây?,"{""measures"":[""cx_cso_ticket_tags.tag_record_count""],""dimensions"":[""cx_cso_ticket_tags.tag_bucket""],""timeDimensions"":[{""dimension"":""cx_cso_ticket_tags.created_at"",""granularity"":""day"",""dateRange"":""Last 30 days""}]}",cx_cso,"[""cx_cso_ticket_tags""]",Tag bucket nào có số bản ghi tag tăng mạnh nhất trong 30 ngày gần đây?,,,
32,Tag bucket nào có số bản ghi tag giảm mạnh nhất trong 30 ngày gần đây?,"{""measures"":[""cx_cso_ticket_tags.tag_record_count""],""dimensions"":[""cx_cso_ticket_tags.tag_bucket""],""timeDimensions"":[{""dimension"":""cx_cso_ticket_tags.created_at"",""granularity"":""day"",""dateRange"":""Last 30 days""}]}",cx_cso,"[""cx_cso_ticket_tags""]",Tag bucket nào có số bản ghi tag giảm mạnh nhất trong 30 ngày gần đây?,,,
33,Số bản ghi tag theo từng ngày trong 7 ngày gần nhất là bao nhiêu?,"{""measures"":[""cx_cso_ticket_tags.tag_record_count""],""timeDimensions"":[{""dimension"":""cx_cso_ticket_tags.created_at"",""granularity"":""day"",""dateRange"":""Last 7 days""}]}",cx_cso,"[""cx_cso_ticket_tags""]",Số bản ghi tag theo từng ngày trong 7 ngày gần nhất là bao nhiêu?,,,
34,Số ticket CSO được gắn tag theo từng ngày trong 7 ngày gần nhất là bao nhiêu?,"{""measures"":[""cx_cso_ticket_tags.tagged_ticket_count""],""timeDimensions"":[{""dimension"":""cx_cso_ticket_tags.created_at"",""granularity"":""day"",""dateRange"":""Last 7 days""}]}",cx_cso,"[""cx_cso_ticket_tags""]",Số ticket CSO được gắn tag theo từng ngày trong 7 ngày gần nhất là bao nhiêu?,,,
35,Có bao nhiêu tag bucket khác nhau được sử dụng trong 90 ngày gần nhất?,"{""measures"":[""cx_cso_ticket_tags.distinct_tag_count""],""timeDimensions"":[{""dimension"":""cx_cso_ticket_tags.created_at"",""dateRange"":""Last 90 days""}]}",cx_cso,"[""cx_cso_ticket_tags""]",Có bao nhiêu tag bucket khác nhau được sử dụng trong 90 ngày gần nhất?,,,
36,Số tag trung bình trên mỗi ticket CSO trong 90 ngày gần nhất là bao nhiêu?,"{""measures"":[""cx_cso_ticket_tags.avg_tags_per_ticket_proxy""],""timeDimensions"":[{""dimension"":""cx_cso_ticket_tags.created_at"",""dateRange"":""Last 90 days""}]}",cx_cso,"[""cx_cso_ticket_tags""]",Số tag trung bình trên mỗi ticket CSO trong 90 ngày gần nhất là bao nhiêu?,,,
37,Tag bucket nào có số bản ghi tag cao nhất trong tháng gần nhất?,"{""measures"":[""cx_cso_ticket_tags.tag_record_count""],""dimensions"":[""cx_cso_ticket_tags.tag_bucket""],""timeDimensions"":[{""dimension"":""cx_cso_ticket_tags.created_at"",""dateRange"":""Last month""}],""order"":{""cx_cso_ticket_tags.tag_record_count"":""desc""},""limit"":1}",cx_cso,"[""cx_cso_ticket_tags""]",Tag bucket nào có số bản ghi tag cao nhất trong tháng gần nhất?,,,
38,Tag bucket nào có số bản ghi tag thấp nhất trong tháng gần nhất?,"{""measures"":[""cx_cso_ticket_tags.tag_record_count""],""dimensions"":[""cx_cso_ticket_tags.tag_bucket""],""timeDimensions"":[{""dimension"":""cx_cso_ticket_tags.created_at"",""dateRange"":""Last month""}],""order"":{""cx_cso_ticket_tags.tag_record_count"":""asc""},""limit"":1}",cx_cso,"[""cx_cso_ticket_tags""]",Tag bucket nào có số bản ghi tag thấp nhất trong tháng gần nhất?,,,
39,Tổng số bản ghi tag trên ticket CSO trong 7 ngày gần nhất so với 7 ngày trước đó thay đổi như thế nào?,"{""measures"":[""cx_cso_ticket_tags.tag_record_count""],""timeDimensions"":[{""dimension"":""cx_cso_ticket_tags.created_at"",""granularity"":""day"",""dateRange"":""Last 14 days""}]}",cx_cso,"[""cx_cso_ticket_tags""]",Tổng số bản ghi tag trên ticket CSO trong 7 ngày gần nhất so với 7 ngày trước đó thay đổi như thế nào?,,,
40,Xu hướng số tag trung bình trên mỗi ticket CSO theo tháng trong năm gần nhất là như thế nào?,"{""measures"":[""cx_cso_ticket_tags.avg_tags_per_ticket_proxy""],""timeDimensions"":[{""dimension"":""cx_cso_ticket_tags.created_at"",""granularity"":""month"",""dateRange"":""Last 1 year""}]}",cx_cso,"[""cx_cso_ticket_tags""]",Xu hướng số tag trung bình trên mỗi ticket CSO theo tháng trong năm gần nhất là như thế nào?,,,
1,Tổng số ticket hỗ trợ CSO đã được tạo là bao nhiêu?,"{""measures"":[""cx_cso_support_tickets.ticket_count""]}",cx_cso,"[""cx_cso_support_tickets""]",Tổng số ticket hỗ trợ CSO đã được tạo là bao nhiêu?,,,
2,Tổng số ticket hỗ trợ CSO được tạo theo từng tháng là bao nhiêu?,"{""measures"":[""cx_cso_support_tickets.ticket_count""],""timeDimensions"":[{""dimension"":""cx_cso_support_tickets.created_at"",""granularity"":""month""}]}",cx_cso,"[""cx_cso_support_tickets""]",Tổng số ticket hỗ trợ CSO được tạo theo từng tháng là bao nhiêu?,,,
3,Số lượng ticket hỗ trợ CSO theo từng nhóm sản phẩm là bao nhiêu?,"{""measures"":[""cx_cso_support_tickets.ticket_count""],""dimensions"":[""cx_cso_support_tickets.issue_category""]}",cx_cso,"[""cx_cso_support_tickets""]",Số lượng ticket hỗ trợ CSO theo từng nhóm sản phẩm là bao nhiêu?,,,
4,Nhóm sản phẩm nào có nhiều ticket hỗ trợ CSO nhất?,"{""measures"":[""cx_cso_support_tickets.ticket_count""],""dimensions"":[""cx_cso_support_tickets.issue_category""],""order"":{""cx_cso_support_tickets.ticket_count"":""desc""},""limit"":1}",cx_cso,"[""cx_cso_support_tickets""]",Nhóm sản phẩm nào có nhiều ticket hỗ trợ CSO nhất?,,,
5,Nhóm sản phẩm nào có ít ticket hỗ trợ CSO nhất?,"{""measures"":[""cx_cso_support_tickets.ticket_count""],""dimensions"":[""cx_cso_support_tickets.issue_category""],""order"":{""cx_cso_support_tickets.ticket_count"":""asc""},""limit"":1}",cx_cso,"[""cx_cso_support_tickets""]",Nhóm sản phẩm nào có ít ticket hỗ trợ CSO nhất?,,,
6,Top 5 nguyên nhân gốc của sự cố (incident root cause) theo số lượng ticket là gì?,"{""measures"":[""cx_cso_support_tickets.ticket_count""],""dimensions"":[""cx_cso_support_tickets.incident_root_cause""],""order"":{""cx_cso_support_tickets.ticket_count"":""desc""},""limit"":5}",cx_cso,"[""cx_cso_support_tickets""]",Top 5 nguyên nhân gốc của sự cố (incident root cause) theo số lượng ticket là gì?,,,
7,Phân bố số ticket theo mức độ ưu tiên (priority level) như thế nào?,"{""measures"":[""cx_cso_support_tickets.ticket_count""],""dimensions"":[""cx_cso_support_tickets.priority_level""]}",cx_cso,"[""cx_cso_support_tickets""]",Phân bố số ticket theo mức độ ưu tiên (priority level) như thế nào?,,,
8,Tỷ lệ ticket quá hạn SLA trên tổng số ticket là bao nhiêu?,"{""measures"":[""cx_cso_support_tickets.overdue_rate""]}",cx_cso,"[""cx_cso_support_tickets""]",Tỷ lệ ticket quá hạn SLA trên tổng số ticket là bao nhiêu?,,,
9,Tỷ lệ ticket vi phạm SLA là bao nhiêu?,"{""measures"":[""cx_cso_support_tickets.sla_violation_rate""]}",cx_cso,"[""cx_cso_support_tickets""]",Tỷ lệ ticket vi phạm SLA là bao nhiêu?,,,
10,Tỷ lệ ticket được resolve trên tổng số ticket là bao nhiêu?,"{""measures"":[""cx_cso_support_tickets.resolution_rate""]}",cx_cso,"[""cx_cso_support_tickets""]",Tỷ lệ ticket được resolve trên tổng số ticket là bao nhiêu?,,,
11,Số lượng ticket quá hạn SLA theo từng tháng là bao nhiêu?,"{""measures"":[""cx_cso_support_tickets.overdue_ticket_count""],""timeDimensions"":[{""dimension"":""cx_cso_support_tickets.created_at"",""granularity"":""month""}]}",cx_cso,"[""cx_cso_support_tickets""]",Số lượng ticket quá hạn SLA theo từng tháng là bao nhiêu?,,,
12,Số lượng ticket bị mở lại bởi khách hàng theo từng tháng là bao nhiêu?,"{""measures"":[""cx_cso_support_tickets.reopened_ticket_count""],""timeDimensions"":[{""dimension"":""cx_cso_support_tickets.created_at"",""granularity"":""month""}]}",cx_cso,"[""cx_cso_support_tickets""]",Số lượng ticket bị mở lại bởi khách hàng theo từng tháng là bao nhiêu?,,,
13,Top 5 loại vấn đề (issue type) có nhiều ticket nhất là gì?,"{""measures"":[""cx_cso_support_tickets.ticket_count""],""dimensions"":[""cx_cso_support_tickets.issues_type""],""order"":{""cx_cso_support_tickets.ticket_count"":""desc""},""limit"":5}",cx_cso,"[""cx_cso_support_tickets""]",Top 5 loại vấn đề (issue type) có nhiều ticket nhất là gì?,,,
14,Phân bố số ticket theo kênh tiếp nhận khách hàng (customer entry channel) như thế nào?,"{""measures"":[""cx_cso_support_tickets.ticket_count""],""dimensions"":[""cx_cso_support_tickets.customer_entry_channel""]}",cx_cso,"[""cx_cso_support_tickets""]",Phân bố số ticket theo kênh tiếp nhận khách hàng (customer entry channel) như thế nào?,,,
,,,,,,,,
16,Xu hướng điểm hài lòng khách hàng trung bình (CSAT) theo tháng là như thế nào?,"{""measures"":[""cx_cso_support_tickets.avg_customer_satisfaction_rating""],""timeDimensions"":[{""dimension"":""cx_cso_support_tickets.created_at"",""granularity"":""month""}]}",cx_cso,"[""cx_cso_support_tickets""]",Xu hướng điểm hài lòng khách hàng trung bình (CSAT) theo tháng là như thế nào?,,,
17,Số lượng ticket chưa được gán agent xử lý là bao nhiêu?,"{""measures"":[""cx_cso_support_tickets.unassigned_ticket_count""]}",cx_cso,"[""cx_cso_support_tickets""]",Số lượng ticket chưa được gán agent xử lý là bao nhiêu?,,,
18,Số lượng ticket chưa được gán agent xử lý theo từng tháng là bao nhiêu?,"{""measures"":[""cx_cso_support_tickets.unassigned_ticket_count""],""timeDimensions"":[{""dimension"":""cx_cso_support_tickets.created_at"",""granularity"":""month""}]}",cx_cso,"[""cx_cso_support_tickets""]",Số lượng ticket chưa được gán agent xử lý theo từng tháng là bao nhiêu?,,,
19,Phân bố ticket theo nhóm thời gian phản hồi (response time bucket) như thế nào?,"{""measures"":[""cx_cso_support_tickets.ticket_count""],""dimensions"":[""cx_cso_support_tickets.ticket_age_bucket""]}",cx_cso,"[""cx_cso_support_tickets""]",Phân bố ticket theo nhóm thời gian phản hồi (response time bucket) như thế nào?,,,
20,Có sự bất thường nào trong xu hướng số lượng ticket hỗ trợ CSO theo ngày trong 90 ngày gần nhất không?,"{""measures"":[""cx_cso_support_tickets.ticket_count""],""timeDimensions"":[{""dimension"":""cx_cso_support_tickets.created_at"",""granularity"":""day"",""dateRange"":""Last 90 days""}]}",cx_cso,"[""cx_cso_support_tickets""]",Có sự bất thường nào trong xu hướng số lượng ticket hỗ trợ CSO theo ngày trong 90 ngày gần nhất không?,,,
21,Số lượng ticket hỗ trợ CSO theo từng trạng thái ticket là bao nhiêu?,"{""measures"":[""cx_cso_support_tickets.ticket_count""],""dimensions"":[""cx_cso_support_tickets.status_name""]}",cx_cso,"[""cx_cso_support_tickets""]",Số lượng ticket hỗ trợ CSO theo từng trạng thái ticket là bao nhiêu?,,,
22,Số lượng ticket đang mở (backlog) theo từng tháng là bao nhiêu?,"{""measures"":[""cx_cso_support_tickets.open_ticket_count""],""timeDimensions"":[{""dimension"":""cx_cso_support_tickets.created_at"",""granularity"":""month""}]}",cx_cso,"[""cx_cso_support_tickets""]",Số lượng ticket đang mở (backlog) theo từng tháng là bao nhiêu?,,,
23,Top 5 nhóm sản phẩm có số ticket quá hạn SLA nhiều nhất là gì?,"{""measures"":[""cx_cso_support_tickets.overdue_ticket_count""],""dimensions"":[""cx_cso_support_tickets.issue_category""],""order"":{""cx_cso_support_tickets.overdue_ticket_count"":""desc""},""limit"":5}",cx_cso,"[""cx_cso_support_tickets""]",Top 5 nhóm sản phẩm có số ticket quá hạn SLA nhiều nhất là gì?,,,
24,Tỷ lệ ticket bị mở lại bởi khách hàng theo từng tháng là bao nhiêu?,"{""measures"":[""cx_cso_support_tickets.reopen_rate""],""timeDimensions"":[{""dimension"":""cx_cso_support_tickets.created_at"",""granularity"":""month""}]}",cx_cso,"[""cx_cso_support_tickets""]",Tỷ lệ ticket bị mở lại bởi khách hàng theo từng tháng là bao nhiêu?,,,
25,Top 5 nhóm nguyên nhân sự cố có số ticket vi phạm SLA nhiều nhất là gì?,"{""measures"":[""cx_cso_support_tickets.sla_violated_ticket_count""],""dimensions"":[""cx_cso_support_tickets.incident_root_cause""],""order"":{""cx_cso_support_tickets.sla_violated_ticket_count"":""desc""},""limit"":5}",cx_cso,"[""cx_cso_support_tickets""]",Top 5 nhóm nguyên nhân sự cố có số ticket vi phạm SLA nhiều nhất là gì?,,,
26,Phân bố số ticket theo mức độ nghiêm trọng (severity level) như thế nào?,"{""measures"":[""cx_cso_support_tickets.ticket_count""],""dimensions"":[""cx_cso_support_tickets.severity_level""]}",cx_cso,"[""cx_cso_support_tickets""]",Phân bố số ticket theo mức độ nghiêm trọng (severity level) như thế nào?,,,
28,Số lượng ticket theo từng tuyến agent xử lý (L1–L4) là bao nhiêu?,"{""measures"":[""cx_cso_support_tickets.ticket_count""],""dimensions"":[""cx_cso_support_tickets.assigned_agent_stage""]}",cx_cso,"[""cx_cso_support_tickets""]",Số lượng ticket theo từng tuyến agent xử lý (L1–L4) là bao nhiêu?,,,
29,Top 5 tuyến agent xử lý nhiều ticket nhất là gì?,"{""measures"":[""cx_cso_support_tickets.ticket_count""],""dimensions"":[""cx_cso_support_tickets.assigned_agent_stage""],""order"":{""cx_cso_support_tickets.ticket_count"":""desc""},""limit"":5}",cx_cso,"[""cx_cso_support_tickets""]",Top 5 tuyến agent xử lý nhiều ticket nhất là gì?,,,
30,Tỷ lệ ticket trùng lặp theo từng tháng là bao nhiêu?,"{""measures"":[""cx_cso_support_tickets.duplicated_rate""],""timeDimensions"":[{""dimension"":""cx_cso_support_tickets.created_at"",""granularity"":""month""}]}",cx_cso,"[""cx_cso_support_tickets""]",Tỷ lệ ticket trùng lặp theo từng tháng là bao nhiêu?,,,
31,Số lượng ticket có sentiment tích cực theo từng tháng là bao nhiêu?,"{""measures"":[""cx_cso_support_tickets.positive_sentiment_ticket_count""],""timeDimensions"":[{""dimension"":""cx_cso_support_tickets.created_at"",""granularity"":""month""}]}",cx_cso,"[""cx_cso_support_tickets""]",Số lượng ticket có sentiment tích cực theo từng tháng là bao nhiêu?,,,
32,Số lượng ticket có sentiment tiêu cực theo từng tháng là bao nhiêu?,"{""measures"":[""cx_cso_support_tickets.negative_sentiment_ticket_count""],""timeDimensions"":[{""dimension"":""cx_cso_support_tickets.created_at"",""granularity"":""month""}]}",cx_cso,"[""cx_cso_support_tickets""]",Số lượng ticket có sentiment tiêu cực theo từng tháng là bao nhiêu?,,,
33,Top 5 kênh tiếp nhận ticket có số lượng ticket nhiều nhất là gì?,"{""measures"":[""cx_cso_support_tickets.ticket_count""],""dimensions"":[""cx_cso_support_tickets.customer_entry_channel""],""order"":{""cx_cso_support_tickets.ticket_count"":""desc""},""limit"":5}",cx_cso,"[""cx_cso_support_tickets""]",Top 5 kênh tiếp nhận ticket có số lượng ticket nhiều nhất là gì?,,,
34,Số ticket theo từng phân khúc khách hàng là bao nhiêu?,"{""measures"":[""cx_cso_support_tickets.ticket_count""],""dimensions"":[""cx_cso_support_tickets.market_segment""]}",cx_cso,"[""cx_cso_support_tickets""]",Số ticket theo từng phân khúc khách hàng là bao nhiêu?,,,
35,Xu hướng số ticket đã resolve theo từng tháng là như thế nào?,"{""measures"":[""cx_cso_support_tickets.resolved_ticket_count""],""timeDimensions"":[{""dimension"":""cx_cso_support_tickets.created_at"",""granularity"":""month""}]}",cx_cso,"[""cx_cso_support_tickets""]",Xu hướng số ticket đã resolve theo từng tháng là như thế nào?,,,
36,Xu hướng số ticket đã đóng theo từng tháng là như thế nào?,"{""measures"":[""cx_cso_support_tickets.closed_ticket_count""],""timeDimensions"":[{""dimension"":""cx_cso_support_tickets.created_at"",""granularity"":""month""}]}",cx_cso,"[""cx_cso_support_tickets""]",Xu hướng số ticket đã đóng theo từng tháng là như thế nào?,,,
37,Thời gian phản hồi trung bình của ticket theo từng tháng là bao nhiêu phút?,"{""measures"":[""cx_cso_support_tickets.avg_response_time_minutes""],""timeDimensions"":[{""dimension"":""cx_cso_support_tickets.created_at"",""granularity"":""month""}]}",cx_cso,"[""cx_cso_support_tickets""]",Thời gian phản hồi trung bình của ticket theo từng tháng là bao nhiêu phút?,,,
38,Thời gian trung bình tới phản hồi đầu tiên của ticket theo từng tháng là bao nhiêu phút?,"{""measures"":[""cx_cso_support_tickets.avg_time_to_response_minutes""],""timeDimensions"":[{""dimension"":""cx_cso_support_tickets.created_at"",""granularity"":""month""}]}",cx_cso,"[""cx_cso_support_tickets""]",Thời gian trung bình tới phản hồi đầu tiên của ticket theo từng tháng là bao nhiêu phút?,,,
39,Số lần thay đổi hạn xử lý ticket trung bình theo từng tháng là bao nhiêu?,"{""measures"":[""cx_cso_support_tickets.avg_due_date_changes""],""timeDimensions"":[{""dimension"":""cx_cso_support_tickets.created_at"",""granularity"":""month""}]}",cx_cso,"[""cx_cso_support_tickets""]",Số lần thay đổi hạn xử lý ticket trung bình theo từng tháng là bao nhiêu?,,,
40,Có sự bất thường nào trong xu hướng tỷ lệ vi phạm SLA theo ngày trong 90 ngày gần nhất không?,"{""measures"":[""cx_cso_support_tickets.sla_violation_rate""],""timeDimensions"":[{""dimension"":""cx_cso_support_tickets.created_at"",""granularity"":""day"",""dateRange"":""Last 90 days""}]}",cx_cso,"[""cx_cso_support_tickets""]",Có sự bất thường nào trong xu hướng tỷ lệ vi phạm SLA theo ngày trong 90 ngày gần nhất không?,,,
61,Tổng số ticket hỗ trợ CSO được tạo trong 30 ngày gần nhất là bao nhiêu?,"{""measures"":[""cx_cso_support_tickets.ticket_count""],""timeDimensions"":[{""dimension"":""cx_cso_support_tickets.created_at"",""dateRange"":""Last 30 days""}]}",cx_cso,"[""cx_cso_support_tickets""]",Tổng số ticket hỗ trợ CSO được tạo trong 30 ngày gần nhất là bao nhiêu?,,,
62,Xu hướng số lượng ticket hỗ trợ CSO theo từng ngày trong 14 ngày gần nhất như thế nào?,"{""measures"":[""cx_cso_support_tickets.ticket_count""],""timeDimensions"":[{""dimension"":""cx_cso_support_tickets.created_at"",""granularity"":""day"",""dateRange"":""Last 14 days""}]}",cx_cso,"[""cx_cso_support_tickets""]",Xu hướng số lượng ticket hỗ trợ CSO theo từng ngày trong 14 ngày gần nhất như thế nào?,,,
63,Top 10 agent xử lý nhiều ticket hỗ trợ CSO nhất là ai?,"{""measures"":[""cx_cso_support_tickets.ticket_count""],""dimensions"":[""cx_cso_support_tickets.assigned_to""],""order"":{""cx_cso_support_tickets.ticket_count"":""desc""},""limit"":10}",cx_cso,"[""cx_cso_support_tickets""]",Top 10 agent xử lý nhiều ticket hỗ trợ CSO nhất là ai?,,,
64,Số lượng ticket theo từng mức độ ưu tiên (priority level) là bao nhiêu?,"{""measures"":[""cx_cso_support_tickets.ticket_count""],""dimensions"":[""cx_cso_support_tickets.priority_level""]}",cx_cso,"[""cx_cso_support_tickets""]",Số lượng ticket theo từng mức độ ưu tiên (priority level) là bao nhiêu?,,,
65,Top 5 sản phẩm có số lượng ticket hỗ trợ nhiều nhất là gì?,"{""measures"":[""cx_cso_support_tickets.ticket_count""],""dimensions"":[""cx_cso_support_tickets.issue_category""],""order"":{""cx_cso_support_tickets.ticket_count"":""desc""},""limit"":5}",cx_cso,"[""cx_cso_support_tickets""]",Top 5 sản phẩm có số lượng ticket hỗ trợ nhiều nhất là gì?,,,
66,Phân bố số lượng ticket theo từng kênh tiếp nhận khách hàng là như thế nào?,"{""measures"":[""cx_cso_support_tickets.ticket_count""],""dimensions"":[""cx_cso_support_tickets.customer_entry_channel""]}",cx_cso,"[""cx_cso_support_tickets""]",Phân bố số lượng ticket theo từng kênh tiếp nhận khách hàng là như thế nào?,,,
,,,,,,,,
68,Xu hướng số ticket đã được giải quyết theo từng tuần trong 60 ngày gần nhất như thế nào?,"{""measures"":[""cx_cso_support_tickets.resolved_ticket_count""],""timeDimensions"":[{""dimension"":""cx_cso_support_tickets.created_at"",""granularity"":""week"",""dateRange"":""Last 60 days""}]}",cx_cso,"[""cx_cso_support_tickets""]",Xu hướng số ticket đã được giải quyết theo từng tuần trong 60 ngày gần nhất như thế nào?,,,
69,Số lượng ticket vi phạm SLA theo từng ngày trong 30 ngày gần nhất là bao nhiêu?,"{""measures"":[""cx_cso_support_tickets.sla_violated_ticket_count""],""timeDimensions"":[{""dimension"":""cx_cso_support_tickets.created_at"",""granularity"":""day"",""dateRange"":""Last 30 days""}]}",cx_cso,"[""cx_cso_support_tickets""]",Số lượng ticket vi phạm SLA theo từng ngày trong 30 ngày gần nhất là bao nhiêu?,,,
70,Top 5 nguyên nhân gốc rễ của sự cố có số ticket nhiều nhất là gì?,"{""measures"":[""cx_cso_support_tickets.ticket_count""],""dimensions"":[""cx_cso_support_tickets.incident_root_cause""],""order"":{""cx_cso_support_tickets.ticket_count"":""desc""},""limit"":5}",cx_cso,"[""cx_cso_support_tickets""]",Top 5 nguyên nhân gốc rễ của sự cố có số ticket nhiều nhất là gì?,,,
72,Xu hướng thời gian phản hồi trung bình theo từng tháng trong năm 2025 là bao nhiêu phút?,"{""measures"":[""cx_cso_support_tickets.avg_response_time_minutes""],""timeDimensions"":[{""dimension"":""cx_cso_support_tickets.created_at"",""granularity"":""month"",""dateRange"":[""2025-01-01"",""2025-12-31""]}]}",cx_cso,"[""cx_cso_support_tickets""]",Xu hướng thời gian phản hồi trung bình theo từng tháng trong năm 2025 là bao nhiêu phút?,,,
73,Top 5 agent có thời gian phản hồi trung bình nhanh nhất là ai?,"{""measures"":[""cx_cso_support_tickets.avg_response_time_minutes""],""dimensions"":[""cx_cso_support_tickets.assigned_to""],""order"":{""cx_cso_support_tickets.avg_response_time_minutes"":""asc""},""limit"":5}",cx_cso,"[""cx_cso_support_tickets""]",Top 5 agent có thời gian phản hồi trung bình nhanh nhất là ai?,,,
74,Top 5 agent có thời gian phản hồi trung bình chậm nhất là ai?,"{""measures"":[""cx_cso_support_tickets.avg_response_time_minutes""],""dimensions"":[""cx_cso_support_tickets.assigned_to""],""order"":{""cx_cso_support_tickets.avg_response_time_minutes"":""desc""},""limit"":5}",cx_cso,"[""cx_cso_support_tickets""]",Top 5 agent có thời gian phản hồi trung bình chậm nhất là ai?,,,
75,Số lượng ticket bị mở lại bởi khách hàng theo từng ngày trong 30 ngày gần nhất là bao nhiêu?,"{""measures"":[""cx_cso_support_tickets.reopened_ticket_count""],""timeDimensions"":[{""dimension"":""cx_cso_support_tickets.created_at"",""granularity"":""day"",""dateRange"":""Last 30 days""}]}",cx_cso,"[""cx_cso_support_tickets""]",Số lượng ticket bị mở lại bởi khách hàng theo từng ngày trong 30 ngày gần nhất là bao nhiêu?,,,
76,Tỷ lệ ticket bị mở lại theo từng tháng là bao nhiêu?,"{""measures"":[""cx_cso_support_tickets.reopen_rate""],""timeDimensions"":[{""dimension"":""cx_cso_support_tickets.created_at"",""granularity"":""month""}]}",cx_cso,"[""cx_cso_support_tickets""]",Tỷ lệ ticket bị mở lại theo từng tháng là bao nhiêu?,,,
77,Số lượng ticket có sentiment tiêu cực theo từng tuần trong 90 ngày gần nhất là bao nhiêu?,"{""measures"":[""cx_cso_support_tickets.negative_sentiment_ticket_count""],""timeDimensions"":[{""dimension"":""cx_cso_support_tickets.created_at"",""granularity"":""week"",""dateRange"":""Last 90 days""}]}",cx_cso,"[""cx_cso_support_tickets""]",Số lượng ticket có sentiment tiêu cực theo từng tuần trong 90 ngày gần nhất là bao nhiêu?,,,
78,Tỷ lệ ticket có sentiment tích cực theo từng tháng là bao nhiêu?,"{""measures"":[""cx_cso_support_tickets.positive_sentiment_rate""],""timeDimensions"":[{""dimension"":""cx_cso_support_tickets.created_at"",""granularity"":""month""}]}",cx_cso,"[""cx_cso_support_tickets""]",Tỷ lệ ticket có sentiment tích cực theo từng tháng là bao nhiêu?,,,
79,Có sự bất thường nào trong xu hướng số lượng ticket hỗ trợ theo ngày trong 60 ngày gần nhất không?,"{""measures"":[""cx_cso_support_tickets.ticket_count""],""timeDimensions"":[{""dimension"":""cx_cso_support_tickets.created_at"",""granularity"":""day"",""dateRange"":""Last 60 days""}]}",cx_cso,"[""cx_cso_support_tickets""]",Có sự bất thường nào trong xu hướng số lượng ticket hỗ trợ theo ngày trong 60 ngày gần nhất không?,,,
80,Số lượng ticket theo từng trạng thái ticket trong 7 ngày gần nhất là bao nhiêu?,"{""measures"":[""cx_cso_support_tickets.ticket_count""],""dimensions"":[""cx_cso_support_tickets.status_name""],""timeDimensions"":[{""dimension"":""cx_cso_support_tickets.created_at"",""dateRange"":""Last 7 days""}]}",cx_cso,"[""cx_cso_support_tickets""]",Số lượng ticket theo từng trạng thái ticket trong 7 ngày gần nhất là bao nhiêu?,,,
1,Có bao nhiêu item trong bảng giá CRM hiện tại?,"{""measures"":[""crm_pricebook.price_item_count""]}",crm,"[""crm_pricebook""]",Có bao nhiêu item trong bảng giá CRM hiện tại?,,,
2,Giá trung bình của các sản phẩm CRM là bao nhiêu?,"{""measures"":[""crm_pricebook.avg_price""]}",crm,"[""crm_pricebook""]",Giá trung bình của các sản phẩm CRM là bao nhiêu?,,,
3,Giá thấp nhất và cao nhất trong bảng giá CRM là bao nhiêu?,"{""measures"":[""crm_pricebook.min_price"",""crm_pricebook.max_price""]}",crm,"[""crm_pricebook""]",Giá thấp nhất và cao nhất trong bảng giá CRM là bao nhiêu?,,,
4,Số lượng item bảng giá theo từng product_category là bao nhiêu?,"{""measures"":[""crm_pricebook.price_item_count""],""dimensions"":[""crm_pricebook.product_category""]}",crm,"[""crm_pricebook""]",Số lượng item bảng giá theo từng product category là bao nhiêu?,,,
5,Giá trung bình của sản phẩm theo từng product_version là bao nhiêu?,"{""measures"":[""crm_pricebook.avg_price""],""dimensions"":[""crm_pricebook.product_version""]}",crm,"[""crm_pricebook""]",Giá trung bình của sản phẩm theo từng product version là bao nhiêu?,,,
6,Product category nào có giá trung bình cao nhất?,"{""measures"":[""crm_pricebook.avg_price""],""dimensions"":[""crm_pricebook.product_category""],""order"":{""crm_pricebook.avg_price"":""desc""}}",crm,"[""crm_pricebook""]",Product category nào có giá trung bình cao nhất?,,,
7,Package nào có số lượng item bảng giá nhiều nhất?,"{""measures"":[""crm_pricebook.price_item_count""],""dimensions"":[""crm_pricebook.package""],""order"":{""crm_pricebook.price_item_count"":""desc""}}",crm,"[""crm_pricebook""]",Package nào có số lượng item bảng giá nhiều nhất?,,,
8,Phân bố số lượng sản phẩm theo price_bucket như thế nào?,"{""measures"":[""crm_pricebook.price_item_count""],""dimensions"":[""crm_pricebook.price_bucket""]}",crm,"[""crm_pricebook""]",Phân bố số lượng sản phẩm theo price bucket như thế nào?,,,
,,,,,,,,
10,Giá trung bình của các sản phẩm theo từng package là bao nhiêu?,"{""measures"":[""crm_pricebook.avg_price""],""dimensions"":[""crm_pricebook.package""]}",crm,"[""crm_pricebook""]",Giá trung bình của các sản phẩm theo từng package là bao nhiêu?,,,
11,Giá trung bình của các sản phẩm có CSMP và không có CSMP khác nhau như thế nào?,"{""measures"":[""crm_pricebook.avg_price""],""dimensions"":[""crm_pricebook.is_related_csmp""]}",crm,"[""crm_pricebook""]",Giá trung bình của các sản phẩm có CSMP và không có CSMP khác nhau như thế nào?,,,
12,Giá trung bình của sản phẩm theo từng loại license là bao nhiêu?,"{""measures"":[""crm_pricebook.avg_price""],""dimensions"":[""crm_pricebook.product_license""]}",crm,"[""crm_pricebook""]",Giá trung bình của sản phẩm theo từng loại license là bao nhiêu?,,,
13,Mức chiết khấu CSMP trung bình hiện tại là bao nhiêu?,"{""measures"":[""crm_pricebook.avg_csmp_discount""]}",crm,"[""crm_pricebook""]",Mức chiết khấu CSMP trung bình hiện tại là bao nhiêu?,,,
14,"Mức chiết khấu CSMP trung bình theo tier Silver, Gold và Diamond là bao nhiêu?","{""measures"":[""crm_pricebook.avg_csmp_discount_silver"",""crm_pricebook.avg_csmp_discount_gold"",""crm_pricebook.avg_csmp_discount_diamond""]}",crm,"[""crm_pricebook""]","Mức chiết khấu CSMP trung bình theo tier Silver, Gold và Diamond là bao nhiêu?",,,
15,Mức chiết khấu CSMP cao nhất trong bảng giá là bao nhiêu?,"{""measures"":[""crm_pricebook.max_csmp_discount""]}",crm,"[""crm_pricebook""]",Mức chiết khấu CSMP cao nhất trong bảng giá là bao nhiêu?,,,
16,Giá trung bình của sản phẩm thay đổi theo thời gian tạo pricebook như thế nào theo tháng?,"{""measures"":[""crm_pricebook.avg_price""],""timeDimensions"":[{""dimension"":""crm_pricebook.created_at"",""granularity"":""month""}]}",crm,"[""crm_pricebook""]",Giá trung bình của sản phẩm thay đổi theo thời gian tạo pricebook như thế nào theo tháng?,,,
17,Số lượng item pricebook được tạo theo tháng là bao nhiêu?,"{""measures"":[""crm_pricebook.price_item_count""],""timeDimensions"":[{""dimension"":""crm_pricebook.created_at"",""granularity"":""month""}]}",crm,"[""crm_pricebook""]",Số lượng item pricebook được tạo theo tháng là bao nhiêu?,,,
18,Loại price_type nào có giá trung bình cao nhất?,"{""measures"":[""crm_pricebook.avg_price""],""dimensions"":[""crm_pricebook.price_type""],""order"":{""crm_pricebook.avg_price"":""desc""}}",crm,"[""crm_pricebook""]",Loại price type nào có giá trung bình cao nhất?,,,
19,Có bao nhiêu sản phẩm áp dụng pricing theo số lượng?,"{""measures"":[""crm_pricebook.price_item_count""],""dimensions"":[""crm_pricebook.is_quantity_based""]}",crm,"[""crm_pricebook""]",Có bao nhiêu sản phẩm áp dụng pricing theo số lượng?,,,
20,Category sản phẩm nào có mức chiết khấu CSMP trung bình cao nhất?,"{""measures"":[""crm_pricebook.avg_csmp_discount""],""dimensions"":[""crm_pricebook.product_category""],""order"":{""crm_pricebook.avg_csmp_discount"":""desc""}}",crm,"[""crm_pricebook""]",Category sản phẩm nào có mức chiết khấu CSMP trung bình cao nhất?,,,
21,Số lượng item bảng giá theo từng product_license là bao nhiêu?,"{""measures"":[""crm_pricebook.price_item_count""],""dimensions"":[""crm_pricebook.product_license""]}",crm,"[""crm_pricebook""]",Số lượng item bảng giá theo từng product license là bao nhiêu?,,,
22,Package nào có giá trung bình cao nhất trong bảng giá CRM?,"{""measures"":[""crm_pricebook.avg_price""],""dimensions"":[""crm_pricebook.package""],""order"":{""crm_pricebook.avg_price"":""desc""}}",crm,"[""crm_pricebook""]",Package nào có giá trung bình cao nhất trong bảng giá CRM?,,,
23,Product version nào có số lượng item bảng giá nhiều nhất?,"{""measures"":[""crm_pricebook.price_item_count""],""dimensions"":[""crm_pricebook.product_version""],""order"":{""crm_pricebook.price_item_count"":""desc""}}",crm,"[""crm_pricebook""]",Product version nào có số lượng item bảng giá nhiều nhất?,,,
24,Giá trung bình của sản phẩm theo từng product_category và package là bao nhiêu?,"{""measures"":[""crm_pricebook.avg_price""],""dimensions"":[""crm_pricebook.product_category"",""crm_pricebook.package""]}",crm,"[""crm_pricebook""]",Giá trung bình của sản phẩm theo từng product category và package là bao nhiêu?,,,
25,Loại product_type nào có số lượng item bảng giá nhiều nhất?,"{""measures"":[""crm_pricebook.price_item_count""],""dimensions"":[""crm_pricebook.product_type""],""order"":{""crm_pricebook.price_item_count"":""desc""}}",crm,"[""crm_pricebook""]",Loại product type nào có số lượng item bảng giá nhiều nhất?,,,
26,Giá trung bình của sản phẩm theo từng price_bucket là bao nhiêu?,"{""measures"":[""crm_pricebook.avg_price""],""dimensions"":[""crm_pricebook.price_bucket""]}",crm,"[""crm_pricebook""]",Giá trung bình của sản phẩm theo từng price bucket là bao nhiêu?,,,
27,Có bao nhiêu sản phẩm thuộc chương trình CSMP theo từng product_category?,"{""measures"":[""crm_pricebook.price_item_count""],""dimensions"":[""crm_pricebook.product_category""],""filters"":[{""member"":""crm_pricebook.is_related_csmp"",""operator"":""equals"",""values"":[""true""]}]}",crm,"[""crm_pricebook""]",Có bao nhiêu sản phẩm thuộc chương trình CSMP theo từng product category?,,,
28,Giá trung bình của sản phẩm CSMP theo từng package là bao nhiêu?,"{""measures"":[""crm_pricebook.avg_price""],""dimensions"":[""crm_pricebook.package""],""filters"":[{""member"":""crm_pricebook.is_related_csmp"",""operator"":""equals"",""values"":[""true""]}]}",crm,"[""crm_pricebook""]",Giá trung bình của sản phẩm CSMP theo từng package là bao nhiêu?,,,
29,Product category nào có giá tối đa cao nhất?,"{""measures"":[""crm_pricebook.max_price""],""dimensions"":[""crm_pricebook.product_category""],""order"":{""crm_pricebook.max_price"":""desc""}}",crm,"[""crm_pricebook""]",Product category nào có giá tối đa cao nhất?,,,
30,Giá tối thiểu trung bình theo từng product_category là bao nhiêu?,"{""measures"":[""crm_pricebook.avg_price_min""],""dimensions"":[""crm_pricebook.product_category""]}",crm,"[""crm_pricebook""]",Giá tối thiểu trung bình theo từng product category là bao nhiêu?,,,
31,Giá tối đa trung bình theo từng product_category là bao nhiêu?,"{""measures"":[""crm_pricebook.avg_price_max""],""dimensions"":[""crm_pricebook.product_category""]}",crm,"[""crm_pricebook""]",Giá tối đa trung bình theo từng product category là bao nhiêu?,,,
32,Số lượng item bảng giá theo từng item_type là bao nhiêu?,"{""measures"":[""crm_pricebook.price_item_count""],""dimensions"":[""crm_pricebook.item_type""]}",crm,"[""crm_pricebook""]",Số lượng item bảng giá theo từng item type là bao nhiêu?,,,
33,Product category nào có mức chiết khấu CSMP trung bình cao nhất?,"{""measures"":[""crm_pricebook.avg_csmp_discount""],""dimensions"":[""crm_pricebook.product_category""],""order"":{""crm_pricebook.avg_csmp_discount"":""desc""}}",crm,"[""crm_pricebook""]",Product category nào có mức chiết khấu CSMP trung bình cao nhất?,,,
34,Giá trung bình của sản phẩm theo từng product_type và product_license là bao nhiêu?,"{""measures"":[""crm_pricebook.avg_price""],""dimensions"":[""crm_pricebook.product_type"",""crm_pricebook.product_license""]}",crm,"[""crm_pricebook""]",Giá trung bình của sản phẩm theo từng product type và product license là bao nhiêu?,,,
35,Phân bố số lượng sản phẩm theo product_type và price_bucket như thế nào?,"{""measures"":[""crm_pricebook.price_item_count""],""dimensions"":[""crm_pricebook.product_type"",""crm_pricebook.price_bucket""]}",crm,"[""crm_pricebook""]",Phân bố số lượng sản phẩm theo product type và price bucket như thế nào?,,,
36,Có bao nhiêu sản phẩm có pricing theo số lượng theo từng product_category?,"{""measures"":[""crm_pricebook.price_item_count""],""dimensions"":[""crm_pricebook.product_category""],""filters"":[{""member"":""crm_pricebook.is_quantity_based"",""operator"":""equals"",""values"":[""true""]}]}",crm,"[""crm_pricebook""]",Có bao nhiêu sản phẩm có pricing theo số lượng theo từng product category?,,,
37,Giá trung bình của sản phẩm theo từng product_category và product_version là bao nhiêu?,"{""measures"":[""crm_pricebook.avg_price""],""dimensions"":[""crm_pricebook.product_category"",""crm_pricebook.product_version""]}",crm,"[""crm_pricebook""]",Giá trung bình của sản phẩm theo từng product category và product version là bao nhiêu?,,,
38,Product version nào có giá trung bình cao nhất?,"{""measures"":[""crm_pricebook.avg_price""],""dimensions"":[""crm_pricebook.product_version""],""order"":{""crm_pricebook.avg_price"":""desc""}}",crm,"[""crm_pricebook""]",Product version nào có giá trung bình cao nhất?,,,
39,Giá trung bình của sản phẩm theo từng currency_code là bao nhiêu?,"{""measures"":[""crm_pricebook.avg_price""],""dimensions"":[""crm_pricebook.currency_code""]}",crm,"[""crm_pricebook""]",Giá trung bình của sản phẩm theo từng currency code là bao nhiêu?,,,
40,Số lượng item bảng giá được cập nhật theo tháng là bao nhiêu?,"{""measures"":[""crm_pricebook.price_item_count""],""timeDimensions"":[{""dimension"":""crm_pricebook.updated_at"",""granularity"":""month""}]}",crm,"[""crm_pricebook""]",Số lượng item bảng giá được cập nhật theo tháng là bao nhiêu?,,,
1,Tổng giá trị thanh toán dự báo theo VND là bao nhiêu?,"{""measures"":[""crm_expected_revenue.total_vnd_amount""]}",crm,"[""crm_expected_revenue""]",Tổng giá trị thanh toán dự báo theo VND là bao nhiêu?,,,
3,Giá trị thanh toán trung bình theo VND là bao nhiêu?,"{""measures"":[""crm_expected_revenue.avg_vnd_amount""]}",crm,"[""crm_expected_revenue""]",Giá trị thanh toán trung bình theo VND là bao nhiêu?,,,
4,Tổng giá trị thanh toán theo từng product_category là bao nhiêu?,"{""measures"":[""crm_expected_revenue.total_vnd_amount""],""dimensions"":[""crm_expected_revenue.product_category""]}",crm,"[""crm_expected_revenue""]",Tổng giá trị thanh toán theo từng product category là bao nhiêu?,,,
5,Tổng giá trị thanh toán theo từng territory_name là bao nhiêu?,"{""measures"":[""crm_expected_revenue.total_vnd_amount""],""dimensions"":[""crm_expected_revenue.territory_name""]}",crm,"[""crm_expected_revenue""]",Tổng giá trị thanh toán theo từng territory là bao nhiêu?,,,
6,Tổng giá trị thanh toán theo từng market_name là bao nhiêu?,"{""measures"":[""crm_expected_revenue.total_vnd_amount""],""dimensions"":[""crm_expected_revenue.market_name""]}",crm,"[""crm_expected_revenue""]",Tổng giá trị thanh toán theo từng market là bao nhiêu?,,,
7,Xu hướng tổng giá trị doanh số dự tính theo tháng như thế nào?,"{""measures"":[""crm_expected_revenue.total_vnd_amount""],""timeDimensions"":[{""dimension"":""crm_expected_revenue.payment_date"",""granularity"":""month""}]}",crm,"[""crm_expected_revenue""]",Xu hướng tổng giá trị doanh số dự tính theo tháng như thế nào?,,,
8,Tổng giá trị thanh toán thực tế là bao nhiêu?,"{""measures"":[""crm_expected_revenue.actual_payment_amount""]}",crm,"[""crm_expected_revenue""]",Tổng giá trị thanh toán thực tế là bao nhiêu?,,,
9,Tổng giá trị thanh toán forecast là bao nhiêu?,"{""measures"":[""crm_expected_revenue.forecast_payment_amount""]}",crm,"[""crm_expected_revenue""]",Tổng giá trị thanh toán forecast là bao nhiêu?,,,
10,Tỷ lệ thanh toán thực tế trên tổng doanh số dự tính là bao nhiêu?,"{""measures"":[""crm_expected_revenue.actual_payment_rate""]}",crm,"[""crm_expected_revenue""]",Tỷ lệ thanh toán thực tế trên tổng doanh số dự tính là bao nhiêu?,,,
11,Tổng giá trị thanh toán recurring là bao nhiêu?,"{""measures"":[""crm_expected_revenue.recurring_payment_amount""]}",crm,"[""crm_expected_revenue""]",Tổng giá trị thanh toán recurring là bao nhiêu?,,,
12,Tổng giá trị thanh toán không recurring là bao nhiêu?,"{""measures"":[""crm_expected_revenue.non_recurring_payment_amount""]}",crm,"[""crm_expected_revenue""]",Tổng giá trị thanh toán không recurring là bao nhiêu?,,,
13,Giá trị doanh số dự tính theo từng product_type là bao nhiêu?,"{""measures"":[""crm_expected_revenue.total_vnd_amount""],""dimensions"":[""crm_expected_revenue.product_type""]}",crm,"[""crm_expected_revenue""]",Giá trị doanh số dự tính theo từng product type là bao nhiêu?,,,
14,Product category nào có tổng doanh số dự tính cao nhất?,"{""measures"":[""crm_expected_revenue.total_vnd_amount""],""dimensions"":[""crm_expected_revenue.product_category""],""order"":{""crm_expected_revenue.total_vnd_amount"":""desc""}}",crm,"[""crm_expected_revenue""]",Product category nào có tổng doanh số dự tính cao nhất?,,,
15,Territory nào có tổng doanh số dự tính cao nhất?,"{""measures"":[""crm_expected_revenue.total_vnd_amount""],""dimensions"":[""crm_expected_revenue.territory_name""],""order"":{""crm_expected_revenue.total_vnd_amount"":""desc""}}",crm,"[""crm_expected_revenue""]",Territory nào có tổng doanh số dự tính cao nhất?,,,
16,Phân bố số lượng payment theo amount_bucket như thế nào?,"{""measures"":[""crm_expected_revenue.payment_count""],""dimensions"":[""crm_expected_revenue.amount_bucket""]}",crm,"[""crm_expected_revenue""]",Phân bố số lượng payment theo amount bucket như thế nào?,,,
17,Tổng doanh số dự tính theo từng customer_group là bao nhiêu?,"{""measures"":[""crm_expected_revenue.total_vnd_amount""],""dimensions"":[""crm_expected_revenue.customer_group""]}",crm,"[""crm_expected_revenue""]",Tổng doanh số dự tính theo từng customer group là bao nhiêu?,,,
18,Tổng doanh số dự tính theo từng customer_segment_l1 là bao nhiêu?,"{""measures"":[""crm_expected_revenue.total_vnd_amount""],""dimensions"":[""crm_expected_revenue.customer_segment_l1""]}",crm,"[""crm_expected_revenue""]",Tổng doanh số dự tính theo từng customer segment L1 là bao nhiêu?,,,
19,Xu hướng số lượng payment forecast theo tháng như thế nào?,"{""measures"":[""crm_expected_revenue.payment_count""],""timeDimensions"":[{""dimension"":""crm_expected_revenue.payment_date"",""granularity"":""month""}]}",crm,"[""crm_expected_revenue""]",Xu hướng số lượng payment forecast theo tháng như thế nào?,,,
20,So sánh tổng payment giữa recurring và non-recurring là bao nhiêu?,"{""measures"":[""crm_expected_revenue.recurring_payment_amount"",""crm_expected_revenue.non_recurring_payment_amount""]}",crm,"[""crm_expected_revenue""]",So sánh tổng payment giữa recurring và non-recurring là bao nhiêu?,,,
21,Tổng doanh số dự tính theo từng deployment_type là bao nhiêu?,"{""measures"":[""crm_expected_revenue.total_vnd_amount""],""dimensions"":[""crm_expected_revenue.deployment_type""]}",crm,"[""crm_expected_revenue""]",Tổng doanh số dự tính theo từng deployment type là bao nhiêu?,,,
22,Tổng doanh số dự tính theo từng product_category và territory_name là bao nhiêu?,"{""measures"":[""crm_expected_revenue.total_vnd_amount""],""dimensions"":[""crm_expected_revenue.product_category"",""crm_expected_revenue.territory_name""]}",crm,"[""crm_expected_revenue""]",Tổng doanh số dự tính theo từng product category và territory là bao nhiêu?,,,
23,Tổng doanh số dự tính theo từng market_name và customer_group là bao nhiêu?,"{""measures"":[""crm_expected_revenue.total_vnd_amount""],""dimensions"":[""crm_expected_revenue.market_name"",""crm_expected_revenue.customer_group""]}",crm,"[""crm_expected_revenue""]",Tổng doanh số dự tính theo từng market và customer group là bao nhiêu?,,,
24,Khu vực/lãnh thổ nào có doanh số dự tính trung bình cao nhất?,"{""measures"":[""crm_expected_revenue.avg_vnd_amount""],""dimensions"":[""crm_expected_revenue.market_name""],""order"":{""crm_expected_revenue.avg_vnd_amount"":""desc""}}",crm,"[""crm_expected_revenue""]",Khu vực/lãnh thổ nào có doanh số dự tính trung bình cao nhất?,,,
25,Territory nào có số lượng doanh số dự tính nhiều nhất?,"{""measures"":[""crm_expected_revenue.payment_count""],""dimensions"":[""crm_expected_revenue.territory_name""],""order"":{""crm_expected_revenue.payment_count"":""desc""}}",crm,"[""crm_expected_revenue""]",Territory nào có số lượng doanh số dự tính nhiều nhất?,,,
26,Phân bố doanh số dự tính theo product_type và deployment_type như thế nào?,"{""measures"":[""crm_expected_revenue.total_vnd_amount""],""dimensions"":[""crm_expected_revenue.product_type"",""crm_expected_revenue.deployment_type""]}",crm,"[""crm_expected_revenue""]",Phân bố doanh số dự tính theo product type và deployment type như thế nào?,,,
27,Tổng doanh số dự tính theo từng customer_segment_l2 là bao nhiêu?,"{""measures"":[""crm_expected_revenue.total_vnd_amount""],""dimensions"":[""crm_expected_revenue.customer_segment_l2""]}",crm,"[""crm_expected_revenue""]",Tổng doanh số dự tính theo từng customer segment L2 là bao nhiêu?,,,
28,Tổng doanh số dự tính theo từng customer_segment_l3 là bao nhiêu?,"{""measures"":[""crm_expected_revenue.total_vnd_amount""],""dimensions"":[""crm_expected_revenue.customer_segment_l3""]}",crm,"[""crm_expected_revenue""]",Tổng doanh số dự tính theo từng customer segment L3 là bao nhiêu?,,,
29,Giá trị doanh số dự tính trung bình theo từng territory_name là bao nhiêu?,"{""measures"":[""crm_expected_revenue.avg_vnd_amount""],""dimensions"":[""crm_expected_revenue.territory_name""]}",crm,"[""crm_expected_revenue""]",Giá trị doanh số dự tính trung bình theo từng territory là bao nhiêu?,,,
30,Tổng doanh số dự tính theo từng currency_code là bao nhiêu?,"{""measures"":[""crm_expected_revenue.total_currency_amount""],""dimensions"":[""crm_expected_revenue.currency_code""]}",crm,"[""crm_expected_revenue""]",Tổng doanh số dự tính theo từng currency code là bao nhiêu?,,,
31,Xu hướng doanh số dự tính theo due_date theo tháng như thế nào?,"{""measures"":[""crm_expected_revenue.total_vnd_amount""],""timeDimensions"":[{""dimension"":""crm_expected_revenue.due_date"",""granularity"":""month""}]}",crm,"[""crm_expected_revenue""]",Xu hướng doanh số dự tính theo due date theo tháng như thế nào?,,,
32,So sánh tổng doanh số dự tính giữa các product_type là bao nhiêu?,"{""measures"":[""crm_expected_revenue.total_vnd_amount""],""dimensions"":[""crm_expected_revenue.product_type""]}",crm,"[""crm_expected_revenue""]",So sánh tổng doanh số dự tính giữa các product type là bao nhiêu?,,,
33,Khu vực/lãnh thổ nào có doanh số dự tính thấp nhất?,"{""measures"":[""crm_expected_revenue.total_vnd_amount""],""dimensions"":[""crm_expected_revenue.market_name""],""order"":{""crm_expected_revenue.total_vnd_amount"":""asc""}}",crm,"[""crm_expected_revenue""]",Khu vực/lãnh thổ nào có doanh số dự tính thấp nhất?,,,
34,Customer segment L1 nào có doanh số dự tính cao nhất?,"{""measures"":[""crm_expected_revenue.total_vnd_amount""],""dimensions"":[""crm_expected_revenue.customer_segment_l1""],""order"":{""crm_expected_revenue.total_vnd_amount"":""desc""}}",crm,"[""crm_expected_revenue""]",Customer segment L1 nào có doanh số dự tính cao nhất?,,,
35,Phân bố doanh số dự tính theo amount_bucket và territory_name như thế nào?,"{""measures"":[""crm_expected_revenue.payment_count""],""dimensions"":[""crm_expected_revenue.amount_bucket"",""crm_expected_revenue.territory_name""]}",crm,"[""crm_expected_revenue""]",Phân bố doanh số dự tính theo amount bucket và territory như thế nào?,,,
36,Tổng doanh số dự tính của recurring theo từng product_category là bao nhiêu?,"{""measures"":[""crm_expected_revenue.recurring_payment_amount""],""dimensions"":[""crm_expected_revenue.product_category""]}",crm,"[""crm_expected_revenue""]",Tổng doanh số dự tính của recurring theo từng product category là bao nhiêu?,,,
37,Tổng doanh số dự tính của non-recurring theo từng product_category là bao nhiêu?,"{""measures"":[""crm_expected_revenue.non_recurring_payment_amount""],""dimensions"":[""crm_expected_revenue.product_category""]}",crm,"[""crm_expected_revenue""]",Tổng doanh số dự tính của non-recurring theo từng product category là bao nhiêu?,,,
38,Tỷ lệ thanh toán thực tế theo từng territory_name là bao nhiêu?,"{""measures"":[""crm_expected_revenue.actual_payment_rate""],""dimensions"":[""crm_expected_revenue.territory_name""]}",crm,"[""crm_expected_revenue""]",Tỷ lệ thanh toán thực tế theo từng territory là bao nhiêu?,,,
39,Tổng doanh số dự tính theo từng product_category và market_name là bao nhiêu?,"{""measures"":[""crm_expected_revenue.total_vnd_amount""],""dimensions"":[""crm_expected_revenue.product_category"",""crm_expected_revenue.market_name""]}",crm,"[""crm_expected_revenue""]",Tổng doanh số dự tính theo từng product category và market là bao nhiêu?,,,
40,Xu hướng doanh số dự tính theo territory_name theo tháng như thế nào?,"{""measures"":[""crm_expected_revenue.total_vnd_amount""],""dimensions"":[""crm_expected_revenue.territory_name""],""timeDimensions"":[{""dimension"":""crm_expected_revenue.payment_date"",""granularity"":""month""}]}",crm,"[""crm_expected_revenue""]",Xu hướng doanh số dự tính theo territory theo tháng như thế nào?,,,
,,,,,,,,
,,,,,,,,
,,,,,,,,
44,Top 5 Khu vực/lãnh thổ có doanh số dự tính cao nhất là những Khu vực/lãnh thổ nào?,"{""measures"":[""crm_expected_revenue.total_vnd_amount""],""dimensions"":[""crm_expected_revenue.market_name""],""order"":{""crm_expected_revenue.total_vnd_amount"":""desc""},""limit"":5}",crm,"[""crm_expected_revenue""]",Top 5 Khu vực/lãnh thổ có doanh số dự tính cao nhất là những Khu vực/lãnh thổ nào?,,,
45,Top 5 product_category có doanh số dự tính cao nhất là những category nào?,"{""measures"":[""crm_expected_revenue.total_vnd_amount""],""dimensions"":[""crm_expected_revenue.product_category""],""order"":{""crm_expected_revenue.total_vnd_amount"":""desc""},""limit"":5}",crm,"[""crm_expected_revenue""]",Top 5 product category có doanh số dự tính cao nhất là những category nào?,,,
46,Top 5 customer_segment_l1 có doanh số dự tính cao nhất là những segment nào?,"{""measures"":[""crm_expected_revenue.total_vnd_amount""],""dimensions"":[""crm_expected_revenue.customer_segment_l1""],""order"":{""crm_expected_revenue.total_vnd_amount"":""desc""},""limit"":5}",crm,"[""crm_expected_revenue""]",Top 5 customer segment L1 có doanh số dự tính cao nhất là những segment nào?,,,
47,So sánh doanh số dự tính giữa các deployment_type là bao nhiêu?,"{""measures"":[""crm_expected_revenue.total_vnd_amount""],""dimensions"":[""crm_expected_revenue.deployment_type""]}",crm,"[""crm_expected_revenue""]",So sánh doanh số dự tính giữa các deployment type là bao nhiêu?,,,
48,So sánh doanh số dự tính giữa các product_type là bao nhiêu?,"{""measures"":[""crm_expected_revenue.total_vnd_amount""],""dimensions"":[""crm_expected_revenue.product_type""]}",crm,"[""crm_expected_revenue""]",So sánh doanh số dự tính giữa các product type là bao nhiêu?,,,
49,Tổng doanh số dự tính theo từng product_category và customer_segment_l1 là bao nhiêu?,"{""measures"":[""crm_expected_revenue.total_vnd_amount""],""dimensions"":[""crm_expected_revenue.product_category"",""crm_expected_revenue.customer_segment_l1""]}",crm,"[""crm_expected_revenue""]",Tổng doanh số dự tính theo từng product category và customer segment L1 là bao nhiêu?,,,
50,Tổng doanh số dự tính theo từng market_name và product_category là bao nhiêu?,"{""measures"":[""crm_expected_revenue.total_vnd_amount""],""dimensions"":[""crm_expected_revenue.market_name"",""crm_expected_revenue.product_category""]}",crm,"[""crm_expected_revenue""]",Tổng doanh số dự tính theo từng market và product category là bao nhiêu?,,,
51,Tổng doanh số dự tính của recurring theo từng market_name là bao nhiêu?,"{""measures"":[""crm_expected_revenue.recurring_payment_amount""],""dimensions"":[""crm_expected_revenue.market_name""]}",crm,"[""crm_expected_revenue""]",Tổng doanh số dự tính của recurring theo từng market là bao nhiêu?,,,
52,Tổng doanh số dự tính của non-recurring theo từng market_name là bao nhiêu?,"{""measures"":[""crm_expected_revenue.non_recurring_payment_amount""],""dimensions"":[""crm_expected_revenue.market_name""]}",crm,"[""crm_expected_revenue""]",Tổng doanh số dự tính của non-recurring theo từng market là bao nhiêu?,,,
53,Tổng doanh số dự tính theo từng amount_bucket là bao nhiêu?,"{""measures"":[""crm_expected_revenue.total_vnd_amount""],""dimensions"":[""crm_expected_revenue.amount_bucket""]}",crm,"[""crm_expected_revenue""]",Tổng doanh số dự tính theo từng amount bucket là bao nhiêu?,,,
54,Xu hướng actual payment theo tháng như thế nào?,"{""measures"":[""crm_expected_revenue.actual_payment_amount""],""timeDimensions"":[{""dimension"":""crm_expected_revenue.payment_date"",""granularity"":""month""}]}",crm,"[""crm_expected_revenue""]",Xu hướng actual payment theo tháng như thế nào?,,,
55,Xu hướng doanh số dự tính theo tháng cho từng territory_name như thế nào?,"{""measures"":[""crm_expected_revenue.total_vnd_amount""],""dimensions"":[""crm_expected_revenue.territory_name""],""timeDimensions"":[{""dimension"":""crm_expected_revenue.payment_date"",""granularity"":""month""}]}",crm,"[""crm_expected_revenue""]",Xu hướng doanh số dự tính theo tháng cho từng territory như thế nào?,,,
56,Territory nào có tỷ lệ actual payment cao nhất?,"{""measures"":[""crm_expected_revenue.actual_payment_rate""],""dimensions"":[""crm_expected_revenue.territory_name""],""order"":{""crm_expected_revenue.actual_payment_rate"":""desc""}}",crm,"[""crm_expected_revenue""]",Territory nào có tỷ lệ actual payment cao nhất?,,,
57,Market nào có tỷ lệ actual payment thấp nhất?,"{""measures"":[""crm_expected_revenue.actual_payment_rate""],""dimensions"":[""crm_expected_revenue.market_name""],""order"":{""crm_expected_revenue.actual_payment_rate"":""asc""}}",crm,"[""crm_expected_revenue""]",Market nào có tỷ lệ actual payment thấp nhất?,,,
58,Product category nào có doanh số dự tính trung bình cao nhất?,"{""measures"":[""crm_expected_revenue.avg_vnd_amount""],""dimensions"":[""crm_expected_revenue.product_category""],""order"":{""crm_expected_revenue.avg_vnd_amount"":""desc""}}",crm,"[""crm_expected_revenue""]",Product category nào có doanh số dự tính trung bình cao nhất?,,,
59,Product category nào có doanh số dự tính trung bình thấp nhất?,"{""measures"":[""crm_expected_revenue.avg_vnd_amount""],""dimensions"":[""crm_expected_revenue.product_category""],""order"":{""crm_expected_revenue.avg_vnd_amount"":""asc""}}",crm,"[""crm_expected_revenue""]",Product category nào có doanh số dự tính trung bình thấp nhất?,,,
60,Tổng doanh số dự tính theo từng product_type và territory_name là bao nhiêu?,"{""measures"":[""crm_expected_revenue.total_vnd_amount""],""dimensions"":[""crm_expected_revenue.product_type"",""crm_expected_revenue.territory_name""]}",crm,"[""crm_expected_revenue""]",Tổng doanh số dự tính theo từng product type và territory là bao nhiêu?,,,
61,Xu hướng doanh số dự tính theo tháng là như thế nào?,"{""measures"":[""crm_expected_revenue.forecast_payment_amount""],""timeDimensions"":[{""dimension"":""crm_expected_revenue.payment_date"",""granularity"":""month""}]}",crm,"[""crm_expected_revenue""]",Xu hướng doanh số dự tính theo tháng là như thế nào?,,,
62,Xu hướng doanh số dự tính theo quý là như thế nào?,"{""measures"":[""crm_expected_revenue.forecast_payment_amount""],""timeDimensions"":[{""dimension"":""crm_expected_revenue.payment_date"",""granularity"":""quarter""}]}",crm,"[""crm_expected_revenue""]",Xu hướng doanh số dự tính theo quý là như thế nào?,,,
63,Xu hướng doanh số dự tính theo năm là như thế nào?,"{""measures"":[""crm_expected_revenue.forecast_payment_amount""],""timeDimensions"":[{""dimension"":""crm_expected_revenue.payment_date"",""granularity"":""year""}]}",crm,"[""crm_expected_revenue""]",Xu hướng doanh số dự tính theo năm là như thế nào?,,,
64,So sánh actual payment và doanh số dự tính theo tháng như thế nào?,"{""measures"":[""crm_expected_revenue.actual_payment_amount"",""crm_expected_revenue.forecast_payment_amount""],""timeDimensions"":[{""dimension"":""crm_expected_revenue.payment_date"",""granularity"":""month""}]}",crm,"[""crm_expected_revenue""]",So sánh actual payment và doanh số dự tính theo tháng như thế nào?,,,
65,So sánh actual payment và doanh số dự tính theo territory là như thế nào?,"{""measures"":[""crm_expected_revenue.actual_payment_amount"",""crm_expected_revenue.forecast_payment_amount""],""dimensions"":[""crm_expected_revenue.territory_name""]}",crm,"[""crm_expected_revenue""]",So sánh actual payment và doanh số dự tính theo territory là như thế nào?,,,
66,So sánh actual payment và doanh số dự tính theo market là như thế nào?,"{""measures"":[""crm_expected_revenue.actual_payment_amount"",""crm_expected_revenue.forecast_payment_amount""],""dimensions"":[""crm_expected_revenue.market_name""]}",crm,"[""crm_expected_revenue""]",So sánh actual payment và doanh số dự tính theo market là như thế nào?,,,
67,Tổng doanh số dự tính theo từng customer_segment_l1 và market_name là bao nhiêu?,"{""measures"":[""crm_expected_revenue.total_vnd_amount""],""dimensions"":[""crm_expected_revenue.customer_segment_l1"",""crm_expected_revenue.market_name""]}",crm,"[""crm_expected_revenue""]",Tổng doanh số dự tính theo từng customer segment L1 và market là bao nhiêu?,,,
68,Tổng doanh số dự tính theo từng customer_segment_l2 và product_category là bao nhiêu?,"{""measures"":[""crm_expected_revenue.total_vnd_amount""],""dimensions"":[""crm_expected_revenue.customer_segment_l2"",""crm_expected_revenue.product_category""]}",crm,"[""crm_expected_revenue""]",Tổng doanh số dự tính theo từng customer segment L2 và product category là bao nhiêu?,,,
69,Tổng doanh số dự tính theo từng customer_segment_l3 là bao nhiêu?,"{""measures"":[""crm_expected_revenue.total_vnd_amount""],""dimensions"":[""crm_expected_revenue.customer_segment_l3""]}",crm,"[""crm_expected_revenue""]",Tổng doanh số dự tính theo từng customer segment L3 là bao nhiêu?,,,
70,Top 10 market có doanh số dự tính cao nhất là những market nào?,"{""measures"":[""crm_expected_revenue.total_vnd_amount""],""dimensions"":[""crm_expected_revenue.market_name""],""order"":{""crm_expected_revenue.total_vnd_amount"":""desc""},""limit"":10}",crm,"[""crm_expected_revenue""]",Top 10 market có doanh số dự tính cao nhất là những market nào?,,,
71,Top 10 product_category có doanh số dự tính cao nhất là những category nào?,"{""measures"":[""crm_expected_revenue.total_vnd_amount""],""dimensions"":[""crm_expected_revenue.product_category""],""order"":{""crm_expected_revenue.total_vnd_amount"":""desc""},""limit"":10}",crm,"[""crm_expected_revenue""]",Top 10 product category có doanh số dự tính cao nhất là những category nào?,,,
72,Territory nào có doanh số dự tính thấp nhất?,"{""measures"":[""crm_expected_revenue.total_vnd_amount""],""dimensions"":[""crm_expected_revenue.territory_name""],""order"":{""crm_expected_revenue.total_vnd_amount"":""asc""},""limit"":5}",crm,"[""crm_expected_revenue""]",Territory nào có doanh số dự tính thấp nhất?,,,
,,,,,,,,
,,,,,,,,
76,Tổng doanh số dự tính theo currency_code là bao nhiêu?,"{""measures"":[""crm_expected_revenue.total_currency_amount""],""dimensions"":[""crm_expected_revenue.currency_code""]}",crm,"[""crm_expected_revenue""]",Tổng doanh số dự tính theo currency code là bao nhiêu?,,,
77,Phân bố số lượng payment theo amount_bucket là như thế nào?,"{""measures"":[""crm_expected_revenue.payment_count""],""dimensions"":[""crm_expected_revenue.amount_bucket""]}",crm,"[""crm_expected_revenue""]",Phân bố số lượng payment theo amount bucket là như thế nào?,,,
78,Market nào có payment trung bình cao nhất?,"{""measures"":[""crm_expected_revenue.avg_vnd_amount""],""dimensions"":[""crm_expected_revenue.market_name""],""order"":{""crm_expected_revenue.avg_vnd_amount"":""desc""}}",crm,"[""crm_expected_revenue""]",Market nào có payment trung bình cao nhất?,,,
79,Territory nào có payment trung bình cao nhất?,"{""measures"":[""crm_expected_revenue.avg_vnd_amount""],""dimensions"":[""crm_expected_revenue.territory_name""],""order"":{""crm_expected_revenue.avg_vnd_amount"":""desc""}}",crm,"[""crm_expected_revenue""]",Territory nào có payment trung bình cao nhất?,,,
80,Xu hướng recurring payment theo tháng là như thế nào?,"{""measures"":[""crm_expected_revenue.recurring_payment_amount""],""timeDimensions"":[{""dimension"":""crm_expected_revenue.payment_date"",""granularity"":""month""}]}",crm,"[""crm_expected_revenue""]",Xu hướng recurring payment theo tháng là như thế nào?,,,
81,Xu hướng non-recurring payment theo tháng là như thế nào?,"{""measures"":[""crm_expected_revenue.non_recurring_payment_amount""],""timeDimensions"":[{""dimension"":""crm_expected_revenue.payment_date"",""granularity"":""month""}]}",crm,"[""crm_expected_revenue""]",Xu hướng non-recurring payment theo tháng là như thế nào?,,,
82,So sánh recurring và non-recurring payment theo product_category là như thế nào?,"{""measures"":[""crm_expected_revenue.recurring_payment_amount"",""crm_expected_revenue.non_recurring_payment_amount""],""dimensions"":[""crm_expected_revenue.product_category""]}",crm,"[""crm_expected_revenue""]",So sánh recurring và non recurring payment theo product category là như thế nào?,,,
83,Tổng doanh số dự tính theo deployment_type và market_name là bao nhiêu?,"{""measures"":[""crm_expected_revenue.total_vnd_amount""],""dimensions"":[""crm_expected_revenue.deployment_type"",""crm_expected_revenue.market_name""]}",crm,"[""crm_expected_revenue""]",Tổng doanh số dự tính theo deployment type và market là bao nhiêu?,,,
84,Tổng doanh số dự tính theo product_type và market_name là bao nhiêu?,"{""measures"":[""crm_expected_revenue.total_vnd_amount""],""dimensions"":[""crm_expected_revenue.product_type"",""crm_expected_revenue.market_name""]}",crm,"[""crm_expected_revenue""]",Tổng doanh số dự tính theo product type và market là bao nhiêu?,,,
85,Tổng doanh số dự tính theo customer_group là bao nhiêu?,"{""measures"":[""crm_expected_revenue.total_vnd_amount""],""dimensions"":[""crm_expected_revenue.customer_group""]}",crm,"[""crm_expected_revenue""]",Tổng doanh số dự tính theo customer group là bao nhiêu?,,,
86,Tổng doanh số dự tính theo territory và customer_group là bao nhiêu?,"{""measures"":[""crm_expected_revenue.total_vnd_amount""],""dimensions"":[""crm_expected_revenue.territory_name"",""crm_expected_revenue.customer_group""]}",crm,"[""crm_expected_revenue""]",Tổng doanh số dự tính theo territory và customer group là bao nhiêu?,,,
87,Tổng doanh số dự tính theo market và customer_group là bao nhiêu?,"{""measures"":[""crm_expected_revenue.total_vnd_amount""],""dimensions"":[""crm_expected_revenue.market_name"",""crm_expected_revenue.customer_group""]}",crm,"[""crm_expected_revenue""]",Tổng doanh số dự tính theo market và customer group là bao nhiêu?,,,
88,Top 5 customer_segment_l1 có doanh số dự tính cao nhất là những segment nào?,"{""measures"":[""crm_expected_revenue.total_vnd_amount""],""dimensions"":[""crm_expected_revenue.customer_segment_l1""],""order"":{""crm_expected_revenue.total_vnd_amount"":""desc""},""limit"":5}",crm,"[""crm_expected_revenue""]",Top 5 customer segment L1 có doanh số dự tính cao nhất là những segment nào?,,,
90,Top 5 customer_segment_l3 có doanh số dự tính cao nhất là những segment nào?,"{""measures"":[""crm_expected_revenue.total_vnd_amount""],""dimensions"":[""crm_expected_revenue.customer_segment_l3""],""order"":{""crm_expected_revenue.total_vnd_amount"":""desc""},""limit"":5}",crm,"[""crm_expected_revenue""]",Top 5 customer segment L3 có doanh số dự tính cao nhất là những segment nào?,,,
1,Tổng số đối tác hiện có trong hệ thống CRM là bao nhiêu?,"{""measures"":[""crm_partners.partner_count""]}",crm,"[""crm_partners""]",Tổng số đối tác hiện có trong hệ thống CRM là bao nhiêu?,,,
2,Số đối tác còn hiệu lực hiện tại là bao nhiêu?,"{""measures"":[""crm_partners.active_partner_count""]}",crm,"[""crm_partners""]",Số đối tác còn hiệu lực hiện tại là bao nhiêu?,,,
3,Số đối tác đã hết hạn hiện tại là bao nhiêu?,"{""measures"":[""crm_partners.expired_partner_count""]}",crm,"[""crm_partners""]",Số đối tác đã hết hạn hiện tại là bao nhiêu?,,,
4,Tỷ lệ đối tác còn hiệu lực trong hệ thống CRM là bao nhiêu?,"{""measures"":[""crm_partners.active_partner_rate""]}",crm,"[""crm_partners""]",Tỷ lệ đối tác còn hiệu lực trong hệ thống CRM là bao nhiêu?,,,
5,Tỷ lệ đối tác đã hết hạn trong hệ thống CRM là bao nhiêu?,"{""measures"":[""crm_partners.expired_partner_rate""]}",crm,"[""crm_partners""]",Tỷ lệ đối tác đã hết hạn trong hệ thống CRM là bao nhiêu?,,,
6,Số lượng đối tác theo từng quốc gia là bao nhiêu?,"{""measures"":[""crm_partners.partner_count""],""dimensions"":[""crm_partners.country""]}",crm,"[""crm_partners""]",Số lượng đối tác theo từng quốc gia là bao nhiêu?,,,
7,Số lượng đối tác theo từng loại đối tác là bao nhiêu?,"{""measures"":[""crm_partners.partner_count""],""dimensions"":[""crm_partners.partner_type""]}",crm,"[""crm_partners""]",Số lượng đối tác theo từng loại đối tác là bao nhiêu?,,,
8,Phân bố số lượng đối tác theo trạng thái lifecycle là như thế nào?,"{""measures"":[""crm_partners.partner_count""],""dimensions"":[""crm_partners.partner_lifecycle_bucket""]}",crm,"[""crm_partners""]",Phân bố số lượng đối tác theo trạng thái lifecycle là như thế nào?,,,
9,Top 5 quốc gia có số lượng đối tác nhiều nhất là những quốc gia nào?,"{""measures"":[""crm_partners.partner_count""],""dimensions"":[""crm_partners.country""],""order"":{""crm_partners.partner_count"":""desc""},""limit"":5}",crm,"[""crm_partners""]",Top 5 quốc gia có số lượng đối tác nhiều nhất là những quốc gia nào?,,,
10,Top 5 quốc gia có số lượng đối tác ít nhất là những quốc gia nào?,"{""measures"":[""crm_partners.partner_count""],""dimensions"":[""crm_partners.country""],""order"":{""crm_partners.partner_count"":""asc""},""limit"":5}",crm,"[""crm_partners""]",Top 5 quốc gia có số lượng đối tác ít nhất là những quốc gia nào?,,,
11,Số lượng đối tác theo từng loại partner_type tại mỗi quốc gia là bao nhiêu?,"{""measures"":[""crm_partners.partner_count""],""dimensions"":[""crm_partners.country"",""crm_partners.partner_type""]}",crm,"[""crm_partners""]",Số lượng đối tác theo từng loại partner type tại mỗi quốc gia là bao nhiêu?,,,
12,Xu hướng số lượng đối tác bắt đầu hiệu lực theo năm là như thế nào?,"{""measures"":[""crm_partners.partner_count""],""timeDimensions"":[{""dimension"":""crm_partners.effective_date"",""granularity"":""year""}]}",crm,"[""crm_partners""]",Xu hướng số lượng đối tác bắt đầu hiệu lực theo năm là như thế nào?,,,
13,Xu hướng số lượng đối tác hết hạn theo năm là như thế nào?,"{""measures"":[""crm_partners.expired_partner_count""],""timeDimensions"":[{""dimension"":""crm_partners.expiration_date"",""granularity"":""year""}]}",crm,"[""crm_partners""]",Xu hướng số lượng đối tác hết hạn theo năm là như thế nào?,,,
14,So sánh số lượng đối tác active và expired theo quốc gia là như thế nào?,"{""measures"":[""crm_partners.active_partner_count"",""crm_partners.expired_partner_count""],""dimensions"":[""crm_partners.country""]}",crm,"[""crm_partners""]",So sánh số lượng đối tác active và expired theo quốc gia là như thế nào?,,,
15,Quốc gia nào có tỷ lệ đối tác còn hiệu lực cao nhất?,"{""measures"":[""crm_partners.active_partner_rate""],""dimensions"":[""crm_partners.country""],""order"":{""crm_partners.active_partner_rate"":""desc""}}",crm,"[""crm_partners""]",Quốc gia nào có tỷ lệ đối tác còn hiệu lực cao nhất?,,,
16,Quốc gia nào có tỷ lệ đối tác hết hạn cao nhất?,"{""measures"":[""crm_partners.expired_partner_rate""],""dimensions"":[""crm_partners.country""],""order"":{""crm_partners.expired_partner_rate"":""desc""}}",crm,"[""crm_partners""]",Quốc gia nào có tỷ lệ đối tác hết hạn cao nhất?,,,
17,Số lượng đối tác theo từng định dạng tài liệu document_format là bao nhiêu?,"{""measures"":[""crm_partners.partner_count""],""dimensions"":[""crm_partners.document_type""]}",crm,"[""crm_partners""]",Số lượng đối tác theo từng định dạng tài liệu document format là bao nhiêu?,,,
18,Xu hướng số lượng đối tác mới theo tháng trong năm 2024 là như thế nào?,"{""measures"":[""crm_partners.partner_count""],""timeDimensions"":[{""dimension"":""crm_partners.effective_date"",""granularity"":""month"",""dateRange"":[""2024-01-01"",""2024-12-31""]}]}",crm,"[""crm_partners""]",Xu hướng số lượng đối tác mới theo tháng trong năm 2024 là như thế nào?,,,
19,Quốc gia nào có số lượng đối tác tăng đột biến theo năm dựa trên effective_date?,"{""measures"":[""crm_partners.partner_count""],""dimensions"":[""crm_partners.country""],""timeDimensions"":[{""dimension"":""crm_partners.effective_date"",""granularity"":""year""}]}",crm,"[""crm_partners""]",Quốc gia nào có số lượng đối tác tăng đột biến theo năm dựa trên effective date?,,,
20,Số lượng đối tác theo từng quốc gia và trạng thái lifecycle là bao nhiêu?,"{""measures"":[""crm_partners.partner_count""],""dimensions"":[""crm_partners.country"",""crm_partners.partner_lifecycle_bucket""]}",crm,"[""crm_partners""]",Số lượng đối tác theo từng quốc gia và trạng thái lifecycle là bao nhiêu?,,,
21,Tổng số đối tác bắt đầu hiệu lực trong năm 2024 là bao nhiêu?,"{""measures"":[""crm_partners.partner_count""],""timeDimensions"":[{""dimension"":""crm_partners.effective_date"",""dateRange"":[""2024-01-01"",""2024-12-31""]}]}",crm,"[""crm_partners""]",Tổng số đối tác bắt đầu hiệu lực trong năm 2024 là bao nhiêu?,,,
22,Tổng số đối tác bắt đầu hiệu lực trong năm 2025 là bao nhiêu?,"{""measures"":[""crm_partners.partner_count""],""timeDimensions"":[{""dimension"":""crm_partners.effective_date"",""dateRange"":[""2025-01-01"",""2025-12-31""]}]}",crm,"[""crm_partners""]",Tổng số đối tác bắt đầu hiệu lực trong năm 2025 là bao nhiêu?,,,
23,So sánh số lượng đối tác bắt đầu hiệu lực giữa năm 2024 và năm 2025 là như thế nào?,"{""measures"":[""crm_partners.partner_count""],""timeDimensions"":[{""dimension"":""crm_partners.effective_date"",""granularity"":""year"",""dateRange"":[""2024-01-01"",""2025-12-31""]}]}",crm,"[""crm_partners""]",So sánh số lượng đối tác bắt đầu hiệu lực giữa năm 2024 và năm 2025 là như thế nào?,,,
,,,,,,,,
,,,,,,,,
26,Top 10 quốc gia có số lượng đối tác nhiều nhất là những quốc gia nào?,"{""measures"":[""crm_partners.partner_count""],""dimensions"":[""crm_partners.country""],""order"":{""crm_partners.partner_count"":""desc""},""limit"":10}",crm,"[""crm_partners""]",Top 10 quốc gia có số lượng đối tác nhiều nhất là những quốc gia nào?,,,
27,Top 10 quốc gia có số lượng đối tác ít nhất là những quốc gia nào?,"{""measures"":[""crm_partners.partner_count""],""dimensions"":[""crm_partners.country""],""order"":{""crm_partners.partner_count"":""asc""},""limit"":10}",crm,"[""crm_partners""]",Top 10 quốc gia có số lượng đối tác ít nhất là những quốc gia nào?,,,
28,Số lượng đối tác active theo từng quốc gia là bao nhiêu?,"{""measures"":[""crm_partners.active_partner_count""],""dimensions"":[""crm_partners.country""]}",crm,"[""crm_partners""]",Số lượng đối tác active theo từng quốc gia là bao nhiêu?,,,
29,Số lượng đối tác expired theo từng quốc gia là bao nhiêu?,"{""measures"":[""crm_partners.expired_partner_count""],""dimensions"":[""crm_partners.country""]}",crm,"[""crm_partners""]",Số lượng đối tác expired theo từng quốc gia là bao nhiêu?,,,
30,Quốc gia nào có số lượng đối tác expired cao nhất?,"{""measures"":[""crm_partners.expired_partner_count""],""dimensions"":[""crm_partners.country""],""order"":{""crm_partners.expired_partner_count"":""desc""},""limit"":5}",crm,"[""crm_partners""]",Quốc gia nào có số lượng đối tác expired cao nhất?,,,
31,Quốc gia nào có số lượng đối tác active cao nhất?,"{""measures"":[""crm_partners.active_partner_count""],""dimensions"":[""crm_partners.country""],""order"":{""crm_partners.active_partner_count"":""desc""},""limit"":5}",crm,"[""crm_partners""]",Quốc gia nào có số lượng đối tác active cao nhất?,,,
32,So sánh số lượng đối tác active và expired theo loại partner_type là như thế nào?,"{""measures"":[""crm_partners.active_partner_count"",""crm_partners.expired_partner_count""],""dimensions"":[""crm_partners.partner_type""]}",crm,"[""crm_partners""]",So sánh số lượng đối tác active và expired theo loại partner type là như thế nào?,,,
33,Xu hướng số lượng đối tác active theo năm là như thế nào?,"{""measures"":[""crm_partners.active_partner_count""],""timeDimensions"":[{""dimension"":""crm_partners.effective_date"",""granularity"":""year""}]}",crm,"[""crm_partners""]",Xu hướng số lượng đối tác active theo năm là như thế nào?,,,
34,Xu hướng số lượng đối tác expired theo năm là như thế nào?,"{""measures"":[""crm_partners.expired_partner_count""],""timeDimensions"":[{""dimension"":""crm_partners.expiration_date"",""granularity"":""year""}]}",crm,"[""crm_partners""]",Xu hướng số lượng đối tác expired theo năm là như thế nào?,,,
35,Số lượng đối tác theo từng quốc gia và loại partner_type là bao nhiêu?,"{""measures"":[""crm_partners.partner_count""],""dimensions"":[""crm_partners.country"",""crm_partners.partner_type""]}",crm,"[""crm_partners""]",Số lượng đối tác theo từng quốc gia và loại partner type là bao nhiêu?,,,
36,Số lượng đối tác theo từng quốc gia và trạng thái lifecycle là bao nhiêu?,"{""measures"":[""crm_partners.partner_count""],""dimensions"":[""crm_partners.country"",""crm_partners.partner_lifecycle_bucket""]}",crm,"[""crm_partners""]",Số lượng đối tác theo từng quốc gia và trạng thái lifecycle là bao nhiêu?,,,
37,Xu hướng số lượng đối tác mới theo tháng trong năm 2025 là như thế nào?,"{""measures"":[""crm_partners.partner_count""],""timeDimensions"":[{""dimension"":""crm_partners.effective_date"",""granularity"":""month"",""dateRange"":[""2025-01-01"",""2025-12-31""]}]}",crm,"[""crm_partners""]",Xu hướng số lượng đối tác mới theo tháng trong năm 2025 là như thế nào?,,,
38,Loại partner_type nào có số lượng đối tác nhiều nhất?,"{""measures"":[""crm_partners.partner_count""],""dimensions"":[""crm_partners.partner_type""],""order"":{""crm_partners.partner_count"":""desc""},""limit"":1}",crm,"[""crm_partners""]",Loại partner type nào có số lượng đối tác nhiều nhất?,,,
39,Loại partner_type nào có số lượng đối tác ít nhất?,"{""measures"":[""crm_partners.partner_count""],""dimensions"":[""crm_partners.partner_type""],""order"":{""crm_partners.partner_count"":""asc""},""limit"":1}",crm,"[""crm_partners""]",Loại partner type nào có số lượng đối tác ít nhất?,,,
40,Quốc gia nào có sự thay đổi lớn về số lượng đối tác theo năm dựa trên effective_date?,"{""measures"":[""crm_partners.partner_count""],""dimensions"":[""crm_partners.country""],""timeDimensions"":[{""dimension"":""crm_partners.effective_date"",""granularity"":""year""}]}",crm,"[""crm_partners""]",Quốc gia nào có sự thay đổi lớn về số lượng đối tác theo năm dựa trên effective date?,,,
1,Tổng số deal được tạo trong năm 2025 là bao nhiêu?,"{""measures"":[""crm_deals.deal_count""],""timeDimensions"":[{""dimension"":""crm_deals.deal_date"",""dateRange"":[""2025-01-01"",""2025-12-31""]}]}",crm,"[""crm_deals""]",Tổng số deal được tạo trong năm 2025 là bao nhiêu?,,,
2,Tổng giá trị kỳ vọng của các deal trong năm 2025 là bao nhiêu?,"{""measures"":[""crm_deals.total_expected_deal_value""],""timeDimensions"":[{""dimension"":""crm_deals.deal_date"",""dateRange"":[""2025-01-01"",""2025-12-31""]}]}",crm,"[""crm_deals""]",Tổng giá trị kỳ vọng của các deal trong năm 2025 là bao nhiêu?,,,
3,Xu hướng số lượng deal theo tháng trong năm 2025 là như thế nào?,"{""measures"":[""crm_deals.deal_count""],""timeDimensions"":[{""dimension"":""crm_deals.deal_date"",""granularity"":""month"",""dateRange"":[""2025-01-01"",""2025-12-31""]}]}",crm,"[""crm_deals""]",Xu hướng số lượng deal theo tháng trong năm 2025 là như thế nào?,,,
4,Xu hướng tổng giá trị pipeline có trọng số theo tháng trong năm 2025 là như thế nào?,"{""measures"":[""crm_deals.weighted_pipeline_value""],""timeDimensions"":[{""dimension"":""crm_deals.deal_date"",""granularity"":""month"",""dateRange"":[""2025-01-01"",""2025-12-31""]}]}",crm,"[""crm_deals""]",Xu hướng tổng giá trị pipeline có trọng số theo tháng trong năm 2025 là như thế nào?,,,
5,Số lượng deal theo từng territory là bao nhiêu?,"{""measures"":[""crm_deals.deal_count""],""dimensions"":[""crm_deals.territory_name""]}",crm,"[""crm_deals""]",Số lượng deal theo từng territory là bao nhiêu?,,,
6,Tổng giá trị deal quy đổi VND theo từng territory là bao nhiêu?,"{""measures"":[""crm_deals.total_vnd_amount""],""dimensions"":[""crm_deals.territory_name""]}",crm,"[""crm_deals""]",Tổng giá trị deal quy đổi VND theo từng territory là bao nhiêu?,,,
7,Top 10 Khu vực/lãnh thổ có tổng giá trị deal VND cao nhất là những Khu vực/lãnh thổ nào?,"{""measures"":[""crm_deals.total_vnd_amount""],""dimensions"":[""crm_deals.market_name""],""order"":{""crm_deals.total_vnd_amount"":""desc""},""limit"":10}",crm,"[""crm_deals""]",Top 10 Khu vực/lãnh thổ có tổng giá trị deal VND cao nhất là những Khu vực/lãnh thổ nào?,,,
8,Top 10 Khu vực/lãnh thổ có số lượng deal nhiều nhất là những Khu vực/lãnh thổ nào?,"{""measures"":[""crm_deals.deal_count""],""dimensions"":[""crm_deals.market_name""],""order"":{""crm_deals.deal_count"":""desc""},""limit"":10}",crm,"[""crm_deals""]",Top 10 Khu vực/lãnh thổ có số lượng deal nhiều nhất là những Khu vực/lãnh thổ nào?,,,
9,Giá trị deal kỳ vọng trung bình theo từng customer_segment_l1 là bao nhiêu?,"{""measures"":[""crm_deals.avg_expected_deal_value""],""dimensions"":[""crm_deals.customer_segment_l1""]}",crm,"[""crm_deals""]",Giá trị deal kỳ vọng trung bình theo từng customer_segment_l1 là bao nhiêu?,,,
10,Phân bố số lượng deal theo expected_deal_value_bucket là như thế nào?,"{""measures"":[""crm_deals.deal_count""],""dimensions"":[""crm_deals.expected_deal_value_bucket""]}",crm,"[""crm_deals""]",Phân bố số lượng deal theo expected_deal_value_bucket là như thế nào?,,,
11,Phân bố số lượng deal theo probability_bucket là như thế nào?,"{""measures"":[""crm_deals.deal_count""],""dimensions"":[""crm_deals.probability_bucket""]}",crm,"[""crm_deals""]",Phân bố số lượng deal theo probability_bucket là như thế nào?,,,
12,Tỷ lệ deal đã ký trên tổng số deal là bao nhiêu?,"{""measures"":[""crm_deals.signed_deal_rate""]}",crm,"[""crm_deals""]",Tỷ lệ deal đã ký trên tổng số deal là bao nhiêu?,,,
13,Tỷ lệ deal đã FAC trên tổng số deal là bao nhiêu?,"{""measures"":[""crm_deals.fac_deal_rate""]}",crm,"[""crm_deals""]",Tỷ lệ deal đã FAC trên tổng số deal là bao nhiêu?,,,
14,Tỷ lệ deal đã đóng trên tổng số deal là bao nhiêu?,"{""measures"":[""crm_deals.closed_deal_rate""]}",crm,"[""crm_deals""]",Tỷ lệ deal đã đóng trên tổng số deal là bao nhiêu?,,,
15,Số lượng deal đã ký theo từng territory là bao nhiêu?,"{""measures"":[""crm_deals.signed_deal_count""],""dimensions"":[""crm_deals.territory_name""]}",crm,"[""crm_deals""]",Số lượng deal đã ký theo từng territory là bao nhiêu?,,,
16,Số lượng deal đã FAC theo từng territory là bao nhiêu?,"{""measures"":[""crm_deals.fac_deal_count""],""dimensions"":[""crm_deals.territory_name""]}",crm,"[""crm_deals""]",Số lượng deal đã FAC theo từng territory là bao nhiêu?,,,
17,Số lượng deal đã đóng theo từng territory là bao nhiêu?,"{""measures"":[""crm_deals.closed_deal_count""],""dimensions"":[""crm_deals.territory_name""]}",crm,"[""crm_deals""]",Số lượng deal đã đóng theo từng territory là bao nhiêu?,,,
18,Số lượng deal quá hạn expected close nhưng chưa đóng là bao nhiêu?,"{""measures"":[""crm_deals.overdue_expected_close_count""]}",crm,"[""crm_deals""]",Số lượng deal quá hạn expected close nhưng chưa đóng là bao nhiêu?,,,
19,Tỷ lệ deal quá hạn expected close nhưng chưa đóng là bao nhiêu?,"{""measures"":[""crm_deals.overdue_expected_close_rate""]}",crm,"[""crm_deals""]",Tỷ lệ deal quá hạn expected close nhưng chưa đóng là bao nhiêu?,,,
20,Giá trị pipeline có trọng số theo từng stage của deal là bao nhiêu?,"{""measures"":[""crm_deals.weighted_pipeline_value""],""dimensions"":[""crm_deals.deal_stage_name""]}",crm,"[""crm_deals""]",Giá trị pipeline có trọng số theo từng stage của deal là bao nhiêu?,,,
21,Xu hướng số lượng deal theo quý từ năm 2023 đến năm 2025 là như thế nào?,"{""measures"":[""crm_deals.deal_count""],""timeDimensions"":[{""dimension"":""crm_deals.deal_date"",""granularity"":""quarter"",""dateRange"":[""2023-01-01"",""2025-12-31""]}]}",crm,"[""crm_deals""]",Xu hướng số lượng deal theo quý từ năm 2023 đến năm 2025 là như thế nào?,,,
22,Xu hướng tổng giá trị deal quy đổi VND theo quý từ năm 2023 đến năm 2025 là như thế nào?,"{""measures"":[""crm_deals.total_vnd_amount""],""timeDimensions"":[{""dimension"":""crm_deals.deal_date"",""granularity"":""quarter"",""dateRange"":[""2023-01-01"",""2025-12-31""]}]}",crm,"[""crm_deals""]",Xu hướng tổng giá trị deal quy đổi VND theo quý từ năm 2023 đến năm 2025 là như thế nào?,,,
23,Tổng số deal theo từng deal_stage_name là bao nhiêu?,"{""measures"":[""crm_deals.deal_count""],""dimensions"":[""crm_deals.deal_stage_name""]}",crm,"[""crm_deals""]",Tổng số deal theo từng deal_stage_name là bao nhiêu?,,,
24,Giá trị pipeline có trọng số theo từng territory là bao nhiêu?,"{""measures"":[""crm_deals.weighted_pipeline_value""],""dimensions"":[""crm_deals.territory_name""]}",crm,"[""crm_deals""]",Giá trị pipeline có trọng số theo từng territory là bao nhiêu?,,,
25,Territory nào có giá trị pipeline có trọng số cao nhất?,"{""measures"":[""crm_deals.weighted_pipeline_value""],""dimensions"":[""crm_deals.territory_name""],""order"":{""crm_deals.weighted_pipeline_value"":""desc""},""limit"":1}",crm,"[""crm_deals""]",Territory nào có giá trị pipeline có trọng số cao nhất?,,,
26,Khu vực/lãnh thổ nào có tổng giá trị deal quy đổi VND thấp nhất?,"{""measures"":[""crm_deals.total_vnd_amount""],""dimensions"":[""crm_deals.market_name""],""order"":{""crm_deals.total_vnd_amount"":""asc""},""limit"":1}",crm,"[""crm_deals""]",Khu vực/lãnh thổ nào có tổng giá trị deal quy đổi VND thấp nhất?,,,
27,Số lượng deal theo từng customer_segment_l1 và territory là bao nhiêu?,"{""measures"":[""crm_deals.deal_count""],""dimensions"":[""crm_deals.customer_segment_l1"",""crm_deals.territory_name""]}",crm,"[""crm_deals""]",Số lượng deal theo từng customer_segment_l1 và territory là bao nhiêu?,,,
28,Số lượng deal theo từng deal_channel là bao nhiêu?,"{""measures"":[""crm_deals.deal_count""],""dimensions"":[""crm_deals.deal_channel""]}",crm,"[""crm_deals""]",Số lượng deal theo từng deal_channel là bao nhiêu?,,,
29,Giá trị deal kỳ vọng trung bình theo từng deal_stage_name là bao nhiêu?,"{""measures"":[""crm_deals.avg_expected_deal_value""],""dimensions"":[""crm_deals.deal_stage_name""]}",crm,"[""crm_deals""]",Giá trị deal kỳ vọng trung bình theo từng deal_stage_name là bao nhiêu?,,,
30,Số lượng deal đã ký theo từng Khu vực/lãnh thổ là bao nhiêu?,"{""measures"":[""crm_deals.signed_deal_count""],""dimensions"":[""crm_deals.market_name""]}",crm,"[""crm_deals""]",Số lượng deal đã ký theo từng Khu vực/lãnh thổ là bao nhiêu?,,,
31,Số lượng deal đã FAC theo từng Khu vực/lãnh thổ là bao nhiêu?,"{""measures"":[""crm_deals.fac_deal_count""],""dimensions"":[""crm_deals.market_name""]}",crm,"[""crm_deals""]",Số lượng deal đã FAC theo từng Khu vực/lãnh thổ là bao nhiêu?,,,
32,Số lượng deal đã đóng theo từng Khu vực/lãnh thổ là bao nhiêu?,"{""measures"":[""crm_deals.closed_deal_count""],""dimensions"":[""crm_deals.market_name""]}",crm,"[""crm_deals""]",Số lượng deal đã đóng theo từng Khu vực/lãnh thổ là bao nhiêu?,,,
33,Tỷ lệ deal đã ký theo từng territory là bao nhiêu?,"{""measures"":[""crm_deals.signed_deal_rate""],""dimensions"":[""crm_deals.territory_name""]}",crm,"[""crm_deals""]",Tỷ lệ deal đã ký theo từng territory là bao nhiêu?,,,
34,Tỷ lệ deal đã FAC theo từng territory là bao nhiêu?,"{""measures"":[""crm_deals.fac_deal_rate""],""dimensions"":[""crm_deals.territory_name""]}",crm,"[""crm_deals""]",Tỷ lệ deal đã FAC theo từng territory là bao nhiêu?,,,
35,Tỷ lệ deal đã đóng theo từng territory là bao nhiêu?,"{""measures"":[""crm_deals.closed_deal_rate""],""dimensions"":[""crm_deals.territory_name""]}",crm,"[""crm_deals""]",Tỷ lệ deal đã đóng theo từng territory là bao nhiêu?,,,
36,Tỷ lệ deal quá hạn expected close theo từng territory là bao nhiêu?,"{""measures"":[""crm_deals.overdue_expected_close_rate""],""dimensions"":[""crm_deals.territory_name""]}",crm,"[""crm_deals""]",Tỷ lệ deal quá hạn expected close theo từng territory là bao nhiêu?,,,
37,Khu vực/lãnh thổ nào có số lượng deal quá hạn expected close nhiều nhất?,"{""measures"":[""crm_deals.overdue_expected_close_count""],""dimensions"":[""crm_deals.market_name""],""order"":{""crm_deals.overdue_expected_close_count"":""desc""},""limit"":5}",crm,"[""crm_deals""]",Khu vực/lãnh thổ nào có số lượng deal quá hạn expected close nhiều nhất?,,,
38,Phân bố số lượng deal theo budget_amount_bucket là như thế nào?,"{""measures"":[""crm_deals.deal_count""],""dimensions"":[""crm_deals.budget_amount_bucket""]}",crm,"[""crm_deals""]",Phân bố số lượng deal theo budget_amount_bucket là như thế nào?,,,
39,Giá trị pipeline có trọng số theo từng probability_bucket là bao nhiêu?,"{""measures"":[""crm_deals.weighted_pipeline_value""],""dimensions"":[""crm_deals.probability_bucket""]}",crm,"[""crm_deals""]",Giá trị pipeline có trọng số theo từng probability_bucket là bao nhiêu?,,,
40,Tỉnh nào có số lượng deal nhiều nhất?,"{""measures"":[""crm_deals.deal_count""],""dimensions"":[""crm_deals.company_province""],""order"":{""crm_deals.deal_count"":""desc""},""limit"":10}",crm,"[""crm_deals""]",Tỉnh nào có số lượng deal nhiều nhất?,,,
41,Số lượng deal được tạo theo từng territory trong năm 2025 là bao nhiêu?,"{""measures"":[""crm_deals.deal_count""],""dimensions"":[""crm_deals.territory_name""],""timeDimensions"":[{""dimension"":""crm_deals.deal_date"",""dateRange"":[""2025-01-01"",""2025-12-31""]}]}",crm,"[""crm_deals""]",Số lượng deal được tạo theo từng territory trong năm 2025 là bao nhiêu?,,,
42,Tổng giá trị pipeline có trọng số theo từng Khu vực/lãnh thổ trong năm 2025 là bao nhiêu?,"{""measures"":[""crm_deals.weighted_pipeline_value""],""dimensions"":[""crm_deals.market_name""],""timeDimensions"":[{""dimension"":""crm_deals.deal_date"",""dateRange"":[""2025-01-01"",""2025-12-31""]}]}",crm,"[""crm_deals""]",Tổng giá trị pipeline có trọng số theo từng Khu vực/lãnh thổ trong năm 2025 là bao nhiêu?,,,
43,Tỷ lệ deal đã ký theo từng customer_segment_l1 là bao nhiêu?,"{""measures"":[""crm_deals.signed_deal_rate""],""dimensions"":[""crm_deals.customer_segment_l1""]}",crm,"[""crm_deals""]",Tỷ lệ deal đã ký theo từng customer_segment_l1 là bao nhiêu?,,,
45,Tỷ lệ deal đã đóng theo từng customer_segment_l1 là bao nhiêu?,"{""measures"":[""crm_deals.closed_deal_rate""],""dimensions"":[""crm_deals.customer_segment_l1""]}",crm,"[""crm_deals""]",Tỷ lệ deal đã đóng theo từng customer_segment_l1 là bao nhiêu?,,,
46,Số lượng deal đã ký theo từng deal_channel là bao nhiêu?,"{""measures"":[""crm_deals.signed_deal_count""],""dimensions"":[""crm_deals.deal_channel""]}",crm,"[""crm_deals""]",Số lượng deal đã ký theo từng deal_channel là bao nhiêu?,,,
48,Số lượng deal đã đóng theo từng deal_channel là bao nhiêu?,"{""measures"":[""crm_deals.closed_deal_count""],""dimensions"":[""crm_deals.deal_channel""]}",crm,"[""crm_deals""]",Số lượng deal đã đóng theo từng deal_channel là bao nhiêu?,,,
50,Giá trị pipeline có trọng số theo từng probability_bucket là bao nhiêu?,"{""measures"":[""crm_deals.weighted_pipeline_value""],""dimensions"":[""crm_deals.probability_bucket""]}",crm,"[""crm_deals""]",Giá trị pipeline có trọng số theo từng probability_bucket là bao nhiêu?,,,
51,Xu hướng số lượng deal đã ký theo tháng trong năm 2025 là như thế nào?,"{""measures"":[""crm_deals.signed_deal_count""],""timeDimensions"":[{""dimension"":""crm_deals.sign_date"",""granularity"":""month"",""dateRange"":[""2025-01-01"",""2025-12-31""]}]}",crm,"[""crm_deals""]",Xu hướng số lượng deal đã ký theo tháng trong năm 2025 là như thế nào?,,,
52,Xu hướng số lượng deal đã FAC theo tháng trong năm 2025 là như thế nào?,"{""measures"":[""crm_deals.fac_deal_count""],""timeDimensions"":[{""dimension"":""crm_deals.fac_date"",""granularity"":""month"",""dateRange"":[""2025-01-01"",""2025-12-31""]}]}",crm,"[""crm_deals""]",Xu hướng số lượng deal đã FAC theo tháng trong năm 2025 là như thế nào?,,,
53,Xu hướng số lượng deal đã đóng theo tháng trong năm 2025 là như thế nào?,"{""measures"":[""crm_deals.closed_deal_count""],""timeDimensions"":[{""dimension"":""crm_deals.closed_date"",""granularity"":""month"",""dateRange"":[""2025-01-01"",""2025-12-31""]}]}",crm,"[""crm_deals""]",Xu hướng số lượng deal đã đóng theo tháng trong năm 2025 là như thế nào?,,,
54,Số lượng deal quá hạn expected close theo từng territory là bao nhiêu?,"{""measures"":[""crm_deals.overdue_expected_close_count""],""dimensions"":[""crm_deals.territory_name""]}",crm,"[""crm_deals""]",Số lượng deal quá hạn expected close theo từng territory là bao nhiêu?,,,
55,Số lượng deal quá hạn expected close theo từng stage của deal là bao nhiêu?,"{""measures"":[""crm_deals.overdue_expected_close_count""],""dimensions"":[""crm_deals.deal_stage_name""]}",crm,"[""crm_deals""]",Số lượng deal quá hạn expected close theo từng stage của deal là bao nhiêu?,,,
56,Giá trị deal trung bình theo từng territory là bao nhiêu?,"{""measures"":[""crm_deals.avg_vnd_amount""],""dimensions"":[""crm_deals.territory_name""]}",crm,"[""crm_deals""]",Giá trị deal trung bình theo từng territory là bao nhiêu?,,,
57,Giá trị deal trung bình theo từng market là bao nhiêu?,"{""measures"":[""crm_deals.avg_vnd_amount""],""dimensions"":[""crm_deals.market_name""]}",crm,"[""crm_deals""]",Giá trị deal trung bình theo từng market là bao nhiêu?,,,
58,Tỉnh nào có tổng giá trị deal quy đổi VND cao nhất?,"{""measures"":[""crm_deals.total_vnd_amount""],""dimensions"":[""crm_deals.company_province""],""order"":{""crm_deals.total_vnd_amount"":""desc""},""limit"":10}",crm,"[""crm_deals""]",Tỉnh nào có tổng giá trị deal quy đổi VND cao nhất?,,,
59,Xu hướng xác suất thành công trung bình của deal theo tháng trong năm 2025 là như thế nào?,"{""measures"":[""crm_deals.avg_probability""],""timeDimensions"":[{""dimension"":""crm_deals.deal_date"",""granularity"":""month"",""dateRange"":[""2025-01-01"",""2025-12-31""]}]}",crm,"[""crm_deals""]",Xu hướng xác suất thành công trung bình của deal theo tháng trong năm 2025 là như thế nào?,,,
60,Giá trị pipeline có trọng số theo từng customer_segment_l1 là bao nhiêu?,"{""measures"":[""crm_deals.weighted_pipeline_value""],""dimensions"":[""crm_deals.customer_segment_l1""]}",crm,"[""crm_deals""]",Giá trị pipeline có trọng số theo từng customer_segment_l1 là bao nhiêu?,,,
1,Tổng số deal thất bại theo tất cả các lý do là bao nhiêu?,"{""measures"":[""crm_deal_failure_reason_stats.total_failed_deals""]}",crm,"[""crm_deal_failure_reason_stats""]",Tổng số deal thất bại theo tất cả các lý do là bao nhiêu?,,,
2,Tổng số dòng thống kê lý do thất bại của deal trong hệ thống là bao nhiêu?,"{""measures"":[""crm_deal_failure_reason_stats.failure_reason_row_count""]}",crm,"[""crm_deal_failure_reason_stats""]",Tổng số dòng thống kê lý do thất bại của deal trong hệ thống là bao nhiêu?,,,
3,Số deal thất bại trung bình trên mỗi lý do thất bại là bao nhiêu?,"{""measures"":[""crm_deal_failure_reason_stats.avg_failed_deals""]}",crm,"[""crm_deal_failure_reason_stats""]",Số deal thất bại trung bình trên mỗi lý do thất bại là bao nhiêu?,,,
4,Lý do thất bại nào có số deal thất bại nhiều nhất?,"{""measures"":[""crm_deal_failure_reason_stats.total_failed_deals""],""dimensions"":[""crm_deal_failure_reason_stats.failure_reason_name""],""order"":{""crm_deal_failure_reason_stats.total_failed_deals"":""desc""},""limit"":1}",crm,"[""crm_deal_failure_reason_stats""]",Lý do thất bại nào có số deal thất bại nhiều nhất?,,,
5,Lý do thất bại nào có số deal thất bại ít nhất?,"{""measures"":[""crm_deal_failure_reason_stats.total_failed_deals""],""dimensions"":[""crm_deal_failure_reason_stats.failure_reason_name""],""order"":{""crm_deal_failure_reason_stats.total_failed_deals"":""asc""},""limit"":1}",crm,"[""crm_deal_failure_reason_stats""]",Lý do thất bại nào có số deal thất bại ít nhất?,,,
6,Tổng số deal thất bại theo từng lý do thất bại là bao nhiêu?,"{""measures"":[""crm_deal_failure_reason_stats.total_failed_deals""],""dimensions"":[""crm_deal_failure_reason_stats.failure_reason_name""]}",crm,"[""crm_deal_failure_reason_stats""]",Tổng số deal thất bại theo từng lý do thất bại là bao nhiêu?,,,
7,Top 5 lý do thất bại có số deal thất bại cao nhất là gì?,"{""measures"":[""crm_deal_failure_reason_stats.total_failed_deals""],""dimensions"":[""crm_deal_failure_reason_stats.failure_reason_name""],""order"":{""crm_deal_failure_reason_stats.total_failed_deals"":""desc""},""limit"":5}",crm,"[""crm_deal_failure_reason_stats""]",Top 5 lý do thất bại có số deal thất bại cao nhất là gì?,,,
8,Cơ cấu số deal thất bại theo nhóm volume bucket là như thế nào?,"{""measures"":[""crm_deal_failure_reason_stats.total_failed_deals""],""dimensions"":[""crm_deal_failure_reason_stats.failed_deal_volume_bucket""]}",crm,"[""crm_deal_failure_reason_stats""]",Cơ cấu số deal thất bại theo nhóm volume bucket là như thế nào?,,,
9,Số lượng lý do thất bại theo từng failed deal volume bucket là bao nhiêu?,"{""measures"":[""crm_deal_failure_reason_stats.failure_reason_row_count""],""dimensions"":[""crm_deal_failure_reason_stats.failed_deal_volume_bucket""]}",crm,"[""crm_deal_failure_reason_stats""]",Số lượng lý do thất bại theo từng failed deal volume bucket là bao nhiêu?,,,
,,,,,,,,
11,Số deal thất bại lớn nhất trong một lý do thất bại là bao nhiêu?,"{""measures"":[""crm_deal_failure_reason_stats.max_failed_deals""]}",crm,"[""crm_deal_failure_reason_stats""]",Số deal thất bại lớn nhất trong một lý do thất bại là bao nhiêu?,,,
12,Số deal thất bại nhỏ nhất trong một lý do thất bại là bao nhiêu?,"{""measures"":[""crm_deal_failure_reason_stats.min_failed_deals""]}",crm,"[""crm_deal_failure_reason_stats""]",Số deal thất bại nhỏ nhất trong một lý do thất bại là bao nhiêu?,,,
13,Lý do thất bại nào có số deal thất bại lớn hơn mức trung bình?,"{""measures"":[""crm_deal_failure_reason_stats.total_failed_deals""],""dimensions"":[""crm_deal_failure_reason_stats.failure_reason_name""],""order"":{""crm_deal_failure_reason_stats.total_failed_deals"":""desc""}}",crm,"[""crm_deal_failure_reason_stats""]",Lý do thất bại nào có số deal thất bại lớn hơn mức trung bình?,,,
14,Có bao nhiêu lý do thất bại thuộc nhóm failed deal volume bucket từ 100 đến 499 deal?,"{""measures"":[""crm_deal_failure_reason_stats.failure_reason_row_count""],""filters"":[{""member"":""crm_deal_failure_reason_stats.failed_deal_volume_bucket"",""operator"":""equals"",""values"":[""100_to_499""]}]}",crm,"[""crm_deal_failure_reason_stats""]",Có bao nhiêu lý do thất bại thuộc nhóm failed deal volume bucket từ 100 đến 499 deal?,,,
15,Có bao nhiêu lý do thất bại thuộc nhóm dưới 10 deal thất bại?,"{""measures"":[""crm_deal_failure_reason_stats.failure_reason_row_count""],""filters"":[{""member"":""crm_deal_failure_reason_stats.failed_deal_volume_bucket"",""operator"":""equals"",""values"":[""lt_10""]}]}",crm,"[""crm_deal_failure_reason_stats""]",Có bao nhiêu lý do thất bại thuộc nhóm dưới 10 deal thất bại?,,,
16,Những lý do thất bại nào thuộc nhóm có từ 500 deal thất bại trở lên?,"{""measures"":[""crm_deal_failure_reason_stats.total_failed_deals""],""dimensions"":[""crm_deal_failure_reason_stats.failure_reason_name""],""filters"":[{""member"":""crm_deal_failure_reason_stats.failed_deal_volume_bucket"",""operator"":""equals"",""values"":[""gte_500""]}]}",crm,"[""crm_deal_failure_reason_stats""]",Những lý do thất bại nào thuộc nhóm có từ 500 deal thất bại trở lên?,,,
18,Nhóm failed deal volume bucket nào có tổng số deal thất bại cao nhất?,"{""measures"":[""crm_deal_failure_reason_stats.total_failed_deals""],""dimensions"":[""crm_deal_failure_reason_stats.failed_deal_volume_bucket""],""order"":{""crm_deal_failure_reason_stats.total_failed_deals"":""desc""},""limit"":1}",crm,"[""crm_deal_failure_reason_stats""]",Nhóm failed deal volume bucket nào có tổng số deal thất bại cao nhất?,,,
19,Nhóm failed deal volume bucket nào có tổng số deal thất bại thấp nhất?,"{""measures"":[""crm_deal_failure_reason_stats.total_failed_deals""],""dimensions"":[""crm_deal_failure_reason_stats.failed_deal_volume_bucket""],""order"":{""crm_deal_failure_reason_stats.total_failed_deals"":""asc""},""limit"":1}",crm,"[""crm_deal_failure_reason_stats""]",Nhóm failed deal volume bucket nào có tổng số deal thất bại thấp nhất?,,,
20,Cơ cấu số deal thất bại theo từng lý do thất bại để phát hiện lý do bất thường là như thế nào?,"{""measures"":[""crm_deal_failure_reason_stats.total_failed_deals""],""dimensions"":[""crm_deal_failure_reason_stats.failure_reason_name""],""order"":{""crm_deal_failure_reason_stats.total_failed_deals"":""desc""}}",crm,"[""crm_deal_failure_reason_stats""]",Cơ cấu số deal thất bại theo từng lý do thất bại để phát hiện lý do bất thường là như thế nào?,,,
21,Top 10 lý do thất bại có số deal thất bại nhiều nhất là gì?,"{""measures"":[""crm_deal_failure_reason_stats.total_failed_deals""],""dimensions"":[""crm_deal_failure_reason_stats.failure_reason_name""],""order"":{""crm_deal_failure_reason_stats.total_failed_deals"":""desc""},""limit"":10}",crm,"[""crm_deal_failure_reason_stats""]",Top 10 lý do thất bại có số deal thất bại nhiều nhất là gì?,,,
22,Tổng số deal thất bại của top 5 lý do thất bại phổ biến nhất là bao nhiêu?,"{""measures"":[""crm_deal_failure_reason_stats.total_failed_deals""],""dimensions"":[""crm_deal_failure_reason_stats.failure_reason_name""],""order"":{""crm_deal_failure_reason_stats.total_failed_deals"":""desc""},""limit"":5}",crm,"[""crm_deal_failure_reason_stats""]",Tổng số deal thất bại của top 5 lý do thất bại phổ biến nhất là bao nhiêu?,,,
23,Có bao nhiêu lý do thất bại có số deal thất bại lớn hơn 100?,"{""measures"":[""crm_deal_failure_reason_stats.failure_reason_row_count""],""filters"":[{""member"":""crm_deal_failure_reason_stats.failed_deal_volume_bucket"",""operator"":""equals"",""values"":[""100_to_499"",""gte_500""]}]}",crm,"[""crm_deal_failure_reason_stats""]",Có bao nhiêu lý do thất bại có số deal thất bại lớn hơn 100?,,,
24,Có bao nhiêu lý do thất bại có dưới 50 deal thất bại?,"{""measures"":[""crm_deal_failure_reason_stats.failure_reason_row_count""],""filters"":[{""member"":""crm_deal_failure_reason_stats.failed_deal_volume_bucket"",""operator"":""equals"",""values"":[""lt_10"",""10_to_49""]}]}",crm,"[""crm_deal_failure_reason_stats""]",Có bao nhiêu lý do thất bại có dưới 50 deal thất bại?,,,
25,Những lý do thất bại nào thuộc nhóm có từ 10 đến 49 deal thất bại?,"{""measures"":[""crm_deal_failure_reason_stats.total_failed_deals""],""dimensions"":[""crm_deal_failure_reason_stats.failure_reason_name""],""filters"":[{""member"":""crm_deal_failure_reason_stats.failed_deal_volume_bucket"",""operator"":""equals"",""values"":[""10_to_49""]}]}",crm,"[""crm_deal_failure_reason_stats""]",Những lý do thất bại nào thuộc nhóm có từ 10 đến 49 deal thất bại?,,,
27,Những lý do thất bại nào thuộc nhóm có từ 100 đến 499 deal thất bại?,"{""measures"":[""crm_deal_failure_reason_stats.total_failed_deals""],""dimensions"":[""crm_deal_failure_reason_stats.failure_reason_name""],""filters"":[{""member"":""crm_deal_failure_reason_stats.failed_deal_volume_bucket"",""operator"":""equals"",""values"":[""100_to_499""]}]}",crm,"[""crm_deal_failure_reason_stats""]",Những lý do thất bại nào thuộc nhóm có từ 100 đến 499 deal thất bại?,,,
28,Những lý do thất bại nào thuộc nhóm có từ 500 deal thất bại trở lên?,"{""measures"":[""crm_deal_failure_reason_stats.total_failed_deals""],""dimensions"":[""crm_deal_failure_reason_stats.failure_reason_name""],""filters"":[{""member"":""crm_deal_failure_reason_stats.failed_deal_volume_bucket"",""operator"":""equals"",""values"":[""gte_500""]}]}",crm,"[""crm_deal_failure_reason_stats""]",Những lý do thất bại nào thuộc nhóm có từ 500 deal thất bại trở lên?,,,
,,,,,,,,
30,Số deal thất bại trung bình theo từng failed deal volume bucket là bao nhiêu?,"{""measures"":[""crm_deal_failure_reason_stats.avg_failed_deals""],""dimensions"":[""crm_deal_failure_reason_stats.failed_deal_volume_bucket""]}",crm,"[""crm_deal_failure_reason_stats""]",Số deal thất bại trung bình theo từng failed deal volume bucket là bao nhiêu?,,,
2,Tổng giá trị báo giá cuối cùng của tất cả sản phẩm trong hệ thống là bao nhiêu?,"{""measures"":[""crm_deal_quotation_products.total_final_total_amount""]}",crm,"[""crm_deal_quotation_products""]",Tổng giá trị báo giá cuối cùng của tất cả sản phẩm trong hệ thống là bao nhiêu?,,,
3,Tổng giá trị gốc của các dòng báo giá trước khi chiết khấu là bao nhiêu?,"{""measures"":[""crm_deal_quotation_products.total_base_total_amount""]}",crm,"[""crm_deal_quotation_products""]",Tổng giá trị gốc của các dòng báo giá trước khi chiết khấu là bao nhiêu?,,,
4,Tổng số dòng sản phẩm trong các báo giá là bao nhiêu?,"{""measures"":[""crm_deal_quotation_products.quotation_product_count""]}",crm,"[""crm_deal_quotation_products""]",Tổng số dòng sản phẩm trong các báo giá là bao nhiêu?,,,
5,Giá trị báo giá cuối cùng trung bình của một dòng sản phẩm là bao nhiêu?,"{""measures"":[""crm_deal_quotation_products.avg_final_total_amount""]}",crm,"[""crm_deal_quotation_products""]",Giá trị báo giá cuối cùng trung bình của một dòng sản phẩm là bao nhiêu?,,,
6,Xu hướng tổng giá trị báo giá cuối cùng theo tháng là như thế nào?,"{""measures"":[""crm_deal_quotation_products.total_final_total_amount""],""timeDimensions"":[{""dimension"":""crm_deal_quotation_products.quotation_date"",""granularity"":""month""}]}",crm,"[""crm_deal_quotation_products""]",Xu hướng tổng giá trị báo giá cuối cùng theo tháng là như thế nào?,,,
7,Tổng giá trị báo giá theo từng trạng thái báo giá là bao nhiêu?,"{""measures"":[""crm_deal_quotation_products.total_final_total_amount""],""dimensions"":[""crm_deal_quotation_products.quotation_status""]}",crm,"[""crm_deal_quotation_products""]",Tổng giá trị báo giá theo từng trạng thái báo giá là bao nhiêu?,,,
8,Tổng giá trị báo giá theo từng sản phẩm là bao nhiêu?,"{""measures"":[""crm_deal_quotation_products.total_final_total_amount""],""dimensions"":[""crm_deal_quotation_products.product_name""]}",crm,"[""crm_deal_quotation_products""]",Tổng giá trị báo giá theo từng sản phẩm là bao nhiêu?,,,
9,Top 10 sản phẩm có tổng giá trị báo giá cao nhất là gì?,"{""measures"":[""crm_deal_quotation_products.total_final_total_amount""],""dimensions"":[""crm_deal_quotation_products.product_name""],""order"":{""crm_deal_quotation_products.total_final_total_amount"":""desc""},""limit"":10}",crm,"[""crm_deal_quotation_products""]",Top 10 sản phẩm có tổng giá trị báo giá cao nhất là gì?,,,
10,Cơ cấu số dòng sản phẩm theo price bucket là như thế nào?,"{""measures"":[""crm_deal_quotation_products.quotation_product_count""],""dimensions"":[""crm_deal_quotation_products.price_bucket""]}",crm,"[""crm_deal_quotation_products""]",Cơ cấu số dòng sản phẩm theo price bucket là như thế nào?,,,
11,Cơ cấu số lượng sản phẩm theo quantity bucket là như thế nào?,"{""measures"":[""crm_deal_quotation_products.quotation_product_count""],""dimensions"":[""crm_deal_quotation_products.quantity_bucket""]}",crm,"[""crm_deal_quotation_products""]",Cơ cấu số lượng sản phẩm theo quantity bucket là như thế nào?,,,
12,Gói sản phẩm nào có tổng giá trị báo giá cao nhất?,"{""measures"":[""crm_deal_quotation_products.total_final_total_amount""],""dimensions"":[""crm_deal_quotation_products.package""],""order"":{""crm_deal_quotation_products.total_final_total_amount"":""desc""},""limit"":1}",crm,"[""crm_deal_quotation_products""]",Gói sản phẩm nào có tổng giá trị báo giá cao nhất?,,,
13,Gói sản phẩm nào có tổng giá trị báo giá thấp nhất?,"{""measures"":[""crm_deal_quotation_products.total_final_total_amount""],""dimensions"":[""crm_deal_quotation_products.package""],""order"":{""crm_deal_quotation_products.total_final_total_amount"":""asc""},""limit"":1}",crm,"[""crm_deal_quotation_products""]",Gói sản phẩm nào có tổng giá trị báo giá thấp nhất?,,,
14,Tổng giá trị chiết khấu toàn báo giá là bao nhiêu?,"{""measures"":[""crm_deal_quotation_products.total_global_discount_amount""]}",crm,"[""crm_deal_quotation_products""]",Tổng giá trị chiết khấu toàn báo giá là bao nhiêu?,,,
15,Tổng giá trị chiết khấu ở mức dòng sản phẩm là bao nhiêu?,"{""measures"":[""crm_deal_quotation_products.total_discount_amount""]}",crm,"[""crm_deal_quotation_products""]",Tổng giá trị chiết khấu ở mức dòng sản phẩm là bao nhiêu?,,,
16,Tỷ lệ chiết khấu tổng thể giữa giá trị gốc và giá trị cuối cùng là bao nhiêu?,"{""measures"":[""crm_deal_quotation_products.discount_rate""]}",crm,"[""crm_deal_quotation_products""]",Tỷ lệ chiết khấu tổng thể giữa giá trị gốc và giá trị cuối cùng là bao nhiêu?,,,
17,Tỷ lệ giữa tổng giá trị cuối cùng và tổng giá trị gốc là bao nhiêu?,"{""measures"":[""crm_deal_quotation_products.final_to_base_rate""]}",crm,"[""crm_deal_quotation_products""]",Tỷ lệ giữa tổng giá trị cuối cùng và tổng giá trị gốc là bao nhiêu?,,,
18,Loại chiết khấu toàn báo giá nào có tổng giá trị chiết khấu lớn nhất?,"{""measures"":[""crm_deal_quotation_products.total_global_discount_amount""],""dimensions"":[""crm_deal_quotation_products.global_discount_type""],""order"":{""crm_deal_quotation_products.total_global_discount_amount"":""desc""},""limit"":1}",crm,"[""crm_deal_quotation_products""]",Loại chiết khấu toàn báo giá nào có tổng giá trị chiết khấu lớn nhất?,,,
19,Sản phẩm nào có giá trị báo giá lớn nhất trên một dòng báo giá?,"{""measures"":[""crm_deal_quotation_products.max_final_total_amount""],""dimensions"":[""crm_deal_quotation_products.product_name""],""order"":{""crm_deal_quotation_products.max_final_total_amount"":""desc""},""limit"":1}",crm,"[""crm_deal_quotation_products""]",Sản phẩm nào có giá trị báo giá lớn nhất trên một dòng báo giá?,,,
20,Sản phẩm nào có giá trị báo giá nhỏ nhất trên một dòng báo giá?,"{""measures"":[""crm_deal_quotation_products.min_final_total_amount""],""dimensions"":[""crm_deal_quotation_products.product_name""],""order"":{""crm_deal_quotation_products.min_final_total_amount"":""asc""},""limit"":1}",crm,"[""crm_deal_quotation_products""]",Sản phẩm nào có giá trị báo giá nhỏ nhất trên một dòng báo giá?,,,
21,Tổng số lượng sản phẩm được báo giá trong hệ thống là bao nhiêu?,"{""measures"":[""crm_deal_quotation_products.total_quantity""]}",crm,"[""crm_deal_quotation_products""]",Tổng số lượng sản phẩm được báo giá trong hệ thống là bao nhiêu?,,,
22,Tổng giá trị báo giá cuối cùng theo từng gói sản phẩm là bao nhiêu?,"{""measures"":[""crm_deal_quotation_products.total_final_total_amount""],""dimensions"":[""crm_deal_quotation_products.package""]}",crm,"[""crm_deal_quotation_products""]",Tổng giá trị báo giá cuối cùng theo từng gói sản phẩm là bao nhiêu?,,,
23,Số dòng sản phẩm báo giá theo từng trạng thái báo giá là bao nhiêu?,"{""measures"":[""crm_deal_quotation_products.quotation_product_count""],""dimensions"":[""crm_deal_quotation_products.quotation_status""]}",crm,"[""crm_deal_quotation_products""]",Số dòng sản phẩm báo giá theo từng trạng thái báo giá là bao nhiêu?,,,
24,Tổng số lượng sản phẩm theo từng tên sản phẩm là bao nhiêu?,"{""measures"":[""crm_deal_quotation_products.total_quantity""],""dimensions"":[""crm_deal_quotation_products.product_name""]}",crm,"[""crm_deal_quotation_products""]",Tổng số lượng sản phẩm theo từng tên sản phẩm là bao nhiêu?,,,
25,Top 5 gói sản phẩm có tổng giá trị báo giá cao nhất là gì?,"{""measures"":[""crm_deal_quotation_products.total_final_total_amount""],""dimensions"":[""crm_deal_quotation_products.package""],""order"":{""crm_deal_quotation_products.total_final_total_amount"":""desc""},""limit"":5}",crm,"[""crm_deal_quotation_products""]",Top 5 gói sản phẩm có tổng giá trị báo giá cao nhất là gì?,,,
26,Top 5 sản phẩm có số lượng được báo giá nhiều nhất là gì?,"{""measures"":[""crm_deal_quotation_products.total_quantity""],""dimensions"":[""crm_deal_quotation_products.product_name""],""order"":{""crm_deal_quotation_products.total_quantity"":""desc""},""limit"":5}",crm,"[""crm_deal_quotation_products""]",Top 5 sản phẩm có số lượng được báo giá nhiều nhất là gì?,,,
27,Xu hướng số dòng sản phẩm báo giá theo tháng là như thế nào?,"{""measures"":[""crm_deal_quotation_products.quotation_product_count""],""timeDimensions"":[{""dimension"":""crm_deal_quotation_products.quotation_date"",""granularity"":""month""}]}",crm,"[""crm_deal_quotation_products""]",Xu hướng số dòng sản phẩm báo giá theo tháng là như thế nào?,,,
28,Giá trị báo giá trung bình theo từng gói sản phẩm là bao nhiêu?,"{""measures"":[""crm_deal_quotation_products.avg_final_total_amount""],""dimensions"":[""crm_deal_quotation_products.package""]}",crm,"[""crm_deal_quotation_products""]",Giá trị báo giá trung bình theo từng gói sản phẩm là bao nhiêu?,,,
29,Loại chiết khấu dòng sản phẩm nào có tổng giá trị chiết khấu lớn nhất?,"{""measures"":[""crm_deal_quotation_products.total_discount_amount""],""dimensions"":[""crm_deal_quotation_products.discount_type""],""order"":{""crm_deal_quotation_products.total_discount_amount"":""desc""},""limit"":1}",crm,"[""crm_deal_quotation_products""]",Loại chiết khấu dòng sản phẩm nào có tổng giá trị chiết khấu lớn nhất?,,,
30,Cơ cấu tổng giá trị báo giá theo loại chiết khấu toàn báo giá là như thế nào?,"{""measures"":[""crm_deal_quotation_products.total_final_total_amount""],""dimensions"":[""crm_deal_quotation_products.global_discount_type""]}",crm,"[""crm_deal_quotation_products""]",Cơ cấu tổng giá trị báo giá theo loại chiết khấu toàn báo giá là như thế nào?,,,
31,Tổng giá trị báo giá theo từng đơn vị sản phẩm là bao nhiêu?,"{""measures"":[""crm_deal_quotation_products.total_final_total_amount""],""dimensions"":[""crm_deal_quotation_products.product_unit""]}",crm,"[""crm_deal_quotation_products""]",Tổng giá trị báo giá theo từng đơn vị sản phẩm là bao nhiêu?,,,
32,Giá trị báo giá trung bình theo từng trạng thái báo giá là bao nhiêu?,"{""measures"":[""crm_deal_quotation_products.avg_final_total_amount""],""dimensions"":[""crm_deal_quotation_products.quotation_status""]}",crm,"[""crm_deal_quotation_products""]",Giá trị báo giá trung bình theo từng trạng thái báo giá là bao nhiêu?,,,
33,Giá trị báo giá lớn nhất theo từng sản phẩm là bao nhiêu?,"{""measures"":[""crm_deal_quotation_products.max_final_total_amount""],""dimensions"":[""crm_deal_quotation_products.product_name""]}",crm,"[""crm_deal_quotation_products""]",Giá trị báo giá lớn nhất theo từng sản phẩm là bao nhiêu?,,,
34,Giá trị báo giá nhỏ nhất theo từng sản phẩm là bao nhiêu?,"{""measures"":[""crm_deal_quotation_products.min_final_total_amount""],""dimensions"":[""crm_deal_quotation_products.product_name""]}",crm,"[""crm_deal_quotation_products""]",Giá trị báo giá nhỏ nhất theo từng sản phẩm là bao nhiêu?,,,
35,Cơ cấu số dòng sản phẩm theo đơn vị sản phẩm là như thế nào?,"{""measures"":[""crm_deal_quotation_products.quotation_product_count""],""dimensions"":[""crm_deal_quotation_products.product_unit""]}",crm,"[""crm_deal_quotation_products""]",Cơ cấu số dòng sản phẩm theo đơn vị sản phẩm là như thế nào?,,,
36,Tổng giá trị gốc theo từng gói sản phẩm là bao nhiêu?,"{""measures"":[""crm_deal_quotation_products.total_base_total_amount""],""dimensions"":[""crm_deal_quotation_products.package""]}",crm,"[""crm_deal_quotation_products""]",Tổng giá trị gốc theo từng gói sản phẩm là bao nhiêu?,,,
37,Gói sản phẩm nào có số dòng báo giá nhiều nhất?,"{""measures"":[""crm_deal_quotation_products.quotation_product_count""],""dimensions"":[""crm_deal_quotation_products.package""],""order"":{""crm_deal_quotation_products.quotation_product_count"":""desc""},""limit"":1}",crm,"[""crm_deal_quotation_products""]",Gói sản phẩm nào có số dòng báo giá nhiều nhất?,,,
38,Sản phẩm nào có số lượng báo giá thấp nhất?,"{""measures"":[""crm_deal_quotation_products.total_quantity""],""dimensions"":[""crm_deal_quotation_products.product_name""],""order"":{""crm_deal_quotation_products.total_quantity"":""asc""},""limit"":1}",crm,"[""crm_deal_quotation_products""]",Sản phẩm nào có số lượng báo giá thấp nhất?,,,
39,Tổng chiết khấu dòng sản phẩm theo từng loại chiết khấu là bao nhiêu?,"{""measures"":[""crm_deal_quotation_products.total_discount_amount""],""dimensions"":[""crm_deal_quotation_products.discount_type""]}",crm,"[""crm_deal_quotation_products""]",Tổng chiết khấu dòng sản phẩm theo từng loại chiết khấu là bao nhiêu?,,,
40,Giá trị báo giá trung bình theo từng bucket giá trị là bao nhiêu?,"{""measures"":[""crm_deal_quotation_products.avg_final_total_amount""],""dimensions"":[""crm_deal_quotation_products.price_bucket""]}",crm,"[""crm_deal_quotation_products""]",Giá trị báo giá trung bình theo từng bucket giá trị là bao nhiêu?,,,
41,Bucket giá trị báo giá nào có tổng giá trị báo giá lớn nhất?,"{""measures"":[""crm_deal_quotation_products.total_final_total_amount""],""dimensions"":[""crm_deal_quotation_products.price_bucket""],""order"":{""crm_deal_quotation_products.total_final_total_amount"":""desc""},""limit"":1}",crm,"[""crm_deal_quotation_products""]",Bucket giá trị báo giá nào có tổng giá trị báo giá lớn nhất?,,,
1,Tổng số deal quan tâm đến các nhóm sản phẩm là bao nhiêu?,"{""measures"":[""crm_deal_interested_product_stats.total_number_of_deals""]}",crm,"[""crm_deal_interested_product_stats""]",Tổng số deal quan tâm đến các nhóm sản phẩm là bao nhiêu?,,,
2,Có bao nhiêu nhóm sản phẩm được thống kê trong dữ liệu deal quan tâm?,"{""measures"":[""crm_deal_interested_product_stats.product_category_count""]}",crm,"[""crm_deal_interested_product_stats""]",Có bao nhiêu nhóm sản phẩm được thống kê trong dữ liệu deal quan tâm?,,,
3,Số deal quan tâm trung bình trên mỗi nhóm sản phẩm là bao nhiêu?,"{""measures"":[""crm_deal_interested_product_stats.avg_number_of_deals""]}",crm,"[""crm_deal_interested_product_stats""]",Số deal quan tâm trung bình trên mỗi nhóm sản phẩm là bao nhiêu?,,,
4,Nhóm sản phẩm nào có số deal quan tâm nhiều nhất?,"{""measures"":[""crm_deal_interested_product_stats.total_number_of_deals""],""dimensions"":[""crm_deal_interested_product_stats.product_category""],""order"":{""crm_deal_interested_product_stats.total_number_of_deals"":""desc""},""limit"":1}",crm,"[""crm_deal_interested_product_stats""]",Nhóm sản phẩm nào có số deal quan tâm nhiều nhất?,,,
5,Nhóm sản phẩm nào có số deal quan tâm ít nhất?,"{""measures"":[""crm_deal_interested_product_stats.total_number_of_deals""],""dimensions"":[""crm_deal_interested_product_stats.product_category""],""order"":{""crm_deal_interested_product_stats.total_number_of_deals"":""asc""},""limit"":1}",crm,"[""crm_deal_interested_product_stats""]",Nhóm sản phẩm nào có số deal quan tâm ít nhất?,,,
6,Top 5 nhóm sản phẩm được quan tâm nhiều nhất là gì?,"{""measures"":[""crm_deal_interested_product_stats.total_number_of_deals""],""dimensions"":[""crm_deal_interested_product_stats.product_category""],""order"":{""crm_deal_interested_product_stats.total_number_of_deals"":""desc""},""limit"":5}",crm,"[""crm_deal_interested_product_stats""]",Top 5 nhóm sản phẩm được quan tâm nhiều nhất là gì?,,,
7,Tổng số deal quan tâm theo từng nhóm sản phẩm là bao nhiêu?,"{""measures"":[""crm_deal_interested_product_stats.total_number_of_deals""],""dimensions"":[""crm_deal_interested_product_stats.product_category""]}",crm,"[""crm_deal_interested_product_stats""]",Tổng số deal quan tâm theo từng nhóm sản phẩm là bao nhiêu?,,,
8,Cơ cấu số nhóm sản phẩm theo deal volume bucket là như thế nào?,"{""measures"":[""crm_deal_interested_product_stats.product_category_count""],""dimensions"":[""crm_deal_interested_product_stats.deal_volume_bucket""]}",crm,"[""crm_deal_interested_product_stats""]",Cơ cấu số nhóm sản phẩm theo deal volume bucket là như thế nào?,,,
9,Nhóm deal volume bucket nào có nhiều nhóm sản phẩm nhất?,"{""measures"":[""crm_deal_interested_product_stats.product_category_count""],""dimensions"":[""crm_deal_interested_product_stats.deal_volume_bucket""],""order"":{""crm_deal_interested_product_stats.product_category_count"":""desc""},""limit"":1}",crm,"[""crm_deal_interested_product_stats""]",Nhóm deal volume bucket nào có nhiều nhóm sản phẩm nhất?,,,
10,Nhóm deal volume bucket nào có ít nhóm sản phẩm nhất?,"{""measures"":[""crm_deal_interested_product_stats.product_category_count""],""dimensions"":[""crm_deal_interested_product_stats.deal_volume_bucket""],""order"":{""crm_deal_interested_product_stats.product_category_count"":""asc""},""limit"":1}",crm,"[""crm_deal_interested_product_stats""]",Nhóm deal volume bucket nào có ít nhóm sản phẩm nhất?,,,
11,Số deal quan tâm trung bình theo từng deal volume bucket là bao nhiêu?,"{""measures"":[""crm_deal_interested_product_stats.avg_number_of_deals""],""dimensions"":[""crm_deal_interested_product_stats.deal_volume_bucket""]}",crm,"[""crm_deal_interested_product_stats""]",Số deal quan tâm trung bình theo từng deal volume bucket là bao nhiêu?,,,
12,Số deal quan tâm lớn nhất của một nhóm sản phẩm là bao nhiêu?,"{""measures"":[""crm_deal_interested_product_stats.max_number_of_deals""]}",crm,"[""crm_deal_interested_product_stats""]",Số deal quan tâm lớn nhất của một nhóm sản phẩm là bao nhiêu?,,,
13,Số deal quan tâm nhỏ nhất của một nhóm sản phẩm là bao nhiêu?,"{""measures"":[""crm_deal_interested_product_stats.min_number_of_deals""]}",crm,"[""crm_deal_interested_product_stats""]",Số deal quan tâm nhỏ nhất của một nhóm sản phẩm là bao nhiêu?,,,
,,,,,,,,
15,Những nhóm sản phẩm nào thuộc deal volume bucket từ 100 đến 499 deal?,"{""measures"":[""crm_deal_interested_product_stats.total_number_of_deals""],""dimensions"":[""crm_deal_interested_product_stats.product_category""],""filters"":[{""member"":""crm_deal_interested_product_stats.deal_volume_bucket"",""operator"":""equals"",""values"":[""from_100_to_499""]}]}",crm,"[""crm_deal_interested_product_stats""]",Những nhóm sản phẩm nào thuộc deal volume bucket từ 100 đến 499 deal?,,,
16,Những nhóm sản phẩm nào có số deal quan tâm dưới 10?,"{""measures"":[""crm_deal_interested_product_stats.total_number_of_deals""],""dimensions"":[""crm_deal_interested_product_stats.product_category""],""filters"":[{""member"":""crm_deal_interested_product_stats.deal_volume_bucket"",""operator"":""equals"",""values"":[""lt_10""]}]}",crm,"[""crm_deal_interested_product_stats""]",Những nhóm sản phẩm nào có số deal quan tâm dưới 10?,,,
17,Có bao nhiêu nhóm sản phẩm có số deal quan tâm từ 10 đến 49?,"{""measures"":[""crm_deal_interested_product_stats.product_category_count""],""filters"":[{""member"":""crm_deal_interested_product_stats.deal_volume_bucket"",""operator"":""equals"",""values"":[""from_10_to_49""]}]}",crm,"[""crm_deal_interested_product_stats""]",Có bao nhiêu nhóm sản phẩm có số deal quan tâm từ 10 đến 49?,,,
18,Có bao nhiêu nhóm sản phẩm có số deal quan tâm từ 50 đến 99?,"{""measures"":[""crm_deal_interested_product_stats.product_category_count""],""filters"":[{""member"":""crm_deal_interested_product_stats.deal_volume_bucket"",""operator"":""equals"",""values"":[""from_50_to_99""]}]}",crm,"[""crm_deal_interested_product_stats""]",Có bao nhiêu nhóm sản phẩm có số deal quan tâm từ 50 đến 99?,,,
19,Những nhóm sản phẩm nào có số deal quan tâm từ 500 trở lên?,"{""measures"":[""crm_deal_interested_product_stats.total_number_of_deals""],""dimensions"":[""crm_deal_interested_product_stats.product_category""],""filters"":[{""member"":""crm_deal_interested_product_stats.deal_volume_bucket"",""operator"":""equals"",""values"":[""gte_500""]}]}",crm,"[""crm_deal_interested_product_stats""]",Những nhóm sản phẩm nào có số deal quan tâm từ 500 trở lên?,,,
20,Tổng số deal quan tâm theo từng deal volume bucket là bao nhiêu?,"{""measures"":[""crm_deal_interested_product_stats.total_number_of_deals""],""dimensions"":[""crm_deal_interested_product_stats.deal_volume_bucket""]}",crm,"[""crm_deal_interested_product_stats""]",Tổng số deal quan tâm theo từng deal volume bucket là bao nhiêu?,,,
1,Tổng số hợp đồng đã ký trong hệ thống CRM là bao nhiêu?,"{""measures"":[""crm_contracts.contract_count""]}",crm,"[""crm_contracts""]",Tổng số hợp đồng đã ký trong hệ thống CRM là bao nhiêu?,,,
5,Số hợp đồng theo từng loại hợp đồng là bao nhiêu?,"{""measures"":[""crm_contracts.contract_count""],""dimensions"":[""crm_contracts.contract_type""]}",crm,"[""crm_contracts""]",Số hợp đồng theo từng loại hợp đồng là bao nhiêu?,,,
7,Xu hướng số hợp đồng ký theo tháng là như thế nào?,"{""measures"":[""crm_contracts.contract_count""],""timeDimensions"":[{""dimension"":""crm_contracts.sign_date"",""granularity"":""month""}]}",crm,"[""crm_contracts""]",Xu hướng số hợp đồng ký theo tháng là như thế nào?,,,
,,,,,,,,
12,Số hợp đồng đã FAC là bao nhiêu?,"{""measures"":[""crm_contracts.fac_contract_count""]}",crm,"[""crm_contracts""]",Số hợp đồng đã FAC là bao nhiêu?,,,
13,Số hợp đồng đã hết hạn là bao nhiêu?,"{""measures"":[""crm_contracts.expired_contract_count""]}",crm,"[""crm_contracts""]",Số hợp đồng đã hết hạn là bao nhiêu?,,,
14,Số hợp đồng theo từng trạng thái hợp đồng là bao nhiêu?,"{""measures"":[""crm_contracts.contract_count""],""dimensions"":[""crm_contracts.contract_status""]}",crm,"[""crm_contracts""]",Số hợp đồng theo từng trạng thái hợp đồng là bao nhiêu?,,,
19,Có sự bất thường nào trong xu hướng doanh số hợp đồng theo tháng không?,"{""measures"":[""crm_contracts.total_contract_amount""],""timeDimensions"":[{""dimension"":""crm_contracts.sign_date"",""granularity"":""month""}]}",crm,"[""crm_contracts""]",Có sự bất thường nào trong xu hướng doanh số hợp đồng theo tháng không?,,,
21,Tổng số hợp đồng ký trong năm 2025 là bao nhiêu?,"{""measures"":[""crm_contracts.contract_count""],""timeDimensions"":[{""dimension"":""crm_contracts.sign_date"",""dateRange"":[""2025-01-01"",""2025-12-31""]}]}",crm,"[""crm_contracts""]",Tổng số hợp đồng ký trong năm 2025 là bao nhiêu?,,,
23,Xu hướng số hợp đồng FAC theo tháng là như thế nào?,"{""measures"":[""crm_contracts.fac_contract_count""],""timeDimensions"":[{""dimension"":""crm_contracts.fac_date"",""granularity"":""month""}]}",crm,"[""crm_contracts""]",Xu hướng số hợp đồng FAC theo tháng là như thế nào?,,,
24,Xu hướng số hợp đồng hết hạn theo tháng là như thế nào?,"{""measures"":[""crm_contracts.expired_contract_count""],""timeDimensions"":[{""dimension"":""crm_contracts.expire_date"",""granularity"":""month""}]}",crm,"[""crm_contracts""]",Xu hướng số hợp đồng hết hạn theo tháng là như thế nào?,,,
27,Phân bố số hợp đồng theo contract amount bucket là như thế nào?,"{""measures"":[""crm_contracts.contract_count""],""dimensions"":[""crm_contracts.contract_amount_bucket""]}",crm,"[""crm_contracts""]",Phân bố số hợp đồng theo amount bucket là như thế nào?,,,
28,Phân bố doanh số VCS theo vcs contract amount bucket là như thế nào?,"{""measures"":[""crm_contracts.total_vcs_contract_amount""],""dimensions"":[""crm_contracts.vcs_contract_amount_bucket""]}",crm,"[""crm_contracts""]",Phân bố doanh số VCS theo vcs amount bucket là như thế nào?,,,
,,,,,,,,
33,Phân khúc khách hàng cấp 1 nào có doanh số hợp đồng trung bình cao nhất?,"{""measures"":[""crm_contracts.avg_contract_amount""],""dimensions"":[""crm_contracts.customer_segment_l1""],""order"":{""crm_contracts.avg_contract_amount"":""desc""},""limit"":1}",crm,"[""crm_contracts""]",Phân khúc khách hàng cấp 1 nào có doanh số hợp đồng trung bình cao nhất?,,,
34,Phân khúc khách hàng cấp 1 nào có doanh số hợp đồng trung bình thấp nhất?,"{""measures"":[""crm_contracts.avg_contract_amount""],""dimensions"":[""crm_contracts.customer_segment_l1""],""order"":{""crm_contracts.avg_contract_amount"":""asc""},""limit"":1}",crm,"[""crm_contracts""]",Phân khúc khách hàng cấp 1 nào có doanh số hợp đồng trung bình thấp nhất?,,,
36,Số hợp đồng đang ở trạng thái DEPLOYMENT là bao nhiêu?,"{""measures"":[""crm_contracts.deployment_contract_count""]}",crm,"[""crm_contracts""]",Số hợp đồng đang ở trạng thái DEPLOYMENT là bao nhiêu?,,,
37,Số hợp đồng đã hoàn tất triển khai là bao nhiêu?,"{""measures"":[""crm_contracts.deployment_completed_contract_count""]}",crm,"[""crm_contracts""]",Số hợp đồng đã hoàn tất triển khai là bao nhiêu?,,,
38,Xu hướng doanh số hợp đồng theo tháng trong năm 2025 là như thế nào?,"{""measures"":[""crm_contracts.total_contract_amount""],""timeDimensions"":[{""dimension"":""crm_contracts.sign_date"",""granularity"":""month"",""dateRange"":[""2025-01-01"",""2025-12-31""]}]}",crm,"[""crm_contracts""]",Xu hướng doanh số hợp đồng theo tháng trong năm 2025 là như thế nào?,,,
40,Có bất thường nào trong xu hướng số hợp đồng ký theo tháng không?,"{""measures"":[""crm_contracts.contract_count""],""timeDimensions"":[{""dimension"":""crm_contracts.sign_date"",""granularity"":""month""}]}",crm,"[""crm_contracts""]",Có bất thường nào trong xu hướng số hợp đồng ký theo tháng không?,,,
1,Tổng giá trị phân bổ hợp đồng CRM là bao nhiêu?,"{""measures"":[""crm_contract_allocations.total_period_value""]}",crm,"[""crm_contract_allocations""]",Tổng giá trị phân bổ hợp đồng CRM là bao nhiêu?,,,
2,Tổng giá trị sản phẩm trong các hợp đồng CRM là bao nhiêu?,"{""measures"":[""crm_contract_allocations.total_product_value""]}",crm,"[""crm_contract_allocations""]",Tổng giá trị sản phẩm trong các hợp đồng CRM là bao nhiêu?,,,
3,Tổng giá trị sales performance của các hợp đồng CRM là bao nhiêu?,"{""measures"":[""crm_contract_allocations.total_sales_performance_value""]}",crm,"[""crm_contract_allocations""]",Tổng giá trị sales performance của các hợp đồng CRM là bao nhiêu?,,,
4,Tổng giá trị phân bổ recurring là bao nhiêu?,"{""measures"":[""crm_contract_allocations.recurring_period_value""]}",crm,"[""crm_contract_allocations""]",Tổng giá trị phân bổ recurring là bao nhiêu?,,,
5,Tổng giá trị phân bổ non-recurring là bao nhiêu?,"{""measures"":[""crm_contract_allocations.non_recurring_period_value""]}",crm,"[""crm_contract_allocations""]",Tổng giá trị phân bổ non-recurring là bao nhiêu?,,,
6,Tỷ lệ giá trị phân bổ recurring trên tổng giá trị phân bổ là bao nhiêu?,"{""measures"":[""crm_contract_allocations.recurring_period_value_rate""]}",crm,"[""crm_contract_allocations""]",Tỷ lệ giá trị phân bổ recurring trên tổng giá trị phân bổ là bao nhiêu?,,,
7,Giá trị phân bổ hợp đồng theo từng nhóm sản phẩm là bao nhiêu?,"{""measures"":[""crm_contract_allocations.total_period_value""],""dimensions"":[""crm_contract_allocations.product_category""]}",crm,"[""crm_contract_allocations""]",Giá trị phân bổ hợp đồng theo từng nhóm sản phẩm là bao nhiêu?,,,
8,Giá trị phân bổ hợp đồng theo từng hình thức triển khai dịch vụ là bao nhiêu?,"{""measures"":[""crm_contract_allocations.total_period_value""],""dimensions"":[""crm_contract_allocations.deployment_type""]}",crm,"[""crm_contract_allocations""]",Giá trị phân bổ hợp đồng theo từng hình thức triển khai dịch vụ là bao nhiêu?,,,
9,Xu hướng giá trị phân bổ hợp đồng theo tháng là như thế nào?,"{""measures"":[""crm_contract_allocations.total_period_value""],""timeDimensions"":[{""dimension"":""crm_contract_allocations.due_date"",""granularity"":""month""}]}",crm,"[""crm_contract_allocations""]",Xu hướng giá trị phân bổ hợp đồng theo tháng là như thế nào?,,,
10,Xu hướng giá trị sales performance theo quý là như thế nào?,"{""measures"":[""crm_contract_allocations.total_sales_performance_value""],""timeDimensions"":[{""dimension"":""crm_contract_allocations.due_date"",""granularity"":""quarter""}]}",crm,"[""crm_contract_allocations""]",Xu hướng giá trị sales performance theo quý là như thế nào?,,,
11,Top 10 nhóm sản phẩm có giá trị phân bổ hợp đồng cao nhất là gì?,"{""measures"":[""crm_contract_allocations.total_period_value""],""dimensions"":[""crm_contract_allocations.product_category""],""order"":{""crm_contract_allocations.total_period_value"":""desc""},""limit"":10}",crm,"[""crm_contract_allocations""]",Top 10 nhóm sản phẩm có giá trị phân bổ hợp đồng cao nhất là gì?,,,
12,Territory kinh doanh nào có giá trị sales performance cao nhất?,"{""measures"":[""crm_contract_allocations.total_sales_performance_value""],""dimensions"":[""crm_contract_allocations.territory_name""],""order"":{""crm_contract_allocations.total_sales_performance_value"":""desc""},""limit"":1}",crm,"[""crm_contract_allocations""]",Territory kinh doanh nào có giá trị sales performance cao nhất?,,,
13,Territory kinh doanh nào có giá trị sales performance thấp nhất?,"{""measures"":[""crm_contract_allocations.total_sales_performance_value""],""dimensions"":[""crm_contract_allocations.territory_name""],""order"":{""crm_contract_allocations.total_sales_performance_value"":""asc""},""limit"":1}",crm,"[""crm_contract_allocations""]",Territory kinh doanh nào có giá trị sales performance thấp nhất?,,,
14,Phân bố số dòng phân bổ theo loại recurring và non-recurring là như thế nào?,"{""measures"":[""crm_contract_allocations.allocation_row_count""],""dimensions"":[""crm_contract_allocations.recurring_type""]}",crm,"[""crm_contract_allocations""]",Phân bố số dòng phân bổ theo loại recurring và non-recurring là như thế nào?,,,
15,Giá trị phân bổ hợp đồng theo từng Khu vực/lãnh thổ kinh doanh là bao nhiêu?,"{""measures"":[""crm_contract_allocations.total_period_value""],""dimensions"":[""crm_contract_allocations.market_name""]}",crm,"[""crm_contract_allocations""]",Giá trị phân bổ hợp đồng theo từng Khu vực/lãnh thổ kinh doanh là bao nhiêu?,,,
16,So sánh giá trị phân bổ hợp đồng giữa các phân khúc khách hàng cấp 1 là như thế nào?,"{""measures"":[""crm_contract_allocations.total_period_value""],""dimensions"":[""crm_contract_allocations.customer_segment_l1""]}",crm,"[""crm_contract_allocations""]",So sánh giá trị phân bổ hợp đồng giữa các phân khúc khách hàng cấp 1 là như thế nào?,,,
17,Giá trị phân bổ trung bình theo mỗi kỳ phân bổ là bao nhiêu?,"{""measures"":[""crm_contract_allocations.avg_period_value""]}",crm,"[""crm_contract_allocations""]",Giá trị phân bổ trung bình theo mỗi kỳ phân bổ là bao nhiêu?,,,
18,Giá trị sản phẩm trung bình trong các hợp đồng CRM là bao nhiêu?,"{""measures"":[""crm_contract_allocations.avg_product_value""]}",crm,"[""crm_contract_allocations""]",Giá trị sản phẩm trung bình trong các hợp đồng CRM là bao nhiêu?,,,
19,Có sự bất thường nào trong xu hướng giá trị phân bổ hợp đồng theo tháng không?,"{""measures"":[""crm_contract_allocations.total_period_value""],""timeDimensions"":[{""dimension"":""crm_contract_allocations.due_date"",""granularity"":""month""}]}",crm,"[""crm_contract_allocations""]",Có sự bất thường nào trong xu hướng giá trị phân bổ hợp đồng theo tháng không?,,,
20,Giá trị sales performance trung bình theo từng nhóm khách hàng là bao nhiêu?,"{""measures"":[""crm_contract_allocations.avg_sales_performance_value""],""dimensions"":[""crm_contract_allocations.customer_group""]}",crm,"[""crm_contract_allocations""]",Giá trị sales performance trung bình theo từng nhóm khách hàng là bao nhiêu?,,,
21,Tổng giá trị phân bổ hợp đồng trong năm 2025 là bao nhiêu?,"{""measures"":[""crm_contract_allocations.total_period_value""],""timeDimensions"":[{""dimension"":""crm_contract_allocations.due_date"",""dateRange"":[""2025-01-01"",""2025-12-31""]}]}",crm,"[""crm_contract_allocations""]",Tổng giá trị phân bổ hợp đồng trong năm 2025 là bao nhiêu?,,,
23,Xu hướng giá trị phân bổ recurring theo tháng là như thế nào?,"{""measures"":[""crm_contract_allocations.recurring_period_value""],""timeDimensions"":[{""dimension"":""crm_contract_allocations.due_date"",""granularity"":""month""}]}",crm,"[""crm_contract_allocations""]",Xu hướng giá trị phân bổ recurring theo tháng là như thế nào?,,,
24,Xu hướng giá trị phân bổ non-recurring theo tháng là như thế nào?,"{""measures"":[""crm_contract_allocations.non_recurring_period_value""],""timeDimensions"":[{""dimension"":""crm_contract_allocations.due_date"",""granularity"":""month""}]}",crm,"[""crm_contract_allocations""]",Xu hướng giá trị phân bổ non-recurring theo tháng là như thế nào?,,,
25,So sánh giá trị phân bổ giữa recurring và non-recurring là như thế nào?,"{""measures"":[""crm_contract_allocations.total_period_value""],""dimensions"":[""crm_contract_allocations.recurring_type""]}",crm,"[""crm_contract_allocations""]",So sánh giá trị phân bổ giữa recurring và non-recurring là như thế nào?,,,
26,Territory kinh doanh nào có tổng giá trị phân bổ hợp đồng cao nhất?,"{""measures"":[""crm_contract_allocations.total_period_value""],""dimensions"":[""crm_contract_allocations.territory_name""],""order"":{""crm_contract_allocations.total_period_value"":""desc""},""limit"":1}",crm,"[""crm_contract_allocations""]",Territory kinh doanh nào có tổng giá trị phân bổ hợp đồng cao nhất?,,,
27,Territory kinh doanh nào có tổng giá trị phân bổ hợp đồng thấp nhất?,"{""measures"":[""crm_contract_allocations.total_period_value""],""dimensions"":[""crm_contract_allocations.territory_name""],""order"":{""crm_contract_allocations.total_period_value"":""asc""},""limit"":1}",crm,"[""crm_contract_allocations""]",Territory kinh doanh nào có tổng giá trị phân bổ hợp đồng thấp nhất?,,,
29,Giá trị phân bổ hợp đồng theo từng loại sản phẩm chi tiết là bao nhiêu?,"{""measures"":[""crm_contract_allocations.total_period_value""],""dimensions"":[""crm_contract_allocations.product_type""]}",crm,"[""crm_contract_allocations""]",Giá trị phân bổ hợp đồng theo từng loại sản phẩm chi tiết là bao nhiêu?,,,
30,Phân khúc khách hàng cấp 2 nào có giá trị sales performance cao nhất?,"{""measures"":[""crm_contract_allocations.total_sales_performance_value""],""dimensions"":[""crm_contract_allocations.customer_segment_l2""],""order"":{""crm_contract_allocations.total_sales_performance_value"":""desc""},""limit"":1}",crm,"[""crm_contract_allocations""]",Phân khúc khách hàng cấp 2 nào có giá trị sales performance cao nhất?,,,
31,Phân khúc khách hàng cấp 2 nào có giá trị sales performance thấp nhất?,"{""measures"":[""crm_contract_allocations.total_sales_performance_value""],""dimensions"":[""crm_contract_allocations.customer_segment_l2""],""order"":{""crm_contract_allocations.total_sales_performance_value"":""asc""},""limit"":1}",crm,"[""crm_contract_allocations""]",Phân khúc khách hàng cấp 2 nào có giá trị sales performance thấp nhất?,,,
,,,,,,,,
33,Giá trị phân bổ trung bình theo từng territory kinh doanh là bao nhiêu?,"{""measures"":[""crm_contract_allocations.avg_period_value""],""dimensions"":[""crm_contract_allocations.territory_name""]}",crm,"[""crm_contract_allocations""]",Giá trị phân bổ trung bình theo từng territory kinh doanh là bao nhiêu?,,,
34,Giá trị sales performance trung bình theo từng Khu vực/lãnh thổ là bao nhiêu?,"{""measures"":[""crm_contract_allocations.avg_sales_performance_value""],""dimensions"":[""crm_contract_allocations.market_name""]}",crm,"[""crm_contract_allocations""]",Giá trị sales performance trung bình theo từng Khu vực/lãnh thổ là bao nhiêu?,,,
35,Số dòng phân bổ theo từng kỳ phân bổ là bao nhiêu?,"{""measures"":[""crm_contract_allocations.allocation_row_count""],""dimensions"":[""crm_contract_allocations.period_number""]}",crm,"[""crm_contract_allocations""]",Số dòng phân bổ theo từng kỳ phân bổ là bao nhiêu?,,,
36,Kỳ phân bổ nào có giá trị phân bổ trung bình cao nhất?,"{""measures"":[""crm_contract_allocations.avg_period_value""],""dimensions"":[""crm_contract_allocations.period_number""],""order"":{""crm_contract_allocations.avg_period_value"":""desc""},""limit"":1}",crm,"[""crm_contract_allocations""]",Kỳ phân bổ nào có giá trị phân bổ trung bình cao nhất?,,,
37,Kỳ phân bổ nào có giá trị phân bổ trung bình thấp nhất?,"{""measures"":[""crm_contract_allocations.avg_period_value""],""dimensions"":[""crm_contract_allocations.period_number""],""order"":{""crm_contract_allocations.avg_period_value"":""asc""},""limit"":1}",crm,"[""crm_contract_allocations""]",Kỳ phân bổ nào có giá trị phân bổ trung bình thấp nhất?,,,
38,Xu hướng giá trị sales performance theo territory kinh doanh theo tháng là như thế nào?,"{""measures"":[""crm_contract_allocations.total_sales_performance_value""],""dimensions"":[""crm_contract_allocations.territory_name""],""timeDimensions"":[{""dimension"":""crm_contract_allocations.due_date"",""granularity"":""month""}]}",crm,"[""crm_contract_allocations""]",Xu hướng giá trị sales performance theo territory kinh doanh theo tháng là như thế nào?,,,
39,Có sự bất thường nào trong xu hướng doanh số phân bổ theo Khu vực/lãnh thổ theo tháng không?,"{""measures"":[""crm_contract_allocations.total_period_value""],""dimensions"":[""crm_contract_allocations.market_name""],""timeDimensions"":[{""dimension"":""crm_contract_allocations.due_date"",""granularity"":""month""}]}",crm,"[""crm_contract_allocations""]",Có sự bất thường nào trong xu hướng doanh số phân bổ theo Khu vực/lãnh thổ theo tháng không?,,,
40,Có sự bất thường nào trong xu hướng doanh số recurring theo tháng không?,"{""measures"":[""crm_contract_allocations.recurring_period_value""],""timeDimensions"":[{""dimension"":""crm_contract_allocations.due_date"",""granularity"":""month""}]}",crm,"[""crm_contract_allocations""]",Có sự bất thường nào trong xu hướng doanh số recurring theo tháng không?,,,
42,Xu hướng recurring amount theo quý trong 2 năm gần nhất là như thế nào?,"{""measures"":[""crm_contract_allocations.recurring_period_value""],""timeDimensions"":[{""dimension"":""crm_contract_allocations.due_date"",""granularity"":""quarter"",""dateRange"":""last 2 years""}]}",crm,"[""crm_contract_allocations""]",Xu hướng recurring amount theo quý trong 2 năm gần nhất là như thế nào?,,,
43,Territory nào đóng góp nhiều recurring amount nhất theo tháng?,"{""measures"":[""crm_contract_allocations.recurring_period_value""],""dimensions"":[""crm_contract_allocations.territory_name""],""timeDimensions"":[{""dimension"":""crm_contract_allocations.due_date"",""granularity"":""month""}],""order"":{""crm_contract_allocations.recurring_period_value"":""desc""}}",crm,"[""crm_contract_allocations""]",Territory nào đóng góp nhiều recurring amount nhất theo tháng?,,,
44,Tỷ trọng recurring amount trên tổng doanh số theo từng tháng là bao nhiêu?,"{""measures"":[""crm_contract_allocations.recurring_period_value_rate""],""timeDimensions"":[{""dimension"":""crm_contract_allocations.due_date"",""granularity"":""month""}]}",crm,"[""crm_contract_allocations""]",Tỷ trọng recurring amount trên tổng doanh số theo từng tháng là bao nhiêu?,,,
45,Top 5 territory đóng góp doanh số phân bổ cao nhất trong năm 2025 là gì?,"{""measures"":[""crm_contract_allocations.total_period_value""],""dimensions"":[""crm_contract_allocations.territory_name""],""timeDimensions"":[{""dimension"":""crm_contract_allocations.due_date"",""dateRange"":[""2025-01-01"",""2025-12-31""]}],""order"":{""crm_contract_allocations.total_period_value"":""desc""},""limit"":5}",crm,"[""crm_contract_allocations""]",Top 5 territory đóng góp doanh số phân bổ cao nhất trong năm 2025 là gì?,,,
,,,,,,,,
47,Khu vực/lãnh thổ nào đóng góp recurring amount lớn nhất?,"{""measures"":[""crm_contract_allocations.recurring_period_value""],""dimensions"":[""crm_contract_allocations.market_name""],""order"":{""crm_contract_allocations.recurring_period_value"":""desc""},""limit"":1}",crm,"[""crm_contract_allocations""]",Khu vực/lãnh thổ nào đóng góp recurring amount lớn nhất?,,,
48,Sản phẩm nào đóng góp recurring amount lớn nhất?,"{""measures"":[""crm_contract_allocations.recurring_period_value""],""dimensions"":[""crm_contract_allocations.product_type""],""order"":{""crm_contract_allocations.recurring_period_value"":""desc""},""limit"":1}",crm,"[""crm_contract_allocations""]",Sản phẩm nào đóng góp recurring amount lớn nhất?,,,
49,Cơ cấu doanh số theo product category theo tháng là như thế nào?,"{""measures"":[""crm_contract_allocations.total_period_value""],""dimensions"":[""crm_contract_allocations.product_category""],""timeDimensions"":[{""dimension"":""crm_contract_allocations.due_date"",""granularity"":""month""}]}",crm,"[""crm_contract_allocations""]",Cơ cấu doanh số theo product category theo tháng là như thế nào?,,,
50,Phân khúc khách hàng cấp 1 nào đóng góp doanh số lớn nhất?,"{""measures"":[""crm_contract_allocations.total_period_value""],""dimensions"":[""crm_contract_allocations.customer_segment_l1""],""order"":{""crm_contract_allocations.total_period_value"":""desc""},""limit"":1}",crm,"[""crm_contract_allocations""]",Phân khúc khách hàng cấp 1 nào đóng góp doanh số lớn nhất?,,,
51,Phân khúc khách hàng cấp 3 nào có recurring amount cao nhất?,"{""measures"":[""crm_contract_allocations.recurring_period_value""],""dimensions"":[""crm_contract_allocations.customer_segment_l3""],""order"":{""crm_contract_allocations.recurring_period_value"":""desc""},""limit"":1}",crm,"[""crm_contract_allocations""]",Phân khúc khách hàng cấp 3 nào có recurring amount cao nhất?,,,
52,Xu hướng doanh số phân bổ theo Khu vực/lãnh thổ theo tháng là như thế nào?,"{""measures"":[""crm_contract_allocations.total_period_value""],""dimensions"":[""crm_contract_allocations.market_name""],""timeDimensions"":[{""dimension"":""crm_contract_allocations.due_date"",""granularity"":""month""}]}",crm,"[""crm_contract_allocations""]",Xu hướng doanh số phân bổ theo Khu vực/lãnh thổ theo tháng là như thế nào?,,,
53,Xu hướng doanh số recurring theo territory theo tháng là như thế nào?,"{""measures"":[""crm_contract_allocations.recurring_period_value""],""dimensions"":[""crm_contract_allocations.territory_name""],""timeDimensions"":[{""dimension"":""crm_contract_allocations.due_date"",""granularity"":""month""}]}",crm,"[""crm_contract_allocations""]",Xu hướng doanh số recurring theo territory theo tháng là như thế nào?,,,
56,Sản phẩm nào có doanh số phân bổ cao nhất theo từng Khu vực/lãnh thổ?,"{""measures"":[""crm_contract_allocations.total_period_value""],""dimensions"":[""crm_contract_allocations.market_name"",""crm_contract_allocations.product_type""],""order"":{""crm_contract_allocations.total_period_value"":""desc""}}",crm,"[""crm_contract_allocations""]",Sản phẩm nào có doanh số phân bổ cao nhất theo từng Khu vực/lãnh thổ?,,,
,,,,,,,,
58,Có sự thay đổi lớn nào trong cơ cấu product mix theo tháng không?,"{""measures"":[""crm_contract_allocations.total_period_value""],""dimensions"":[""crm_contract_allocations.product_category""],""timeDimensions"":[{""dimension"":""crm_contract_allocations.due_date"",""granularity"":""month""}]}",crm,"[""crm_contract_allocations""]",Có sự thay đổi lớn nào trong cơ cấu product mix theo tháng không?,,,
59,Territory nào có recurring amount ổn định nhất theo tháng?,"{""measures"":[""crm_contract_allocations.recurring_period_value""],""dimensions"":[""crm_contract_allocations.territory_name""],""timeDimensions"":[{""dimension"":""crm_contract_allocations.due_date"",""granularity"":""month""}]}",crm,"[""crm_contract_allocations""]",Territory nào có recurring amount ổn định nhất theo tháng?,,,
1,Tổng số tài khoản CRM hiện có là bao nhiêu?,"{""measures"":[""crm_sales_accounts.distinct_account_count""]}",crm,"[""crm_sales_accounts""]",Tổng số tài khoản CRM hiện có là bao nhiêu?,,,
2,Số lượng tài khoản CRM theo từng quốc gia là bao nhiêu?,"{""measures"":[""crm_sales_accounts.account_count""],""dimensions"":[""crm_sales_accounts.country""]}",crm,"[""crm_sales_accounts""]",Số lượng tài khoản CRM theo từng quốc gia là bao nhiêu?,,,
3,Xu hướng số lượng tài khoản CRM mới được tạo theo tháng là như thế nào?,"{""measures"":[""crm_sales_accounts.account_count""],""timeDimensions"":[{""dimension"":""crm_sales_accounts.created_at"",""granularity"":""month""}]}",crm,"[""crm_sales_accounts""]",Xu hướng số lượng tài khoản CRM mới được tạo theo tháng là như thế nào?,,,
4,Top 10 thành phố có số lượng tài khoản CRM nhiều nhất là gì?,"{""measures"":[""crm_sales_accounts.account_count""],""dimensions"":[""crm_sales_accounts.city""],""order"":{""crm_sales_accounts.account_count"":""desc""},""limit"":10}",crm,"[""crm_sales_accounts""]",Top 10 thành phố có số lượng tài khoản CRM nhiều nhất là gì?,,,
5,Tỷ lệ sử dụng SOC trên toàn bộ tài khoản CRM là bao nhiêu?,"{""measures"":[""crm_sales_accounts.soc_adoption_rate""]}",crm,"[""crm_sales_accounts""]",Tỷ lệ sử dụng SOC trên toàn bộ tài khoản CRM là bao nhiêu?,,,
6,Số lượng tài khoản CRM có sử dụng SOC và không sử dụng SOC là bao nhiêu?,"{""measures"":[""crm_sales_accounts.soc_enabled_accounts"",""crm_sales_accounts.soc_disabled_accounts""]}",crm,"[""crm_sales_accounts""]",Số lượng tài khoản CRM có sử dụng SOC và không sử dụng SOC là bao nhiêu?,,,
7,Phân bố số lượng tài khoản theo phân khúc khách hàng cấp 1 là như thế nào?,"{""measures"":[""crm_sales_accounts.account_count""],""dimensions"":[""crm_sales_accounts.customer_segment_l1""]}",crm,"[""crm_sales_accounts""]",Phân bố số lượng tài khoản theo phân khúc khách hàng cấp 1 là như thế nào?,,,
8,Phân bố số lượng tài khoản theo loại hình doanh nghiệp là như thế nào?,"{""measures"":[""crm_sales_accounts.account_count""],""dimensions"":[""crm_sales_accounts.business_type""]}",crm,"[""crm_sales_accounts""]",Phân bố số lượng tài khoản theo loại hình doanh nghiệp là như thế nào?,,,
9,Ngành nghề nào có số lượng tài khoản CRM nhiều nhất?,"{""measures"":[""crm_sales_accounts.account_count""],""dimensions"":[""crm_sales_accounts.industry_type""],""order"":{""crm_sales_accounts.account_count"":""desc""},""limit"":1}",crm,"[""crm_sales_accounts""]",Ngành nghề nào có số lượng tài khoản CRM nhiều nhất?,,,
10,Ngành nghề nào có số lượng tài khoản CRM ít nhất?,"{""measures"":[""crm_sales_accounts.account_count""],""dimensions"":[""crm_sales_accounts.industry_type""],""order"":{""crm_sales_accounts.account_count"":""asc""},""limit"":1}",crm,"[""crm_sales_accounts""]",Ngành nghề nào có số lượng tài khoản CRM ít nhất?,,,
,,,,,,,,
12,Số lượng tài khoản CRM mới được tạo trong 30 ngày gần nhất là bao nhiêu?,"{""measures"":[""crm_sales_accounts.new_accounts""]}",crm,"[""crm_sales_accounts""]",Số lượng tài khoản CRM mới được tạo trong 30 ngày gần nhất là bao nhiêu?,,,
13,Xu hướng tỷ lệ sử dụng SOC theo tháng là như thế nào?,"{""measures"":[""crm_sales_accounts.soc_adoption_rate""],""timeDimensions"":[{""dimension"":""crm_sales_accounts.created_at"",""granularity"":""month""}]}",crm,"[""crm_sales_accounts""]",Xu hướng tỷ lệ sử dụng SOC theo tháng là như thế nào?,,,
14,Thành phố nào có tỷ lệ sử dụng SOC cao nhất?,"{""measures"":[""crm_sales_accounts.soc_adoption_rate""],""dimensions"":[""crm_sales_accounts.city""],""order"":{""crm_sales_accounts.soc_adoption_rate"":""desc""},""limit"":1}",crm,"[""crm_sales_accounts""]",Thành phố nào có tỷ lệ sử dụng SOC cao nhất?,,,
15,Thành phố nào có tỷ lệ sử dụng SOC thấp nhất?,"{""measures"":[""crm_sales_accounts.soc_adoption_rate""],""dimensions"":[""crm_sales_accounts.city""],""order"":{""crm_sales_accounts.soc_adoption_rate"":""asc""},""limit"":1}",crm,"[""crm_sales_accounts""]",Thành phố nào có tỷ lệ sử dụng SOC thấp nhất?,,,
16,Số lượng phân khúc khách hàng cấp 1 khác nhau trong hệ thống CRM là bao nhiêu?,"{""measures"":[""crm_sales_accounts.l1_segment_count""]}",crm,"[""crm_sales_accounts""]",Số lượng phân khúc khách hàng cấp 1 khác nhau trong hệ thống CRM là bao nhiêu?,,,
17,Số lượng ngành nghề khác nhau của khách hàng trong CRM là bao nhiêu?,"{""measures"":[""crm_sales_accounts.industry_count""]}",crm,"[""crm_sales_accounts""]",Số lượng ngành nghề khác nhau của khách hàng trong CRM là bao nhiêu?,,,
18,So sánh số lượng tài khoản giữa các loại hình doanh nghiệp là như thế nào?,"{""measures"":[""crm_sales_accounts.account_count""],""dimensions"":[""crm_sales_accounts.business_type""]}",crm,"[""crm_sales_accounts""]",So sánh số lượng tài khoản giữa các loại hình doanh nghiệp là như thế nào?,,,
19,Có sự tăng bất thường nào trong số lượng tài khoản mới theo tháng không?,"{""measures"":[""crm_sales_accounts.account_count""],""timeDimensions"":[{""dimension"":""crm_sales_accounts.created_at"",""granularity"":""month""}]}",crm,"[""crm_sales_accounts""]",Có sự tăng bất thường nào trong số lượng tài khoản mới theo tháng không?,,,
20,Quốc gia nào có số lượng tài khoản CRM cao nhất?,"{""measures"":[""crm_sales_accounts.account_count""],""dimensions"":[""crm_sales_accounts.country""],""order"":{""crm_sales_accounts.account_count"":""desc""},""limit"":1}",crm,"[""crm_sales_accounts""]",Quốc gia nào có số lượng tài khoản CRM cao nhất?,,,
21,Phân bố số lượng tài khoản CRM theo phân khúc khách hàng cấp 2 là như thế nào?,"{""measures"":[""crm_sales_accounts.account_count""],""dimensions"":[""crm_sales_accounts.customer_segment_l2""]}",crm,"[""crm_sales_accounts""]",Phân bố số lượng tài khoản CRM theo phân khúc khách hàng cấp 2 là như thế nào?,,,
22,Phân bố số lượng tài khoản CRM theo phân khúc khách hàng cấp 3 là như thế nào?,"{""measures"":[""crm_sales_accounts.account_count""],""dimensions"":[""crm_sales_accounts.customer_segment_l3""]}",crm,"[""crm_sales_accounts""]",Phân bố số lượng tài khoản CRM theo phân khúc khách hàng cấp 3 là như thế nào?,,,
23,Top 5 ngành nghề có số lượng tài khoản CRM nhiều nhất là gì?,"{""measures"":[""crm_sales_accounts.account_count""],""dimensions"":[""crm_sales_accounts.industry_type""],""order"":{""crm_sales_accounts.account_count"":""desc""},""limit"":5}",crm,"[""crm_sales_accounts""]",Top 5 ngành nghề có số lượng tài khoản CRM nhiều nhất là gì?,,,
24,Top 5 quốc gia có số lượng tài khoản CRM nhiều nhất là gì?,"{""measures"":[""crm_sales_accounts.account_count""],""dimensions"":[""crm_sales_accounts.country""],""order"":{""crm_sales_accounts.account_count"":""desc""},""limit"":5}",crm,"[""crm_sales_accounts""]",Top 5 quốc gia có số lượng tài khoản CRM nhiều nhất là gì?,,,
25,Tỷ lệ sử dụng SOC theo từng ngành nghề khách hàng là bao nhiêu?,"{""measures"":[""crm_sales_accounts.soc_adoption_rate""],""dimensions"":[""crm_sales_accounts.industry_type""]}",crm,"[""crm_sales_accounts""]",Tỷ lệ sử dụng SOC theo từng ngành nghề khách hàng là bao nhiêu?,,,
26,Tỷ lệ sử dụng SOC theo từng quốc gia là bao nhiêu?,"{""measures"":[""crm_sales_accounts.soc_adoption_rate""],""dimensions"":[""crm_sales_accounts.country""]}",crm,"[""crm_sales_accounts""]",Tỷ lệ sử dụng SOC theo từng quốc gia là bao nhiêu?,,,
27,Tỷ lệ sử dụng SOC theo từng phân khúc khách hàng cấp 1 là bao nhiêu?,"{""measures"":[""crm_sales_accounts.soc_adoption_rate""],""dimensions"":[""crm_sales_accounts.customer_segment_l1""]}",crm,"[""crm_sales_accounts""]",Tỷ lệ sử dụng SOC theo từng phân khúc khách hàng cấp 1 là bao nhiêu?,,,
28,Xu hướng số lượng tài khoản CRM mới theo quý là như thế nào?,"{""measures"":[""crm_sales_accounts.account_count""],""timeDimensions"":[{""dimension"":""crm_sales_accounts.created_at"",""granularity"":""quarter""}]}",crm,"[""crm_sales_accounts""]",Xu hướng số lượng tài khoản CRM mới theo quý là như thế nào?,,,
29,Quốc gia nào có tỷ lệ sử dụng SOC cao nhất trong hệ thống CRM?,"{""measures"":[""crm_sales_accounts.soc_adoption_rate""],""dimensions"":[""crm_sales_accounts.country""],""order"":{""crm_sales_accounts.soc_adoption_rate"":""desc""},""limit"":1}",crm,"[""crm_sales_accounts""]",Quốc gia nào có tỷ lệ sử dụng SOC cao nhất trong hệ thống CRM?,,,
30,Ngành nghề nào có tỷ lệ sử dụng SOC thấp nhất trong hệ thống CRM?,"{""measures"":[""crm_sales_accounts.soc_adoption_rate""],""dimensions"":[""crm_sales_accounts.industry_type""],""order"":{""crm_sales_accounts.soc_adoption_rate"":""asc""},""limit"":1}",crm,"[""crm_sales_accounts""]",Ngành nghề nào có tỷ lệ sử dụng SOC thấp nhất trong hệ thống CRM?,,,
31,Top 10 thành phố có số lượng tài khoản CRM nhiều nhất trong từng quốc gia là gì?,"{""measures"":[""crm_sales_accounts.account_count""],""dimensions"":[""crm_sales_accounts.country"",""crm_sales_accounts.city""],""order"":{""crm_sales_accounts.account_count"":""desc""},""limit"":10}",crm,"[""crm_sales_accounts""]",Top 10 thành phố có số lượng tài khoản CRM nhiều nhất trong từng quốc gia là gì?,,,
,,,,,,,,
,,,,,,,,
34,So sánh số lượng tài khoản CRM giữa các quốc gia là như thế nào?,"{""measures"":[""crm_sales_accounts.account_count""],""dimensions"":[""crm_sales_accounts.country""]}",crm,"[""crm_sales_accounts""]",So sánh số lượng tài khoản CRM giữa các quốc gia là như thế nào?,,,
35,So sánh số lượng tài khoản CRM giữa các ngành nghề khách hàng là như thế nào?,"{""measures"":[""crm_sales_accounts.account_count""],""dimensions"":[""crm_sales_accounts.industry_type""]}",crm,"[""crm_sales_accounts""]",So sánh số lượng tài khoản CRM giữa các ngành nghề khách hàng là như thế nào?,,,
36,Xu hướng tỷ lệ sử dụng SOC theo quý là như thế nào?,"{""measures"":[""crm_sales_accounts.soc_adoption_rate""],""timeDimensions"":[{""dimension"":""crm_sales_accounts.created_at"",""granularity"":""quarter""}]}",crm,"[""crm_sales_accounts""]",Xu hướng tỷ lệ sử dụng SOC theo quý là như thế nào?,,,
37,Có quốc gia nào có tỷ lệ sử dụng SOC thấp bất thường so với các quốc gia khác không?,"{""measures"":[""crm_sales_accounts.soc_adoption_rate""],""dimensions"":[""crm_sales_accounts.country""]}",crm,"[""crm_sales_accounts""]",Có quốc gia nào có tỷ lệ sử dụng SOC thấp bất thường so với các quốc gia khác không?,,,
38,Có ngành nghề nào có số lượng tài khoản CRM tăng đột biến theo tháng không?,"{""measures"":[""crm_sales_accounts.account_count""],""dimensions"":[""crm_sales_accounts.industry_type""],""timeDimensions"":[{""dimension"":""crm_sales_accounts.created_at"",""granularity"":""month""}]}",crm,"[""crm_sales_accounts""]",Có ngành nghề nào có số lượng tài khoản CRM tăng đột biến theo tháng không?,,,
39,Phân bố số lượng tài khoản CRM theo quốc gia và ngành nghề khách hàng là như thế nào?,"{""measures"":[""crm_sales_accounts.account_count""],""dimensions"":[""crm_sales_accounts.country"",""crm_sales_accounts.industry_type""]}",crm,"[""crm_sales_accounts""]",Phân bố số lượng tài khoản CRM theo quốc gia và ngành nghề khách hàng là như thế nào?,,,
40,Phân khúc khách hàng cấp 1 nào có số lượng tài khoản CRM nhiều nhất?,"{""measures"":[""crm_sales_accounts.account_count""],""dimensions"":[""crm_sales_accounts.customer_segment_l1""],""order"":{""crm_sales_accounts.account_count"":""desc""},""limit"":1}",crm,"[""crm_sales_accounts""]",Phân khúc khách hàng cấp 1 nào có số lượng tài khoản CRM nhiều nhất?,,,
1,Tổng doanh thu bán hàng trong năm 2024 là bao nhiêu?,"{""measures"":[""finance_daily_business_metrics.total_sales_revenue_amount""],""timeDimensions"":[{""dimension"":""finance_daily_business_metrics.report_date"",""dateRange"":[""2024-01-01"",""2024-12-31""]}]}",biz,"[""finance_daily_business_metrics""]",Tổng doanh thu bán hàng trong năm 2024 là bao nhiêu?,,,
2,Tổng chi phí thực tế trong quý 1 năm 2025 là bao nhiêu?,"{""measures"":[""finance_daily_business_metrics.total_actual_cost_value""],""timeDimensions"":[{""dimension"":""finance_daily_business_metrics.report_date"",""dateRange"":[""2025-01-01"",""2025-03-31""]}]}",biz,"[""finance_daily_business_metrics""]",Tổng chi phí thực tế trong quý 1 năm 2025 là bao nhiêu?,,,
3,Doanh thu bán hàng theo từng tháng trong năm 2024 thay đổi như thế nào?,"{""measures"":[""finance_daily_business_metrics.total_sales_revenue_amount""],""timeDimensions"":[{""dimension"":""finance_daily_business_metrics.report_date"",""granularity"":""month"",""dateRange"":[""2024-01-01"",""2024-12-31""]}]}",biz,"[""finance_daily_business_metrics""]",Doanh thu bán hàng theo từng tháng trong năm 2024 thay đổi như thế nào?,,,
4,Nhóm sản phẩm nào có doanh thu bán hàng cao nhất trong năm 2024?,"{""measures"":[""finance_daily_business_metrics.total_sales_revenue_amount""],""dimensions"":[""finance_daily_business_metrics.product_category""],""order"":{""finance_daily_business_metrics.total_sales_revenue_amount"":""desc""},""limit"":5,""timeDimensions"":[{""dimension"":""finance_daily_business_metrics.report_date"",""dateRange"":[""2024-01-01"",""2024-12-31""]}]}",biz,"[""finance_daily_business_metrics""]",Nhóm sản phẩm nào có doanh thu bán hàng cao nhất trong năm 2024?,,,
5,Tổng doanh thu bán hàng theo khu vực kinh doanh trong năm 2024 là bao nhiêu?,"{""measures"":[""finance_daily_business_metrics.total_sales_revenue_amount""],""dimensions"":[""finance_daily_business_metrics.territory_name""],""timeDimensions"":[{""dimension"":""finance_daily_business_metrics.report_date"",""dateRange"":[""2024-01-01"",""2024-12-31""]}]}",biz,"[""finance_daily_business_metrics""]",Tổng doanh thu bán hàng theo khu vực kinh doanh trong năm 2024 là bao nhiêu?,,,
6,Tỷ suất lợi nhuận gộp trung bình theo từng nhóm sản phẩm trong năm 2024 là bao nhiêu?,"{""measures"":[""finance_daily_business_metrics.gross_margin_percent""],""dimensions"":[""finance_daily_business_metrics.product_category""],""timeDimensions"":[{""dimension"":""finance_daily_business_metrics.report_date"",""dateRange"":[""2024-01-01"",""2024-12-31""]}]}",biz,"[""finance_daily_business_metrics""]",Tỷ suất lợi nhuận gộp trung bình theo từng nhóm sản phẩm trong năm 2024 là bao nhiêu?,,,
7,Tổng lợi nhuận gộp trong năm 2024 là bao nhiêu?,"{""measures"":[""finance_daily_business_metrics.total_gross_profit_amount""],""timeDimensions"":[{""dimension"":""finance_daily_business_metrics.report_date"",""dateRange"":[""2024-01-01"",""2024-12-31""]}]}",biz,"[""finance_daily_business_metrics""]",Tổng lợi nhuận gộp trong năm 2024 là bao nhiêu?,,,
8,Đơn vị kinh doanh cấp 1 nào có doanh thu cao nhất trong quý 2 năm 2024?,"{""measures"":[""finance_daily_business_metrics.total_sales_revenue_amount""],""dimensions"":[""finance_daily_business_metrics.business_unit_level_1""],""order"":{""finance_daily_business_metrics.total_sales_revenue_amount"":""desc""},""limit"":5,""timeDimensions"":[{""dimension"":""finance_daily_business_metrics.report_date"",""dateRange"":[""2024-04-01"",""2024-06-30""]}]}",biz,"[""finance_daily_business_metrics""]",Đơn vị kinh doanh cấp 1 nào có doanh thu cao nhất trong quý 2 năm 2024?,,,
9,Tổng tiền thu từ khách hàng theo từng tháng trong năm 2024 là bao nhiêu?,"{""measures"":[""finance_daily_business_metrics.total_allocated_revenue_amount""],""timeDimensions"":[{""dimension"":""finance_daily_business_metrics.report_date"",""granularity"":""month"",""dateRange"":[""2024-01-01"",""2024-12-31""]}]}",biz,"[""finance_daily_business_metrics""]",Tổng tiền thu từ khách hàng theo từng tháng trong năm 2024 là bao nhiêu?,,,
10,Tỷ lệ hoàn thành kế hoạch doanh thu trung bình theo từng khu vực trong năm 2024 là bao nhiêu?,"{""measures"":[""finance_daily_business_metrics.revenue_plan_completion_percent""],""dimensions"":[""finance_daily_business_metrics.territory_name""],""timeDimensions"":[{""dimension"":""finance_daily_business_metrics.report_date"",""dateRange"":[""2024-01-01"",""2024-12-31""]}]}",biz,"[""finance_daily_business_metrics""]",Tỷ lệ hoàn thành kế hoạch doanh thu trung bình theo từng khu vực trong năm 2024 là bao nhiêu?,,,
11,Ngày nào có lợi nhuận gộp cao nhất trong năm 2024?,"{""measures"":[""finance_daily_business_metrics.total_gross_profit_amount""],""dimensions"":[""finance_daily_business_metrics.report_date""],""order"":{""finance_daily_business_metrics.total_gross_profit_amount"":""desc""},""limit"":1,""timeDimensions"":[{""dimension"":""finance_daily_business_metrics.report_date"",""dateRange"":[""2024-01-01"",""2024-12-31""]}]}",biz,"[""finance_daily_business_metrics""]",Ngày nào có lợi nhuận gộp cao nhất trong năm 2024?,,,
12,Có bao nhiêu ngày trong năm 2024 có lợi nhuận dương?,"{""measures"":[""finance_daily_business_metrics.number_of_profit_positive_days""],""timeDimensions"":[{""dimension"":""finance_daily_business_metrics.report_date"",""dateRange"":[""2024-01-01"",""2024-12-31""]}]}",biz,"[""finance_daily_business_metrics""]",Có bao nhiêu ngày trong năm 2024 có lợi nhuận dương?,,,
13,Tổng doanh thu bán hàng theo đơn vị kinh doanh cấp 1 trong năm 2024 là bao nhiêu?,"{""measures"":[""finance_daily_business_metrics.total_sales_revenue_amount""],""dimensions"":[""finance_daily_business_metrics.business_unit_level_1""],""timeDimensions"":[{""dimension"":""finance_daily_business_metrics.report_date"",""dateRange"":[""2024-01-01"",""2024-12-31""]}]}",biz,"[""finance_daily_business_metrics""]",Tổng doanh thu bán hàng theo đơn vị kinh doanh cấp 1 trong năm 2024 là bao nhiêu?,,,
14,Doanh thu bán hàng trung bình mỗi ngày trong quý 1 năm 2025 là bao nhiêu?,"{""measures"":[""finance_daily_business_metrics.average_daily_revenue_amount""],""timeDimensions"":[{""dimension"":""finance_daily_business_metrics.report_date"",""dateRange"":[""2025-01-01"",""2025-03-31""]}]}",biz,"[""finance_daily_business_metrics""]",Doanh thu bán hàng trung bình mỗi ngày trong quý 1 năm 2025 là bao nhiêu?,,,
15,Lợi nhuận trung bình mỗi ngày theo từng nhóm sản phẩm trong năm 2024 là bao nhiêu?,"{""measures"":[""finance_daily_business_metrics.average_daily_profit_amount""],""dimensions"":[""finance_daily_business_metrics.product_category""],""timeDimensions"":[{""dimension"":""finance_daily_business_metrics.report_date"",""dateRange"":[""2024-01-01"",""2024-12-31""]}]}",biz,"[""finance_daily_business_metrics""]",Lợi nhuận trung bình mỗi ngày theo từng nhóm sản phẩm trong năm 2024 là bao nhiêu?,,,
16,Tổng chênh lệch doanh thu so với kế hoạch trong năm 2024 là bao nhiêu?,"{""measures"":[""finance_daily_business_metrics.total_revenue_gap_vs_plan_amount""],""timeDimensions"":[{""dimension"":""finance_daily_business_metrics.report_date"",""dateRange"":[""2024-01-01"",""2024-12-31""]}]}",biz,"[""finance_daily_business_metrics""]",Tổng chênh lệch doanh thu so với kế hoạch trong năm 2024 là bao nhiêu?,,,
17,Khu vực nào có lợi nhuận gộp cao nhất trong năm 2024?,"{""measures"":[""finance_daily_business_metrics.total_gross_profit_amount""],""dimensions"":[""finance_daily_business_metrics.territory_name""],""order"":{""finance_daily_business_metrics.total_gross_profit_amount"":""desc""},""limit"":5,""timeDimensions"":[{""dimension"":""finance_daily_business_metrics.report_date"",""dateRange"":[""2024-01-01"",""2024-12-31""]}]}",biz,"[""finance_daily_business_metrics""]",Khu vực nào có lợi nhuận gộp cao nhất trong năm 2024?,,,
18,Nhóm sản phẩm nào có chi phí thực tế cao nhất trong năm 2024?,"{""measures"":[""finance_daily_business_metrics.total_actual_cost_value""],""dimensions"":[""finance_daily_business_metrics.product_category""],""order"":{""finance_daily_business_metrics.total_actual_cost_value"":""desc""},""limit"":5,""timeDimensions"":[{""dimension"":""finance_daily_business_metrics.report_date"",""dateRange"":[""2024-01-01"",""2024-12-31""]}]}",biz,"[""finance_daily_business_metrics""]",Nhóm sản phẩm nào có chi phí thực tế cao nhất trong năm 2024?,,,
19,Có bao nhiêu ngày doanh thu thực thu thấp hơn kế hoạch trong năm 2024?,"{""measures"":[""finance_daily_business_metrics.total_days""],""segments"":[""finance_daily_business_metrics.under_plan_days""],""timeDimensions"":[{""dimension"":""finance_daily_business_metrics.report_date"",""dateRange"":[""2024-01-01"",""2024-12-31""]}]}",biz,"[""finance_daily_business_metrics""]",Có bao nhiêu ngày doanh thu thực thu thấp hơn kế hoạch trong năm 2024?,,,
20,Ngày nào trong năm 2024 có doanh thu bán hàng thấp nhất?,"{""measures"":[""finance_daily_business_metrics.total_sales_revenue_amount""],""dimensions"":[""finance_daily_business_metrics.report_date""],""order"":{""finance_daily_business_metrics.total_sales_revenue_amount"":""asc""},""limit"":1,""timeDimensions"":[{""dimension"":""finance_daily_business_metrics.report_date"",""dateRange"":[""2024-01-01"",""2024-12-31""]}]}",biz,"[""finance_daily_business_metrics""]",Ngày nào trong năm 2024 có doanh thu bán hàng thấp nhất?,,,
1,Doanh thu bán hàng và chi phí thực tế theo từng nhóm sản phẩm trong năm 2024 là bao nhiêu?,"{""measures"":[""finance_daily_business_metrics.total_sales_revenue_amount"",""finance_daily_business_metrics.total_actual_cost_value""],""dimensions"":[""finance_daily_business_metrics.product_category""],""timeDimensions"":[{""dimension"":""finance_daily_business_metrics.report_date"",""dateRange"":[""2024-01-01"",""2024-12-31""]}]}",biz,"[""finance_daily_business_metrics""]",Doanh thu bán hàng và chi phí thực tế theo từng nhóm sản phẩm trong năm 2024 là bao nhiêu?,,,
2,"Doanh thu bán hàng, chi phí thực tế và lợi nhuận gộp theo từng tháng trong năm 2024 là bao nhiêu?","{""measures"":[""finance_daily_business_metrics.total_sales_revenue_amount"",""finance_daily_business_metrics.total_actual_cost_value"",""finance_daily_business_metrics.total_gross_profit_amount""],""timeDimensions"":[{""dimension"":""finance_daily_business_metrics.report_date"",""granularity"":""month"",""dateRange"":[""2024-01-01"",""2024-12-31""]}]}",biz,"[""finance_daily_business_metrics""]","Doanh thu bán hàng, chi phí thực tế và lợi nhuận gộp theo từng tháng trong năm 2024 là bao nhiêu?",,,
3,Doanh thu bán hàng và tiền thu từ khách hàng theo từng khu vực kinh doanh trong năm 2024 là bao nhiêu?,"{""measures"":[""finance_daily_business_metrics.total_sales_revenue_amount"",""finance_daily_business_metrics.total_allocated_revenue_amount""],""dimensions"":[""finance_daily_business_metrics.territory_name""],""timeDimensions"":[{""dimension"":""finance_daily_business_metrics.report_date"",""dateRange"":[""2024-01-01"",""2024-12-31""]}]}",biz,"[""finance_daily_business_metrics""]",Doanh thu bán hàng và tiền thu từ khách hàng theo từng khu vực kinh doanh trong năm 2024 là bao nhiêu?,,,
4,"Doanh thu bán hàng, kế hoạch doanh thu bắt buộc và chênh lệch so với kế hoạch theo từng nhóm sản phẩm trong năm 2024 là bao nhiêu?","{""measures"":[""finance_daily_business_metrics.total_sales_revenue_amount"",""finance_daily_business_metrics.total_planned_revenue_must_amount"",""finance_daily_business_metrics.total_revenue_gap_vs_plan_amount""],""dimensions"":[""finance_daily_business_metrics.product_category""],""timeDimensions"":[{""dimension"":""finance_daily_business_metrics.report_date"",""dateRange"":[""2024-01-01"",""2024-12-31""]}]}",biz,"[""finance_daily_business_metrics""]","Doanh thu bán hàng, kế hoạch doanh thu bắt buộc và chênh lệch so với kế hoạch theo từng nhóm sản phẩm trong năm 2024 là bao nhiêu?",,,
5,Doanh thu bán hàng và lợi nhuận gộp theo từng đơn vị kinh doanh cấp 1 trong năm 2024 là bao nhiêu?,"{""measures"":[""finance_daily_business_metrics.total_sales_revenue_amount"",""finance_daily_business_metrics.total_gross_profit_amount""],""dimensions"":[""finance_daily_business_metrics.business_unit_level_1""],""timeDimensions"":[{""dimension"":""finance_daily_business_metrics.report_date"",""dateRange"":[""2024-01-01"",""2024-12-31""]}]}",biz,"[""finance_daily_business_metrics""]",Doanh thu bán hàng và lợi nhuận gộp theo từng đơn vị kinh doanh cấp 1 trong năm 2024 là bao nhiêu?,,,
6,Tỷ suất lợi nhuận gộp và doanh thu bán hàng trung bình theo từng nhóm sản phẩm trong năm 2024 là bao nhiêu?,"{""measures"":[""finance_daily_business_metrics.gross_margin_percent"",""finance_daily_business_metrics.average_daily_revenue_amount""],""dimensions"":[""finance_daily_business_metrics.product_category""],""timeDimensions"":[{""dimension"":""finance_daily_business_metrics.report_date"",""dateRange"":[""2024-01-01"",""2024-12-31""]}]}",biz,"[""finance_daily_business_metrics""]",Tỷ suất lợi nhuận gộp và doanh thu bán hàng trung bình theo từng nhóm sản phẩm trong năm 2024 là bao nhiêu?,,,
7,"Doanh thu bán hàng, tiền thu từ khách hàng và lợi nhuận gộp theo từng tháng trong năm 2024 là bao nhiêu?","{""measures"":[""finance_daily_business_metrics.total_sales_revenue_amount"",""finance_daily_business_metrics.total_allocated_revenue_amount"",""finance_daily_business_metrics.total_gross_profit_amount""],""timeDimensions"":[{""dimension"":""finance_daily_business_metrics.report_date"",""granularity"":""month"",""dateRange"":[""2024-01-01"",""2024-12-31""]}]}",biz,"[""finance_daily_business_metrics""]","Doanh thu bán hàng, tiền thu từ khách hàng và lợi nhuận gộp theo từng tháng trong năm 2024 là bao nhiêu?",,,
8,Doanh thu bán hàng và chi phí thực tế theo từng khu vực kinh doanh và nhóm sản phẩm trong năm 2024 là bao nhiêu?,"{""measures"":[""finance_daily_business_metrics.total_sales_revenue_amount"",""finance_daily_business_metrics.total_actual_cost_value""],""dimensions"":[""finance_daily_business_metrics.territory_name"",""finance_daily_business_metrics.product_category""],""timeDimensions"":[{""dimension"":""finance_daily_business_metrics.report_date"",""dateRange"":[""2024-01-01"",""2024-12-31""]}]}",biz,"[""finance_daily_business_metrics""]",Doanh thu bán hàng và chi phí thực tế theo từng khu vực kinh doanh và nhóm sản phẩm trong năm 2024 là bao nhiêu?,,,
9,"Doanh thu bán hàng, kế hoạch doanh thu và tỷ lệ hoàn thành kế hoạch theo từng tháng trong năm 2024 là bao nhiêu?","{""measures"":[""finance_daily_business_metrics.total_sales_revenue_amount"",""finance_daily_business_metrics.total_planned_revenue_must_amount"",""finance_daily_business_metrics.revenue_plan_completion_percent""],""timeDimensions"":[{""dimension"":""finance_daily_business_metrics.report_date"",""granularity"":""month"",""dateRange"":[""2024-01-01"",""2024-12-31""]}]}",biz,"[""finance_daily_business_metrics""]","Doanh thu bán hàng, kế hoạch doanh thu và tỷ lệ hoàn thành kế hoạch theo từng tháng trong năm 2024 là bao nhiêu?",,,
10,"Doanh thu bán hàng, lợi nhuận gộp và tỷ suất lợi nhuận gộp theo từng nhóm sản phẩm trong năm 2024 là bao nhiêu?","{""measures"":[""finance_daily_business_metrics.total_sales_revenue_amount"",""finance_daily_business_metrics.total_gross_profit_amount"",""finance_daily_business_metrics.gross_margin_percent""],""dimensions"":[""finance_daily_business_metrics.product_category""],""timeDimensions"":[{""dimension"":""finance_daily_business_metrics.report_date"",""dateRange"":[""2024-01-01"",""2024-12-31""]}]}",biz,"[""finance_daily_business_metrics""]","Doanh thu bán hàng, lợi nhuận gộp và tỷ suất lợi nhuận gộp theo từng nhóm sản phẩm trong năm 2024 là bao nhiêu?",,,
