Unnamed: 0,question_number,question,timestamp,answer,source,tables,text_for_embedding,error,code
0,1,Tổng chi phí thực tế theo từng nhóm chi phí,,,biz,"[""finance_actual_cost""]",Tổng chi phí thực tế theo từng nhóm chi phí,,"SELECT cost_group, SUM(base_currency_amount) AS total_actual_cost 
FROM hive.bi_silver.finance_actual_cost 
GROUP BY cost_group 
ORDER BY total_actual_cost DESC"
1,2,Tổng chi phí thực tế theo danh mục sản phẩm,,,biz,"[""finance_actual_cost""]",Tổng chi phí thực tế theo danh mục sản phẩm,,"SELECT product_category, SUM(base_currency_amount) AS total_actual_cost 
FROM hive.bi_silver.finance_actual_cost 
GROUP BY product_category 
ORDER BY total_actual_cost DESC"
2,3,Xu hướng tổng chi phí thực tế theo tháng,,,biz,"[""finance_actual_cost""]",Xu hướng tổng chi phí thực tế theo tháng,,"SELECT date_trunc('month', report_date) AS month,
       SUM(base_currency_amount) AS total_actual_cost
FROM hive.bi_silver.finance_actual_cost
GROUP BY date_trunc('month', report_date)
ORDER BY month"
3,4,Tổng chi phí thực tế theo khu vực địa lý,,,biz,"[""finance_actual_cost""]",Tổng chi phí thực tế theo khu vực địa lý,,"SELECT territory_name, SUM(base_currency_amount) AS total_actual_cost
FROM hive.bi_silver.finance_actual_cost
GROUP BY territory_name
ORDER BY total_actual_cost DESC"
4,5,Tổng chi phí thực tế theo đơn vị kinh doanh cấp 1,,,biz,"[""finance_actual_cost""]",Tổng chi phí thực tế theo đơn vị kinh doanh cấp 1,,"SELECT business_unit_level_1, SUM(base_currency_amount) AS total_actual_cost
FROM hive.bi_silver.finance_actual_cost
GROUP BY business_unit_level_1
ORDER BY total_actual_cost DESC"
5,6,Top 10 danh mục sản phẩm có chi phí thực tế cao nhất,,,biz,"[""finance_actual_cost""]",Top 10 danh mục sản phẩm có chi phí thực tế cao nhất,,"SELECT product_category, SUM(base_currency_amount) AS total_actual_cost
FROM hive.bi_silver.finance_actual_cost
GROUP BY product_category
ORDER BY total_actual_cost DESC
LIMIT 10"
6,7,Chi phí thực tế trung bình theo nhóm chi phí,,,biz,"[""finance_actual_cost""]",Chi phí thực tế trung bình theo nhóm chi phí,,"SELECT cost_group, AVG(base_currency_amount) AS avg_actual_cost
FROM hive.bi_silver.finance_actual_cost
GROUP BY cost_group
ORDER BY avg_actual_cost DESC"
7,8,Phân bố số lượng bản ghi chi phí theo danh mục sản phẩm,,,biz,"[""finance_actual_cost""]",Phân bố số lượng bản ghi chi phí theo danh mục sản phẩm,,"SELECT product_category, COUNT(*) AS record_count 
FROM hive.bi_silver.finance_actual_cost 
GROUP BY product_category 
ORDER BY record_count DESC"
8,9,Tỷ trọng chi phí của từng nhóm chi phí trên tổng chi phí thực tế,,,biz,"[""finance_actual_cost""]",Tỷ trọng chi phí của từng nhóm chi phí trên tổng chi phí thực tế,,"WITH total_cost AS (
    SELECT SUM(base_currency_amount) AS total
    FROM hive.bi_silver.finance_actual_cost
)
SELECT
    cost_group,
    SUM(base_currency_amount) AS cost_value,
    SUM(base_currency_amount) / total_cost.total AS cost_share
FROM hive.bi_silver.finance_actual_cost
CROSS JOIN total_cost
GROUP BY cost_group, total_cost.total
ORDER BY cost_share DESC"
9,10,Tỷ trọng chi phí theo khu vực địa lý,,,biz,"[""finance_actual_cost""]",Tỷ trọng chi phí theo khu vực địa lý,,"WITH total_cost AS (
    SELECT SUM(base_currency_amount) AS total
    FROM hive.bi_silver.finance_actual_cost
)
SELECT
    territory_name,
    SUM(base_currency_amount) AS cost_value,
    SUM(base_currency_amount) / total_cost.total AS cost_share
FROM hive.bi_silver.finance_actual_cost
CROSS JOIN total_cost
GROUP BY
    territory_name,
    total_cost.total
ORDER BY cost_share DESC"
10,11,Chi phí thực tế cao nhất theo danh mục sản phẩm,,,biz,"[""finance_actual_cost""]",Chi phí thực tế cao nhất theo danh mục sản phẩm,,"SELECT product_category, MAX(base_currency_amount) AS max_cost 
FROM hive.bi_silver.finance_actual_cost 
GROUP BY product_category 
ORDER BY max_cost DESC"
11,12,Chi phí thực tế thấp nhất theo danh mục sản phẩm,,,biz,"[""finance_actual_cost""]",Chi phí thực tế thấp nhất theo danh mục sản phẩm,,"SELECT product_category, MIN(base_currency_amount) AS min_cost 
FROM hive.bi_silver.finance_actual_cost 
GROUP BY product_category 
ORDER BY min_cost ASC"
12,13,So sánh chi phí thực tế giữa các khu vực theo nhóm chi phí,,,biz,"[""finance_actual_cost""]",So sánh chi phí thực tế giữa các khu vực theo nhóm chi phí,,"SELECT territory_name, cost_group, SUM(base_currency_amount) AS total_actual_cost
FROM hive.bi_silver.finance_actual_cost
GROUP BY territory_name, cost_group
ORDER BY territory_name, total_actual_cost DESC"
13,14,Xu hướng chi phí thực tế theo tháng và danh mục sản phẩm,,,biz,"[""finance_actual_cost""]",Xu hướng chi phí thực tế theo tháng và danh mục sản phẩm,,"SELECT date_trunc('month', report_date) AS month, product_category, SUM(base_currency_amount) AS total_actual_cost 
FROM hive.bi_silver.finance_actual_cost 
GROUP BY date_trunc('month', report_date), product_category 
ORDER BY month, total_actual_cost DESC"
14,15,Tổng chi phí thực tế theo loại tiền tệ,,,biz,"[""finance_actual_cost""]",Tổng chi phí thực tế theo loại tiền tệ,,"SELECT currency_code, SUM(base_currency_amount) AS total_actual_cost 
FROM hive.bi_silver.finance_actual_cost 
GROUP BY currency_code 
ORDER BY total_actual_cost DESC"
15,16,Top 5 nhóm chi phí có tổng chi phí thực tế cao nhất,,,biz,"[""finance_actual_cost""]",Top 5 nhóm chi phí có tổng chi phí thực tế cao nhất,,"SELECT cost_group, SUM(base_currency_amount) AS total_actual_cost 
FROM hive.bi_silver.finance_actual_cost 
GROUP BY cost_group 
ORDER BY total_actual_cost DESC 
LIMIT 5"
16,17,Tổng chi phí thực tế theo năm,,,biz,"[""finance_actual_cost""]",Tổng chi phí thực tế theo năm,,"SELECT year(report_date) AS year, SUM(base_currency_amount) AS total_actual_cost FROM hive.bi_silver.finance_actual_cost GROUP BY year(report_date) ORDER BY year"
17,18,Phát hiện ngày có tổng chi phí thực tế cao bất thường,,,biz,"[""finance_actual_cost""]",Phát hiện ngày có tổng chi phí thực tế cao bất thường,,"SELECT report_date, SUM(base_currency_amount) AS total_actual_cost
FROM hive.bi_silver.finance_actual_cost
GROUP BY report_date
ORDER BY total_actual_cost DESC
LIMIT 10"
18,19,Số lượng danh mục sản phẩm khác nhau phát sinh chi phí theo từng tháng,,,biz,"[""finance_actual_cost""]",Số lượng danh mục sản phẩm khác nhau phát sinh chi phí theo từng tháng,,"SELECT date_trunc('month', report_date) AS month, COUNT(DISTINCT product_category) AS distinct_product_categories FROM hive.bi_silver.finance_actual_cost GROUP BY date_trunc('month', report_date) ORDER BY month"
19,20,Tổng chi phí thực tế theo đơn vị kinh doanh và khu vực,,,biz,"[""finance_actual_cost""]",Tổng chi phí thực tế theo đơn vị kinh doanh và khu vực,,"SELECT business_unit_level_1, territory_name, SUM(base_currency_amount) AS total_actual_cost 
FROM hive.bi_silver.finance_actual_cost 
GROUP BY business_unit_level_1, territory_name 
ORDER BY total_actual_cost DESC"
20,21,Tổng chi phí thực tế theo tháng và khu vực,-,-,biz,"[""finance_actual_cost""]",Tổng chi phí thực tế theo tháng và khu vực,,"SELECT date_trunc('month', report_date) AS month, territory_name, SUM(base_currency_amount) AS total_actual_cost FROM hive.bi_silver.finance_actual_cost GROUP BY date_trunc('month', report_date), territory_name ORDER BY month, total_actual_cost DESC"
21,22,Xu hướng chi phí thực tế theo năm và nhóm chi phí,-,-,biz,"[""finance_actual_cost""]",Xu hướng chi phí thực tế theo năm và nhóm chi phí,,"SELECT year(report_date) AS year, cost_group, SUM(base_currency_amount) AS total_actual_cost FROM hive.bi_silver.finance_actual_cost GROUP BY year(report_date), cost_group ORDER BY year, total_actual_cost DESC"
22,23,Top 5 khu vực có tổng chi phí thực tế cao nhất,-,-,biz,"[""finance_actual_cost""]",Top 5 khu vực có tổng chi phí thực tế cao nhất,,"SELECT territory_name, SUM(base_currency_amount) AS total_actual_cost
FROM hive.bi_silver.finance_actual_cost
GROUP BY territory_name
ORDER BY total_actual_cost DESC
LIMIT 5"
23,24,Tỷ trọng chi phí của từng danh mục sản phẩm trong mỗi khu vực,-,-,biz,"[""finance_actual_cost""]",Tỷ trọng chi phí của từng danh mục sản phẩm trong mỗi khu vực,,"WITH total_cost AS (
    SELECT
        territory_name,
        SUM(base_currency_amount) AS total_cost
    FROM hive.bi_silver.finance_actual_cost
    GROUP BY territory_name
)
SELECT
    f.territory_name,
    f.product_category,
    SUM(f.base_currency_amount) AS cost_value,
    SUM(f.base_currency_amount) / t.total_cost AS cost_share
FROM hive.bi_silver.finance_actual_cost f
JOIN total_cost t
    ON f.territory_name = t.territory_name
GROUP BY
    f.territory_name,
    f.product_category,
    t.total_cost
ORDER BY
    f.territory_name,
    cost_share DESC"
24,25,Chi phí thực tế trung bình theo danh mục sản phẩm và khu vực,-,-,biz,"[""finance_actual_cost""]",Chi phí thực tế trung bình theo danh mục sản phẩm và khu vực,,"SELECT product_category, territory_name, AVG(base_currency_amount) AS avg_cost 
FROM hive.bi_silver.finance_actual_cost 
GROUP BY product_category, territory_name 
ORDER BY avg_cost DESC"
25,26,Phân bố số lượng bản ghi chi phí theo nhóm chi phí và khu vực,-,-,biz,"[""finance_actual_cost""]",Phân bố số lượng bản ghi chi phí theo nhóm chi phí và khu vực,,"SELECT cost_group, territory_name, COUNT(*) AS record_count FROM hive.bi_silver.finance_actual_cost GROUP BY cost_group, territory_name ORDER BY record_count DESC"
26,27,Ngày có chi phí thực tế cao nhất trong từng năm,-,-,biz,"[""finance_actual_cost""]",Ngày có chi phí thực tế cao nhất trong từng năm,,"WITH daily_cost AS (
    SELECT
        report_date,
        SUM(base_currency_amount) AS total_cost
    FROM hive.bi_silver.finance_actual_cost
    GROUP BY report_date
)
SELECT
    YEAR(report_date) AS year,
    report_date,
    total_cost
FROM daily_cost
ORDER BY total_cost DESC
LIMIT 10"
27,28,Tổng chi phí thực tế theo tháng và đơn vị kinh doanh cấp 1,-,-,biz,"[""finance_actual_cost""]",Tổng chi phí thực tế theo tháng và đơn vị kinh doanh cấp 1,,"SELECT date_trunc('month', report_date) AS month, business_unit_level_1, SUM(base_currency_amount) AS total_actual_cost FROM hive.bi_silver.finance_actual_cost GROUP BY date_trunc('month', report_date), business_unit_level_1 ORDER BY month, total_actual_cost DESC"
28,29,Số lượng nhóm chi phí khác nhau phát sinh chi phí theo từng tháng,-,-,biz,"[""finance_actual_cost""]",Số lượng nhóm chi phí khác nhau phát sinh chi phí theo từng tháng,,"SELECT date_trunc('month', report_date) AS month,
       COUNT(DISTINCT cost_group) AS distinct_cost_groups
FROM hive.bi_silver.finance_actual_cost
GROUP BY date_trunc('month', report_date)
ORDER BY month"
29,30,Tổng chi phí thực tế theo danh mục chi phí cũ,-,-,biz,"[""finance_actual_cost""]",Tổng chi phí thực tế theo danh mục chi phí cũ,,"SELECT old_category, SUM(base_currency_amount) AS total_actual_cost
FROM hive.bi_silver.finance_actual_cost
GROUP BY old_category
ORDER BY total_actual_cost DESC"
30,31,So sánh chi phí thực tế giữa các đơn vị kinh doanh theo nhóm chi phí,-,-,biz,"[""finance_actual_cost""]",So sánh chi phí thực tế giữa các đơn vị kinh doanh theo nhóm chi phí,,"SELECT business_unit_level_1, cost_group, SUM(base_currency_amount) AS total_actual_cost 
FROM hive.bi_silver.finance_actual_cost 
GROUP BY business_unit_level_1, cost_group 
ORDER BY business_unit_level_1, total_actual_cost DESC"
31,32,Tỷ trọng chi phí của từng nhóm chi phí trong mỗi danh mục sản phẩm,-,-,biz,"[""finance_actual_cost""]",Tỷ trọng chi phí của từng nhóm chi phí trong mỗi danh mục sản phẩm,,"SELECT
    product_category,
    cost_group,
    SUM(base_currency_amount) AS cost_value,
    SUM(base_currency_amount)
        / NULLIF(SUM(SUM(base_currency_amount)) OVER (PARTITION BY product_category), 0)
        AS cost_share
FROM hive.bi_silver.finance_actual_cost
GROUP BY
    product_category,
    cost_group
ORDER BY
    product_category,
    cost_share DESC"
32,33,Tổng chi phí thực tế theo ngày và khu vực,-,-,biz,"[""finance_actual_cost""]",Tổng chi phí thực tế theo ngày và khu vực,,"SELECT report_date, territory_name, SUM(base_currency_amount) AS total_actual_cost
FROM hive.bi_silver.finance_actual_cost
GROUP BY report_date, territory_name
ORDER BY report_date"
33,34,Tổng chi phí thực tế theo năm và khu vực,-,-,biz,"[""finance_actual_cost""]",Tổng chi phí thực tế theo năm và khu vực,,"SELECT year(report_date) AS year, territory_name, SUM(base_currency_amount) AS total_actual_cost FROM hive.bi_silver.finance_actual_cost GROUP BY year(report_date), territory_name ORDER BY year, total_actual_cost DESC"
34,35,Danh mục sản phẩm có chi phí thực tế trung bình cao nhất,-,-,biz,"[""finance_actual_cost""]",Danh mục sản phẩm có chi phí thực tế trung bình cao nhất,,"SELECT product_category, AVG(base_currency_amount) AS avg_cost 
FROM hive.bi_silver.finance_actual_cost 
GROUP BY product_category 
ORDER BY avg_cost DESC 
LIMIT 10"
35,36,Tổng chi phí thực tế theo nhóm chi phí và đơn vị kinh doanh,-,-,biz,"[""finance_actual_cost""]",Tổng chi phí thực tế theo nhóm chi phí và đơn vị kinh doanh,,"SELECT cost_group, business_unit_level_1, SUM(base_currency_amount) AS total_actual_cost
FROM hive.bi_silver.finance_actual_cost
GROUP BY cost_group, business_unit_level_1
ORDER BY total_actual_cost DESC"
36,37,Tổng chi phí thực tế theo danh mục sản phẩm và đơn vị kinh doanh,-,-,biz,"[""finance_actual_cost""]",Tổng chi phí thực tế theo danh mục sản phẩm và đơn vị kinh doanh,,"SELECT product_category, business_unit_level_1, SUM(base_currency_amount) AS total_actual_cost 
FROM hive.bi_silver.finance_actual_cost 
GROUP BY product_category, business_unit_level_1 
ORDER BY total_actual_cost DESC"
37,38,Số lượng bản ghi chi phí theo từng năm,-,-,biz,"[""finance_actual_cost""]",Số lượng bản ghi chi phí theo từng năm,,"SELECT year(report_date) AS year, COUNT(*) AS record_count FROM hive.bi_silver.finance_actual_cost GROUP BY year(report_date) ORDER BY year"
38,39,Danh mục sản phẩm có tổng chi phí thực tế thấp nhất,-,-,biz,"[""finance_actual_cost""]",Danh mục sản phẩm có tổng chi phí thực tế thấp nhất,,"SELECT product_category, SUM(base_currency_amount) AS total_actual_cost
FROM hive.bi_silver.finance_actual_cost
GROUP BY product_category
ORDER BY total_actual_cost ASC
LIMIT 10"
39,40,Top 10 ngày có chi phí thực tế cao nhất toàn hệ thống,-,-,biz,"[""finance_actual_cost""]",Top 10 ngày có chi phí thực tế cao nhất toàn hệ thống,,"SELECT report_date, SUM(base_currency_amount) AS total_actual_cost
FROM hive.bi_silver.finance_actual_cost
GROUP BY report_date
ORDER BY total_actual_cost DESC
LIMIT 10"
40,41,Tổng chi phí thực tế theo ngày,-,-,biz,"[""finance_actual_cost""]",Tổng chi phí thực tế theo ngày,,"SELECT report_date, SUM(base_currency_amount) AS total_actual_cost
FROM hive.bi_silver.finance_actual_cost
GROUP BY report_date
ORDER BY report_date"
41,42,Tổng chi phí thực tế theo tháng và nhóm chi phí,-,-,biz,"[""finance_actual_cost""]",Tổng chi phí thực tế theo tháng và nhóm chi phí,,"SELECT date_trunc('month', report_date) AS month, cost_group, SUM(base_currency_amount) AS total_actual_cost 
FROM hive.bi_silver.finance_actual_cost 
GROUP BY date_trunc('month', report_date), cost_group 
ORDER BY month, total_actual_cost DESC"
42,43,Tổng chi phí thực tế theo năm và danh mục sản phẩm,-,-,biz,"[""finance_actual_cost""]",Tổng chi phí thực tế theo năm và danh mục sản phẩm,,"SELECT year(report_date) AS year, product_category, SUM(base_currency_amount) AS total_actual_cost 
FROM hive.bi_silver.finance_actual_cost 
GROUP BY year(report_date), product_category 
ORDER BY year, total_actual_cost DESC"
43,44,Top 10 đơn vị kinh doanh cấp 1 có tổng chi phí thực tế cao nhất,-,-,biz,"[""finance_actual_cost""]",Top 10 đơn vị kinh doanh cấp 1 có tổng chi phí thực tế cao nhất,,"SELECT business_unit_level_1, SUM(base_currency_amount) AS total_actual_cost
FROM hive.bi_silver.finance_actual_cost
GROUP BY business_unit_level_1
ORDER BY total_actual_cost DESC
LIMIT 10"
44,45,Tổng chi phí thực tế theo danh mục sản phẩm và khu vực,-,-,biz,"[""finance_actual_cost""]",Tổng chi phí thực tế theo danh mục sản phẩm và khu vực,,"SELECT product_category, territory_name, SUM(base_currency_amount) AS total_actual_cost
FROM hive.bi_silver.finance_actual_cost
GROUP BY product_category, territory_name
ORDER BY total_actual_cost DESC"
45,46,Tổng chi phí thực tế theo danh mục chi phí cũ và nhóm chi phí,-,-,biz,"[""finance_actual_cost""]",Tổng chi phí thực tế theo danh mục chi phí cũ và nhóm chi phí,,"SELECT old_category, cost_group, SUM(base_currency_amount) AS total_actual_cost
FROM hive.bi_silver.finance_actual_cost
GROUP BY old_category, cost_group
ORDER BY total_actual_cost DESC"
46,47,Số lượng danh mục sản phẩm phát sinh chi phí theo từng năm,-,-,biz,"[""finance_actual_cost""]",Số lượng danh mục sản phẩm phát sinh chi phí theo từng năm,,"SELECT year(report_date) AS year, COUNT(DISTINCT product_category) AS distinct_product_categories FROM hive.bi_silver.finance_actual_cost GROUP BY year(report_date) ORDER BY year"
47,48,Tổng chi phí thực tế trung bình theo khu vực,-,-,biz,"[""finance_actual_cost""]",Tổng chi phí thực tế trung bình theo khu vực,,"SELECT territory_name, AVG(base_currency_amount) AS avg_actual_cost FROM hive.bi_silver.finance_actual_cost GROUP BY territory_name ORDER BY avg_actual_cost DESC"
48,49,Chi phí thực tế lớn nhất theo nhóm chi phí và khu vực,-,-,biz,"[""finance_actual_cost""]",Chi phí thực tế lớn nhất theo nhóm chi phí và khu vực,,"SELECT cost_group, territory_name, MAX(base_currency_amount) AS max_cost
FROM hive.bi_silver.finance_actual_cost
GROUP BY cost_group, territory_name
ORDER BY max_cost DESC"
49,50,Chi phí thực tế nhỏ nhất theo nhóm chi phí và khu vực,-,-,biz,"[""finance_actual_cost""]",Chi phí thực tế nhỏ nhất theo nhóm chi phí và khu vực,,"SELECT cost_group, territory_name, MIN(base_currency_amount) AS min_cost
FROM hive.bi_silver.finance_actual_cost
GROUP BY cost_group, territory_name
ORDER BY min_cost ASC"
50,51,Tổng chi phí thực tế theo danh mục sản phẩm và nhóm chi phí,-,-,biz,"[""finance_actual_cost""]",Tổng chi phí thực tế theo danh mục sản phẩm và nhóm chi phí,,"SELECT product_category, cost_group, SUM(base_currency_amount) AS total_actual_cost
FROM hive.bi_silver.finance_actual_cost
GROUP BY product_category, cost_group
ORDER BY total_actual_cost DESC"
51,52,Số lượng bản ghi chi phí theo khu vực và tháng,-,-,biz,"[""finance_actual_cost""]",Số lượng bản ghi chi phí theo khu vực và tháng,,"SELECT territory_name, date_trunc('month', report_date) AS month, COUNT(*) AS record_count 
FROM hive.bi_silver.finance_actual_cost 
GROUP BY territory_name, date_trunc('month', report_date) 
ORDER BY month"
52,53,Tổng chi phí thực tế theo đơn vị kinh doanh cấp 1 và danh mục sản phẩm,-,-,biz,"[""finance_actual_cost""]",Tổng chi phí thực tế theo đơn vị kinh doanh cấp 1 và danh mục sản phẩm,,"SELECT business_unit_level_1, product_category, SUM(base_currency_amount) AS total_actual_cost 
FROM hive.bi_silver.finance_actual_cost 
GROUP BY business_unit_level_1, product_category 
ORDER BY total_actual_cost DESC"
53,54,Tổng chi phí thực tế theo nhóm chi phí và năm,-,-,biz,"[""finance_actual_cost""]",Tổng chi phí thực tế theo nhóm chi phí và năm,,"SELECT year(report_date) AS year, cost_group, SUM(base_currency_amount) AS total_actual_cost 
FROM hive.bi_silver.finance_actual_cost 
GROUP BY year(report_date), cost_group 
ORDER BY year, total_actual_cost DESC"
54,55,Tổng chi phí thực tế theo danh mục sản phẩm và năm,-,-,biz,"[""finance_actual_cost""]",Tổng chi phí thực tế theo danh mục sản phẩm và năm,,"SELECT year(report_date) AS year, product_category, SUM(base_currency_amount) AS total_actual_cost FROM hive.bi_silver.finance_actual_cost GROUP BY year(report_date), product_category ORDER BY year, total_actual_cost DESC"
55,56,Số lượng nhóm chi phí khác nhau theo từng khu vực,-,-,biz,"[""finance_actual_cost""]",Số lượng nhóm chi phí khác nhau theo từng khu vực,,"SELECT territory_name, COUNT(DISTINCT cost_group) AS distinct_cost_groups
FROM hive.bi_silver.finance_actual_cost
GROUP BY territory_name
ORDER BY distinct_cost_groups DESC"
56,57,Tổng chi phí thực tế theo khu vực và năm,-,-,biz,"[""finance_actual_cost""]",Tổng chi phí thực tế theo khu vực và năm,,"SELECT year(report_date) AS year, territory_name, SUM(base_currency_amount) AS total_actual_cost 
FROM hive.bi_silver.finance_actual_cost 
GROUP BY year(report_date), territory_name 
ORDER BY year, total_actual_cost DESC"
57,58,Tổng chi phí thực tế theo đơn vị kinh doanh cấp 1 và năm,-,-,biz,"[""finance_actual_cost""]",Tổng chi phí thực tế theo đơn vị kinh doanh cấp 1 và năm,,"SELECT year(report_date) AS year, business_unit_level_1, SUM(base_currency_amount) AS total_actual_cost 
FROM hive.bi_silver.finance_actual_cost 
GROUP BY year(report_date), business_unit_level_1 
ORDER BY year, total_actual_cost DESC"
58,59,Top 10 danh mục sản phẩm có chi phí thực tế trung bình cao nhất theo khu vực,-,-,biz,"[""finance_actual_cost""]",Top 10 danh mục sản phẩm có chi phí thực tế trung bình cao nhất theo khu vực,,"SELECT territory_name, product_category, AVG(base_currency_amount) AS avg_cost
FROM hive.bi_silver.finance_actual_cost
GROUP BY territory_name, product_category
ORDER BY avg_cost DESC
LIMIT 10"
59,60,Tổng chi phí thực tế theo ngày và danh mục sản phẩm,-,-,biz,"[""finance_actual_cost""]",Tổng chi phí thực tế theo ngày và danh mục sản phẩm,,"SELECT report_date, product_category, SUM(base_currency_amount) AS total_actual_cost 
FROM hive.bi_silver.finance_actual_cost 
GROUP BY report_date, product_category 
ORDER BY report_date"
60,61,Tổng chi phí thực tế theo tháng và danh mục chi phí cũ,-,-,biz,"[""finance_actual_cost""]",Tổng chi phí thực tế theo tháng và danh mục chi phí cũ,,"SELECT date_trunc('month', report_date) AS month, old_category, SUM(base_currency_amount) AS total_actual_cost 
FROM hive.bi_silver.finance_actual_cost 
GROUP BY date_trunc('month', report_date), old_category 
ORDER BY month, total_actual_cost DESC"
61,62,Tổng chi phí thực tế trung bình theo đơn vị kinh doanh cấp 1,-,-,biz,"[""finance_actual_cost""]",Tổng chi phí thực tế trung bình theo đơn vị kinh doanh cấp 1,,"SELECT business_unit_level_1, AVG(base_currency_amount) AS avg_actual_cost FROM hive.bi_silver.finance_actual_cost GROUP BY business_unit_level_1 ORDER BY avg_actual_cost DESC"
62,63,Số lượng bản ghi chi phí theo danh mục sản phẩm và năm,-,-,biz,"[""finance_actual_cost""]",Số lượng bản ghi chi phí theo danh mục sản phẩm và năm,,"SELECT product_category, year(report_date) AS year, COUNT(*) AS record_count 
FROM hive.bi_silver.finance_actual_cost 
GROUP BY product_category, year(report_date) 
ORDER BY year"
63,64,Tổng chi phí thực tế theo tháng và danh mục sản phẩm tại từng khu vực,-,-,biz,"[""finance_actual_cost""]",Tổng chi phí thực tế theo tháng và danh mục sản phẩm tại từng khu vực,,"SELECT date_trunc('month', report_date) AS month, territory_name, product_category, SUM(base_currency_amount) AS total_actual_cost 
FROM hive.bi_silver.finance_actual_cost 
GROUP BY date_trunc('month', report_date), territory_name, product_category 
ORDER BY month"
64,65,Top 10 bản ghi chi phí thực tế lớn nhất,-,-,biz,"[""finance_actual_cost""]",Top 10 bản ghi chi phí thực tế lớn nhất,,"SELECT report_date, product_category, cost_group, base_currency_amount
FROM hive.bi_silver.finance_actual_cost
ORDER BY base_currency_amount DESC
LIMIT 10"
65,66,Tổng chi phí thực tế theo ngày và nhóm chi phí,-,-,biz,"[""finance_actual_cost""]",Tổng chi phí thực tế theo ngày và nhóm chi phí,,"SELECT report_date, cost_group, SUM(base_currency_amount) AS total_actual_cost 
FROM hive.bi_silver.finance_actual_cost 
GROUP BY report_date, cost_group 
ORDER BY report_date"
66,67,Số lượng danh mục sản phẩm theo từng khu vực,-,-,biz,"[""finance_actual_cost""]",Số lượng danh mục sản phẩm theo từng khu vực,,"SELECT territory_name, COUNT(DISTINCT product_category) AS distinct_product_categories FROM hive.bi_silver.finance_actual_cost GROUP BY territory_name ORDER BY distinct_product_categories DESC"
67,68,Tổng chi phí thực tế theo tháng và đơn vị kinh doanh cấp 1 tại từng khu vực,-,-,biz,"[""finance_actual_cost""]",Tổng chi phí thực tế theo tháng và đơn vị kinh doanh cấp 1 tại từng khu vực,,"SELECT date_trunc('month', report_date) AS month, territory_name, business_unit_level_1, SUM(base_currency_amount) AS total_actual_cost 
FROM hive.bi_silver.finance_actual_cost 
GROUP BY date_trunc('month', report_date), territory_name, business_unit_level_1 
ORDER BY month"
68,69,Tổng chi phí thực tế theo năm và nhóm chi phí tại từng khu vực,-,-,biz,"[""finance_actual_cost""]",Tổng chi phí thực tế theo năm và nhóm chi phí tại từng khu vực,,"SELECT year(report_date) AS year, territory_name, cost_group, SUM(base_currency_amount) AS total_actual_cost 
FROM hive.bi_silver.finance_actual_cost 
GROUP BY year(report_date), territory_name, cost_group 
ORDER BY year"
69,70,Top 10 danh mục sản phẩm có tổng chi phí thực tế cao nhất theo năm,-,-,biz,"[""finance_actual_cost""]",Top 10 danh mục sản phẩm có tổng chi phí thực tế cao nhất theo năm,,"SELECT year(report_date) AS year, product_category, SUM(base_currency_amount) AS total_actual_cost FROM hive.bi_silver.finance_actual_cost GROUP BY year(report_date), product_category ORDER BY total_actual_cost DESC LIMIT 10"
70,71,Tổng chi phí thực tế theo khu vực và danh mục chi phí cũ,-,-,biz,"[""finance_actual_cost""]",Tổng chi phí thực tế theo khu vực và danh mục chi phí cũ,,"SELECT territory_name, old_category, SUM(base_currency_amount) AS total_actual_cost FROM hive.bi_silver.finance_actual_cost GROUP BY territory_name, old_category ORDER BY total_actual_cost DESC"
71,72,Số lượng bản ghi chi phí theo nhóm chi phí và năm,-,-,biz,"[""finance_actual_cost""]",Số lượng bản ghi chi phí theo nhóm chi phí và năm,,"SELECT cost_group, YEAR(report_date) AS year, COUNT(*) AS record_count
FROM hive.bi_silver.finance_actual_cost
GROUP BY cost_group, YEAR(report_date)
ORDER BY year"
72,73,Tổng chi phí thực tế theo ngày và đơn vị kinh doanh cấp 1,-,-,biz,"[""finance_actual_cost""]",Tổng chi phí thực tế theo ngày và đơn vị kinh doanh cấp 1,,"SELECT report_date, business_unit_level_1, SUM(base_currency_amount) AS total_actual_cost
FROM hive.bi_silver.finance_actual_cost
GROUP BY report_date, business_unit_level_1
ORDER BY report_date"
73,74,Tổng chi phí thực tế theo tháng và khu vực cho từng nhóm chi phí,-,-,biz,"[""finance_actual_cost""]",Tổng chi phí thực tế theo tháng và khu vực cho từng nhóm chi phí,,"SELECT date_trunc('month', report_date) AS month, territory_name, cost_group, SUM(base_currency_amount) AS total_actual_cost 
FROM hive.bi_silver.finance_actual_cost 
GROUP BY date_trunc('month', report_date), territory_name, cost_group 
ORDER BY month"
74,75,Số lượng đơn vị kinh doanh cấp 1 phát sinh chi phí theo từng năm,-,-,biz,"[""finance_actual_cost""]",Số lượng đơn vị kinh doanh cấp 1 phát sinh chi phí theo từng năm,,"SELECT year(report_date) AS year, COUNT(DISTINCT business_unit_level_1) AS distinct_units FROM hive.bi_silver.finance_actual_cost GROUP BY year(report_date) ORDER BY year"
75,76,Tổng chi phí thực tế theo tháng và danh mục sản phẩm cho từng đơn vị kinh doanh,-,-,biz,"[""finance_actual_cost""]",Tổng chi phí thực tế theo tháng và danh mục sản phẩm cho từng đơn vị kinh doanh,,"SELECT date_trunc('month', report_date) AS month, business_unit_level_1, product_category, SUM(base_currency_amount) AS total_actual_cost 
FROM hive.bi_silver.finance_actual_cost 
GROUP BY date_trunc('month', report_date), business_unit_level_1, product_category 
ORDER BY month"
76,77,Tổng chi phí thực tế theo khu vực và nhóm chi phí cho từng năm,-,-,biz,"[""finance_actual_cost""]",Tổng chi phí thực tế theo khu vực và nhóm chi phí cho từng năm,,"SELECT year(report_date) AS year,
       territory_name,
       cost_group,
       SUM(base_currency_amount) AS total_actual_cost
FROM hive.bi_silver.finance_actual_cost
GROUP BY year(report_date), territory_name, cost_group
ORDER BY year"
77,78,Tổng chi phí thực tế theo ngày cho từng danh mục chi phí cũ,-,-,biz,"[""finance_actual_cost""]",Tổng chi phí thực tế theo ngày cho từng danh mục chi phí cũ,,"SELECT report_date, old_category, SUM(base_currency_amount) AS total_actual_cost
FROM hive.bi_silver.finance_actual_cost
GROUP BY report_date, old_category
ORDER BY report_date"
78,79,Top 10 khu vực có chi phí thực tế trung bình cao nhất theo năm,-,-,biz,"[""finance_actual_cost""]",Top 10 khu vực có chi phí thực tế trung bình cao nhất theo năm,,"SELECT year(report_date) AS year, territory_name, AVG(base_currency_amount) AS avg_cost FROM hive.bi_silver.finance_actual_cost GROUP BY year(report_date), territory_name ORDER BY avg_cost DESC LIMIT 10"
79,80,Tổng chi phí thực tế theo ngày và khu vực cho từng danh mục sản phẩm,-,-,biz,"[""finance_actual_cost""]",Tổng chi phí thực tế theo ngày và khu vực cho từng danh mục sản phẩm,,"SELECT report_date, territory_name, product_category, SUM(base_currency_amount) AS total_actual_cost
FROM hive.bi_silver.finance_actual_cost
GROUP BY report_date, territory_name, product_category
ORDER BY report_date"
80,1,Tổng doanh thu thu tiền theo kênh thu tiền,-,-,biz,"[""finance_allocated_revenue""]",Tổng doanh thu thu tiền theo kênh thu tiền,,"SELECT channel_name, SUM(revenue_amount) AS total_revenue
FROM hive.bi_silver.finance_allocated_revenue
GROUP BY channel_name
ORDER BY total_revenue DESC"
81,2,Tổng doanh thu thu tiền theo nhóm doanh thu,-,-,biz,"[""finance_allocated_revenue""]",Tổng doanh thu thu tiền theo nhóm doanh thu,,"SELECT revenue_group, SUM(revenue_amount) AS total_revenue
FROM hive.bi_silver.finance_allocated_revenue
GROUP BY revenue_group
ORDER BY total_revenue DESC"
82,3,Xu hướng tổng doanh thu thu tiền theo tháng,-,-,biz,"[""finance_allocated_revenue""]",Xu hướng tổng doanh thu thu tiền theo tháng,,"SELECT date_trunc('month', report_date) AS month, SUM(revenue_amount) AS total_revenue FROM hive.bi_silver.finance_allocated_revenue GROUP BY date_trunc('month', report_date) ORDER BY month"
83,4,Tổng doanh thu thu tiền theo loại doanh thu,-,-,biz,"[""finance_allocated_revenue""]",Tổng doanh thu thu tiền theo loại doanh thu,,"SELECT revenue_type, SUM(revenue_amount) AS total_revenue
FROM hive.bi_silver.finance_allocated_revenue
GROUP BY revenue_type
ORDER BY total_revenue DESC"
84,5,Tổng doanh thu thu tiền theo danh mục sản phẩm,-,-,biz,"[""finance_allocated_revenue""]",Tổng doanh thu thu tiền theo danh mục sản phẩm,,"SELECT product_category, SUM(revenue_amount) AS total_revenue 
FROM hive.bi_silver.finance_allocated_revenue 
GROUP BY product_category 
ORDER BY total_revenue DESC"
85,6,Top 10 công ty có tổng doanh thu thu tiền cao nhất,-,-,biz,"[""finance_allocated_revenue""]",Top 10 công ty có tổng doanh thu thu tiền cao nhất,,"SELECT company_alias, SUM(revenue_amount) AS total_revenue
FROM hive.bi_silver.finance_allocated_revenue
GROUP BY company_alias
ORDER BY total_revenue DESC
LIMIT 10"
86,7,Tổng doanh thu thu tiền theo đơn vị kinh doanh cấp 1,-,-,biz,"[""finance_allocated_revenue""]",Tổng doanh thu thu tiền theo đơn vị kinh doanh cấp 1,,"SELECT business_unit_level_1, SUM(revenue_amount) AS total_revenue
FROM hive.bi_silver.finance_allocated_revenue
GROUP BY business_unit_level_1
ORDER BY total_revenue DESC"
87,8,Phân bố số lượng giao dịch thu tiền theo giai đoạn thanh toán,-,-,biz,"[""finance_allocated_revenue""]",Phân bố số lượng giao dịch thu tiền theo giai đoạn thanh toán,,"SELECT payment_stage, COUNT(*) AS transaction_count FROM hive.bi_silver.finance_allocated_revenue GROUP BY payment_stage ORDER BY transaction_count DESC"
88,9,Tỷ trọng doanh thu theo kênh thu tiền trên tổng doanh thu,-,-,biz,"[""finance_allocated_revenue""]",Tỷ trọng doanh thu theo kênh thu tiền trên tổng doanh thu,,"WITH total_revenue AS (
    SELECT SUM(revenue_amount) AS total
    FROM hive.bi_silver.finance_allocated_revenue
)
SELECT
    channel_name,
    SUM(revenue_amount) AS revenue_value,
    SUM(revenue_amount) / total_revenue.total AS revenue_share
FROM hive.bi_silver.finance_allocated_revenue
CROSS JOIN total_revenue
GROUP BY
    channel_name,
    total_revenue.total
ORDER BY revenue_share DESC"
89,10,Tổng doanh thu thu tiền theo phân khúc khách hàng cấp 1,-,-,biz,"[""finance_allocated_revenue""]",Tổng doanh thu thu tiền theo phân khúc khách hàng cấp 1,,"SELECT customer_segment_l1, SUM(revenue_amount) AS total_revenue 
FROM hive.bi_silver.finance_allocated_revenue 
GROUP BY customer_segment_l1 
ORDER BY total_revenue DESC"
90,11,Tổng doanh thu thu tiền theo phân khúc khách hàng cấp 3,-,-,biz,"[""finance_allocated_revenue""]",Tổng doanh thu thu tiền theo phân khúc khách hàng cấp 3,,"SELECT customer_segment_l3, SUM(revenue_amount) AS total_revenue 
FROM hive.bi_silver.finance_allocated_revenue 
GROUP BY customer_segment_l3 
ORDER BY total_revenue DESC"
91,12,Doanh thu thu tiền trung bình theo kênh thu tiền,-,-,biz,"[""finance_allocated_revenue""]",Doanh thu thu tiền trung bình theo kênh thu tiền,,"SELECT channel_name, AVG(revenue_amount) AS avg_revenue 
FROM hive.bi_silver.finance_allocated_revenue 
GROUP BY channel_name 
ORDER BY avg_revenue DESC"
92,13,Doanh thu thu tiền cao nhất theo danh mục sản phẩm,-,-,biz,"[""finance_allocated_revenue""]",Doanh thu thu tiền cao nhất theo danh mục sản phẩm,,"SELECT product_category, MAX(revenue_amount) AS max_revenue
FROM hive.bi_silver.finance_allocated_revenue
GROUP BY product_category
ORDER BY max_revenue DESC"
93,14,Doanh thu thu tiền thấp nhất theo danh mục sản phẩm,-,-,biz,"[""finance_allocated_revenue""]",Doanh thu thu tiền thấp nhất theo danh mục sản phẩm,,"SELECT product_category, MIN(revenue_amount) AS min_revenue 
FROM hive.bi_silver.finance_allocated_revenue 
GROUP BY product_category 
ORDER BY min_revenue ASC"
94,15,Tổng doanh thu thu tiền theo năm,-,-,biz,"[""finance_allocated_revenue""]",Tổng doanh thu thu tiền theo năm,,"SELECT year(report_date) AS year, SUM(revenue_amount) AS total_revenue FROM hive.bi_silver.finance_allocated_revenue GROUP BY year(report_date) ORDER BY year"
95,17,So sánh doanh thu thu tiền giữa các nhóm dịch vụ sản phẩm,-,-,biz,"[""finance_allocated_revenue""]",So sánh doanh thu thu tiền giữa các nhóm dịch vụ sản phẩm,,"SELECT product_service_group, SUM(revenue_amount) AS total_revenue 
FROM hive.bi_silver.finance_allocated_revenue 
GROUP BY product_service_group 
ORDER BY total_revenue DESC"
96,18,Tổng doanh thu thu tiền theo nhân viên quản lý tài khoản,-,-,biz,"[""finance_allocated_revenue""]",Tổng doanh thu thu tiền theo nhân viên quản lý tài khoản,,"SELECT am_username, SUM(revenue_amount) AS total_revenue
FROM hive.bi_silver.finance_allocated_revenue
GROUP BY am_username
ORDER BY total_revenue DESC"
97,19,Tổng thuế VAT thu được theo tháng,-,-,biz,"[""finance_allocated_revenue""]",Tổng thuế VAT thu được theo tháng,,"SELECT date_trunc('month', report_date) AS month, SUM(vat) AS total_vat FROM hive.bi_silver.finance_allocated_revenue GROUP BY date_trunc('month', report_date) ORDER BY month"
98,20,Top 10 ngày có doanh thu thu tiền cao nhất,-,-,biz,"[""finance_allocated_revenue""]",Top 10 ngày có doanh thu thu tiền cao nhất,,"SELECT report_date, SUM(revenue_amount) AS total_revenue
FROM hive.bi_silver.finance_allocated_revenue
GROUP BY report_date
ORDER BY total_revenue DESC
LIMIT 10"
99,21,Tổng doanh thu thu tiền theo tháng và kênh thu tiền,-,-,biz,"[""finance_allocated_revenue""]",Tổng doanh thu thu tiền theo tháng và kênh thu tiền,,"SELECT date_trunc('month', report_date) AS month, channel_name, SUM(revenue_amount) AS total_revenue 
FROM hive.bi_silver.finance_allocated_revenue 
GROUP BY date_trunc('month', report_date), channel_name 
ORDER BY month, total_revenue DESC"
100,22,Tổng doanh thu thu tiền theo tháng và nhóm doanh thu,-,-,biz,"[""finance_allocated_revenue""]",Tổng doanh thu thu tiền theo tháng và nhóm doanh thu,,"SELECT date_trunc('month', report_date) AS month, revenue_group, SUM(revenue_amount) AS total_revenue 
FROM hive.bi_silver.finance_allocated_revenue 
GROUP BY date_trunc('month', report_date), revenue_group 
ORDER BY month, total_revenue DESC"
101,23,Tổng doanh thu thu tiền theo năm và loại doanh thu,-,-,biz,"[""finance_allocated_revenue""]",Tổng doanh thu thu tiền theo năm và loại doanh thu,,"SELECT year(report_date) AS year, revenue_type, SUM(revenue_amount) AS total_revenue FROM hive.bi_silver.finance_allocated_revenue GROUP BY year(report_date), revenue_type ORDER BY year, total_revenue DESC"
102,24,Top 10 nhân viên quản lý tài khoản có tổng doanh thu thu tiền cao nhất,-,-,biz,"[""finance_allocated_revenue""]",Top 10 nhân viên quản lý tài khoản có tổng doanh thu thu tiền cao nhất,,"SELECT am_username, SUM(revenue_amount) AS total_revenue 
FROM hive.bi_silver.finance_allocated_revenue 
GROUP BY am_username 
ORDER BY total_revenue DESC 
LIMIT 10"
103,25,Tổng doanh thu thu tiền theo phòng ban,-,-,biz,"[""finance_allocated_revenue""]",Tổng doanh thu thu tiền theo phòng ban,,"SELECT department_alias, SUM(revenue_amount) AS total_revenue 
FROM hive.bi_silver.finance_allocated_revenue 
GROUP BY department_alias 
ORDER BY total_revenue DESC"
104,26,Tổng doanh thu thu tiền theo presale phụ trách,-,-,biz,"[""finance_allocated_revenue""]",Tổng doanh thu thu tiền theo presale phụ trách,,"SELECT presale_name, SUM(revenue_amount) AS total_revenue FROM hive.bi_silver.finance_allocated_revenue GROUP BY presale_name ORDER BY total_revenue DESC"
105,27,Tổng doanh thu thu tiền theo tháng và danh mục sản phẩm,-,-,biz,"[""finance_allocated_revenue""]",Tổng doanh thu thu tiền theo tháng và danh mục sản phẩm,,"SELECT date_trunc('month', report_date) AS month, product_category, SUM(revenue_amount) AS total_revenue 
FROM hive.bi_silver.finance_allocated_revenue 
GROUP BY date_trunc('month', report_date), product_category 
ORDER BY month, total_revenue DESC"
106,28,Tổng doanh thu thu tiền theo tháng và phân khúc khách hàng cấp 1,-,-,biz,"[""finance_allocated_revenue""]",Tổng doanh thu thu tiền theo tháng và phân khúc khách hàng cấp 1,,"SELECT date_trunc('month', report_date) AS month,
       customer_segment_l1,
       SUM(revenue_amount) AS total_revenue
FROM hive.bi_silver.finance_allocated_revenue
GROUP BY date_trunc('month', report_date), customer_segment_l1
ORDER BY month, total_revenue DESC"
107,29,Tổng doanh thu thu tiền theo tháng và phân khúc khách hàng cấp 3,-,-,biz,"[""finance_allocated_revenue""]",Tổng doanh thu thu tiền theo tháng và phân khúc khách hàng cấp 3,,"SELECT date_trunc('month', report_date) AS month, customer_segment_l3, SUM(revenue_amount) AS total_revenue 
FROM hive.bi_silver.finance_allocated_revenue 
GROUP BY date_trunc('month', report_date), customer_segment_l3 
ORDER BY month, total_revenue DESC"
108,30,Số lượng giao dịch thu tiền theo loại doanh thu,-,-,biz,"[""finance_allocated_revenue""]",Số lượng giao dịch thu tiền theo loại doanh thu,,"SELECT revenue_type, COUNT(*) AS transaction_count 
FROM hive.bi_silver.finance_allocated_revenue 
GROUP BY revenue_type 
ORDER BY transaction_count DESC"
109,31,Tỷ trọng doanh thu theo nhóm doanh thu trên tổng doanh thu,-,-,biz,"[""finance_allocated_revenue""]",Tỷ trọng doanh thu theo nhóm doanh thu trên tổng doanh thu,,"WITH total_revenue AS (
    SELECT SUM(revenue_amount) AS total
    FROM hive.bi_silver.finance_allocated_revenue
)
SELECT
    revenue_group,
    SUM(revenue_amount) AS revenue_value,
    SUM(revenue_amount) / total_revenue.total AS revenue_share
FROM hive.bi_silver.finance_allocated_revenue
CROSS JOIN total_revenue
GROUP BY revenue_group, total_revenue.total
ORDER BY revenue_share DESC"
110,32,Tổng thuế VAT thu được theo năm,-,-,biz,"[""finance_allocated_revenue""]",Tổng thuế VAT thu được theo năm,,"SELECT year(report_date) AS year, SUM(vat) AS total_vat 
FROM hive.bi_silver.finance_allocated_revenue 
GROUP BY year(report_date) 
ORDER BY year"
111,34,Tổng doanh thu thu tiền theo nhóm dịch vụ sản phẩm và tháng,-,-,biz,"[""finance_allocated_revenue""]",Tổng doanh thu thu tiền theo nhóm dịch vụ sản phẩm và tháng,,"SELECT date_trunc('month', report_date) AS month, product_service_group, SUM(revenue_amount) AS total_revenue FROM hive.bi_silver.finance_allocated_revenue GROUP BY date_trunc('month', report_date), product_service_group ORDER BY month"
112,35,Top 10 ngày có tổng thuế VAT cao nhất,-,-,biz,"[""finance_allocated_revenue""]",Top 10 ngày có tổng thuế VAT cao nhất,,"SELECT report_date, SUM(vat) AS total_vat
FROM hive.bi_silver.finance_allocated_revenue
GROUP BY report_date
ORDER BY total_vat DESC
LIMIT 10"
113,36,Tổng doanh thu thu tiền theo trạng thái SOC và tháng,-,-,biz,"[""finance_allocated_revenue""]",Tổng doanh thu thu tiền theo trạng thái SOC và tháng,,"SELECT date_trunc('month', report_date) AS month, is_soc, SUM(revenue_amount) AS total_revenue 
FROM hive.bi_silver.finance_allocated_revenue 
GROUP BY date_trunc('month', report_date), is_soc 
ORDER BY month"
114,37,So sánh doanh thu thu tiền giữa các kênh thu tiền theo năm,-,-,biz,"[""finance_allocated_revenue""]",So sánh doanh thu thu tiền giữa các kênh thu tiền theo năm,,"SELECT year(report_date) AS year, channel_name, SUM(revenue_amount) AS total_revenue FROM hive.bi_silver.finance_allocated_revenue GROUP BY year(report_date), channel_name ORDER BY year, total_revenue DESC"
115,38,Tổng doanh thu thu tiền theo phòng ban và tháng,-,-,biz,"[""finance_allocated_revenue""]",Tổng doanh thu thu tiền theo phòng ban và tháng,,"SELECT date_trunc('month', report_date) AS month, department_alias, SUM(revenue_amount) AS total_revenue 
FROM hive.bi_silver.finance_allocated_revenue 
GROUP BY date_trunc('month', report_date), department_alias 
ORDER BY month"
116,39,Top 10 danh mục sản phẩm có doanh thu thu tiền trung bình cao nhất,-,-,biz,"[""finance_allocated_revenue""]",Top 10 danh mục sản phẩm có doanh thu thu tiền trung bình cao nhất,,"SELECT product_category, AVG(revenue_amount) AS avg_revenue
FROM hive.bi_silver.finance_allocated_revenue
GROUP BY product_category
ORDER BY avg_revenue DESC
LIMIT 10"
117,40,Top 10 ngày có doanh thu thu tiền thấp nhất,-,-,biz,"[""finance_allocated_revenue""]",Top 10 ngày có doanh thu thu tiền thấp nhất,,"SELECT report_date, SUM(revenue_amount) AS total_revenue
FROM hive.bi_silver.finance_allocated_revenue
GROUP BY report_date
ORDER BY total_revenue ASC
LIMIT 10"
118,41,Xu hướng doanh thu thu tiền theo tháng,-,-,biz,"[""finance_allocated_revenue""]",Xu hướng doanh thu thu tiền theo tháng,,"SELECT date_trunc('month', report_date) AS month,
       SUM(revenue_amount) AS total_revenue
FROM hive.bi_silver.finance_allocated_revenue
GROUP BY date_trunc('month', report_date)
ORDER BY month"
119,42,Tốc độ tăng trưởng doanh thu thu tiền theo tháng (MoM),-,-,biz,"[""finance_allocated_revenue""]",Tốc độ tăng trưởng doanh thu thu tiền theo tháng (MoM),,"WITH monthly AS (
    SELECT
        date_trunc('month', report_date) AS month,
        SUM(revenue_amount) AS revenue
    FROM hive.bi_silver.finance_allocated_revenue
    GROUP BY date_trunc('month', report_date)
)
SELECT
    month,
    revenue,
    revenue - LAG(revenue) OVER (ORDER BY month) AS mom_change,
    (revenue - LAG(revenue) OVER (ORDER BY month)) / LAG(revenue) OVER (ORDER BY month) AS mom_growth_rate
FROM monthly
ORDER BY month"
120,43,Tổng doanh thu thu tiền theo năm,-,-,biz,"[""finance_allocated_revenue""]",Tổng doanh thu thu tiền theo năm,,"SELECT year(report_date) AS year, SUM(revenue_amount) AS total_revenue FROM hive.bi_silver.finance_allocated_revenue GROUP BY year(report_date) ORDER BY year"
121,44,Tốc độ tăng trưởng doanh thu thu tiền theo năm (YoY),-,-,biz,"[""finance_allocated_revenue""]",Tốc độ tăng trưởng doanh thu thu tiền theo năm (YoY),,"WITH yearly AS (
    SELECT
        year(report_date) AS year,
        SUM(revenue_amount) AS revenue
    FROM hive.bi_silver.finance_allocated_revenue
    GROUP BY year(report_date)
)
SELECT
    year,
    revenue,
    revenue - LAG(revenue) OVER (ORDER BY year) AS yoy_change,
    (revenue - LAG(revenue) OVER (ORDER BY year)) / LAG(revenue) OVER (ORDER BY year) AS yoy_growth_rate
FROM yearly
ORDER BY year"
122,45,Top 10 công ty có doanh thu thu tiền cao nhất,-,-,biz,"[""finance_allocated_revenue""]",Top 10 công ty có doanh thu thu tiền cao nhất,,"SELECT company_alias, SUM(revenue_amount) AS total_revenue
FROM hive.bi_silver.finance_allocated_revenue
GROUP BY company_alias
ORDER BY total_revenue DESC
LIMIT 10"
123,46,Tỷ trọng doanh thu theo công ty trên tổng doanh thu,-,-,biz,"[""finance_allocated_revenue""]",Tỷ trọng doanh thu theo công ty trên tổng doanh thu,,"WITH total AS (
    SELECT SUM(revenue_amount) AS total_revenue
    FROM hive.bi_silver.finance_allocated_revenue
)
SELECT
    company_alias,
    SUM(revenue_amount) AS revenue,
    SUM(revenue_amount) / total.total_revenue AS revenue_share
FROM hive.bi_silver.finance_allocated_revenue
CROSS JOIN total
GROUP BY company_alias, total.total_revenue
ORDER BY revenue_share DESC"
124,47,Tổng doanh thu thu tiền theo loại tiền tệ,-,-,biz,"[""finance_allocated_revenue""]",Tổng doanh thu thu tiền theo loại tiền tệ,,"SELECT currency_code, SUM(revenue_amount) AS total_revenue 
FROM hive.bi_silver.finance_allocated_revenue 
GROUP BY currency_code 
ORDER BY total_revenue DESC"
125,48,Tổng doanh thu thu tiền theo giai đoạn thanh toán,-,-,biz,"[""finance_allocated_revenue""]",Tổng doanh thu thu tiền theo giai đoạn thanh toán,,"SELECT payment_stage, SUM(revenue_amount) AS total_revenue 
FROM hive.bi_silver.finance_allocated_revenue 
GROUP BY payment_stage 
ORDER BY total_revenue DESC"
126,49,Phân bố doanh thu thu tiền theo danh mục thu tiền,-,-,biz,"[""finance_allocated_revenue""]",Phân bố doanh thu thu tiền theo danh mục thu tiền,,"SELECT product_category_code, SUM(revenue_amount) AS total_revenue
FROM hive.bi_silver.finance_allocated_revenue
GROUP BY product_category_code
ORDER BY total_revenue DESC"
127,50,Số lượng giao dịch thu tiền theo tháng,-,-,biz,"[""finance_allocated_revenue""]",Số lượng giao dịch thu tiền theo tháng,,"SELECT date_trunc('month', report_date) AS month, COUNT(*) AS transaction_count 
FROM hive.bi_silver.finance_allocated_revenue 
GROUP BY date_trunc('month', report_date) 
ORDER BY month"
128,51,Giá trị doanh thu thu tiền trung bình theo tháng,-,-,biz,"[""finance_allocated_revenue""]",Giá trị doanh thu thu tiền trung bình theo tháng,,"SELECT date_trunc('month', report_date) AS month, AVG(revenue_amount) AS avg_revenue FROM hive.bi_silver.finance_allocated_revenue GROUP BY date_trunc('month', report_date) ORDER BY month"
129,52,Top 10 tháng có doanh thu thu tiền cao nhất,-,-,biz,"[""finance_allocated_revenue""]",Top 10 tháng có doanh thu thu tiền cao nhất,,"SELECT date_trunc('month', report_date) AS month, SUM(revenue_amount) AS total_revenue
FROM hive.bi_silver.finance_allocated_revenue
GROUP BY date_trunc('month', report_date)
ORDER BY total_revenue DESC
LIMIT 10"
130,53,Top 10 tháng có doanh thu thu tiền thấp nhất,-,-,biz,"[""finance_allocated_revenue""]",Top 10 tháng có doanh thu thu tiền thấp nhất,,"SELECT date_trunc('month', report_date) AS month, SUM(revenue_amount) AS total_revenue FROM hive.bi_silver.finance_allocated_revenue GROUP BY date_trunc('month', report_date) ORDER BY total_revenue ASC LIMIT 10"
131,54,Tổng doanh thu thu tiền theo đơn vị cấp 1,-,-,biz,"[""finance_allocated_revenue""]",Tổng doanh thu thu tiền theo đơn vị cấp 1,,"SELECT business_unit_level_1, SUM(revenue_amount) AS total_revenue
FROM hive.bi_silver.finance_allocated_revenue
GROUP BY business_unit_level_1
ORDER BY total_revenue DESC"
132,55,Tỷ trọng doanh thu theo đơn vị cấp 1,-,-,biz,"[""finance_allocated_revenue""]",Tỷ trọng doanh thu theo đơn vị cấp 1,,"WITH total AS (
    SELECT SUM(revenue_amount) AS total_revenue
    FROM hive.bi_silver.finance_allocated_revenue
)
SELECT
    business_unit_level_1,
    SUM(revenue_amount) AS revenue,
    SUM(revenue_amount) / total.total_revenue AS revenue_share
FROM hive.bi_silver.finance_allocated_revenue
CROSS JOIN total
GROUP BY business_unit_level_1, total.total_revenue
ORDER BY revenue_share DESC"
133,56,Tổng thuế VAT theo tháng,-,-,biz,"[""finance_allocated_revenue""]",Tổng thuế VAT theo tháng,,"SELECT date_trunc('month', report_date) AS month, SUM(vat) AS total_vat FROM hive.bi_silver.finance_allocated_revenue GROUP BY date_trunc('month', report_date) ORDER BY month"
134,57,Tỷ lệ VAT trên doanh thu theo tháng,-,-,biz,"[""finance_allocated_revenue""]",Tỷ lệ VAT trên doanh thu theo tháng,,"SELECT date_trunc('month', report_date) AS month, SUM(vat) / SUM(revenue_amount) AS vat_ratio FROM hive.bi_silver.finance_allocated_revenue GROUP BY date_trunc('month', report_date) ORDER BY month"
135,58,Các ngày có doanh thu thu tiền bất thường cao hơn trung bình 3 lần,-,-,biz,"[""finance_allocated_revenue""]",Các ngày có doanh thu thu tiền bất thường cao hơn trung bình 3 lần,,"WITH daily AS (
    SELECT
        report_date,
        SUM(revenue_amount) AS revenue
    FROM hive.bi_silver.finance_allocated_revenue
    GROUP BY report_date
),
stats AS (
    SELECT
        AVG(revenue) AS avg_rev
    FROM daily
)
SELECT
    report_date,
    revenue
FROM daily
CROSS JOIN stats
WHERE revenue > 3 * avg_rev
ORDER BY revenue DESC"
136,59,Top 10 nhân viên AM có doanh thu trung bình mỗi giao dịch cao nhất,-,-,biz,"[""finance_allocated_revenue""]",Top 10 nhân viên AM có doanh thu trung bình mỗi giao dịch cao nhất,,"SELECT am_username, AVG(revenue_amount) AS avg_revenue 
FROM hive.bi_silver.finance_allocated_revenue 
GROUP BY am_username 
ORDER BY avg_revenue DESC 
LIMIT 10"
137,60,Tổng doanh thu thu tiền theo kênh và phân khúc khách hàng cấp 1,-,-,biz,"[""finance_allocated_revenue""]",Tổng doanh thu thu tiền theo kênh và phân khúc khách hàng cấp 1,,"SELECT channel_name, customer_segment_l1, SUM(revenue_amount) AS total_revenue 
FROM hive.bi_silver.finance_allocated_revenue 
GROUP BY channel_name, customer_segment_l1 
ORDER BY total_revenue DESC"
138,61,Xu hướng doanh thu thu tiền trung bình theo ngày trong từng tháng,-,-,biz,"[""finance_allocated_revenue""]",Xu hướng doanh thu thu tiền trung bình theo ngày trong từng tháng,,"SELECT date_trunc('month', report_date) AS month,
       AVG(revenue_amount) AS avg_daily_revenue
FROM hive.bi_silver.finance_allocated_revenue
GROUP BY date_trunc('month', report_date)
ORDER BY month"
139,62,Doanh thu thu tiền lũy kế theo tháng,-,-,biz,"[""finance_allocated_revenue""]",Doanh thu thu tiền lũy kế theo tháng,,"WITH monthly AS (
    SELECT date_trunc('month', report_date) AS month,
           SUM(revenue_amount) AS revenue
    FROM hive.bi_silver.finance_allocated_revenue
    GROUP BY date_trunc('month', report_date)
)
SELECT month,
       SUM(revenue) OVER (ORDER BY month) AS cumulative_revenue
FROM monthly
ORDER BY month"
140,63,Doanh thu thu tiền trung bình theo nhân viên quản lý tài khoản,-,-,biz,"[""finance_allocated_revenue""]",Doanh thu thu tiền trung bình theo nhân viên quản lý tài khoản,,"SELECT am_username, AVG(revenue_amount) AS avg_revenue
FROM hive.bi_silver.finance_allocated_revenue
GROUP BY am_username
ORDER BY avg_revenue DESC"
141,64,Top 20 phần trăm công ty đóng góp doanh thu cao nhất (Pareto),-,-,biz,"[""finance_allocated_revenue""]",Top 20 phần trăm công ty đóng góp doanh thu cao nhất (Pareto),,"WITH revenue_by_company AS (
    SELECT
        company_alias,
        SUM(revenue_amount) AS revenue
    FROM hive.bi_silver.finance_allocated_revenue
    GROUP BY company_alias
),
ranked AS (
    SELECT
        company_alias,
        revenue,
        NTILE(5) OVER (ORDER BY revenue DESC) AS revenue_bucket
    FROM revenue_by_company
)
SELECT
    company_alias,
    revenue
FROM ranked
WHERE revenue_bucket = 1
ORDER BY revenue DESC"
142,65,Top 10 nhân viên AM đóng góp nhiều doanh thu nhất theo từng năm,-,-,biz,"[""finance_allocated_revenue""]",Top 10 nhân viên AM đóng góp nhiều doanh thu nhất theo từng năm,,"SELECT year(report_date) AS year, am_username, SUM(revenue_amount) AS total_revenue 
FROM hive.bi_silver.finance_allocated_revenue 
GROUP BY year(report_date), am_username 
ORDER BY year, total_revenue DESC 
LIMIT 10"
143,66,Biến động doanh thu thu tiền theo tháng và nhóm sản phẩm dịch vụ,-,-,biz,"[""finance_allocated_revenue""]",Biến động doanh thu thu tiền theo tháng và nhóm sản phẩm dịch vụ,,"SELECT date_trunc('month', report_date) AS month, product_service_group, SUM(revenue_amount) AS total_revenue 
FROM hive.bi_silver.finance_allocated_revenue 
GROUP BY date_trunc('month', report_date), product_service_group 
ORDER BY month"
144,67,Phân bố doanh thu theo phân khúc khách hàng cấp 3,-,-,biz,"[""finance_allocated_revenue""]",Phân bố doanh thu theo phân khúc khách hàng cấp 3,,"SELECT customer_segment_l3, SUM(revenue_amount) AS total_revenue
FROM hive.bi_silver.finance_allocated_revenue
GROUP BY customer_segment_l3
ORDER BY total_revenue DESC"
145,68,Top 10 ngày có số lượng giao dịch thu tiền nhiều nhất,-,-,biz,"[""finance_allocated_revenue""]",Top 10 ngày có số lượng giao dịch thu tiền nhiều nhất,,"SELECT report_date, COUNT(*) AS transaction_count 
FROM hive.bi_silver.finance_allocated_revenue 
GROUP BY report_date 
ORDER BY transaction_count DESC 
LIMIT 10"
146,69,Doanh thu thu tiền theo kênh và loại doanh thu,-,-,biz,"[""finance_allocated_revenue""]",Doanh thu thu tiền theo kênh và loại doanh thu,,"SELECT channel_name, revenue_type, SUM(revenue_amount) AS total_revenue
FROM hive.bi_silver.finance_allocated_revenue
GROUP BY channel_name, revenue_type
ORDER BY total_revenue DESC"
147,70,Tổng doanh thu thu tiền theo năm và đơn vị cấp 1,-,-,biz,"[""finance_allocated_revenue""]",Tổng doanh thu thu tiền theo năm và đơn vị cấp 1,,"SELECT year(report_date) AS year, business_unit_level_1, SUM(revenue_amount) AS total_revenue
FROM hive.bi_silver.finance_allocated_revenue
GROUP BY year(report_date), business_unit_level_1
ORDER BY year, total_revenue DESC"
148,71,Top 10 công ty có doanh thu trung bình mỗi giao dịch cao nhất,-,-,biz,"[""finance_allocated_revenue""]",Top 10 công ty có doanh thu trung bình mỗi giao dịch cao nhất,,"SELECT company_alias, AVG(revenue_amount) AS avg_revenue
FROM hive.bi_silver.finance_allocated_revenue
GROUP BY company_alias
ORDER BY avg_revenue DESC
LIMIT 10"
149,73,Số lượng giao dịch thu tiền theo giai đoạn thanh toán,-,-,biz,"[""finance_allocated_revenue""]",Số lượng giao dịch thu tiền theo giai đoạn thanh toán,,"SELECT payment_stage, COUNT(*) AS transaction_count 
FROM hive.bi_silver.finance_allocated_revenue 
GROUP BY payment_stage 
ORDER BY transaction_count DESC"
150,74,Tổng VAT theo nhóm doanh thu,-,-,biz,"[""finance_allocated_revenue""]",Tổng VAT theo nhóm doanh thu,,"SELECT revenue_group, SUM(vat) AS total_vat
FROM hive.bi_silver.finance_allocated_revenue
GROUP BY revenue_group
ORDER BY total_vat DESC"
151,75,Tỷ lệ đóng góp doanh thu của từng kênh thu tiền,-,-,biz,"[""finance_allocated_revenue""]",Tỷ lệ đóng góp doanh thu của từng kênh thu tiền,,"WITH total AS (
    SELECT SUM(revenue_amount) AS total_revenue
    FROM hive.bi_silver.finance_allocated_revenue
)
SELECT
    channel_name,
    SUM(revenue_amount) / total.total_revenue AS revenue_share
FROM hive.bi_silver.finance_allocated_revenue
CROSS JOIN total
GROUP BY
    channel_name,
    total.total_revenue
ORDER BY revenue_share DESC"
152,76,Top 10 tháng có VAT cao nhất,-,-,biz,"[""finance_allocated_revenue""]",Top 10 tháng có VAT cao nhất,,"SELECT date_trunc('month', report_date) AS month, SUM(vat) AS total_vat FROM hive.bi_silver.finance_allocated_revenue GROUP BY date_trunc('month', report_date) ORDER BY total_vat DESC LIMIT 10"
153,77,Doanh thu thu tiền theo AM và phân khúc khách hàng cấp 1,-,-,biz,"[""finance_allocated_revenue""]",Doanh thu thu tiền theo AM và phân khúc khách hàng cấp 1,,"SELECT am_username, customer_segment_l1, SUM(revenue_amount) AS total_revenue 
FROM hive.bi_silver.finance_allocated_revenue 
GROUP BY am_username, customer_segment_l1 
ORDER BY total_revenue DESC"
154,78,Doanh thu thu tiền trung bình theo tháng và kênh thu tiền,-,-,biz,"[""finance_allocated_revenue""]",Doanh thu thu tiền trung bình theo tháng và kênh thu tiền,,"SELECT date_trunc('month', report_date) AS month, channel_name, AVG(revenue_amount) AS avg_revenue FROM hive.bi_silver.finance_allocated_revenue GROUP BY date_trunc('month', report_date), channel_name ORDER BY month"
155,79,Các ngày có VAT cao bất thường so với trung bình,-,-,biz,"[""finance_allocated_revenue""]",Các ngày có VAT cao bất thường so với trung bình,,"WITH daily AS (
    SELECT
        report_date,
        SUM(vat) AS vat_value
    FROM hive.bi_silver.finance_allocated_revenue
    GROUP BY report_date
), stats AS (
    SELECT
        AVG(vat_value) AS avg_vat
    FROM daily
)
SELECT
    report_date,
    vat_value
FROM daily
CROSS JOIN stats
WHERE vat_value > 3 * avg_vat
ORDER BY vat_value DESC"
156,80,Tổng doanh thu thu tiền theo tháng và giai đoạn thanh toán,-,-,biz,"[""finance_allocated_revenue""]",Tổng doanh thu thu tiền theo tháng và giai đoạn thanh toán,,"SELECT date_trunc('month', report_date) AS month, payment_stage, SUM(revenue_amount) AS total_revenue 
FROM hive.bi_silver.finance_allocated_revenue 
GROUP BY date_trunc('month', report_date), payment_stage 
ORDER BY month"
157,81,Doanh thu thu tiền trung bình theo năm,-,-,biz,"[""finance_allocated_revenue""]",Doanh thu thu tiền trung bình theo năm,,"SELECT year(report_date) AS year,
       AVG(revenue_amount) AS avg_revenue
FROM hive.bi_silver.finance_allocated_revenue
GROUP BY year(report_date)
ORDER BY year"
158,82,Top 10 kênh thu tiền có doanh thu cao nhất theo năm,-,-,biz,"[""finance_allocated_revenue""]",Top 10 kênh thu tiền có doanh thu cao nhất theo năm,,"SELECT year(report_date) AS year, channel_name, SUM(revenue_amount) AS total_revenue FROM hive.bi_silver.finance_allocated_revenue GROUP BY year(report_date), channel_name ORDER BY year, total_revenue DESC LIMIT 10"
159,83,Tổng doanh thu thu tiền theo năm và loại doanh thu,-,-,biz,"[""finance_allocated_revenue""]",Tổng doanh thu thu tiền theo năm và loại doanh thu,,"SELECT year(report_date) AS year, revenue_type, SUM(revenue_amount) AS total_revenue FROM hive.bi_silver.finance_allocated_revenue GROUP BY year(report_date), revenue_type ORDER BY year, total_revenue DESC"
160,84,Doanh thu thu tiền trung bình theo phân khúc khách hàng cấp 1,-,-,biz,"[""finance_allocated_revenue""]",Doanh thu thu tiền trung bình theo phân khúc khách hàng cấp 1,,"SELECT customer_segment_l1, AVG(revenue_amount) AS avg_revenue
FROM hive.bi_silver.finance_allocated_revenue
GROUP BY customer_segment_l1
ORDER BY avg_revenue DESC"
161,85,Tổng doanh thu thu tiền theo AM và kênh thu tiền,-,-,biz,"[""finance_allocated_revenue""]",Tổng doanh thu thu tiền theo AM và kênh thu tiền,,"SELECT am_username, channel_name, SUM(revenue_amount) AS total_revenue
FROM hive.bi_silver.finance_allocated_revenue
GROUP BY am_username, channel_name
ORDER BY total_revenue DESC"
162,86,Top 10 phân khúc khách hàng cấp 3 có doanh thu cao nhất,-,-,biz,"[""finance_allocated_revenue""]",Top 10 phân khúc khách hàng cấp 3 có doanh thu cao nhất,,"SELECT customer_segment_l3, SUM(revenue_amount) AS total_revenue
FROM hive.bi_silver.finance_allocated_revenue
GROUP BY customer_segment_l3
ORDER BY total_revenue DESC
LIMIT 10"
163,87,Doanh thu thu tiền theo tháng và loại doanh thu,-,-,biz,"[""finance_allocated_revenue""]",Doanh thu thu tiền theo tháng và loại doanh thu,,"SELECT date_trunc('month', report_date) AS month, revenue_type, SUM(revenue_amount) AS total_revenue
FROM hive.bi_silver.finance_allocated_revenue
GROUP BY date_trunc('month', report_date), revenue_type
ORDER BY month"
164,88,Tổng doanh thu thu tiền theo tháng và đơn vị cấp 1,-,-,biz,"[""finance_allocated_revenue""]",Tổng doanh thu thu tiền theo tháng và đơn vị cấp 1,,"SELECT date_trunc('month', report_date) AS month, business_unit_level_1, SUM(revenue_amount) AS total_revenue 
FROM hive.bi_silver.finance_allocated_revenue 
GROUP BY date_trunc('month', report_date), business_unit_level_1 
ORDER BY month"
165,89,Tổng VAT theo năm và loại doanh thu,-,-,biz,"[""finance_allocated_revenue""]",Tổng VAT theo năm và loại doanh thu,,"SELECT year(report_date) AS year, revenue_type, SUM(vat) AS total_vat 
FROM hive.bi_silver.finance_allocated_revenue 
GROUP BY year(report_date), revenue_type 
ORDER BY year"
166,90,Top 10 ngày có VAT cao nhất theo năm,-,-,biz,"[""finance_allocated_revenue""]",Top 10 ngày có VAT cao nhất theo năm,,"SELECT year(report_date) AS year, report_date, SUM(vat) AS total_vat 
FROM hive.bi_silver.finance_allocated_revenue 
GROUP BY year(report_date), report_date 
ORDER BY total_vat DESC 
LIMIT 10"
167,92,Phân bố số lượng giao dịch thu tiền theo phân khúc khách hàng cấp 1,-,-,biz,"[""finance_allocated_revenue""]",Phân bố số lượng giao dịch thu tiền theo phân khúc khách hàng cấp 1,,"SELECT customer_segment_l1, COUNT(*) AS transaction_count FROM hive.bi_silver.finance_allocated_revenue GROUP BY customer_segment_l1 ORDER BY transaction_count DESC"
168,93,Tổng doanh thu thu tiền theo AM và loại doanh thu,-,-,biz,"[""finance_allocated_revenue""]",Tổng doanh thu thu tiền theo AM và loại doanh thu,,"SELECT am_username, revenue_type, SUM(revenue_amount) AS total_revenue
FROM hive.bi_silver.finance_allocated_revenue
GROUP BY am_username, revenue_type
ORDER BY total_revenue DESC"
169,94,Tổng doanh thu thu tiền theo công ty và tháng,-,-,biz,"[""finance_allocated_revenue""]",Tổng doanh thu thu tiền theo công ty và tháng,,"SELECT company_alias, date_trunc('month', report_date) AS month, SUM(revenue_amount) AS total_revenue FROM hive.bi_silver.finance_allocated_revenue GROUP BY company_alias, date_trunc('month', report_date) ORDER BY total_revenue DESC"
170,95,Top 10 công ty có số lượng giao dịch thu tiền nhiều nhất,-,-,biz,"[""finance_allocated_revenue""]",Top 10 công ty có số lượng giao dịch thu tiền nhiều nhất,,"SELECT company_alias, COUNT(*) AS transaction_count FROM hive.bi_silver.finance_allocated_revenue GROUP BY company_alias ORDER BY transaction_count DESC LIMIT 10"
171,96,Tổng doanh thu thu tiền theo giai đoạn thanh toán và năm,-,-,biz,"[""finance_allocated_revenue""]",Tổng doanh thu thu tiền theo giai đoạn thanh toán và năm,,"SELECT year(report_date) AS year, payment_stage, SUM(revenue_amount) AS total_revenue 
FROM hive.bi_silver.finance_allocated_revenue 
GROUP BY year(report_date), payment_stage 
ORDER BY year"
172,97,Top 10 AM có số lượng giao dịch thu tiền nhiều nhất,-,-,biz,"[""finance_allocated_revenue""]",Top 10 AM có số lượng giao dịch thu tiền nhiều nhất,,"SELECT am_username, COUNT(*) AS transaction_count FROM hive.bi_silver.finance_allocated_revenue GROUP BY am_username ORDER BY transaction_count DESC LIMIT 10"
173,98,Doanh thu thu tiền trung bình theo tháng và phân khúc khách hàng cấp 3,-,-,biz,"[""finance_allocated_revenue""]",Doanh thu thu tiền trung bình theo tháng và phân khúc khách hàng cấp 3,,"SELECT date_trunc('month', report_date) AS month, customer_segment_l3, AVG(revenue_amount) AS avg_revenue FROM hive.bi_silver.finance_allocated_revenue GROUP BY date_trunc('month', report_date), customer_segment_l3 ORDER BY month"
174,99,Tổng VAT theo tháng và kênh thu tiền,-,-,biz,"[""finance_allocated_revenue""]",Tổng VAT theo tháng và kênh thu tiền,,"SELECT date_trunc('month', report_date) AS month, channel_name, SUM(vat) AS total_vat
FROM hive.bi_silver.finance_allocated_revenue
GROUP BY date_trunc('month', report_date), channel_name
ORDER BY month"
175,100,Tổng doanh thu thu tiền theo tháng và danh mục thu tiền,-,-,biz,"[""finance_allocated_revenue""]",Tổng doanh thu thu tiền theo tháng và danh mục thu tiền,,"SELECT date_trunc('month', report_date) AS month, product_category_code, SUM(revenue_amount) AS total_revenue FROM hive.bi_silver.finance_allocated_revenue GROUP BY date_trunc('month', report_date), product_category_code ORDER BY month"
176,1,Tổng chi phí kế hoạch theo nhóm chi phí,-,-,biz,"[""finance_cost_plan""]",Tổng chi phí kế hoạch theo nhóm chi phí,,"SELECT cost_group, SUM(expected_cost_value) AS total_expected_cost
FROM hive.bi_silver.finance_cost_plan
GROUP BY cost_group
ORDER BY total_expected_cost DESC"
177,2,Tổng chi phí kế hoạch theo tháng,-,-,biz,"[""finance_cost_plan""]",Tổng chi phí kế hoạch theo tháng,,"SELECT date_trunc('month', plan_date) AS month,
       SUM(expected_cost_value) AS total_expected_cost
FROM hive.bi_silver.finance_cost_plan
GROUP BY date_trunc('month', plan_date)
ORDER BY month"
178,3,Tổng chi phí kế hoạch theo năm,-,-,biz,"[""finance_cost_plan""]",Tổng chi phí kế hoạch theo năm,,"SELECT year(plan_date) AS year, SUM(expected_cost_value) AS total_expected_cost 
FROM hive.bi_silver.finance_cost_plan 
GROUP BY year(plan_date) 
ORDER BY year"
179,4,Top 10 nhóm chi phí có chi phí kế hoạch cao nhất,-,-,biz,"[""finance_cost_plan""]",Top 10 nhóm chi phí có chi phí kế hoạch cao nhất,,"SELECT cost_group, SUM(expected_cost_value) AS total_expected_cost 
FROM hive.bi_silver.finance_cost_plan 
GROUP BY cost_group 
ORDER BY total_expected_cost DESC 
LIMIT 10"
180,5,Top 10 ngày có chi phí kế hoạch cao nhất,-,-,biz,"[""finance_cost_plan""]",Top 10 ngày có chi phí kế hoạch cao nhất,,"SELECT plan_date, SUM(expected_cost_value) AS total_expected_cost
FROM hive.bi_silver.finance_cost_plan
GROUP BY plan_date
ORDER BY total_expected_cost DESC
LIMIT 10"
181,6,Chi phí kế hoạch trung bình theo nhóm chi phí,-,-,biz,"[""finance_cost_plan""]",Chi phí kế hoạch trung bình theo nhóm chi phí,,"SELECT cost_group, AVG(expected_cost_value) AS avg_expected_cost 
FROM hive.bi_silver.finance_cost_plan 
GROUP BY cost_group 
ORDER BY avg_expected_cost DESC"
182,7,Số lượng bản ghi kế hoạch chi phí theo nhóm chi phí,-,-,biz,"[""finance_cost_plan""]",Số lượng bản ghi kế hoạch chi phí theo nhóm chi phí,,"SELECT cost_group, COUNT(*) AS plan_count
FROM hive.bi_silver.finance_cost_plan
GROUP BY cost_group
ORDER BY plan_count DESC"
183,8,Phân bố chi phí kế hoạch theo loại tiền tệ,-,-,biz,"[""finance_cost_plan""]",Phân bố chi phí kế hoạch theo loại tiền tệ,,"SELECT currency_code, SUM(expected_cost_value) AS total_expected_cost
FROM hive.bi_silver.finance_cost_plan
GROUP BY currency_code
ORDER BY total_expected_cost DESC"
184,9,Tỷ trọng chi phí của từng nhóm chi phí trên tổng chi phí kế hoạch,-,-,biz,"[""finance_cost_plan""]",Tỷ trọng chi phí của từng nhóm chi phí trên tổng chi phí kế hoạch,,"WITH total_cost AS (
    SELECT SUM(expected_cost_value) AS total
    FROM hive.bi_silver.finance_cost_plan
)
SELECT
    cost_group,
    SUM(expected_cost_value) AS cost_value,
    SUM(expected_cost_value) / total_cost.total AS cost_share
FROM hive.bi_silver.finance_cost_plan
CROSS JOIN total_cost
GROUP BY cost_group, total_cost.total
ORDER BY cost_share DESC"
185,10,Xu hướng chi phí kế hoạch theo tháng và nhóm chi phí,-,-,biz,"[""finance_cost_plan""]",Xu hướng chi phí kế hoạch theo tháng và nhóm chi phí,,"SELECT date_trunc('month', plan_date) AS month, cost_group, SUM(expected_cost_value) AS total_expected_cost 
FROM hive.bi_silver.finance_cost_plan 
GROUP BY date_trunc('month', plan_date), cost_group 
ORDER BY month"
186,11,So sánh chi phí kế hoạch giữa các nhóm chi phí theo năm,-,-,biz,"[""finance_cost_plan""]",So sánh chi phí kế hoạch giữa các nhóm chi phí theo năm,,"SELECT year(plan_date) AS year, cost_group, SUM(expected_cost_value) AS total_expected_cost 
FROM hive.bi_silver.finance_cost_plan 
GROUP BY year(plan_date), cost_group 
ORDER BY year, total_expected_cost DESC"
187,12,Top 5 tháng có chi phí kế hoạch cao nhất,-,-,biz,"[""finance_cost_plan""]",Top 5 tháng có chi phí kế hoạch cao nhất,,"SELECT date_trunc('month', plan_date) AS month, SUM(expected_cost_value) AS total_expected_cost FROM hive.bi_silver.finance_cost_plan GROUP BY date_trunc('month', plan_date) ORDER BY total_expected_cost DESC LIMIT 5"
188,13,Top 5 tháng có chi phí kế hoạch thấp nhất,-,-,biz,"[""finance_cost_plan""]",Top 5 tháng có chi phí kế hoạch thấp nhất,,"SELECT date_trunc('month', plan_date) AS month,
       SUM(expected_cost_value) AS total_expected_cost
FROM hive.bi_silver.finance_cost_plan
GROUP BY date_trunc('month', plan_date)
ORDER BY total_expected_cost ASC
LIMIT 5"
189,14,Chi phí kế hoạch tối đa theo nhóm chi phí,-,-,biz,"[""finance_cost_plan""]",Chi phí kế hoạch tối đa theo nhóm chi phí,,"SELECT cost_group, MAX(expected_cost_value) AS max_expected_cost 
FROM hive.bi_silver.finance_cost_plan 
GROUP BY cost_group 
ORDER BY max_expected_cost DESC"
190,15,Chi phí kế hoạch tối thiểu theo nhóm chi phí,-,-,biz,"[""finance_cost_plan""]",Chi phí kế hoạch tối thiểu theo nhóm chi phí,,"SELECT cost_group, MIN(expected_cost_value) AS min_expected_cost 
FROM hive.bi_silver.finance_cost_plan 
GROUP BY cost_group 
ORDER BY min_expected_cost ASC"
191,16,Tổng chi phí kế hoạch theo ngày,-,-,biz,"[""finance_cost_plan""]",Tổng chi phí kế hoạch theo ngày,,"SELECT plan_date, SUM(expected_cost_value) AS total_expected_cost 
FROM hive.bi_silver.finance_cost_plan 
GROUP BY plan_date 
ORDER BY plan_date"
192,17,Xu hướng chi phí kế hoạch theo tháng,-,-,biz,"[""finance_cost_plan""]",Xu hướng chi phí kế hoạch theo tháng,,"SELECT date_trunc('month', plan_date) AS month, SUM(expected_cost_value) AS total_expected_cost FROM hive.bi_silver.finance_cost_plan GROUP BY date_trunc('month', plan_date) ORDER BY month"
193,18,Các ngày có chi phí kế hoạch bất thường cao hơn 3 lần trung bình,-,-,biz,"[""finance_cost_plan""]",Các ngày có chi phí kế hoạch bất thường cao hơn 3 lần trung bình,,"WITH daily_cost AS (
    SELECT plan_date,
           SUM(expected_cost_value) AS cost_value
    FROM hive.bi_silver.finance_cost_plan
    GROUP BY plan_date
),
stats AS (
    SELECT AVG(cost_value) AS avg_cost
    FROM daily_cost
)
SELECT plan_date,
       cost_value
FROM daily_cost
CROSS JOIN stats
WHERE cost_value > 3 * avg_cost
ORDER BY cost_value DESC"
194,19,Tổng chi phí kế hoạch theo tháng và loại tiền tệ,-,-,biz,"[""finance_cost_plan""]",Tổng chi phí kế hoạch theo tháng và loại tiền tệ,,"SELECT date_trunc('month', plan_date) AS month, currency_code, SUM(expected_cost_value) AS total_expected_cost FROM hive.bi_silver.finance_cost_plan GROUP BY date_trunc('month', plan_date), currency_code ORDER BY month"
195,20,Tổng chi phí kế hoạch theo năm và loại tiền tệ,-,-,biz,"[""finance_cost_plan""]",Tổng chi phí kế hoạch theo năm và loại tiền tệ,,"SELECT YEAR(plan_date) AS year,
       currency_code,
       SUM(expected_cost_value) AS total_expected_cost
FROM hive.bi_silver.finance_cost_plan
GROUP BY YEAR(plan_date), currency_code
ORDER BY year"
196,21,Xu hướng chi phí kế hoạch theo tháng và loại tiền tệ,-,-,biz,"[""finance_cost_plan""]",Xu hướng chi phí kế hoạch theo tháng và loại tiền tệ,,"SELECT date_trunc('month', plan_date) AS month, currency_code, SUM(expected_cost_value) AS total_expected_cost
FROM hive.bi_silver.finance_cost_plan
GROUP BY date_trunc('month', plan_date), currency_code
ORDER BY month"
197,22,Tổng chi phí kế hoạch trung bình theo tháng,-,-,biz,"[""finance_cost_plan""]",Tổng chi phí kế hoạch trung bình theo tháng,,"SELECT date_trunc('month', plan_date) AS month, AVG(expected_cost_value) AS avg_expected_cost FROM hive.bi_silver.finance_cost_plan GROUP BY date_trunc('month', plan_date) ORDER BY month"
198,23,Tổng chi phí kế hoạch theo quý,-,-,biz,"[""finance_cost_plan""]",Tổng chi phí kế hoạch theo quý,,"SELECT date_trunc('quarter', plan_date) AS quarter,
       SUM(expected_cost_value) AS total_expected_cost
FROM hive.bi_silver.finance_cost_plan
GROUP BY date_trunc('quarter', plan_date)
ORDER BY quarter"
199,24,Top 10 nhóm chi phí có chi phí kế hoạch trung bình cao nhất,-,-,biz,"[""finance_cost_plan""]",Top 10 nhóm chi phí có chi phí kế hoạch trung bình cao nhất,,"SELECT cost_group, AVG(expected_cost_value) AS avg_expected_cost
FROM hive.bi_silver.finance_cost_plan
GROUP BY cost_group
ORDER BY avg_expected_cost DESC
LIMIT 10"
200,25,Tổng chi phí kế hoạch theo tháng và nhóm chi phí,-,-,biz,"[""finance_cost_plan""]",Tổng chi phí kế hoạch theo tháng và nhóm chi phí,,"SELECT date_trunc('month', plan_date) AS month, cost_group, SUM(expected_cost_value) AS total_expected_cost FROM hive.bi_silver.finance_cost_plan GROUP BY date_trunc('month', plan_date), cost_group ORDER BY month"
201,26,Tỷ trọng chi phí của từng nhóm chi phí theo từng năm,-,-,biz,"[""finance_cost_plan""]",Tỷ trọng chi phí của từng nhóm chi phí theo từng năm,,"WITH yearly_cost AS (
    SELECT
        year(plan_date) AS year,
        cost_group,
        SUM(expected_cost_value) AS cost_value
    FROM hive.bi_silver.finance_cost_plan
    GROUP BY year(plan_date), cost_group
),
total_cost AS (
    SELECT
        year(plan_date) AS year,
        SUM(expected_cost_value) AS total_value
    FROM hive.bi_silver.finance_cost_plan
    GROUP BY year(plan_date)
)
SELECT
    y.year,
    y.cost_group,
    y.cost_value / t.total_value AS cost_share
FROM yearly_cost y
JOIN total_cost t
    ON y.year = t.year
ORDER BY y.year, cost_share DESC"
202,27,Tổng chi phí kế hoạch theo năm và nhóm chi phí,-,-,biz,"[""finance_cost_plan""]",Tổng chi phí kế hoạch theo năm và nhóm chi phí,,"SELECT year(plan_date) AS year, cost_group, SUM(expected_cost_value) AS total_expected_cost FROM hive.bi_silver.finance_cost_plan GROUP BY year(plan_date), cost_group ORDER BY year, total_expected_cost DESC"
203,28,Top 5 ngày có chi phí kế hoạch thấp nhất,-,-,biz,"[""finance_cost_plan""]",Top 5 ngày có chi phí kế hoạch thấp nhất,,"SELECT plan_date, SUM(expected_cost_value) AS total_expected_cost
FROM hive.bi_silver.finance_cost_plan
GROUP BY plan_date
ORDER BY total_expected_cost ASC
LIMIT 5"
204,29,Số lượng bản ghi kế hoạch chi phí theo tháng,-,-,biz,"[""finance_cost_plan""]",Số lượng bản ghi kế hoạch chi phí theo tháng,,"SELECT date_trunc('month', plan_date) AS month, COUNT(*) AS plan_count 
FROM hive.bi_silver.finance_cost_plan 
GROUP BY date_trunc('month', plan_date) 
ORDER BY month"
205,30,Tổng chi phí kế hoạch theo quý và nhóm chi phí,-,-,biz,"[""finance_cost_plan""]",Tổng chi phí kế hoạch theo quý và nhóm chi phí,,"SELECT date_trunc('quarter', plan_date) AS quarter,
       cost_group,
       SUM(expected_cost_value) AS total_expected_cost
FROM hive.bi_silver.finance_cost_plan
GROUP BY date_trunc('quarter', plan_date), cost_group
ORDER BY quarter"
206,31,Tổng chi phí kế hoạch tối đa theo tháng,-,-,biz,"[""finance_cost_plan""]",Tổng chi phí kế hoạch tối đa theo tháng,,"SELECT date_trunc('month', plan_date) AS month, MAX(expected_cost_value) AS max_expected_cost FROM hive.bi_silver.finance_cost_plan GROUP BY date_trunc('month', plan_date) ORDER BY month"
207,32,Tổng chi phí kế hoạch tối thiểu theo tháng,-,-,biz,"[""finance_cost_plan""]",Tổng chi phí kế hoạch tối thiểu theo tháng,,"SELECT date_trunc('month', plan_date) AS month,
       MIN(expected_cost_value) AS min_expected_cost
FROM hive.bi_silver.finance_cost_plan
GROUP BY date_trunc('month', plan_date)
ORDER BY month"
208,33,Xu hướng chi phí kế hoạch lũy kế theo tháng,-,-,biz,"[""finance_cost_plan""]",Xu hướng chi phí kế hoạch lũy kế theo tháng,,"WITH monthly_cost AS (
    SELECT date_trunc('month', plan_date) AS month,
           SUM(expected_cost_value) AS monthly_cost
    FROM hive.bi_silver.finance_cost_plan
    GROUP BY date_trunc('month', plan_date)
)
SELECT month,
       SUM(monthly_cost) OVER (ORDER BY month) AS cumulative_cost
FROM monthly_cost
ORDER BY month"
209,34,Tốc độ tăng trưởng chi phí kế hoạch theo tháng,-,-,biz,"[""finance_cost_plan""]",Tốc độ tăng trưởng chi phí kế hoạch theo tháng,,"WITH monthly_cost AS (
    SELECT
        date_trunc('month', plan_date) AS month,
        SUM(expected_cost_value) AS monthly_cost
    FROM hive.bi_silver.finance_cost_plan
    GROUP BY date_trunc('month', plan_date)
)
SELECT
    month,
    monthly_cost,
    monthly_cost - LAG(monthly_cost) OVER (ORDER BY month) AS mom_change,
    (monthly_cost - LAG(monthly_cost) OVER (ORDER BY month)) / LAG(monthly_cost) OVER (ORDER BY month) AS mom_growth_rate
FROM monthly_cost
ORDER BY month"
210,35,Tổng chi phí kế hoạch theo năm và loại tiền tệ,-,-,biz,"[""finance_cost_plan""]",Tổng chi phí kế hoạch theo năm và loại tiền tệ,,"SELECT YEAR(plan_date) AS year,
       currency_code,
       SUM(expected_cost_value) AS total_expected_cost
FROM hive.bi_silver.finance_cost_plan
GROUP BY YEAR(plan_date), currency_code
ORDER BY year"
211,36,Top 10 ngày có chi phí kế hoạch trung bình cao nhất,-,-,biz,"[""finance_cost_plan""]",Top 10 ngày có chi phí kế hoạch trung bình cao nhất,,"SELECT plan_date, AVG(expected_cost_value) AS avg_expected_cost
FROM hive.bi_silver.finance_cost_plan
GROUP BY plan_date
ORDER BY avg_expected_cost DESC
LIMIT 10"
212,37,Phân bố chi phí kế hoạch theo nhóm chi phí và loại tiền tệ,-,-,biz,"[""finance_cost_plan""]",Phân bố chi phí kế hoạch theo nhóm chi phí và loại tiền tệ,,"SELECT cost_group, currency_code, SUM(expected_cost_value) AS total_expected_cost FROM hive.bi_silver.finance_cost_plan GROUP BY cost_group, currency_code ORDER BY total_expected_cost DESC"
213,38,Các tháng có chi phí kế hoạch cao hơn trung bình toàn bộ dữ liệu,-,-,biz,"[""finance_cost_plan""]",Các tháng có chi phí kế hoạch cao hơn trung bình toàn bộ dữ liệu,,"WITH monthly_cost AS (
    SELECT
        date_trunc('month', plan_date) AS month,
        SUM(expected_cost_value) AS monthly_cost
    FROM hive.bi_silver.finance_cost_plan
    GROUP BY date_trunc('month', plan_date)
),
stats AS (
    SELECT
        AVG(monthly_cost) AS avg_cost
    FROM monthly_cost
)
SELECT
    month,
    monthly_cost
FROM monthly_cost
CROSS JOIN stats
WHERE monthly_cost > avg_cost
ORDER BY monthly_cost DESC"
214,39,Tổng chi phí kế hoạch theo ngày và nhóm chi phí,-,-,biz,"[""finance_cost_plan""]",Tổng chi phí kế hoạch theo ngày và nhóm chi phí,,"SELECT plan_date, cost_group, SUM(expected_cost_value) AS total_expected_cost
FROM hive.bi_silver.finance_cost_plan
GROUP BY plan_date, cost_group
ORDER BY plan_date"
215,40,So sánh chi phí kế hoạch giữa các quý trong năm,-,-,biz,"[""finance_cost_plan""]",So sánh chi phí kế hoạch giữa các quý trong năm,,"SELECT year(plan_date) AS year, date_trunc('quarter', plan_date) AS quarter, SUM(expected_cost_value) AS total_expected_cost FROM hive.bi_silver.finance_cost_plan GROUP BY year(plan_date), date_trunc('quarter', plan_date) ORDER BY year, quarter"
216,41,Tổng chi phí kế hoạch theo tuần,-,-,biz,"[""finance_cost_plan""]",Tổng chi phí kế hoạch theo tuần,,"SELECT date_trunc('week', plan_date) AS week,
       SUM(expected_cost_value) AS total_expected_cost
FROM hive.bi_silver.finance_cost_plan
GROUP BY date_trunc('week', plan_date)
ORDER BY week"
217,42,Chi phí kế hoạch trung bình theo nhóm chi phí và năm,-,-,biz,"[""finance_cost_plan""]",Chi phí kế hoạch trung bình theo nhóm chi phí và năm,,"SELECT YEAR(plan_date) AS year,
       cost_group,
       AVG(expected_cost_value) AS avg_expected_cost
FROM hive.bi_silver.finance_cost_plan
GROUP BY YEAR(plan_date), cost_group
ORDER BY year"
218,43,Top 10 nhóm chi phí có tổng chi phí kế hoạch lớn nhất trong toàn bộ dữ liệu,-,-,biz,"[""finance_cost_plan""]",Top 10 nhóm chi phí có tổng chi phí kế hoạch lớn nhất trong toàn bộ dữ liệu,,"SELECT cost_group, SUM(expected_cost_value) AS total_expected_cost 
FROM hive.bi_silver.finance_cost_plan 
GROUP BY cost_group 
ORDER BY total_expected_cost DESC 
LIMIT 10"
219,44,Tỷ trọng chi phí kế hoạch của từng loại tiền tệ,-,-,biz,"[""finance_cost_plan""]",Tỷ trọng chi phí kế hoạch của từng loại tiền tệ,,"WITH total AS (
    SELECT SUM(expected_cost_value) AS total_cost
    FROM hive.bi_silver.finance_cost_plan
)
SELECT
    currency_code,
    SUM(expected_cost_value) / t.total_cost AS currency_share
FROM hive.bi_silver.finance_cost_plan
CROSS JOIN total t
GROUP BY
    currency_code,
    t.total_cost
ORDER BY
    currency_share DESC"
220,45,Xu hướng chi phí kế hoạch theo ngày,-,-,biz,"[""finance_cost_plan""]",Xu hướng chi phí kế hoạch theo ngày,,"SELECT plan_date, SUM(expected_cost_value) AS total_expected_cost 
FROM hive.bi_silver.finance_cost_plan 
GROUP BY plan_date 
ORDER BY plan_date"
221,46,Top 5 tháng có chi phí kế hoạch cao nhất,-,-,biz,"[""finance_cost_plan""]",Top 5 tháng có chi phí kế hoạch cao nhất,,"SELECT date_trunc('month', plan_date) AS month, SUM(expected_cost_value) AS total_expected_cost FROM hive.bi_silver.finance_cost_plan GROUP BY date_trunc('month', plan_date) ORDER BY total_expected_cost DESC LIMIT 5"
222,47,Top 5 tháng có chi phí kế hoạch thấp nhất,-,-,biz,"[""finance_cost_plan""]",Top 5 tháng có chi phí kế hoạch thấp nhất,,"SELECT date_trunc('month', plan_date) AS month,
       SUM(expected_cost_value) AS total_expected_cost
FROM hive.bi_silver.finance_cost_plan
GROUP BY date_trunc('month', plan_date)
ORDER BY total_expected_cost ASC
LIMIT 5"
223,48,Độ lệch chuẩn chi phí kế hoạch theo tháng,-,-,biz,"[""finance_cost_plan""]",Độ lệch chuẩn chi phí kế hoạch theo tháng,,"SELECT date_trunc('month', plan_date) AS month, STDDEV(expected_cost_value) AS cost_stddev FROM hive.bi_silver.finance_cost_plan GROUP BY date_trunc('month', plan_date) ORDER BY month"
224,49,Chi phí kế hoạch trung bình theo ngày trong tuần,-,-,biz,"[""finance_cost_plan""]",Chi phí kế hoạch trung bình theo ngày trong tuần,,"SELECT day_of_week(plan_date) AS weekday, AVG(expected_cost_value) AS avg_expected_cost FROM hive.bi_silver.finance_cost_plan GROUP BY day_of_week(plan_date) ORDER BY weekday"
225,50,Số lượng nhóm chi phí xuất hiện trong mỗi tháng,-,-,biz,"[""finance_cost_plan""]",Số lượng nhóm chi phí xuất hiện trong mỗi tháng,,"SELECT date_trunc('month', plan_date) AS month, COUNT(DISTINCT cost_group) AS cost_group_count FROM hive.bi_silver.finance_cost_plan GROUP BY date_trunc('month', plan_date) ORDER BY month"
226,51,Tổng chi phí kế hoạch rolling 3 tháng,-,-,biz,"[""finance_cost_plan""]",Tổng chi phí kế hoạch rolling 3 tháng,,"WITH monthly_cost AS (
    SELECT
        date_trunc('month', plan_date) AS month,
        SUM(expected_cost_value) AS monthly_cost
    FROM hive.bi_silver.finance_cost_plan
    GROUP BY date_trunc('month', plan_date)
)
SELECT
    month,
    SUM(monthly_cost) OVER (ORDER BY month ROWS BETWEEN 2 PRECEDING AND CURRENT ROW) AS rolling_3m_cost
FROM monthly_cost
ORDER BY month"
227,52,Tổng chi phí kế hoạch rolling 6 tháng,-,-,biz,"[""finance_cost_plan""]",Tổng chi phí kế hoạch rolling 6 tháng,,"WITH monthly_cost AS (
    SELECT
        date_trunc('month', plan_date) AS month,
        SUM(expected_cost_value) AS monthly_cost
    FROM hive.bi_silver.finance_cost_plan
    GROUP BY date_trunc('month', plan_date)
)
SELECT
    month,
    SUM(monthly_cost) OVER (ORDER BY month ROWS BETWEEN 5 PRECEDING AND CURRENT ROW) AS rolling_6m_cost
FROM monthly_cost
ORDER BY month"
228,53,Tháng có chi phí kế hoạch tăng mạnh nhất so với tháng trước,-,-,biz,"[""finance_cost_plan""]",Tháng có chi phí kế hoạch tăng mạnh nhất so với tháng trước,,"WITH monthly_cost AS (
    SELECT
        date_trunc('month', plan_date) AS month,
        SUM(expected_cost_value) AS monthly_cost
    FROM hive.bi_silver.finance_cost_plan
    GROUP BY date_trunc('month', plan_date)
)
SELECT
    month,
    monthly_cost - LAG(monthly_cost) OVER (ORDER BY month) AS increase_value
FROM monthly_cost
ORDER BY increase_value DESC
LIMIT 1"
229,54,Tháng có chi phí kế hoạch giảm mạnh nhất so với tháng trước,-,-,biz,"[""finance_cost_plan""]",Tháng có chi phí kế hoạch giảm mạnh nhất so với tháng trước,,"WITH monthly_cost AS (
    SELECT date_trunc('month', plan_date) AS month,
           SUM(expected_cost_value) AS monthly_cost
    FROM hive.bi_silver.finance_cost_plan
    GROUP BY date_trunc('month', plan_date)
)
SELECT month,
       monthly_cost - LAG(monthly_cost) OVER (ORDER BY month) AS decrease_value
FROM monthly_cost
ORDER BY decrease_value ASC
LIMIT 1"
230,55,Tỷ trọng chi phí của top 5 nhóm chi phí lớn nhất,-,-,biz,"[""finance_cost_plan""]",Tỷ trọng chi phí của top 5 nhóm chi phí lớn nhất,,"WITH group_cost AS (
    SELECT
        cost_group,
        SUM(expected_cost_value) AS cost_value
    FROM hive.bi_silver.finance_cost_plan
    GROUP BY cost_group
),
total_cost AS (
    SELECT
        SUM(cost_value) AS total_value
    FROM group_cost
)
SELECT
    cost_group,
    cost_value / total_value AS cost_share
FROM group_cost
CROSS JOIN total_cost
ORDER BY cost_value DESC
LIMIT 5"
231,56,Chỉ số tập trung chi phí (HHI) theo nhóm chi phí,-,-,biz,"[""finance_cost_plan""]",Chỉ số tập trung chi phí (HHI) theo nhóm chi phí,,"WITH group_cost AS (
    SELECT
        cost_group,
        SUM(expected_cost_value) AS cost_value
    FROM hive.bi_silver.finance_cost_plan
    GROUP BY cost_group
), total_cost AS (
    SELECT
        SUM(cost_value) AS total_value
    FROM group_cost
)
SELECT
    SUM(POWER(cost_value / total_value, 2)) AS hhi_index
FROM group_cost
CROSS JOIN total_cost"
232,57,Ngày có chi phí kế hoạch vượt quá 2 lần chi phí trung bình toàn bộ dữ liệu,-,-,biz,"[""finance_cost_plan""]",Ngày có chi phí kế hoạch vượt quá 2 lần chi phí trung bình toàn bộ dữ liệu,,"WITH stats AS (
    SELECT AVG(expected_cost_value) AS avg_cost
    FROM hive.bi_silver.finance_cost_plan
)
SELECT
    plan_date,
    SUM(expected_cost_value) AS total_cost
FROM hive.bi_silver.finance_cost_plan
CROSS JOIN stats
GROUP BY
    plan_date,
    avg_cost
HAVING
    SUM(expected_cost_value) > 2 * avg_cost
ORDER BY
    total_cost DESC"
233,58,Chi phí kế hoạch trung bình theo quý,-,-,biz,"[""finance_cost_plan""]",Chi phí kế hoạch trung bình theo quý,,"SELECT date_trunc('quarter', plan_date) AS quarter, AVG(expected_cost_value) AS avg_expected_cost FROM hive.bi_silver.finance_cost_plan GROUP BY date_trunc('quarter', plan_date) ORDER BY quarter"
234,59,Số lượng bản ghi chi phí kế hoạch theo nhóm chi phí,-,-,biz,"[""finance_cost_plan""]",Số lượng bản ghi chi phí kế hoạch theo nhóm chi phí,,"SELECT cost_group, COUNT(*) AS record_count 
FROM hive.bi_silver.finance_cost_plan 
GROUP BY cost_group 
ORDER BY record_count DESC"
235,60,Tổng chi phí kế hoạch theo tháng và loại tiền tệ,-,-,biz,"[""finance_cost_plan""]",Tổng chi phí kế hoạch theo tháng và loại tiền tệ,,"SELECT date_trunc('month', plan_date) AS month, currency_code, SUM(expected_cost_value) AS total_expected_cost 
FROM hive.bi_silver.finance_cost_plan 
GROUP BY date_trunc('month', plan_date), currency_code 
ORDER BY month"
236,61,Tổng chi phí kế hoạch theo năm,-,-,biz,"[""finance_cost_plan""]",Tổng chi phí kế hoạch theo năm,,"SELECT year(plan_date) AS year, SUM(expected_cost_value) AS total_expected_cost FROM hive.bi_silver.finance_cost_plan GROUP BY year(plan_date) ORDER BY year"
237,62,Tổng chi phí kế hoạch theo năm và nhóm chi phí,-,-,biz,"[""finance_cost_plan""]",Tổng chi phí kế hoạch theo năm và nhóm chi phí,,"SELECT year(plan_date) AS year, cost_group, SUM(expected_cost_value) AS total_expected_cost FROM hive.bi_silver.finance_cost_plan GROUP BY year(plan_date), cost_group ORDER BY year, total_expected_cost DESC"
238,63,Nhóm chi phí có chi phí kế hoạch lớn nhất trong từng năm,-,-,biz,"[""finance_cost_plan""]",Nhóm chi phí có chi phí kế hoạch lớn nhất trong từng năm,,"WITH yearly_group_cost AS (
    SELECT
        year(plan_date) AS year,
        cost_group,
        SUM(expected_cost_value) AS total_cost
    FROM hive.bi_silver.finance_cost_plan
    GROUP BY year(plan_date), cost_group
)
SELECT
    year,
    cost_group,
    total_cost
FROM (
    SELECT
        *,
        RANK() OVER (PARTITION BY year ORDER BY total_cost DESC) AS rnk
    FROM yearly_group_cost
) t
WHERE rnk = 1"
239,64,Chi phí kế hoạch trung vị theo tháng,-,-,biz,"[""finance_cost_plan""]",Chi phí kế hoạch trung vị theo tháng,,"SELECT date_trunc('month', plan_date) AS month, approx_percentile(expected_cost_value,0.5) AS median_cost FROM hive.bi_silver.finance_cost_plan GROUP BY date_trunc('month', plan_date) ORDER BY month"
240,65,Phân vị 90 của chi phí kế hoạch theo tháng,-,-,biz,"[""finance_cost_plan""]",Phân vị 90 của chi phí kế hoạch theo tháng,,"SELECT date_trunc('month', plan_date) AS month, approx_percentile(expected_cost_value,0.9) AS p90_cost FROM hive.bi_silver.finance_cost_plan GROUP BY date_trunc('month', plan_date) ORDER BY month"
241,66,Chi phí kế hoạch trung bình theo nhóm chi phí và tháng,-,-,biz,"[""finance_cost_plan""]",Chi phí kế hoạch trung bình theo nhóm chi phí và tháng,,"SELECT date_trunc('month', plan_date) AS month,
       cost_group,
       AVG(expected_cost_value) AS avg_expected_cost
FROM hive.bi_silver.finance_cost_plan
GROUP BY date_trunc('month', plan_date), cost_group
ORDER BY month"
242,67,Tháng có nhiều bản ghi kế hoạch chi phí nhất,-,-,biz,"[""finance_cost_plan""]",Tháng có nhiều bản ghi kế hoạch chi phí nhất,,"SELECT date_trunc('month', plan_date) AS month, COUNT(*) AS record_count FROM hive.bi_silver.finance_cost_plan GROUP BY date_trunc('month', plan_date) ORDER BY record_count DESC LIMIT 1"
243,68,Tổng chi phí kế hoạch của 3 nhóm chi phí lớn nhất,-,-,biz,"[""finance_cost_plan""]",Tổng chi phí kế hoạch của 3 nhóm chi phí lớn nhất,,"WITH group_cost AS (
    SELECT
        cost_group,
        SUM(expected_cost_value) AS total_cost
    FROM hive.bi_silver.finance_cost_plan
    GROUP BY cost_group
    ORDER BY total_cost DESC
    LIMIT 3
)
SELECT
    SUM(total_cost) AS top3_cost
FROM group_cost"
244,69,Tỷ lệ chi phí của top 3 nhóm chi phí so với tổng chi phí,-,-,biz,"[""finance_cost_plan""]",Tỷ lệ chi phí của top 3 nhóm chi phí so với tổng chi phí,,"WITH group_cost AS (
    SELECT
        cost_group,
        SUM(expected_cost_value) AS total_cost
    FROM hive.bi_silver.finance_cost_plan
    GROUP BY cost_group
), total AS (
    SELECT
        SUM(total_cost) AS total_cost
    FROM group_cost
), top3 AS (
    SELECT
        SUM(total_cost) AS top3_cost
    FROM (
        SELECT
            total_cost
        FROM group_cost
        ORDER BY total_cost DESC
        LIMIT 3
    )
)
SELECT
    top3_cost / total_cost AS top3_share
FROM top3
CROSS JOIN total"
245,70,Tổng chi phí kế hoạch theo ngày trong tháng,-,-,biz,"[""finance_cost_plan""]",Tổng chi phí kế hoạch theo ngày trong tháng,,"SELECT day(plan_date) AS day_of_month, SUM(expected_cost_value) AS total_expected_cost FROM hive.bi_silver.finance_cost_plan GROUP BY day(plan_date) ORDER BY day_of_month"
246,71,Chi phí kế hoạch trung bình theo năm,-,-,biz,"[""finance_cost_plan""]",Chi phí kế hoạch trung bình theo năm,,"SELECT year(plan_date) AS year, AVG(expected_cost_value) AS avg_expected_cost 
FROM hive.bi_silver.finance_cost_plan 
GROUP BY year(plan_date) 
ORDER BY year"
247,72,Nhóm chi phí có chi phí kế hoạch trung bình thấp nhất,-,-,biz,"[""finance_cost_plan""]",Nhóm chi phí có chi phí kế hoạch trung bình thấp nhất,,"SELECT cost_group, AVG(expected_cost_value) AS avg_expected_cost
FROM hive.bi_silver.finance_cost_plan
GROUP BY cost_group
ORDER BY avg_expected_cost ASC
LIMIT 1"
248,73,Tổng chi phí kế hoạch theo tháng của từng năm,-,-,biz,"[""finance_cost_plan""]",Tổng chi phí kế hoạch theo tháng của từng năm,,"SELECT year(plan_date) AS year, month(plan_date) AS month, SUM(expected_cost_value) AS total_expected_cost FROM hive.bi_silver.finance_cost_plan GROUP BY year(plan_date), month(plan_date) ORDER BY year, month"
249,74,So sánh chi phí kế hoạch giữa các tháng cùng kỳ các năm,-,-,biz,"[""finance_cost_plan""]",So sánh chi phí kế hoạch giữa các tháng cùng kỳ các năm,,"SELECT month(plan_date) AS month, year(plan_date) AS year, SUM(expected_cost_value) AS total_expected_cost FROM hive.bi_silver.finance_cost_plan GROUP BY month(plan_date), year(plan_date) ORDER BY month, year"
250,75,Số lượng loại tiền tệ sử dụng trong từng năm,-,-,biz,"[""finance_cost_plan""]",Số lượng loại tiền tệ sử dụng trong từng năm,,"SELECT year(plan_date) AS year, COUNT(DISTINCT currency_code) AS currency_count 
FROM hive.bi_silver.finance_cost_plan 
GROUP BY year(plan_date) 
ORDER BY year"
251,76,Chi phí kế hoạch trung bình theo loại tiền tệ,-,-,biz,"[""finance_cost_plan""]",Chi phí kế hoạch trung bình theo loại tiền tệ,,"SELECT currency_code, AVG(expected_cost_value) AS avg_expected_cost FROM hive.bi_silver.finance_cost_plan GROUP BY currency_code ORDER BY avg_expected_cost DESC"
252,77,Tổng chi phí kế hoạch theo tiền tệ và tháng,-,-,biz,"[""finance_cost_plan""]",Tổng chi phí kế hoạch theo tiền tệ và tháng,,"SELECT date_trunc('month', plan_date) AS month, currency_code, SUM(expected_cost_value) AS total_expected_cost 
FROM hive.bi_silver.finance_cost_plan 
GROUP BY date_trunc('month', plan_date), currency_code 
ORDER BY month"
253,78,Ngày có chi phí kế hoạch thấp hơn 50% chi phí trung bình toàn bộ dữ liệu,-,-,biz,"[""finance_cost_plan""]",Ngày có chi phí kế hoạch thấp hơn 50% chi phí trung bình toàn bộ dữ liệu,,"WITH stats AS (
    SELECT AVG(expected_cost_value) AS avg_cost
    FROM hive.bi_silver.finance_cost_plan
)
SELECT
    plan_date,
    SUM(expected_cost_value) AS total_cost
FROM hive.bi_silver.finance_cost_plan
CROSS JOIN stats
GROUP BY
    plan_date,
    avg_cost
HAVING
    SUM(expected_cost_value) < 0.5 * avg_cost
ORDER BY
    total_cost"
254,79,Tổng chi phí kế hoạch theo nhóm chi phí và tháng trong năm gần nhất,-,-,biz,"[""finance_cost_plan""]",Tổng chi phí kế hoạch theo nhóm chi phí và tháng trong năm gần nhất,,"WITH latest_year AS (
    SELECT MAX(year(plan_date)) AS y
    FROM hive.bi_silver.finance_cost_plan
)
SELECT
    month(plan_date) AS month,
    cost_group,
    SUM(expected_cost_value) AS total_expected_cost
FROM hive.bi_silver.finance_cost_plan
CROSS JOIN latest_year
WHERE year(plan_date) = y
GROUP BY month(plan_date), cost_group
ORDER BY month"
255,80,Tháng có tỷ lệ chi phí kế hoạch cao nhất so với tổng năm đó,-,-,biz,"[""finance_cost_plan""]",Tháng có tỷ lệ chi phí kế hoạch cao nhất so với tổng năm đó,,"WITH monthly_cost AS (
    SELECT YEAR(plan_date) AS year,
           DATE_TRUNC('month', plan_date) AS month,
           SUM(expected_cost_value) AS cost_value
    FROM hive.bi_silver.finance_cost_plan
    GROUP BY YEAR(plan_date), DATE_TRUNC('month', plan_date)
),
yearly_cost AS (
    SELECT year,
           SUM(cost_value) AS total_cost
    FROM monthly_cost
    GROUP BY year
)
SELECT m.year,
       m.month,
       m.cost_value / y.total_cost AS cost_share
FROM monthly_cost m
JOIN yearly_cost y ON m.year = y.year
ORDER BY cost_share DESC
LIMIT 1"
256,81,Tổng chi phí kế hoạch theo năm và loại tiền tệ,-,-,biz,"[""finance_cost_plan""]",Tổng chi phí kế hoạch theo năm và loại tiền tệ,,"SELECT YEAR(plan_date) AS year,
       currency_code,
       SUM(expected_cost_value) AS total_expected_cost
FROM hive.bi_silver.finance_cost_plan
GROUP BY YEAR(plan_date), currency_code
ORDER BY year"
257,82,Tỷ trọng chi phí của từng nhóm chi phí trong mỗi năm,-,-,biz,"[""finance_cost_plan""]",Tỷ trọng chi phí của từng nhóm chi phí trong mỗi năm,,"WITH yearly_group_cost AS (
    SELECT
        year(plan_date) AS year,
        cost_group,
        SUM(expected_cost_value) AS cost_value
    FROM hive.bi_silver.finance_cost_plan
    GROUP BY year(plan_date), cost_group
),
yearly_total AS (
    SELECT
        year,
        SUM(cost_value) AS total_cost
    FROM yearly_group_cost
    GROUP BY year
)
SELECT
    g.year,
    g.cost_group,
    g.cost_value / t.total_cost AS cost_share
FROM yearly_group_cost g
JOIN yearly_total t ON g.year = t.year
ORDER BY g.year, cost_share DESC"
258,83,Top 5 nhóm chi phí đóng góp nhiều nhất vào tổng chi phí kế hoạch,-,-,biz,"[""finance_cost_plan""]",Top 5 nhóm chi phí đóng góp nhiều nhất vào tổng chi phí kế hoạch,,"SELECT cost_group, SUM(expected_cost_value) AS total_cost 
FROM hive.bi_silver.finance_cost_plan 
GROUP BY cost_group 
ORDER BY total_cost DESC 
LIMIT 5"
259,84,Tổng chi phí kế hoạch theo quý và loại tiền tệ,-,-,biz,"[""finance_cost_plan""]",Tổng chi phí kế hoạch theo quý và loại tiền tệ,,"SELECT date_trunc('quarter', plan_date) AS quarter, currency_code, SUM(expected_cost_value) AS total_expected_cost 
FROM hive.bi_silver.finance_cost_plan 
GROUP BY date_trunc('quarter', plan_date), currency_code 
ORDER BY quarter"
260,85,Chi phí kế hoạch trung bình theo nhóm chi phí và quý,-,-,biz,"[""finance_cost_plan""]",Chi phí kế hoạch trung bình theo nhóm chi phí và quý,,"SELECT date_trunc('quarter', plan_date) AS quarter,
       cost_group,
       AVG(expected_cost_value) AS avg_expected_cost
FROM hive.bi_silver.finance_cost_plan
GROUP BY date_trunc('quarter', plan_date), cost_group
ORDER BY quarter"
261,86,Tháng có chi phí kế hoạch cao nhất trong từng năm,-,-,biz,"[""finance_cost_plan""]",Tháng có chi phí kế hoạch cao nhất trong từng năm,,"WITH monthly_cost AS (
    SELECT
        year(plan_date) AS year,
        date_trunc('month', plan_date) AS month,
        SUM(expected_cost_value) AS total_cost
    FROM hive.bi_silver.finance_cost_plan
    GROUP BY
        year(plan_date),
        date_trunc('month', plan_date)
)
SELECT
    year,
    month,
    total_cost
FROM (
    SELECT
        *,
        RANK() OVER (PARTITION BY year ORDER BY total_cost DESC) AS rnk
    FROM monthly_cost
) t
WHERE rnk = 1"
262,87,Tháng có chi phí kế hoạch thấp nhất trong từng năm,-,-,biz,"[""finance_cost_plan""]",Tháng có chi phí kế hoạch thấp nhất trong từng năm,,"WITH monthly_cost AS (
    SELECT
        year(plan_date) AS year,
        date_trunc('month', plan_date) AS month,
        SUM(expected_cost_value) AS total_cost
    FROM hive.bi_silver.finance_cost_plan
    GROUP BY
        year(plan_date),
        date_trunc('month', plan_date)
)
SELECT
    year,
    month,
    total_cost
FROM (
    SELECT
        *,
        RANK() OVER (PARTITION BY year ORDER BY total_cost ASC) AS rnk
    FROM monthly_cost
) t
WHERE rnk = 1"
263,88,Độ biến động chi phí kế hoạch theo nhóm chi phí,-,-,biz,"[""finance_cost_plan""]",Độ biến động chi phí kế hoạch theo nhóm chi phí,,"SELECT cost_group, STDDEV(expected_cost_value) AS cost_volatility 
FROM hive.bi_silver.finance_cost_plan 
GROUP BY cost_group 
ORDER BY cost_volatility DESC"
264,89,Tổng chi phí kế hoạch của top 20 phần trăm nhóm chi phí lớn nhất,-,-,biz,"[""finance_cost_plan""]",Tổng chi phí kế hoạch của top 20 phần trăm nhóm chi phí lớn nhất,,"WITH group_cost AS (
    SELECT
        cost_group,
        SUM(expected_cost_value) AS total_cost
    FROM hive.bi_silver.finance_cost_plan
    GROUP BY cost_group
),
ranked AS (
    SELECT
        *,
        NTILE(5) OVER (ORDER BY total_cost DESC) AS tile
    FROM group_cost
)
SELECT
    SUM(total_cost) AS top20_cost
FROM ranked
WHERE tile = 1"
265,90,Chi phí kế hoạch trung bình của top 10 nhóm chi phí lớn nhất,-,-,biz,"[""finance_cost_plan""]",Chi phí kế hoạch trung bình của top 10 nhóm chi phí lớn nhất,,"WITH group_cost AS (
    SELECT
        cost_group,
        SUM(expected_cost_value) AS total_cost
    FROM hive.bi_silver.finance_cost_plan
    GROUP BY cost_group
    ORDER BY total_cost DESC
    LIMIT 10
)
SELECT
    AVG(total_cost) AS avg_top10_cost
FROM group_cost"
266,91,Ngày có chi phí kế hoạch cao nhất trong toàn bộ dữ liệu,-,-,biz,"[""finance_cost_plan""]",Ngày có chi phí kế hoạch cao nhất trong toàn bộ dữ liệu,,"SELECT plan_date, SUM(expected_cost_value) AS total_cost
FROM hive.bi_silver.finance_cost_plan
GROUP BY plan_date
ORDER BY total_cost DESC
LIMIT 1"
267,92,Ngày có chi phí kế hoạch thấp nhất trong toàn bộ dữ liệu,-,-,biz,"[""finance_cost_plan""]",Ngày có chi phí kế hoạch thấp nhất trong toàn bộ dữ liệu,,"SELECT plan_date, SUM(expected_cost_value) AS total_cost 
FROM hive.bi_silver.finance_cost_plan 
GROUP BY plan_date 
ORDER BY total_cost ASC 
LIMIT 1"
268,93,Số lượng nhóm chi phí xuất hiện trong từng quý,-,-,biz,"[""finance_cost_plan""]",Số lượng nhóm chi phí xuất hiện trong từng quý,,"SELECT date_trunc('quarter', plan_date) AS quarter,
       COUNT(DISTINCT cost_group) AS cost_group_count
FROM hive.bi_silver.finance_cost_plan
GROUP BY date_trunc('quarter', plan_date)
ORDER BY quarter"
269,94,Chi phí kế hoạch trung bình theo ngày trong tháng,-,-,biz,"[""finance_cost_plan""]",Chi phí kế hoạch trung bình theo ngày trong tháng,,"SELECT day(plan_date) AS day_of_month, AVG(expected_cost_value) AS avg_expected_cost FROM hive.bi_silver.finance_cost_plan GROUP BY day(plan_date) ORDER BY day_of_month"
270,95,Tổng chi phí kế hoạch của 50 phần trăm nhóm chi phí lớn nhất,-,-,biz,"[""finance_cost_plan""]",Tổng chi phí kế hoạch của 50 phần trăm nhóm chi phí lớn nhất,,"WITH group_cost AS (
    SELECT
        cost_group,
        SUM(expected_cost_value) AS total_cost
    FROM hive.bi_silver.finance_cost_plan
    GROUP BY cost_group
),
ranked AS (
    SELECT
        *,
        NTILE(2) OVER (ORDER BY total_cost DESC) AS tile
    FROM group_cost
)
SELECT
    SUM(total_cost) AS top50_cost
FROM ranked
WHERE tile = 1"
271,96,Chi phí kế hoạch trung bình theo tháng của năm gần nhất,-,-,biz,"[""finance_cost_plan""]",Chi phí kế hoạch trung bình theo tháng của năm gần nhất,,"WITH latest_year AS (
    SELECT MAX(YEAR(plan_date)) AS y
    FROM hive.bi_silver.finance_cost_plan
)
SELECT MONTH(plan_date) AS month,
       AVG(expected_cost_value) AS avg_expected_cost
FROM hive.bi_silver.finance_cost_plan
CROSS JOIN latest_year
WHERE YEAR(plan_date) = y
GROUP BY MONTH(plan_date)
ORDER BY month"
272,97,Tổng chi phí kế hoạch theo tháng của năm gần nhất,-,-,biz,"[""finance_cost_plan""]",Tổng chi phí kế hoạch theo tháng của năm gần nhất,,"WITH latest_year AS (
    SELECT MAX(YEAR(plan_date)) AS y
    FROM hive.bi_silver.finance_cost_plan
)
SELECT
    MONTH(plan_date) AS month,
    SUM(expected_cost_value) AS total_expected_cost
FROM hive.bi_silver.finance_cost_plan
CROSS JOIN latest_year
WHERE YEAR(plan_date) = y
GROUP BY MONTH(plan_date)
ORDER BY month"
273,98,Chi phí kế hoạch trung bình của từng nhóm chi phí trong năm gần nhất,-,-,biz,"[""finance_cost_plan""]",Chi phí kế hoạch trung bình của từng nhóm chi phí trong năm gần nhất,,"WITH latest_year AS (
    SELECT MAX(year(plan_date)) AS y
    FROM hive.bi_silver.finance_cost_plan
)
SELECT
    cost_group,
    AVG(expected_cost_value) AS avg_expected_cost
FROM hive.bi_silver.finance_cost_plan
CROSS JOIN latest_year
WHERE year(plan_date) = y
GROUP BY cost_group
ORDER BY avg_expected_cost DESC"
274,99,Tổng chi phí kế hoạch theo nhóm chi phí trong năm gần nhất,-,-,biz,"[""finance_cost_plan""]",Tổng chi phí kế hoạch theo nhóm chi phí trong năm gần nhất,,"WITH latest_year AS (
    SELECT MAX(year(plan_date)) AS y
    FROM hive.bi_silver.finance_cost_plan
)
SELECT
    cost_group,
    SUM(expected_cost_value) AS total_expected_cost
FROM hive.bi_silver.finance_cost_plan
CROSS JOIN latest_year
WHERE year(plan_date) = y
GROUP BY cost_group
ORDER BY total_expected_cost DESC"
275,100,Tháng có mức tăng chi phí kế hoạch lớn nhất trong năm gần nhất,-,-,biz,"[""finance_cost_plan""]",Tháng có mức tăng chi phí kế hoạch lớn nhất trong năm gần nhất,,"WITH latest_year AS (
    SELECT MAX(year(plan_date)) AS y
    FROM hive.bi_silver.finance_cost_plan
), monthly_cost AS (
    SELECT
        date_trunc('month', plan_date) AS month,
        SUM(expected_cost_value) AS monthly_cost
    FROM hive.bi_silver.finance_cost_plan
    CROSS JOIN latest_year
    WHERE year(plan_date) = y
    GROUP BY date_trunc('month', plan_date)
)
SELECT
    month,
    monthly_cost - LAG(monthly_cost) OVER (ORDER BY month) AS increase_value
FROM monthly_cost
ORDER BY increase_value DESC
LIMIT 1"
276,1,Tổng kế hoạch doanh thu (plan_nice) theo nhóm sản phẩm,-,-,biz,"[""finance_product_revenue_plan""]",Tổng kế hoạch doanh thu (plan_nice) theo nhóm sản phẩm,,"SELECT product_group, SUM(plan_nice_amount) AS total_plan_nice 
FROM hive.bi_silver.finance_product_revenue_plan 
GROUP BY product_group 
ORDER BY total_plan_nice DESC"
277,2,Tổng kế hoạch doanh thu bắt buộc (plan_must) theo nhóm sản phẩm,-,-,biz,"[""finance_product_revenue_plan""]",Tổng kế hoạch doanh thu bắt buộc (plan_must) theo nhóm sản phẩm,,"SELECT product_group, SUM(plan_must_amount) AS total_plan_must
FROM hive.bi_silver.finance_product_revenue_plan
GROUP BY product_group
ORDER BY total_plan_must DESC"
278,3,Xu hướng kế hoạch doanh thu theo tháng,-,-,biz,"[""finance_product_revenue_plan""]",Xu hướng kế hoạch doanh thu theo tháng,,"SELECT date_trunc('month', plan_date) AS month, SUM(plan_nice_amount) AS total_plan_nice FROM hive.bi_silver.finance_product_revenue_plan GROUP BY date_trunc('month', plan_date) ORDER BY month"
279,4,Tổng kế hoạch doanh thu theo tháng và nhóm sản phẩm,-,-,biz,"[""finance_product_revenue_plan""]",Tổng kế hoạch doanh thu theo tháng và nhóm sản phẩm,,"SELECT date_trunc('month', plan_date) AS month,
       product_group,
       SUM(plan_nice_amount) AS total_plan_nice
FROM hive.bi_silver.finance_product_revenue_plan
GROUP BY date_trunc('month', plan_date), product_group
ORDER BY month"
280,5,Top 10 sản phẩm có kế hoạch doanh thu cao nhất,-,-,biz,"[""finance_product_revenue_plan""]",Top 10 sản phẩm có kế hoạch doanh thu cao nhất,,"SELECT product_name, SUM(plan_nice_amount) AS total_plan_nice
FROM hive.bi_silver.finance_product_revenue_plan
GROUP BY product_name
ORDER BY total_plan_nice DESC
LIMIT 10"
281,6,Tỷ trọng kế hoạch doanh thu của từng nhóm sản phẩm,-,-,biz,"[""finance_product_revenue_plan""]",Tỷ trọng kế hoạch doanh thu của từng nhóm sản phẩm,,"WITH total AS (
    SELECT SUM(plan_nice_amount) AS total_value
    FROM hive.bi_silver.finance_product_revenue_plan
)
SELECT
    product_group,
    SUM(plan_nice_amount) / t.total_value AS revenue_share
FROM hive.bi_silver.finance_product_revenue_plan
CROSS JOIN total t
GROUP BY product_group, t.total_value
ORDER BY revenue_share DESC"
282,7,Tổng kế hoạch doanh thu theo loại tiền tệ,-,-,biz,"[""finance_product_revenue_plan""]",Tổng kế hoạch doanh thu theo loại tiền tệ,,"SELECT currency_code, SUM(plan_nice_amount) AS total_plan_nice
FROM hive.bi_silver.finance_product_revenue_plan
GROUP BY currency_code
ORDER BY total_plan_nice DESC"
283,8,Top 5 tháng có kế hoạch doanh thu cao nhất,-,-,biz,"[""finance_product_revenue_plan""]",Top 5 tháng có kế hoạch doanh thu cao nhất,,"SELECT date_trunc('month', plan_date) AS month, SUM(plan_nice_amount) AS total_plan_nice FROM hive.bi_silver.finance_product_revenue_plan GROUP BY date_trunc('month', plan_date) ORDER BY total_plan_nice DESC LIMIT 5"
284,9,Top 5 sản phẩm có kế hoạch doanh thu thấp nhất,-,-,biz,"[""finance_product_revenue_plan""]",Top 5 sản phẩm có kế hoạch doanh thu thấp nhất,,"SELECT product_name, SUM(plan_nice_amount) AS total_plan_nice
FROM hive.bi_silver.finance_product_revenue_plan
GROUP BY product_name
ORDER BY total_plan_nice ASC
LIMIT 5"
285,10,So sánh tổng kế hoạch doanh thu giữa các nhóm sản phẩm,-,-,biz,"[""finance_product_revenue_plan""]",So sánh tổng kế hoạch doanh thu giữa các nhóm sản phẩm,,"SELECT product_group, SUM(plan_nice_amount) AS total_plan_nice
FROM hive.bi_silver.finance_product_revenue_plan
GROUP BY product_group
ORDER BY total_plan_nice DESC"
286,11,Số lượng sản phẩm có kế hoạch doanh thu theo từng nhóm sản phẩm,-,-,biz,"[""finance_product_revenue_plan""]",Số lượng sản phẩm có kế hoạch doanh thu theo từng nhóm sản phẩm,,"SELECT product_group, COUNT(DISTINCT product_name) AS product_count 
FROM hive.bi_silver.finance_product_revenue_plan 
GROUP BY product_group 
ORDER BY product_count DESC"
287,12,Tổng kế hoạch doanh thu theo danh mục sản phẩm (category_code),-,-,biz,"[""finance_product_revenue_plan""]",Tổng kế hoạch doanh thu theo danh mục sản phẩm (category_code),,"SELECT product_category_code, SUM(plan_nice_amount) AS total_plan_nice
FROM hive.bi_silver.finance_product_revenue_plan
GROUP BY product_category_code
ORDER BY total_plan_nice DESC"
288,13,Xu hướng kế hoạch doanh thu bắt buộc theo tháng,-,-,biz,"[""finance_product_revenue_plan""]",Xu hướng kế hoạch doanh thu bắt buộc theo tháng,,"SELECT date_trunc('month', plan_date) AS month, SUM(plan_must_amount) AS total_plan_must 
FROM hive.bi_silver.finance_product_revenue_plan 
GROUP BY date_trunc('month', plan_date) 
ORDER BY month"
289,14,Tỷ lệ giữa kế hoạch doanh thu nice và must theo nhóm sản phẩm,-,-,biz,"[""finance_product_revenue_plan""]",Tỷ lệ giữa kế hoạch doanh thu nice và must theo nhóm sản phẩm,,"SELECT product_group, SUM(plan_nice_amount)/NULLIF(SUM(plan_must_amount),0) AS nice_to_must_ratio FROM hive.bi_silver.finance_product_revenue_plan GROUP BY product_group ORDER BY nice_to_must_ratio DESC"
290,15,Ngày có tổng kế hoạch doanh thu cao nhất,-,-,biz,"[""finance_product_revenue_plan""]",Ngày có tổng kế hoạch doanh thu cao nhất,,"SELECT plan_date, SUM(plan_nice_amount) AS total_plan_nice
FROM hive.bi_silver.finance_product_revenue_plan
GROUP BY plan_date
ORDER BY total_plan_nice DESC
LIMIT 1"
291,16,Ngày có tổng kế hoạch doanh thu thấp nhất,-,-,biz,"[""finance_product_revenue_plan""]",Ngày có tổng kế hoạch doanh thu thấp nhất,,"SELECT plan_date, SUM(plan_nice_amount) AS total_plan_nice
FROM hive.bi_silver.finance_product_revenue_plan
GROUP BY plan_date
ORDER BY total_plan_nice ASC
LIMIT 1"
292,17,Tổng kế hoạch doanh thu theo sản phẩm và tháng,-,-,biz,"[""finance_product_revenue_plan""]",Tổng kế hoạch doanh thu theo sản phẩm và tháng,,"SELECT date_trunc('month', plan_date) AS month,
       product_name,
       SUM(plan_nice_amount) AS total_plan_nice
FROM hive.bi_silver.finance_product_revenue_plan
GROUP BY date_trunc('month', plan_date), product_name
ORDER BY month"
293,18,Tổng kế hoạch doanh thu theo nhóm sản phẩm và tiền tệ,-,-,biz,"[""finance_product_revenue_plan""]",Tổng kế hoạch doanh thu theo nhóm sản phẩm và tiền tệ,,"SELECT product_group, currency_code, SUM(plan_nice_amount) AS total_plan_nice
FROM hive.bi_silver.finance_product_revenue_plan
GROUP BY product_group, currency_code
ORDER BY total_plan_nice DESC"
294,19,Các tháng có kế hoạch doanh thu cao hơn trung bình toàn bộ dữ liệu,-,-,biz,"[""finance_product_revenue_plan""]",Các tháng có kế hoạch doanh thu cao hơn trung bình toàn bộ dữ liệu,,"WITH monthly_revenue AS (
    SELECT
        date_trunc('month', plan_date) AS month,
        SUM(plan_nice_amount) AS revenue
    FROM hive.bi_silver.finance_product_revenue_plan
    GROUP BY date_trunc('month', plan_date)
),
stats AS (
    SELECT AVG(revenue) AS avg_rev
    FROM monthly_revenue
)
SELECT month, revenue
FROM monthly_revenue
CROSS JOIN stats
WHERE revenue > avg_rev
ORDER BY revenue DESC"
295,20,Số lượng bản ghi kế hoạch doanh thu theo tháng,-,-,biz,"[""finance_product_revenue_plan""]",Số lượng bản ghi kế hoạch doanh thu theo tháng,,"SELECT date_trunc('month', plan_date) AS month, COUNT(*) AS record_count 
FROM hive.bi_silver.finance_product_revenue_plan 
GROUP BY date_trunc('month', plan_date) 
ORDER BY month"
296,21,Tổng kế hoạch doanh thu theo năm,-,-,biz,"[""finance_product_revenue_plan""]",Tổng kế hoạch doanh thu theo năm,,"SELECT year(plan_date) AS year, SUM(plan_nice_amount) AS total_plan_nice FROM hive.bi_silver.finance_product_revenue_plan GROUP BY year(plan_date) ORDER BY year"
297,22,Tổng kế hoạch doanh thu bắt buộc theo năm,-,-,biz,"[""finance_product_revenue_plan""]",Tổng kế hoạch doanh thu bắt buộc theo năm,,"SELECT year(plan_date) AS year, SUM(plan_must_amount) AS total_plan_must FROM hive.bi_silver.finance_product_revenue_plan GROUP BY year(plan_date) ORDER BY year"
298,23,Tổng kế hoạch doanh thu theo quý,-,-,biz,"[""finance_product_revenue_plan""]",Tổng kế hoạch doanh thu theo quý,,"SELECT date_trunc('quarter', plan_date) AS quarter,
       SUM(plan_nice_amount) AS total_plan_nice
FROM hive.bi_silver.finance_product_revenue_plan
GROUP BY date_trunc('quarter', plan_date)
ORDER BY quarter"
299,24,Tổng kế hoạch doanh thu theo năm và nhóm sản phẩm,-,-,biz,"[""finance_product_revenue_plan""]",Tổng kế hoạch doanh thu theo năm và nhóm sản phẩm,,"SELECT YEAR(plan_date) AS year, product_group, SUM(plan_nice_amount) AS total_plan_nice
FROM hive.bi_silver.finance_product_revenue_plan
GROUP BY YEAR(plan_date), product_group
ORDER BY year"
300,25,Sản phẩm có kế hoạch doanh thu cao nhất trong từng năm,-,-,biz,"[""finance_product_revenue_plan""]",Sản phẩm có kế hoạch doanh thu cao nhất trong từng năm,,"WITH yearly_product AS (
    SELECT
        year(plan_date) AS year,
        product_name,
        SUM(plan_nice_amount) AS total_revenue
    FROM hive.bi_silver.finance_product_revenue_plan
    GROUP BY year(plan_date), product_name
)
SELECT
    year,
    product_name,
    total_revenue
FROM (
    SELECT
        *,
        RANK() OVER (PARTITION BY year ORDER BY total_revenue DESC) AS rnk
    FROM yearly_product
) t
WHERE rnk = 1"
301,26,Sản phẩm có kế hoạch doanh thu thấp nhất trong từng năm,-,-,biz,"[""finance_product_revenue_plan""]",Sản phẩm có kế hoạch doanh thu thấp nhất trong từng năm,,"WITH yearly_product AS (
    SELECT
        year(plan_date) AS year,
        product_name,
        SUM(plan_nice_amount) AS total_revenue
    FROM hive.bi_silver.finance_product_revenue_plan
    GROUP BY year(plan_date), product_name
)
SELECT
    year,
    product_name,
    total_revenue
FROM (
    SELECT
        *,
        RANK() OVER (PARTITION BY year ORDER BY total_revenue ASC) AS rnk
    FROM yearly_product
) t
WHERE rnk = 1"
302,27,Tỷ trọng kế hoạch doanh thu của từng sản phẩm trong nhóm sản phẩm,-,-,biz,"[""finance_product_revenue_plan""]",Tỷ trọng kế hoạch doanh thu của từng sản phẩm trong nhóm sản phẩm,,"WITH group_total AS (
    SELECT
        product_group,
        SUM(plan_nice_amount) AS total_revenue
    FROM hive.bi_silver.finance_product_revenue_plan
    GROUP BY product_group
)
SELECT
    p.product_group,
    p.product_name,
    SUM(p.plan_nice_amount) / g.total_revenue AS revenue_share
FROM hive.bi_silver.finance_product_revenue_plan p
JOIN group_total g
    ON p.product_group = g.product_group
GROUP BY
    p.product_group,
    p.product_name,
    g.total_revenue
ORDER BY revenue_share DESC"
303,28,kế hoạch doanh thu trung bình theo nhóm sản phẩm,-,-,biz,"[""finance_product_revenue_plan""]",kế hoạch doanh thu trung bình theo nhóm sản phẩm,,"SELECT product_group, AVG(plan_nice_amount) AS avg_plan_nice
FROM hive.bi_silver.finance_product_revenue_plan
GROUP BY product_group
ORDER BY avg_plan_nice DESC"
304,29,kế hoạch doanh thu trung bình theo sản phẩm,-,-,biz,"[""finance_product_revenue_plan""]",kế hoạch doanh thu trung bình theo sản phẩm,,"SELECT product_name, AVG(plan_nice_amount) AS avg_plan_nice
FROM hive.bi_silver.finance_product_revenue_plan
GROUP BY product_name
ORDER BY avg_plan_nice DESC"
305,30,Số lượng bản ghi kế hoạch doanh thu theo năm,-,-,biz,"[""finance_product_revenue_plan""]",Số lượng bản ghi kế hoạch doanh thu theo năm,,"SELECT year(plan_date) AS year, COUNT(*) AS record_count FROM hive.bi_silver.finance_product_revenue_plan GROUP BY year(plan_date) ORDER BY year"
306,31,Số lượng sản phẩm có kế hoạch doanh thu trong từng năm,-,-,biz,"[""finance_product_revenue_plan""]",Số lượng sản phẩm có kế hoạch doanh thu trong từng năm,,"SELECT year(plan_date) AS year, COUNT(DISTINCT product_name) AS product_count FROM hive.bi_silver.finance_product_revenue_plan GROUP BY year(plan_date) ORDER BY year"
307,32,Tổng kế hoạch doanh thu theo sản phẩm và tiền tệ,-,-,biz,"[""finance_product_revenue_plan""]",Tổng kế hoạch doanh thu theo sản phẩm và tiền tệ,,"SELECT product_name, currency_code, SUM(plan_nice_amount) AS total_plan_nice
FROM hive.bi_silver.finance_product_revenue_plan
GROUP BY product_name, currency_code
ORDER BY total_plan_nice DESC"
308,33,Tổng kế hoạch doanh thu bắt buộc theo nhóm sản phẩm và tháng,-,-,biz,"[""finance_product_revenue_plan""]",Tổng kế hoạch doanh thu bắt buộc theo nhóm sản phẩm và tháng,,"SELECT date_trunc('month', plan_date) AS month, product_group, SUM(plan_must_amount) AS total_plan_must 
FROM hive.bi_silver.finance_product_revenue_plan 
GROUP BY date_trunc('month', plan_date), product_group 
ORDER BY month"
309,34,Chênh lệch giữa kế hoạch doanh thu nice và must theo nhóm sản phẩm,-,-,biz,"[""finance_product_revenue_plan""]",Chênh lệch giữa kế hoạch doanh thu nice và must theo nhóm sản phẩm,,"SELECT product_group, SUM(plan_nice_amount) - SUM(plan_must_amount) AS revenue_gap
FROM hive.bi_silver.finance_product_revenue_plan
GROUP BY product_group
ORDER BY revenue_gap DESC"
310,35,Tỷ lệ tăng trưởng kế hoạch doanh thu theo tháng,-,-,biz,"[""finance_product_revenue_plan""]",Tỷ lệ tăng trưởng kế hoạch doanh thu theo tháng,,"WITH monthly_revenue AS (
    SELECT
        date_trunc('month', plan_date) AS month,
        SUM(plan_nice_amount) AS revenue
    FROM hive.bi_silver.finance_product_revenue_plan
    GROUP BY date_trunc('month', plan_date)
)
SELECT
    month,
    revenue,
    revenue - LAG(revenue) OVER (ORDER BY month) AS mom_change
FROM monthly_revenue
ORDER BY month"
311,36,Tháng có mức tăng kế hoạch doanh thu lớn nhất,-,-,biz,"[""finance_product_revenue_plan""]",Tháng có mức tăng kế hoạch doanh thu lớn nhất,,"WITH monthly_revenue AS (
    SELECT
        date_trunc('month', plan_date) AS month,
        SUM(plan_nice_amount) AS revenue
    FROM hive.bi_silver.finance_product_revenue_plan
    GROUP BY date_trunc('month', plan_date)
)
SELECT
    month,
    revenue - LAG(revenue) OVER (ORDER BY month) AS increase_value
FROM monthly_revenue
ORDER BY increase_value DESC
LIMIT 1"
312,37,Tháng có mức giảm kế hoạch doanh thu lớn nhất,-,-,biz,"[""finance_product_revenue_plan""]",Tháng có mức giảm kế hoạch doanh thu lớn nhất,,"WITH monthly_revenue AS (
    SELECT
        date_trunc('month', plan_date) AS month,
        SUM(plan_nice_amount) AS revenue
    FROM hive.bi_silver.finance_product_revenue_plan
    GROUP BY date_trunc('month', plan_date)
)
SELECT
    month,
    revenue - LAG(revenue) OVER (ORDER BY month) AS decrease_value
FROM monthly_revenue
ORDER BY decrease_value ASC
LIMIT 1"
313,38,Độ biến động kế hoạch doanh thu theo nhóm sản phẩm,-,-,biz,"[""finance_product_revenue_plan""]",Độ biến động kế hoạch doanh thu theo nhóm sản phẩm,,"SELECT product_group, STDDEV(plan_nice_amount) AS revenue_volatility 
FROM hive.bi_silver.finance_product_revenue_plan 
GROUP BY product_group 
ORDER BY revenue_volatility DESC"
314,39,Các tháng có kế hoạch doanh thu cao hơn 150 phần trăm trung bình,-,-,biz,"[""finance_product_revenue_plan""]",Các tháng có kế hoạch doanh thu cao hơn 150 phần trăm trung bình,,"WITH monthly_revenue AS (
    SELECT
        date_trunc('month', plan_date) AS month,
        SUM(plan_nice_amount) AS revenue
    FROM hive.bi_silver.finance_product_revenue_plan
    GROUP BY date_trunc('month', plan_date)
),
stats AS (
    SELECT
        AVG(revenue) AS avg_revenue
    FROM monthly_revenue
)
SELECT
    month,
    revenue
FROM monthly_revenue
CROSS JOIN stats
WHERE revenue > 1.5 * avg_revenue
ORDER BY revenue DESC"
315,40,Tổng kế hoạch doanh thu theo nhóm sản phẩm trong năm gần nhất,-,-,biz,"[""finance_product_revenue_plan""]",Tổng kế hoạch doanh thu theo nhóm sản phẩm trong năm gần nhất,,"WITH latest_year AS (
    SELECT MAX(year(plan_date)) AS y
    FROM hive.bi_silver.finance_product_revenue_plan
)
SELECT
    product_group,
    SUM(plan_nice_amount) AS total_plan_nice
FROM hive.bi_silver.finance_product_revenue_plan
CROSS JOIN latest_year
WHERE year(plan_date) = y
GROUP BY product_group
ORDER BY total_plan_nice DESC"
316,1,Tổng kế hoạch doanh thu dự kiến theo tháng,-,-,biz,"[""finance_product_revenue_plan""]",Tổng kế hoạch doanh thu dự kiến theo tháng,,"SELECT date_trunc('month', plan_date) AS month,
       SUM(plan_nice_amount) AS total_revenue_plan
FROM hive.bi_silver.finance_product_revenue_plan
GROUP BY date_trunc('month', plan_date)
ORDER BY month"
317,2,Tổng kế hoạch doanh thu bắt buộc theo tháng,-,-,biz,"[""finance_product_revenue_plan""]",Tổng kế hoạch doanh thu bắt buộc theo tháng,,"SELECT date_trunc('month', plan_date) AS month, SUM(plan_must_amount) AS total_must_revenue_plan FROM hive.bi_silver.finance_product_revenue_plan GROUP BY date_trunc('month', plan_date) ORDER BY month"
318,3,Tổng kế hoạch doanh thu theo nhóm sản phẩm,-,-,biz,"[""finance_product_revenue_plan""]",Tổng kế hoạch doanh thu theo nhóm sản phẩm,,"SELECT product_group, SUM(plan_nice_amount) AS total_revenue_plan FROM hive.bi_silver.finance_product_revenue_plan GROUP BY product_group ORDER BY total_revenue_plan DESC"
319,4,Kế hoạch doanh thu dự kiến theo sản phẩm,-,-,biz,"[""finance_product_revenue_plan""]",Kế hoạch doanh thu dự kiến theo sản phẩm,,"SELECT product_name, SUM(plan_nice_amount) AS total_revenue_plan 
FROM hive.bi_silver.finance_product_revenue_plan 
GROUP BY product_name 
ORDER BY total_revenue_plan DESC"
320,5,Kế hoạch doanh thu dự kiến theo nhóm sản phẩm và tháng,-,-,biz,"[""finance_product_revenue_plan""]",Kế hoạch doanh thu dự kiến theo nhóm sản phẩm và tháng,,"SELECT date_trunc('month', plan_date) AS month, product_group, SUM(plan_nice_amount) AS revenue_plan 
FROM hive.bi_silver.finance_product_revenue_plan 
GROUP BY date_trunc('month', plan_date), product_group 
ORDER BY month"
321,6,Sản phẩm có kế hoạch doanh thu dự kiến cao nhất,-,-,biz,"[""finance_product_revenue_plan""]",Sản phẩm có kế hoạch doanh thu dự kiến cao nhất,,"SELECT product_name, SUM(plan_nice_amount) AS revenue_plan 
FROM hive.bi_silver.finance_product_revenue_plan 
GROUP BY product_name 
ORDER BY revenue_plan DESC 
LIMIT 1"
322,7,Sản phẩm có kế hoạch doanh thu dự kiến thấp nhất,-,-,biz,"[""finance_product_revenue_plan""]",Sản phẩm có kế hoạch doanh thu dự kiến thấp nhất,,"SELECT product_name, SUM(plan_nice_amount) AS revenue_plan
FROM hive.bi_silver.finance_product_revenue_plan
GROUP BY product_name
ORDER BY revenue_plan ASC
LIMIT 1"
323,8,Tỷ trọng kế hoạch doanh thu của từng nhóm sản phẩm,-,-,biz,"[""finance_product_revenue_plan""]",Tỷ trọng kế hoạch doanh thu của từng nhóm sản phẩm,,"WITH total AS (
    SELECT SUM(plan_nice_amount) AS total_plan
    FROM hive.bi_silver.finance_product_revenue_plan
)
SELECT
    product_group,
    SUM(plan_nice_amount) / total.total_plan AS revenue_plan_share
FROM hive.bi_silver.finance_product_revenue_plan
CROSS JOIN total
GROUP BY
    product_group,
    total.total_plan
ORDER BY revenue_plan_share DESC"
324,9,Tỷ trọng kế hoạch doanh thu của từng sản phẩm trong nhóm sản phẩm,-,-,biz,"[""finance_product_revenue_plan""]",Tỷ trọng kế hoạch doanh thu của từng sản phẩm trong nhóm sản phẩm,,"WITH group_total AS (
    SELECT
        product_group,
        SUM(plan_nice_amount) AS total_group_plan
    FROM hive.bi_silver.finance_product_revenue_plan
    GROUP BY product_group
)
SELECT
    p.product_group,
    p.product_name,
    SUM(p.plan_nice_amount) / g.total_group_plan AS share
FROM hive.bi_silver.finance_product_revenue_plan p
JOIN group_total g
    ON p.product_group = g.product_group
GROUP BY
    p.product_group,
    p.product_name,
    g.total_group_plan
ORDER BY share DESC"
325,10,Kế hoạch doanh thu trung bình theo nhóm sản phẩm,-,-,biz,"[""finance_product_revenue_plan""]",Kế hoạch doanh thu trung bình theo nhóm sản phẩm,,"SELECT product_group, AVG(plan_nice_amount) AS avg_revenue_plan 
FROM hive.bi_silver.finance_product_revenue_plan 
GROUP BY product_group 
ORDER BY avg_revenue_plan DESC"
326,11,Kế hoạch doanh thu trung bình theo sản phẩm,-,-,biz,"[""finance_product_revenue_plan""]",Kế hoạch doanh thu trung bình theo sản phẩm,,"SELECT product_name, AVG(plan_nice_amount) AS avg_revenue_plan 
FROM hive.bi_silver.finance_product_revenue_plan 
GROUP BY product_name 
ORDER BY avg_revenue_plan DESC"
327,12,Số lượng sản phẩm có kế hoạch doanh thu theo nhóm sản phẩm,-,-,biz,"[""finance_product_revenue_plan""]",Số lượng sản phẩm có kế hoạch doanh thu theo nhóm sản phẩm,,"SELECT product_group, COUNT(DISTINCT product_name) AS product_count 
FROM hive.bi_silver.finance_product_revenue_plan 
GROUP BY product_group 
ORDER BY product_count DESC"
328,13,Tổng kế hoạch doanh thu theo loại tiền tệ,-,-,biz,"[""finance_product_revenue_plan""]",Tổng kế hoạch doanh thu theo loại tiền tệ,,"SELECT currency_code, SUM(plan_nice_amount) AS total_revenue_plan
FROM hive.bi_silver.finance_product_revenue_plan
GROUP BY currency_code
ORDER BY total_revenue_plan DESC"
329,14,Kế hoạch doanh thu bắt buộc theo nhóm sản phẩm,-,-,biz,"[""finance_product_revenue_plan""]",Kế hoạch doanh thu bắt buộc theo nhóm sản phẩm,,"SELECT product_group, SUM(plan_must_amount) AS total_must_plan FROM hive.bi_silver.finance_product_revenue_plan GROUP BY product_group ORDER BY total_must_plan DESC"
330,15,Chênh lệch giữa kế hoạch doanh thu dự kiến và kế hoạch doanh thu bắt buộc theo sản phẩm,-,-,biz,"[""finance_product_revenue_plan""]",Chênh lệch giữa kế hoạch doanh thu dự kiến và kế hoạch doanh thu bắt buộc theo sản phẩm,,"SELECT product_name, SUM(plan_nice_amount) - SUM(plan_must_amount) AS revenue_plan_gap
FROM hive.bi_silver.finance_product_revenue_plan
GROUP BY product_name
ORDER BY revenue_plan_gap DESC"
331,16,Kế hoạch doanh thu theo quý,-,-,biz,"[""finance_product_revenue_plan""]",Kế hoạch doanh thu theo quý,,"SELECT date_trunc('quarter', plan_date) AS quarter,
       SUM(plan_nice_amount) AS total_revenue_plan
FROM hive.bi_silver.finance_product_revenue_plan
GROUP BY date_trunc('quarter', plan_date)
ORDER BY quarter"
332,17,Nhóm sản phẩm có kế hoạch doanh thu dự kiến lớn nhất trong từng tháng,-,-,biz,"[""finance_product_revenue_plan""]",Nhóm sản phẩm có kế hoạch doanh thu dự kiến lớn nhất trong từng tháng,,"WITH monthly_group AS (
    SELECT
        date_trunc('month', plan_date) AS month,
        product_group,
        SUM(plan_nice_amount) AS revenue_plan
    FROM hive.bi_silver.finance_product_revenue_plan
    GROUP BY date_trunc('month', plan_date), product_group
)
SELECT
    month,
    product_group,
    revenue_plan
FROM (
    SELECT
        *,
        RANK() OVER (PARTITION BY month ORDER BY revenue_plan DESC) rnk
    FROM monthly_group
) t
WHERE rnk = 1"
333,18,Các tháng có kế hoạch doanh thu dự kiến cao bất thường so với trung bình,-,-,biz,"[""finance_product_revenue_plan""]",Các tháng có kế hoạch doanh thu dự kiến cao bất thường so với trung bình,,"WITH monthly_plan AS (
    SELECT
        date_trunc('month', plan_date) AS month,
        SUM(plan_nice_amount) AS revenue_plan
    FROM hive.bi_silver.finance_product_revenue_plan
    GROUP BY date_trunc('month', plan_date)
),
stats AS (
    SELECT AVG(revenue_plan) AS avg_plan
    FROM monthly_plan
)
SELECT
    month,
    revenue_plan
FROM monthly_plan
CROSS JOIN stats
WHERE revenue_plan > 1.5 * avg_plan
ORDER BY revenue_plan DESC"
334,19,Xu hướng tăng giảm của kế hoạch doanh thu theo tháng,-,-,biz,"[""finance_product_revenue_plan""]",Xu hướng tăng giảm của kế hoạch doanh thu theo tháng,,"WITH monthly_plan AS (
    SELECT
        date_trunc('month', plan_date) AS month,
        SUM(plan_nice_amount) AS revenue_plan
    FROM hive.bi_silver.finance_product_revenue_plan
    GROUP BY date_trunc('month', plan_date)
)
SELECT
    month,
    revenue_plan,
    revenue_plan - LAG(revenue_plan) OVER (ORDER BY month) AS change_value
FROM monthly_plan
ORDER BY month"
335,20,Độ biến động của kế hoạch doanh thu theo nhóm sản phẩm,-,-,biz,"[""finance_product_revenue_plan""]",Độ biến động của kế hoạch doanh thu theo nhóm sản phẩm,,"SELECT product_group, STDDEV(plan_nice_amount) AS revenue_plan_volatility 
FROM hive.bi_silver.finance_product_revenue_plan 
GROUP BY product_group 
ORDER BY revenue_plan_volatility DESC"
336,21,Tỷ lệ bao phủ giữa kế hoạch doanh thu bắt buộc và kế hoạch doanh thu dự kiến theo sản phẩm,-,-,biz,"[""finance_product_revenue_plan""]",Tỷ lệ bao phủ giữa kế hoạch doanh thu bắt buộc và kế hoạch doanh thu dự kiến theo sản phẩm,,"SELECT product_name, SUM(plan_must_amount)/NULLIF(SUM(plan_nice_amount),0) AS must_coverage_ratio FROM hive.bi_silver.finance_product_revenue_plan GROUP BY product_name ORDER BY must_coverage_ratio DESC"
337,22,Tỷ lệ bao phủ giữa kế hoạch doanh thu bắt buộc và kế hoạch doanh thu dự kiến theo nhóm sản phẩm,-,-,biz,"[""finance_product_revenue_plan""]",Tỷ lệ bao phủ giữa kế hoạch doanh thu bắt buộc và kế hoạch doanh thu dự kiến theo nhóm sản phẩm,,"SELECT product_group, SUM(plan_must_amount)/NULLIF(SUM(plan_nice_amount),0) AS must_coverage_ratio FROM hive.bi_silver.finance_product_revenue_plan GROUP BY product_group ORDER BY must_coverage_ratio DESC"
338,23,Các sản phẩm có kế hoạch doanh thu dự kiến cao hơn 2 lần mức trung bình của toàn bộ sản phẩm,-,-,biz,"[""finance_product_revenue_plan""]",Các sản phẩm có kế hoạch doanh thu dự kiến cao hơn 2 lần mức trung bình của toàn bộ sản phẩm,,"WITH product_plan AS (
    SELECT
        product_name,
        SUM(plan_nice_amount) AS revenue_plan
    FROM hive.bi_silver.finance_product_revenue_plan
    GROUP BY product_name
),
stats AS (
    SELECT
        AVG(revenue_plan) AS avg_plan
    FROM product_plan
)
SELECT
    product_name,
    revenue_plan
FROM product_plan
CROSS JOIN stats
WHERE revenue_plan > 2 * avg_plan
ORDER BY revenue_plan DESC"
339,24,Các sản phẩm có kế hoạch doanh thu thấp hơn 50 phần trăm mức trung bình,-,-,biz,"[""finance_product_revenue_plan""]",Các sản phẩm có kế hoạch doanh thu thấp hơn 50 phần trăm mức trung bình,,"WITH product_plan AS (
    SELECT
        product_name,
        SUM(plan_nice_amount) AS revenue_plan
    FROM hive.bi_silver.finance_product_revenue_plan
    GROUP BY product_name
),
stats AS (
    SELECT
        AVG(revenue_plan) AS avg_plan
    FROM product_plan
)
SELECT
    product_name,
    revenue_plan
FROM product_plan
CROSS JOIN stats
WHERE revenue_plan < 0.5 * avg_plan
ORDER BY revenue_plan"
340,25,Tỷ trọng kế hoạch doanh thu của 5 sản phẩm lớn nhất,-,-,biz,"[""finance_product_revenue_plan""]",Tỷ trọng kế hoạch doanh thu của 5 sản phẩm lớn nhất,,"WITH product_plan AS (
    SELECT 
        product_name,
        SUM(plan_nice_amount) AS revenue_plan
    FROM hive.bi_silver.finance_product_revenue_plan
    GROUP BY product_name
)

SELECT
    SUM(revenue_plan) /
    NULLIF((SELECT SUM(revenue_plan) FROM product_plan), 1) AS top5_share
FROM (
    SELECT revenue_plan
    FROM product_plan
    ORDER BY revenue_plan DESC
    LIMIT 5
) t"
341,26,Tỷ trọng kế hoạch doanh thu của 20 phần trăm sản phẩm có kế hoạch cao nhất,-,-,biz,"[""finance_product_revenue_plan""]",Tỷ trọng kế hoạch doanh thu của 20 phần trăm sản phẩm có kế hoạch cao nhất,,"WITH product_plan AS (
    SELECT product_name, SUM(plan_nice_amount) AS revenue_plan
    FROM hive.bi_silver.finance_product_revenue_plan
    GROUP BY product_name
),
ranked AS (
    SELECT *, NTILE(5) OVER (ORDER BY revenue_plan DESC) AS bucket
    FROM product_plan
)

SELECT
    SUM(revenue_plan) /
    NULLIF((SELECT SUM(revenue_plan) FROM product_plan), 0) AS top20_share
FROM ranked
WHERE bucket = 1"
342,27,Chỉ số tập trung kế hoạch doanh thu theo sản phẩm (HHI),-,-,biz,"[""finance_product_revenue_plan""]",Chỉ số tập trung kế hoạch doanh thu theo sản phẩm (HHI),,"WITH product_plan AS (
    SELECT
        product_name,
        SUM(plan_nice_amount) AS revenue_plan
    FROM hive.bi_silver.finance_product_revenue_plan
    GROUP BY product_name
),
total AS (
    SELECT
        SUM(revenue_plan) AS total_plan
    FROM product_plan
)
SELECT
    SUM(POWER(revenue_plan / total.total_plan, 2)) AS hhi_index
FROM product_plan
CROSS JOIN total"
343,28,Chỉ số tập trung kế hoạch doanh thu theo nhóm sản phẩm,-,-,biz,"[""finance_product_revenue_plan""]",Chỉ số tập trung kế hoạch doanh thu theo nhóm sản phẩm,,"WITH group_plan AS (
    SELECT product_group,
           SUM(plan_nice_amount) AS revenue_plan
    FROM hive.bi_silver.finance_product_revenue_plan
    GROUP BY product_group
),
total AS (
    SELECT SUM(revenue_plan) AS total_plan
    FROM group_plan
)
SELECT SUM(POWER(revenue_plan / total.total_plan, 2)) AS hhi_index
FROM group_plan
CROSS JOIN total"
344,29,Tháng có kế hoạch doanh thu dự kiến cao nhất trong toàn bộ dữ liệu,-,-,biz,"[""finance_product_revenue_plan""]",Tháng có kế hoạch doanh thu dự kiến cao nhất trong toàn bộ dữ liệu,,"SELECT date_trunc('month', plan_date) AS month, SUM(plan_nice_amount) AS revenue_plan FROM hive.bi_silver.finance_product_revenue_plan GROUP BY date_trunc('month', plan_date) ORDER BY revenue_plan DESC LIMIT 1"
345,30,Tháng có kế hoạch doanh thu dự kiến thấp nhất trong toàn bộ dữ liệu,-,-,biz,"[""finance_product_revenue_plan""]",Tháng có kế hoạch doanh thu dự kiến thấp nhất trong toàn bộ dữ liệu,,"SELECT date_trunc('month', plan_date) AS month,
       SUM(plan_nice_amount) AS revenue_plan
FROM hive.bi_silver.finance_product_revenue_plan
GROUP BY date_trunc('month', plan_date)
ORDER BY revenue_plan ASC
LIMIT 1"
346,31,Xác định xu hướng tăng trưởng kế hoạch doanh thu theo năm,-,-,biz,"[""finance_product_revenue_plan""]",Xác định xu hướng tăng trưởng kế hoạch doanh thu theo năm,,"WITH yearly_plan AS (
    SELECT
        YEAR(plan_date) AS year,
        SUM(plan_nice_amount) AS revenue_plan
    FROM hive.bi_silver.finance_product_revenue_plan
    GROUP BY YEAR(plan_date)
)
SELECT
    year,
    revenue_plan,
    revenue_plan - LAG(revenue_plan) OVER (ORDER BY year) AS yearly_change
FROM yearly_plan
ORDER BY year"
347,32,Tốc độ tăng trưởng kế hoạch doanh thu theo năm,-,-,biz,"[""finance_product_revenue_plan""]",Tốc độ tăng trưởng kế hoạch doanh thu theo năm,,"WITH yearly_plan AS (
    SELECT
        year(plan_date) AS year,
        SUM(plan_nice_amount) AS revenue_plan
    FROM hive.bi_silver.finance_product_revenue_plan
    GROUP BY year(plan_date)
)
SELECT
    year,
    (revenue_plan - LAG(revenue_plan) OVER (ORDER BY year)) / NULLIF(LAG(revenue_plan) OVER (ORDER BY year), 0) AS growth_rate
FROM yearly_plan
ORDER BY year"
348,33,Số lượng sản phẩm mới xuất hiện trong kế hoạch doanh thu theo năm,-,-,biz,"[""finance_product_revenue_plan""]",Số lượng sản phẩm mới xuất hiện trong kế hoạch doanh thu theo năm,,"WITH product_year AS (
    SELECT
        product_name,
        YEAR(plan_date) AS year
    FROM hive.bi_silver.finance_product_revenue_plan
    GROUP BY product_name, YEAR(plan_date)
),
first_year AS (
    SELECT
        product_name,
        MIN(year) AS first_year
    FROM product_year
    GROUP BY product_name
)
SELECT
    first_year AS year,
    COUNT(*) AS new_products
FROM first_year
GROUP BY first_year
ORDER BY year"
349,34,Tỷ trọng kế hoạch doanh thu của từng nhóm sản phẩm trong từng năm,-,-,biz,"[""finance_product_revenue_plan""]",Tỷ trọng kế hoạch doanh thu của từng nhóm sản phẩm trong từng năm,,"WITH yearly_total AS (
    SELECT year(plan_date) AS year,
           SUM(plan_nice_amount) AS total_plan
    FROM hive.bi_silver.finance_product_revenue_plan
    GROUP BY year(plan_date)
)
SELECT year(plan_date) AS year,
       product_group,
       SUM(plan_nice_amount) / y.total_plan AS share
FROM hive.bi_silver.finance_product_revenue_plan f
JOIN yearly_total y
  ON year(f.plan_date) = y.year
GROUP BY year(plan_date), product_group, y.total_plan
ORDER BY year"
350,35,Nhóm sản phẩm có kế hoạch doanh thu tăng nhanh nhất theo năm,-,-,biz,"[""finance_product_revenue_plan""]",Nhóm sản phẩm có kế hoạch doanh thu tăng nhanh nhất theo năm,,"WITH yearly_group AS (
    SELECT year(plan_date) AS year,
           product_group,
           SUM(plan_nice_amount) AS revenue_plan
    FROM hive.bi_silver.finance_product_revenue_plan
    GROUP BY year(plan_date), product_group
)
SELECT year,
       product_group,
       revenue_plan - LAG(revenue_plan) OVER (PARTITION BY product_group ORDER BY year) AS growth
FROM yearly_group
ORDER BY growth DESC
LIMIT 10"
351,36,Nhóm sản phẩm có kế hoạch doanh thu giảm mạnh nhất theo năm,-,-,biz,"[""finance_product_revenue_plan""]",Nhóm sản phẩm có kế hoạch doanh thu giảm mạnh nhất theo năm,,"WITH yearly_group AS (
    SELECT year(plan_date) AS year,
           product_group,
           SUM(plan_nice_amount) AS revenue_plan
    FROM hive.bi_silver.finance_product_revenue_plan
    GROUP BY year(plan_date), product_group
)
SELECT year,
       product_group,
       revenue_plan - LAG(revenue_plan) OVER (PARTITION BY product_group ORDER BY year) AS change_value
FROM yearly_group
ORDER BY change_value ASC
LIMIT 10"
352,37,Độ lệch chuẩn của kế hoạch doanh thu theo sản phẩm,-,-,biz,"[""finance_product_revenue_plan""]",Độ lệch chuẩn của kế hoạch doanh thu theo sản phẩm,,"SELECT product_name, STDDEV(plan_nice_amount) AS revenue_plan_stddev 
FROM hive.bi_silver.finance_product_revenue_plan 
GROUP BY product_name 
ORDER BY revenue_plan_stddev DESC"
353,38,Các tháng có kế hoạch doanh thu thấp bất thường so với trung bình,-,-,biz,"[""finance_product_revenue_plan""]",Các tháng có kế hoạch doanh thu thấp bất thường so với trung bình,,"WITH monthly_plan AS (
    SELECT
        date_trunc('month', plan_date) AS month,
        SUM(plan_nice_amount) AS revenue_plan
    FROM hive.bi_silver.finance_product_revenue_plan
    GROUP BY date_trunc('month', plan_date)
),
stats AS (
    SELECT AVG(revenue_plan) AS avg_plan
    FROM monthly_plan
)
SELECT
    month,
    revenue_plan
FROM monthly_plan
CROSS JOIN stats
WHERE revenue_plan < 0.5 * avg_plan
ORDER BY revenue_plan"
354,39,Tổng kế hoạch doanh thu của 3 nhóm sản phẩm lớn nhất,-,-,biz,"[""finance_product_revenue_plan""]",Tổng kế hoạch doanh thu của 3 nhóm sản phẩm lớn nhất,,"SELECT product_group, SUM(plan_nice_amount) AS revenue_plan
FROM hive.bi_silver.finance_product_revenue_plan
GROUP BY product_group
ORDER BY revenue_plan DESC
LIMIT 3"
355,40,Tổng kế hoạch doanh thu của các sản phẩm thuộc nhóm TELECOM SECURITY,-,-,biz,"[""finance_product_revenue_plan""]",Tổng kế hoạch doanh thu của các sản phẩm thuộc nhóm TELECOM SECURITY,,"SELECT product_name, SUM(plan_nice_amount) AS revenue_plan
FROM hive.bi_silver.finance_product_revenue_plan
WHERE LOWER(product_group) = LOWER('TELECOM SECURITY (SP An ninh Viễn thông)')
GROUP BY product_name
ORDER BY revenue_plan DESC"
356,41,Xu hướng kế hoạch doanh thu trung bình 3 tháng gần nhất,-,-,biz,"[""finance_product_revenue_plan""]",Xu hướng kế hoạch doanh thu trung bình 3 tháng gần nhất,,"WITH monthly_plan AS (
    SELECT
        date_trunc('month', plan_date) AS month,
        SUM(plan_nice_amount) AS revenue_plan
    FROM hive.bi_silver.finance_product_revenue_plan
    GROUP BY date_trunc('month', plan_date)
)
SELECT
    month,
    AVG(revenue_plan) OVER (
        ORDER BY month
        ROWS BETWEEN 2 PRECEDING AND CURRENT ROW
    ) AS rolling_3m_avg_plan
FROM monthly_plan
ORDER BY month"
357,42,Xu hướng kế hoạch doanh thu trung bình 6 tháng gần nhất,-,-,biz,"[""finance_product_revenue_plan""]",Xu hướng kế hoạch doanh thu trung bình 6 tháng gần nhất,,"WITH monthly_plan AS (
    SELECT
        date_trunc('month', plan_date) AS month,
        SUM(plan_nice_amount) AS revenue_plan
    FROM hive.bi_silver.finance_product_revenue_plan
    GROUP BY date_trunc('month', plan_date)
)
SELECT
    month,
    AVG(revenue_plan) OVER (
        ORDER BY month
        ROWS BETWEEN 5 PRECEDING AND CURRENT ROW
    ) AS rolling_6m_avg_plan
FROM monthly_plan
ORDER BY month"
358,43,Chỉ số mùa vụ của kế hoạch doanh thu theo tháng trong năm,-,-,biz,"[""finance_product_revenue_plan""]",Chỉ số mùa vụ của kế hoạch doanh thu theo tháng trong năm,,"WITH monthly_plan AS (
    SELECT
        month(plan_date) AS month_of_year,
        SUM(plan_nice_amount) AS revenue_plan
    FROM hive.bi_silver.finance_product_revenue_plan
    GROUP BY month(plan_date)
), stats AS (
    SELECT AVG(revenue_plan) AS avg_plan
    FROM monthly_plan
)
SELECT
    month_of_year,
    revenue_plan / avg_plan AS seasonality_index
FROM monthly_plan
CROSS JOIN stats
ORDER BY month_of_year"
359,44,Tháng có chỉ số mùa vụ kế hoạch doanh thu cao nhất,-,-,biz,"[""finance_product_revenue_plan""]",Tháng có chỉ số mùa vụ kế hoạch doanh thu cao nhất,,"WITH monthly_plan AS (
    SELECT
        month(plan_date) AS month_of_year,
        SUM(plan_nice_amount) AS revenue_plan
    FROM hive.bi_silver.finance_product_revenue_plan
    GROUP BY month(plan_date)
),
stats AS (
    SELECT AVG(revenue_plan) AS avg_plan
    FROM monthly_plan
)
SELECT
    month_of_year,
    revenue_plan / avg_plan AS seasonality_index
FROM monthly_plan
CROSS JOIN stats
ORDER BY seasonality_index DESC
LIMIT 1"
360,45,Chỉ số ổn định của kế hoạch doanh thu theo sản phẩm (coefficient of variation),-,-,biz,"[""finance_product_revenue_plan""]",Chỉ số ổn định của kế hoạch doanh thu theo sản phẩm (coefficient of variation),,"SELECT product_name, STDDEV(plan_nice_amount)/NULLIF(AVG(plan_nice_amount),0) AS stability_index FROM hive.bi_silver.finance_product_revenue_plan GROUP BY product_name ORDER BY stability_index DESC"
361,46,Chỉ số ổn định kế hoạch doanh thu theo nhóm sản phẩm,-,-,biz,"[""finance_product_revenue_plan""]",Chỉ số ổn định kế hoạch doanh thu theo nhóm sản phẩm,,"SELECT product_group, CAST(STDDEV(plan_nice_amount) AS DOUBLE) / NULLIF(AVG(plan_nice_amount), 0) AS stability_index FROM hive.bi_silver.finance_product_revenue_plan GROUP BY product_group ORDER BY stability_index DESC"
362,47,Sản phẩm có động lượng tăng trưởng kế hoạch doanh thu mạnh nhất trong 3 tháng gần nhất,-,-,biz,"[""finance_product_revenue_plan""]",Sản phẩm có động lượng tăng trưởng kế hoạch doanh thu mạnh nhất trong 3 tháng gần nhất,,"WITH monthly_product AS (
    SELECT
        date_trunc('month', plan_date) AS month,
        product_name,
        SUM(plan_nice_amount) AS revenue_plan
    FROM hive.bi_silver.finance_product_revenue_plan
    GROUP BY date_trunc('month', plan_date), product_name
),
growth AS (
    SELECT
        product_name,
        month,
        revenue_plan - LAG(revenue_plan) OVER (PARTITION BY product_name ORDER BY month) AS growth_value
    FROM monthly_product
)
SELECT
    product_name,
    SUM(growth_value) AS momentum
FROM growth
GROUP BY product_name
ORDER BY momentum DESC
LIMIT 10"
363,48,Sản phẩm có động lượng giảm kế hoạch doanh thu mạnh nhất,-,-,biz,"[""finance_product_revenue_plan""]",Sản phẩm có động lượng giảm kế hoạch doanh thu mạnh nhất,,"WITH monthly_product AS (
    SELECT
        date_trunc('month', plan_date) AS month,
        product_name,
        SUM(plan_nice_amount) AS revenue_plan
    FROM hive.bi_silver.finance_product_revenue_plan
    GROUP BY date_trunc('month', plan_date), product_name
),
growth AS (
    SELECT
        product_name,
        month,
        revenue_plan - LAG(revenue_plan) OVER (PARTITION BY product_name ORDER BY month) AS growth_value
    FROM monthly_product
)
SELECT
    product_name,
    SUM(growth_value) AS momentum
FROM growth
GROUP BY product_name
ORDER BY momentum ASC
LIMIT 10"
364,50,Tỷ lệ kế hoạch doanh thu của nhóm sản phẩm lớn nhất so với toàn bộ kế hoạch,-,-,biz,"[""finance_product_revenue_plan""]",Tỷ lệ kế hoạch doanh thu của nhóm sản phẩm lớn nhất so với toàn bộ kế hoạch,,"WITH group_plan AS (
    SELECT product_group, SUM(plan_nice_amount) AS revenue_plan
    FROM hive.bi_silver.finance_product_revenue_plan
    GROUP BY product_group
)

SELECT
    MAX(revenue_plan) /
    NULLIF(SUM(revenue_plan), 1) AS dominance_ratio
FROM group_plan"
365,51,Số lượng sản phẩm chiếm 50 phần trăm tổng kế hoạch doanh thu,-,-,biz,"[""finance_product_revenue_plan""]",Số lượng sản phẩm chiếm 50 phần trăm tổng kế hoạch doanh thu,,"WITH product_plan AS (
    SELECT
        product_name,
        SUM(plan_nice_amount) AS revenue_plan
    FROM hive.bi_silver.finance_product_revenue_plan
    GROUP BY product_name
),
ranked AS (
    SELECT
        product_name,
        revenue_plan,
        SUM(revenue_plan) OVER (ORDER BY revenue_plan DESC) AS cumulative_plan,
        SUM(revenue_plan) OVER () AS total_plan
    FROM product_plan
)
SELECT COUNT(*)
FROM ranked
WHERE cumulative_plan <= 0.5 * total_plan"
366,52,Số lượng sản phẩm chiếm 80 phần trăm tổng kế hoạch doanh thu,-,-,biz,"[""finance_product_revenue_plan""]",Số lượng sản phẩm chiếm 80 phần trăm tổng kế hoạch doanh thu,,"WITH product_plan AS (
    SELECT
        product_name,
        SUM(plan_nice_amount) AS revenue_plan
    FROM hive.bi_silver.finance_product_revenue_plan
    GROUP BY product_name
),
ranked AS (
    SELECT
        product_name,
        revenue_plan,
        SUM(revenue_plan) OVER (ORDER BY revenue_plan DESC) AS cumulative_plan,
        SUM(revenue_plan) OVER () AS total_plan
    FROM product_plan
)
SELECT COUNT(*)
FROM ranked
WHERE cumulative_plan <= 0.8 * total_plan"
367,53,Sản phẩm có kế hoạch doanh thu ổn định nhất theo thời gian,-,-,biz,"[""finance_product_revenue_plan""]",Sản phẩm có kế hoạch doanh thu ổn định nhất theo thời gian,,"SELECT product_name, STDDEV(plan_nice_amount) AS revenue_std
FROM hive.bi_silver.finance_product_revenue_plan
GROUP BY product_name
ORDER BY revenue_std ASC
LIMIT 10"
368,54,Sản phẩm có kế hoạch doanh thu biến động mạnh nhất theo thời gian,-,-,biz,"[""finance_product_revenue_plan""]",Sản phẩm có kế hoạch doanh thu biến động mạnh nhất theo thời gian,,"SELECT product_name, STDDEV(plan_nice_amount) AS revenue_std FROM hive.bi_silver.finance_product_revenue_plan GROUP BY product_name ORDER BY revenue_std DESC LIMIT 10"
369,55,Nhóm sản phẩm có tỷ lệ kế hoạch doanh thu bắt buộc cao nhất,-,-,biz,"[""finance_product_revenue_plan""]",Nhóm sản phẩm có tỷ lệ kế hoạch doanh thu bắt buộc cao nhất,,"SELECT product_group, SUM(plan_must_amount)/NULLIF(SUM(plan_nice_amount),0) AS must_ratio FROM hive.bi_silver.finance_product_revenue_plan GROUP BY product_group ORDER BY must_ratio DESC LIMIT 10"
370,56,Nhóm sản phẩm có tỷ lệ kế hoạch doanh thu bắt buộc thấp nhất,-,-,biz,"[""finance_product_revenue_plan""]",Nhóm sản phẩm có tỷ lệ kế hoạch doanh thu bắt buộc thấp nhất,,"SELECT product_group, SUM(plan_must_amount)/NULLIF(SUM(plan_nice_amount),0) AS must_ratio FROM hive.bi_silver.finance_product_revenue_plan GROUP BY product_group ORDER BY must_ratio ASC LIMIT 10"
371,57,Nhóm sản phẩm có động lượng tăng trưởng kế hoạch doanh thu cao nhất theo năm,-,-,biz,"[""finance_product_revenue_plan""]",Nhóm sản phẩm có động lượng tăng trưởng kế hoạch doanh thu cao nhất theo năm,,"WITH yearly_group AS (
    SELECT 
        year(plan_date) AS year,
        product_group,
        SUM(plan_nice_amount) AS revenue_plan
    FROM hive.bi_silver.finance_product_revenue_plan
    GROUP BY 1,2
)

SELECT
    product_group,
    SUM(growth) AS total_growth
FROM (
    SELECT
        product_group,
        revenue_plan -
        LAG(revenue_plan) OVER (
            PARTITION BY product_group 
            ORDER BY year
        ) AS growth
    FROM yearly_group
)
GROUP BY product_group
ORDER BY total_growth DESC
LIMIT 10"
372,58,Nhóm sản phẩm có động lượng giảm kế hoạch doanh thu mạnh nhất theo năm,-,-,biz,"[""finance_product_revenue_plan""]",Nhóm sản phẩm có động lượng giảm kế hoạch doanh thu mạnh nhất theo năm,,"WITH yearly_group AS (
    SELECT 
        year(plan_date) AS year,
        product_group,
        SUM(plan_nice_amount) AS revenue_plan
    FROM hive.bi_silver.finance_product_revenue_plan
    GROUP BY 1,2
)

SELECT
    product_group,
    SUM(change_value) AS total_change
FROM (
    SELECT
        product_group,
        revenue_plan -
        LAG(revenue_plan) OVER (
            PARTITION BY product_group
            ORDER BY year
        ) AS change_value
    FROM yearly_group
)
GROUP BY product_group
ORDER BY total_change ASC
LIMIT 10"
373,59,Tỷ lệ kế hoạch doanh thu của nhóm sản phẩm TELECOM SECURITY so với toàn bộ kế hoạch,-,-,biz,"[""finance_product_revenue_plan""]",Tỷ lệ kế hoạch doanh thu của nhóm sản phẩm TELECOM SECURITY so với toàn bộ kế hoạch,,"SELECT
    SUM(plan_nice_amount) /
    NULLIF(
        (SELECT SUM(plan_nice_amount)
         FROM hive.bi_silver.finance_product_revenue_plan),
        1) AS telecom_security_share
FROM hive.bi_silver.finance_product_revenue_plan
WHERE LOWER(product_group) = LOWER('TELECOM SECURITY (SP An ninh Viễn thông)')"
374,60,Tỷ lệ kế hoạch doanh thu của nhóm PROFESSIONAL SERVICE so với toàn bộ kế hoạch,-,-,biz,"[""finance_product_revenue_plan""]",Tỷ lệ kế hoạch doanh thu của nhóm PROFESSIONAL SERVICE so với toàn bộ kế hoạch,,"WITH total AS (
    SELECT SUM(plan_nice_amount) AS total_plan
    FROM hive.bi_silver.finance_product_revenue_plan
)
SELECT
    SUM(plan_nice_amount) / NULLIF(MAX(total_plan),0) AS professional_service_share
FROM hive.bi_silver.finance_product_revenue_plan
CROSS JOIN total
WHERE LOWER(product_group) = LOWER('PROFESSIONAL SERVICE (Dịch vụ ATTT chuyên sâu)')"
375,1,Tổng chi phí sản xuất phân bổ theo nhóm chi phí,-,-,biz,"[""finance_production_cost_allocations""]",Tổng chi phí sản xuất phân bổ theo nhóm chi phí,,"SELECT cost_group, SUM(base_currency_amount) AS total_cost 
FROM hive.bi_silver.finance_production_cost_allocations 
GROUP BY cost_group 
ORDER BY total_cost DESC"
376,2,Tổng chi phí sản xuất phân bổ theo thị trường,-,-,biz,"[""finance_production_cost_allocations""]",Tổng chi phí sản xuất phân bổ theo thị trường,,"SELECT market_name, SUM(base_currency_amount) AS total_cost FROM hive.bi_silver.finance_production_cost_allocations GROUP BY market_name ORDER BY total_cost DESC"
377,3,Tổng chi phí sản xuất phân bổ theo khu vực lãnh thổ,-,-,biz,"[""finance_production_cost_allocations""]",Tổng chi phí sản xuất phân bổ theo khu vực lãnh thổ,,"SELECT territory_name, SUM(base_currency_amount) AS total_cost 
FROM hive.bi_silver.finance_production_cost_allocations 
GROUP BY territory_name 
ORDER BY total_cost DESC"
378,4,Tổng chi phí sản xuất phân bổ theo danh mục chi phí,-,-,biz,"[""finance_production_cost_allocations""]",Tổng chi phí sản xuất phân bổ theo danh mục chi phí,,"SELECT product_category_code, SUM(base_currency_amount) AS total_cost 
FROM hive.bi_silver.finance_production_cost_allocations 
GROUP BY product_category_code 
ORDER BY total_cost DESC"
379,5,Xu hướng tổng chi phí sản xuất theo tháng,-,-,biz,"[""finance_production_cost_allocations""]",Xu hướng tổng chi phí sản xuất theo tháng,,"SELECT date_trunc('month', report_date) AS month,
       SUM(base_currency_amount) AS total_cost
FROM hive.bi_silver.finance_production_cost_allocations
GROUP BY date_trunc('month', report_date)
ORDER BY month"
380,6,Xu hướng tổng chi phí sản xuất theo năm,-,-,biz,"[""finance_production_cost_allocations""]",Xu hướng tổng chi phí sản xuất theo năm,,"SELECT year(report_date) AS year, SUM(base_currency_amount) AS total_cost FROM hive.bi_silver.finance_production_cost_allocations GROUP BY year(report_date) ORDER BY year"
381,7,Nhóm chi phí có tổng chi phí sản xuất cao nhất,-,-,biz,"[""finance_production_cost_allocations""]",Nhóm chi phí có tổng chi phí sản xuất cao nhất,,"SELECT cost_group, SUM(base_currency_amount) AS total_cost
FROM hive.bi_silver.finance_production_cost_allocations
GROUP BY cost_group
ORDER BY total_cost DESC
LIMIT 1"
382,8,Nhóm chi phí có tổng chi phí sản xuất thấp nhất,-,-,biz,"[""finance_production_cost_allocations""]",Nhóm chi phí có tổng chi phí sản xuất thấp nhất,,"SELECT cost_group, SUM(base_currency_amount) AS total_cost 
FROM hive.bi_silver.finance_production_cost_allocations 
GROUP BY cost_group 
ORDER BY total_cost ASC 
LIMIT 1"
383,9,Tỷ trọng chi phí sản xuất của từng nhóm chi phí so với tổng chi phí,-,-,biz,"[""finance_production_cost_allocations""]",Tỷ trọng chi phí sản xuất của từng nhóm chi phí so với tổng chi phí,,"WITH total AS (
    SELECT SUM(base_currency_amount) AS total_cost
    FROM hive.bi_silver.finance_production_cost_allocations
)
SELECT
    cost_group,
    SUM(base_currency_amount) / NULLIF(total.total_cost, 0) AS cost_share
FROM hive.bi_silver.finance_production_cost_allocations
CROSS JOIN total
GROUP BY
    cost_group,
    total.total_cost
ORDER BY
    cost_share DESC"
384,10,Tỷ trọng chi phí sản xuất của từng thị trường so với tổng chi phí,-,-,biz,"[""finance_production_cost_allocations""]",Tỷ trọng chi phí sản xuất của từng thị trường so với tổng chi phí,,"WITH total AS (
    SELECT SUM(base_currency_amount) AS total_cost
    FROM hive.bi_silver.finance_production_cost_allocations
)
SELECT
    market_name,
    SUM(base_currency_amount) / NULLIF(total.total_cost, 0) AS cost_share
FROM hive.bi_silver.finance_production_cost_allocations
CROSS JOIN total
GROUP BY market_name, total.total_cost
ORDER BY cost_share DESC"
385,11,Tổng chi phí sản xuất trung bình theo nhóm chi phí,-,-,biz,"[""finance_production_cost_allocations""]",Tổng chi phí sản xuất trung bình theo nhóm chi phí,,"SELECT cost_group, AVG(base_currency_amount) AS avg_cost
FROM hive.bi_silver.finance_production_cost_allocations
GROUP BY cost_group
ORDER BY avg_cost DESC"
386,12,Phân bố số lượng bản ghi chi phí sản xuất theo nhóm chi phí,-,-,biz,"[""finance_production_cost_allocations""]",Phân bố số lượng bản ghi chi phí sản xuất theo nhóm chi phí,,"SELECT cost_group, COUNT(*) AS record_count FROM hive.bi_silver.finance_production_cost_allocations GROUP BY cost_group ORDER BY record_count DESC"
387,13,Tổng chi phí sản xuất theo thị trường và nhóm chi phí,-,-,biz,"[""finance_production_cost_allocations""]",Tổng chi phí sản xuất theo thị trường và nhóm chi phí,,"SELECT market_name, cost_group, SUM(base_currency_amount) AS total_cost
FROM hive.bi_silver.finance_production_cost_allocations
GROUP BY market_name, cost_group
ORDER BY total_cost DESC"
388,14,Tổng chi phí sản xuất theo khu vực lãnh thổ và nhóm chi phí,-,-,biz,"[""finance_production_cost_allocations""]",Tổng chi phí sản xuất theo khu vực lãnh thổ và nhóm chi phí,,"SELECT territory_name, cost_group, SUM(base_currency_amount) AS total_cost 
FROM hive.bi_silver.finance_production_cost_allocations 
GROUP BY territory_name, cost_group 
ORDER BY total_cost DESC"
389,15,Sự thay đổi chi phí sản xuất theo tháng,-,-,biz,"[""finance_production_cost_allocations""]",Sự thay đổi chi phí sản xuất theo tháng,,"WITH monthly_cost AS (
    SELECT
        date_trunc('month', report_date) AS month,
        SUM(base_currency_amount) AS total_cost
    FROM hive.bi_silver.finance_production_cost_allocations
    GROUP BY date_trunc('month', report_date)
)
SELECT
    month,
    total_cost,
    total_cost - LAG(total_cost) OVER (ORDER BY month) AS monthly_change
FROM monthly_cost
ORDER BY month"
390,16,Tháng có tổng chi phí sản xuất cao nhất,-,-,biz,"[""finance_production_cost_allocations""]",Tháng có tổng chi phí sản xuất cao nhất,,"SELECT date_trunc('month', report_date) AS month, SUM(base_currency_amount) AS total_cost FROM hive.bi_silver.finance_production_cost_allocations GROUP BY date_trunc('month', report_date) ORDER BY total_cost DESC LIMIT 1"
391,17,Tháng có tổng chi phí sản xuất thấp nhất,-,-,biz,"[""finance_production_cost_allocations""]",Tháng có tổng chi phí sản xuất thấp nhất,,"SELECT date_trunc('month', report_date) AS month,
       SUM(base_currency_amount) AS total_cost
FROM hive.bi_silver.finance_production_cost_allocations
GROUP BY date_trunc('month', report_date)
ORDER BY total_cost ASC
LIMIT 1"
392,18,Các tháng có chi phí sản xuất cao bất thường so với trung bình,-,-,biz,"[""finance_production_cost_allocations""]",Các tháng có chi phí sản xuất cao bất thường so với trung bình,,"WITH monthly_cost AS (
    SELECT
        date_trunc('month', report_date) AS month,
        SUM(base_currency_amount) AS total_cost
    FROM hive.bi_silver.finance_production_cost_allocations
    GROUP BY date_trunc('month', report_date)
),
stats AS (
    SELECT
        AVG(total_cost) AS avg_cost
    FROM monthly_cost
)
SELECT
    month,
    total_cost
FROM monthly_cost
CROSS JOIN stats
WHERE total_cost > 1.5 * avg_cost
ORDER BY total_cost DESC"
393,19,Các tháng có chi phí sản xuất thấp bất thường so với trung bình,-,-,biz,"[""finance_production_cost_allocations""]",Các tháng có chi phí sản xuất thấp bất thường so với trung bình,,"WITH monthly_cost AS (
    SELECT
        date_trunc('month', report_date) AS month,
        SUM(base_currency_amount) AS total_cost
    FROM hive.bi_silver.finance_production_cost_allocations
    GROUP BY date_trunc('month', report_date)
),
stats AS (
    SELECT AVG(total_cost) AS avg_cost
    FROM monthly_cost
)
SELECT
    month,
    total_cost
FROM monthly_cost
CROSS JOIN stats
WHERE total_cost < 0.5 * avg_cost
ORDER BY total_cost"
394,20,Tỷ lệ chi phí sản xuất của Miền bắc so với Miền nam,-,-,biz,"[""finance_production_cost_allocations""]",Tỷ lệ chi phí sản xuất của Miền bắc so với Miền nam,,"WITH market_cost AS (
    SELECT market_name, SUM(base_currency_amount) AS total_cost
    FROM hive.bi_silver.finance_production_cost_allocations
    GROUP BY market_name
)
SELECT
    MAX(CASE WHEN LOWER(market_name) = LOWER('Miền bắc') THEN total_cost END) /
    NULLIF(MAX(CASE WHEN LOWER(market_name) = LOWER('Miền nam') THEN total_cost END), 0) AS north_vs_south_ratio
FROM market_cost"
395,21,Tổng chi phí sản xuất theo loại tiền tệ,-,-,biz,"[""finance_production_cost_allocations""]",Tổng chi phí sản xuất theo loại tiền tệ,,"SELECT currency_code, SUM(base_currency_amount) AS total_cost 
FROM hive.bi_silver.finance_production_cost_allocations 
GROUP BY currency_code 
ORDER BY total_cost DESC"
396,22,Tổng chi phí sản xuất theo mã chi phí,-,-,biz,"[""finance_production_cost_allocations""]",Tổng chi phí sản xuất theo mã chi phí,,"SELECT expense_code, SUM(base_currency_amount) AS total_cost 
FROM hive.bi_silver.finance_production_cost_allocations 
GROUP BY expense_code 
ORDER BY total_cost DESC"
397,23,Tổng chi phí sản xuất theo danh mục cũ,-,-,biz,"[""finance_production_cost_allocations""]",Tổng chi phí sản xuất theo danh mục cũ,,"SELECT old_category, SUM(base_currency_amount) AS total_cost 
FROM hive.bi_silver.finance_production_cost_allocations 
GROUP BY old_category 
ORDER BY total_cost DESC"
398,24,Tổng chi phí sản xuất theo thị trường và tháng,-,-,biz,"[""finance_production_cost_allocations""]",Tổng chi phí sản xuất theo thị trường và tháng,,"SELECT date_trunc('month', report_date) AS month,
       market_name,
       SUM(base_currency_amount) AS total_cost
FROM hive.bi_silver.finance_production_cost_allocations
GROUP BY date_trunc('month', report_date), market_name
ORDER BY month"
399,25,Tổng chi phí sản xuất theo khu vực và tháng,-,-,biz,"[""finance_production_cost_allocations""]",Tổng chi phí sản xuất theo khu vực và tháng,,"SELECT date_trunc('month', report_date) AS month, territory_name, SUM(base_currency_amount) AS total_cost 
FROM hive.bi_silver.finance_production_cost_allocations 
GROUP BY date_trunc('month', report_date), territory_name 
ORDER BY month"
400,26,Nhóm chi phí có tổng chi phí sản xuất lớn nhất theo từng thị trường,-,-,biz,"[""finance_production_cost_allocations""]",Nhóm chi phí có tổng chi phí sản xuất lớn nhất theo từng thị trường,,"WITH cost_data AS (
    SELECT
        market_name,
        cost_group,
        SUM(base_currency_amount) AS total_cost
    FROM hive.bi_silver.finance_production_cost_allocations
    GROUP BY market_name, cost_group
)
SELECT
    market_name,
    cost_group,
    total_cost
FROM (
    SELECT
        *,
        RANK() OVER (PARTITION BY market_name ORDER BY total_cost DESC) rnk
    FROM cost_data
) t
WHERE rnk = 1"
401,27,Nhóm chi phí có tổng chi phí sản xuất lớn nhất theo từng khu vực,-,-,biz,"[""finance_production_cost_allocations""]",Nhóm chi phí có tổng chi phí sản xuất lớn nhất theo từng khu vực,,"WITH cost_data AS (
    SELECT
        territory_name,
        cost_group,
        SUM(base_currency_amount) AS total_cost
    FROM hive.bi_silver.finance_production_cost_allocations
    GROUP BY territory_name, cost_group
)
SELECT
    territory_name,
    cost_group,
    total_cost
FROM (
    SELECT
        *,
        RANK() OVER (PARTITION BY territory_name ORDER BY total_cost DESC) rnk
    FROM cost_data
) t
WHERE rnk = 1"
402,28,Tỷ trọng chi phí sản xuất của từng nhóm chi phí trong từng thị trường,-,-,biz,"[""finance_production_cost_allocations""]",Tỷ trọng chi phí sản xuất của từng nhóm chi phí trong từng thị trường,,"WITH market_total AS (
    SELECT
        market_name,
        SUM(base_currency_amount) AS total_cost
    FROM hive.bi_silver.finance_production_cost_allocations
    GROUP BY market_name
)
SELECT
    f.market_name,
    f.cost_group,
    SUM(f.base_currency_amount) / NULLIF(m.total_cost, 0) AS cost_share
FROM hive.bi_silver.finance_production_cost_allocations f
JOIN market_total m
    ON f.market_name = m.market_name
GROUP BY
    f.market_name,
    f.cost_group,
    m.total_cost
ORDER BY cost_share DESC"
403,29,Tỷ trọng chi phí sản xuất của từng khu vực trong từng tháng,-,-,biz,"[""finance_production_cost_allocations""]",Tỷ trọng chi phí sản xuất của từng khu vực trong từng tháng,,"WITH monthly_total AS (
    SELECT 
        date_trunc('month', report_date) AS month,
        SUM(base_currency_amount) AS total_cost
    FROM hive.bi_silver.finance_production_cost_allocations
    GROUP BY date_trunc('month', report_date)
)

SELECT
    date_trunc('month', f.report_date) AS month,
    f.territory_name,
    SUM(f.base_currency_amount) / NULLIF(MAX(m.total_cost), 1) AS cost_share
FROM hive.bi_silver.finance_production_cost_allocations f
JOIN monthly_total m
    ON date_trunc('month', f.report_date) = m.month
GROUP BY
    date_trunc('month', f.report_date),
    f.territory_name
ORDER BY month"
404,30,Số lượng mã chi phí khác nhau trong từng nhóm chi phí,-,-,biz,"[""finance_production_cost_allocations""]",Số lượng mã chi phí khác nhau trong từng nhóm chi phí,,"SELECT cost_group, COUNT(DISTINCT expense_code) AS expense_code_count 
FROM hive.bi_silver.finance_production_cost_allocations 
GROUP BY cost_group 
ORDER BY expense_code_count DESC"
405,31,Số lượng danh mục chi phí khác nhau trong từng thị trường,-,-,biz,"[""finance_production_cost_allocations""]",Số lượng danh mục chi phí khác nhau trong từng thị trường,,"SELECT market_name, COUNT(DISTINCT product_category_code) AS category_count 
FROM hive.bi_silver.finance_production_cost_allocations 
GROUP BY market_name 
ORDER BY category_count DESC"
406,32,Chi phí sản xuất trung bình theo thị trường,-,-,biz,"[""finance_production_cost_allocations""]",Chi phí sản xuất trung bình theo thị trường,,"SELECT market_name, AVG(base_currency_amount) AS avg_cost 
FROM hive.bi_silver.finance_production_cost_allocations 
GROUP BY market_name 
ORDER BY avg_cost DESC"
407,33,Chi phí sản xuất trung bình theo khu vực,-,-,biz,"[""finance_production_cost_allocations""]",Chi phí sản xuất trung bình theo khu vực,,"SELECT territory_name, AVG(base_currency_amount) AS avg_cost 
FROM hive.bi_silver.finance_production_cost_allocations 
GROUP BY territory_name 
ORDER BY avg_cost DESC"
408,34,Top 5 mã chi phí có tổng chi phí sản xuất cao nhất,-,-,biz,"[""finance_production_cost_allocations""]",Top 5 mã chi phí có tổng chi phí sản xuất cao nhất,,"SELECT expense_code, SUM(base_currency_amount) AS total_cost 
FROM hive.bi_silver.finance_production_cost_allocations 
GROUP BY expense_code 
ORDER BY total_cost DESC 
LIMIT 5"
409,35,Top 5 danh mục chi phí có tổng chi phí sản xuất cao nhất,-,-,biz,"[""finance_production_cost_allocations""]",Top 5 danh mục chi phí có tổng chi phí sản xuất cao nhất,,"SELECT product_category_code, SUM(base_currency_amount) AS total_cost 
FROM hive.bi_silver.finance_production_cost_allocations 
GROUP BY product_category_code 
ORDER BY total_cost DESC 
LIMIT 5"
410,36,Xu hướng chi phí sản xuất trung bình theo tháng,-,-,biz,"[""finance_production_cost_allocations""]",Xu hướng chi phí sản xuất trung bình theo tháng,,"SELECT date_trunc('month', report_date) AS month,
       AVG(base_currency_amount) AS avg_cost
FROM hive.bi_silver.finance_production_cost_allocations
GROUP BY date_trunc('month', report_date)
ORDER BY month"
411,37,Mức biến động chi phí sản xuất theo nhóm chi phí,-,-,biz,"[""finance_production_cost_allocations""]",Mức biến động chi phí sản xuất theo nhóm chi phí,,"SELECT cost_group, STDDEV(base_currency_amount) AS cost_volatility 
FROM hive.bi_silver.finance_production_cost_allocations 
GROUP BY cost_group 
ORDER BY cost_volatility DESC"
412,38,Mức biến động chi phí sản xuất theo thị trường,-,-,biz,"[""finance_production_cost_allocations""]",Mức biến động chi phí sản xuất theo thị trường,,"SELECT market_name, STDDEV(base_currency_amount) AS cost_volatility 
FROM hive.bi_silver.finance_production_cost_allocations 
GROUP BY market_name 
ORDER BY cost_volatility DESC"
413,39,Các thị trường có chi phí sản xuất cao hơn 150 phần trăm mức trung bình,-,-,biz,"[""finance_production_cost_allocations""]",Các thị trường có chi phí sản xuất cao hơn 150 phần trăm mức trung bình,,"WITH market_cost AS (
    SELECT market_name, SUM(base_currency_amount) AS total_cost
    FROM hive.bi_silver.finance_production_cost_allocations
    GROUP BY market_name
), stats AS (
    SELECT AVG(total_cost) AS avg_cost
    FROM market_cost
)
SELECT market_name, total_cost
FROM market_cost
CROSS JOIN stats
WHERE total_cost > 1.5 * avg_cost
ORDER BY total_cost DESC"
414,40,Các thị trường có chi phí sản xuất thấp hơn 50 phần trăm mức trung bình,-,-,biz,"[""finance_production_cost_allocations""]",Các thị trường có chi phí sản xuất thấp hơn 50 phần trăm mức trung bình,,"WITH market_cost AS (
    SELECT
        market_name,
        SUM(base_currency_amount) AS total_cost
    FROM hive.bi_silver.finance_production_cost_allocations
    GROUP BY market_name
), stats AS (
    SELECT
        AVG(total_cost) AS avg_cost
    FROM market_cost
)
SELECT
    market_name,
    total_cost
FROM market_cost
CROSS JOIN stats
WHERE total_cost < 0.5 * avg_cost
ORDER BY total_cost"
415,41,Tổng chi phí sản xuất theo năm,-,-,biz,"[""finance_production_cost_allocations""]",Tổng chi phí sản xuất theo năm,,"SELECT year(report_date) AS year, SUM(base_currency_amount) AS total_cost FROM hive.bi_silver.finance_production_cost_allocations GROUP BY year(report_date) ORDER BY year"
416,42,Tổng chi phí sản xuất theo năm và thị trường,-,-,biz,"[""finance_production_cost_allocations""]",Tổng chi phí sản xuất theo năm và thị trường,,"SELECT YEAR(report_date) AS year,
       market_name,
       SUM(base_currency_amount) AS total_cost
FROM hive.bi_silver.finance_production_cost_allocations
GROUP BY YEAR(report_date), market_name
ORDER BY year"
417,43,Tổng chi phí sản xuất theo năm và nhóm chi phí,-,-,biz,"[""finance_production_cost_allocations""]",Tổng chi phí sản xuất theo năm và nhóm chi phí,,"SELECT YEAR(report_date) AS year, cost_group, SUM(base_currency_amount) AS total_cost 
FROM hive.bi_silver.finance_production_cost_allocations 
GROUP BY YEAR(report_date), cost_group 
ORDER BY year"
418,44,Nhóm chi phí có chi phí sản xuất trung bình cao nhất,-,-,biz,"[""finance_production_cost_allocations""]",Nhóm chi phí có chi phí sản xuất trung bình cao nhất,,"SELECT cost_group, AVG(base_currency_amount) AS avg_cost
FROM hive.bi_silver.finance_production_cost_allocations
GROUP BY cost_group
ORDER BY avg_cost DESC
LIMIT 5"
419,45,Thị trường có chi phí sản xuất trung bình cao nhất,-,-,biz,"[""finance_production_cost_allocations""]",Thị trường có chi phí sản xuất trung bình cao nhất,,"SELECT market_name, AVG(base_currency_amount) AS avg_cost
FROM hive.bi_silver.finance_production_cost_allocations
GROUP BY market_name
ORDER BY avg_cost DESC
LIMIT 5"
420,46,Khu vực có tổng chi phí sản xuất lớn nhất,-,-,biz,"[""finance_production_cost_allocations""]",Khu vực có tổng chi phí sản xuất lớn nhất,,"SELECT territory_name, SUM(base_currency_amount) AS total_cost 
FROM hive.bi_silver.finance_production_cost_allocations 
GROUP BY territory_name 
ORDER BY total_cost DESC 
LIMIT 5"
421,47,Tỷ trọng chi phí sản xuất của từng thị trường theo năm,-,-,biz,"[""finance_production_cost_allocations""]",Tỷ trọng chi phí sản xuất của từng thị trường theo năm,,"WITH yearly_total AS (
    SELECT 
        year(report_date) AS year,
        SUM(base_currency_amount) AS total_cost
    FROM hive.bi_silver.finance_production_cost_allocations
    GROUP BY year(report_date)
)
SELECT
    year(f.report_date) AS year,
    f.market_name,
    SUM(f.base_currency_amount) / NULLIF(MAX(y.total_cost),1) AS cost_share
FROM hive.bi_silver.finance_production_cost_allocations f
JOIN yearly_total y
    ON year(f.report_date) = y.year
GROUP BY
    year(f.report_date),
    f.market_name
ORDER BY year"
422,48,Tỷ trọng chi phí sản xuất của từng nhóm chi phí theo năm,-,-,biz,"[""finance_production_cost_allocations""]",Tỷ trọng chi phí sản xuất của từng nhóm chi phí theo năm,,"WITH yearly_total AS (
    SELECT 
        year(report_date) AS year,
        SUM(base_currency_amount) AS total_cost
    FROM hive.bi_silver.finance_production_cost_allocations
    GROUP BY year(report_date)
)
SELECT
    year(f.report_date) AS year,
    f.cost_group,
    SUM(f.base_currency_amount) / NULLIF(MAX(y.total_cost),0) AS cost_share
FROM hive.bi_silver.finance_production_cost_allocations f
JOIN yearly_total y
    ON year(f.report_date) = y.year
GROUP BY
    year(f.report_date),
    f.cost_group
ORDER BY year"
423,49,Số lượng mã chi phí theo từng thị trường,-,-,biz,"[""finance_production_cost_allocations""]",Số lượng mã chi phí theo từng thị trường,,"SELECT market_name, COUNT(DISTINCT expense_code) AS expense_count 
FROM hive.bi_silver.finance_production_cost_allocations 
GROUP BY market_name 
ORDER BY expense_count DESC"
424,50,Số lượng nhóm chi phí khác nhau theo từng khu vực,-,-,biz,"[""finance_production_cost_allocations""]",Số lượng nhóm chi phí khác nhau theo từng khu vực,,"SELECT territory_name, COUNT(DISTINCT cost_group) AS cost_group_count 
FROM hive.bi_silver.finance_production_cost_allocations 
GROUP BY territory_name 
ORDER BY cost_group_count DESC"
425,51,Tổng chi phí sản xuất tối đa theo từng thị trường,-,-,biz,"[""finance_production_cost_allocations""]",Tổng chi phí sản xuất tối đa theo từng thị trường,,"SELECT market_name, MAX(base_currency_amount) AS max_cost 
FROM hive.bi_silver.finance_production_cost_allocations 
GROUP BY market_name 
ORDER BY max_cost DESC"
426,52,Tổng chi phí sản xuất tối thiểu theo từng thị trường,-,-,biz,"[""finance_production_cost_allocations""]",Tổng chi phí sản xuất tối thiểu theo từng thị trường,,"SELECT market_name, MIN(base_currency_amount) AS min_cost 
FROM hive.bi_silver.finance_production_cost_allocations 
GROUP BY market_name 
ORDER BY min_cost"
427,53,Tổng chi phí sản xuất theo danh mục chi phí và tháng,-,-,biz,"[""finance_production_cost_allocations""]",Tổng chi phí sản xuất theo danh mục chi phí và tháng,,"SELECT date_trunc('month', report_date) AS month, product_category_code, SUM(base_currency_amount) AS total_cost 
FROM hive.bi_silver.finance_production_cost_allocations 
GROUP BY date_trunc('month', report_date), product_category_code 
ORDER BY month"
428,54,Xu hướng chi phí sản xuất theo mã chi phí theo tháng,-,-,biz,"[""finance_production_cost_allocations""]",Xu hướng chi phí sản xuất theo mã chi phí theo tháng,,"SELECT date_trunc('month', report_date) AS month, expense_code, SUM(base_currency_amount) AS total_cost 
FROM hive.bi_silver.finance_production_cost_allocations 
GROUP BY date_trunc('month', report_date), expense_code 
ORDER BY month"
429,55,Tổng chi phí sản xuất theo thị trường và nhóm chi phí,-,-,biz,"[""finance_production_cost_allocations""]",Tổng chi phí sản xuất theo thị trường và nhóm chi phí,,"SELECT market_name, cost_group, SUM(base_currency_amount) AS total_cost
FROM hive.bi_silver.finance_production_cost_allocations
GROUP BY market_name, cost_group
ORDER BY total_cost DESC"
430,56,Tổng chi phí sản xuất theo khu vực và nhóm chi phí,-,-,biz,"[""finance_production_cost_allocations""]",Tổng chi phí sản xuất theo khu vực và nhóm chi phí,,"SELECT territory_name, cost_group, SUM(base_currency_amount) AS total_cost 
FROM hive.bi_silver.finance_production_cost_allocations 
GROUP BY territory_name, cost_group 
ORDER BY total_cost DESC"
431,57,Mức độ biến động chi phí sản xuất theo mã chi phí,-,-,biz,"[""finance_production_cost_allocations""]",Mức độ biến động chi phí sản xuất theo mã chi phí,,"SELECT expense_code, STDDEV(base_currency_amount) AS cost_volatility 
FROM hive.bi_silver.finance_production_cost_allocations 
GROUP BY expense_code 
ORDER BY cost_volatility DESC"
432,58,Các nhóm chi phí có tổng chi phí cao hơn trung bình toàn bộ hệ thống,-,-,biz,"[""finance_production_cost_allocations""]",Các nhóm chi phí có tổng chi phí cao hơn trung bình toàn bộ hệ thống,,"WITH cost_data AS (
    SELECT
        cost_group,
        SUM(base_currency_amount) AS total_cost
    FROM hive.bi_silver.finance_production_cost_allocations
    GROUP BY cost_group
),
stats AS (
    SELECT
        AVG(total_cost) AS avg_cost
    FROM cost_data
)
SELECT
    cost_group,
    total_cost
FROM cost_data
CROSS JOIN stats
WHERE total_cost > avg_cost
ORDER BY total_cost DESC"
433,59,Các thị trường có tổng chi phí thấp hơn trung bình toàn bộ hệ thống,-,-,biz,"[""finance_production_cost_allocations""]",Các thị trường có tổng chi phí thấp hơn trung bình toàn bộ hệ thống,,"WITH cost_data AS (
    SELECT
        market_name,
        SUM(base_currency_amount) AS total_cost
    FROM hive.bi_silver.finance_production_cost_allocations
    GROUP BY market_name
),
stats AS (
    SELECT
        AVG(total_cost) AS avg_cost
    FROM cost_data
)
SELECT
    market_name,
    total_cost
FROM cost_data
CROSS JOIN stats
WHERE total_cost < avg_cost
ORDER BY total_cost"
434,60,Số lượng bản ghi chi phí sản xuất theo tháng để theo dõi dữ liệu,-,-,biz,"[""finance_production_cost_allocations""]",Số lượng bản ghi chi phí sản xuất theo tháng để theo dõi dữ liệu,,"SELECT date_trunc('month', report_date) AS month,
       COUNT(*) AS record_count
FROM hive.bi_silver.finance_production_cost_allocations
GROUP BY date_trunc('month', report_date)
ORDER BY month"
435,61,Tổng chi phí sản xuất theo tháng,-,-,biz,"[""finance_production_cost_allocations""]",Tổng chi phí sản xuất theo tháng,,"SELECT date_trunc('month', report_date) AS month, SUM(base_currency_amount) AS total_cost FROM hive.bi_silver.finance_production_cost_allocations GROUP BY date_trunc('month', report_date) ORDER BY month"
436,62,Tốc độ tăng trưởng chi phí sản xuất theo tháng,-,-,biz,"[""finance_production_cost_allocations""]",Tốc độ tăng trưởng chi phí sản xuất theo tháng,,"WITH monthly_cost AS (
    SELECT
        date_trunc('month', report_date) AS month,
        SUM(base_currency_amount) AS total_cost
    FROM hive.bi_silver.finance_production_cost_allocations
    GROUP BY date_trunc('month', report_date)
)
SELECT
    month,
    total_cost,
    (total_cost - LAG(total_cost) OVER (ORDER BY month)) / NULLIF(LAG(total_cost) OVER (ORDER BY month), 0) AS mom_growth
FROM monthly_cost
ORDER BY month"
437,63,Tổng chi phí sản xuất theo thị trường và năm,-,-,biz,"[""finance_production_cost_allocations""]",Tổng chi phí sản xuất theo thị trường và năm,,"SELECT YEAR(report_date) AS year,
       market_name,
       SUM(base_currency_amount) AS total_cost
FROM hive.bi_silver.finance_production_cost_allocations
GROUP BY YEAR(report_date), market_name
ORDER BY year"
438,64,Tổng chi phí sản xuất theo khu vực và năm,-,-,biz,"[""finance_production_cost_allocations""]",Tổng chi phí sản xuất theo khu vực và năm,,"SELECT YEAR(report_date) AS year, territory_name, SUM(base_currency_amount) AS total_cost 
FROM hive.bi_silver.finance_production_cost_allocations 
GROUP BY YEAR(report_date), territory_name 
ORDER BY year"
439,65,Nhóm chi phí có tổng chi phí sản xuất thấp nhất,-,-,biz,"[""finance_production_cost_allocations""]",Nhóm chi phí có tổng chi phí sản xuất thấp nhất,,"SELECT cost_group, SUM(base_currency_amount) AS total_cost 
FROM hive.bi_silver.finance_production_cost_allocations 
GROUP BY cost_group 
ORDER BY total_cost ASC 
LIMIT 5"
440,66,Mã chi phí có tổng chi phí sản xuất thấp nhất,-,-,biz,"[""finance_production_cost_allocations""]",Mã chi phí có tổng chi phí sản xuất thấp nhất,,"SELECT expense_code, SUM(base_currency_amount) AS total_cost 
FROM hive.bi_silver.finance_production_cost_allocations 
GROUP BY expense_code 
ORDER BY total_cost ASC 
LIMIT 5"
441,67,Tổng chi phí sản xuất theo thị trường và nhóm chi phí theo tháng,-,-,biz,"[""finance_production_cost_allocations""]",Tổng chi phí sản xuất theo thị trường và nhóm chi phí theo tháng,,"SELECT date_trunc('month', report_date) AS month, market_name, cost_group, SUM(base_currency_amount) AS total_cost 
FROM hive.bi_silver.finance_production_cost_allocations 
GROUP BY date_trunc('month', report_date), market_name, cost_group 
ORDER BY month"
442,68,Tổng chi phí sản xuất theo khu vực và danh mục chi phí theo tháng,-,-,biz,"[""finance_production_cost_allocations""]",Tổng chi phí sản xuất theo khu vực và danh mục chi phí theo tháng,,"SELECT date_trunc('month', report_date) AS month, territory_name, product_category_code, SUM(base_currency_amount) AS total_cost 
FROM hive.bi_silver.finance_production_cost_allocations 
GROUP BY date_trunc('month', report_date), territory_name, product_category_code 
ORDER BY month"
443,69,Tỷ trọng chi phí sản xuất của từng khu vực theo năm,-,-,biz,"[""finance_production_cost_allocations""]",Tỷ trọng chi phí sản xuất của từng khu vực theo năm,,"WITH yearly_total AS (
    SELECT 
        year(report_date) AS year,
        SUM(base_currency_amount) AS total_cost
    FROM hive.bi_silver.finance_production_cost_allocations
    GROUP BY year(report_date)
)
SELECT
    year(f.report_date) AS year,
    territory_name,
    SUM(base_currency_amount) / NULLIF(MAX(y.total_cost),0) AS cost_share
FROM hive.bi_silver.finance_production_cost_allocations f
JOIN yearly_total y
    ON year(f.report_date) = y.year
GROUP BY
    year(f.report_date),
    territory_name
ORDER BY year"
444,70,Tỷ trọng chi phí sản xuất của từng mã chi phí trong toàn hệ thống,-,-,biz,"[""finance_production_cost_allocations""]",Tỷ trọng chi phí sản xuất của từng mã chi phí trong toàn hệ thống,,"WITH total_cost AS (
    SELECT SUM(base_currency_amount) AS total
    FROM hive.bi_silver.finance_production_cost_allocations
)
SELECT
    expense_code,
    SUM(base_currency_amount) / NULLIF(t.total, 0) AS cost_share
FROM hive.bi_silver.finance_production_cost_allocations
CROSS JOIN total_cost t
GROUP BY expense_code, t.total
ORDER BY cost_share DESC"
445,71,Số lượng bản ghi chi phí sản xuất theo thị trường,-,-,biz,"[""finance_production_cost_allocations""]",Số lượng bản ghi chi phí sản xuất theo thị trường,,"SELECT market_name, COUNT(*) AS record_count 
FROM hive.bi_silver.finance_production_cost_allocations 
GROUP BY market_name 
ORDER BY record_count DESC"
446,72,Số lượng bản ghi chi phí sản xuất theo khu vực,-,-,biz,"[""finance_production_cost_allocations""]",Số lượng bản ghi chi phí sản xuất theo khu vực,,"SELECT territory_name, COUNT(*) AS record_count 
FROM hive.bi_silver.finance_production_cost_allocations 
GROUP BY territory_name 
ORDER BY record_count DESC"
447,73,Số lượng mã chi phí theo từng nhóm chi phí,-,-,biz,"[""finance_production_cost_allocations""]",Số lượng mã chi phí theo từng nhóm chi phí,,"SELECT cost_group, COUNT(DISTINCT expense_code) AS expense_code_count 
FROM hive.bi_silver.finance_production_cost_allocations 
GROUP BY cost_group 
ORDER BY expense_code_count DESC"
448,74,Tổng chi phí sản xuất trung bình theo tháng,-,-,biz,"[""finance_production_cost_allocations""]",Tổng chi phí sản xuất trung bình theo tháng,,"SELECT date_trunc('month', report_date) AS month, AVG(base_currency_amount) AS avg_cost 
FROM hive.bi_silver.finance_production_cost_allocations 
GROUP BY date_trunc('month', report_date) 
ORDER BY month"
449,75,Tháng có chi phí sản xuất cao nhất,-,-,biz,"[""finance_production_cost_allocations""]",Tháng có chi phí sản xuất cao nhất,,"SELECT date_trunc('month', report_date) AS month,
       SUM(base_currency_amount) AS total_cost
FROM hive.bi_silver.finance_production_cost_allocations
GROUP BY date_trunc('month', report_date)
ORDER BY total_cost DESC
LIMIT 1"
450,76,Tháng có chi phí sản xuất thấp nhất,-,-,biz,"[""finance_production_cost_allocations""]",Tháng có chi phí sản xuất thấp nhất,,"SELECT date_trunc('month', report_date) AS month, SUM(base_currency_amount) AS total_cost FROM hive.bi_silver.finance_production_cost_allocations GROUP BY date_trunc('month', report_date) ORDER BY total_cost ASC LIMIT 1"
451,77,Các nhóm chi phí có chi phí cao hơn 120 phần trăm mức trung bình,-,-,biz,"[""finance_production_cost_allocations""]",Các nhóm chi phí có chi phí cao hơn 120 phần trăm mức trung bình,,"WITH cost_data AS (
    SELECT
        cost_group,
        SUM(base_currency_amount) AS total_cost
    FROM hive.bi_silver.finance_production_cost_allocations
    GROUP BY cost_group
),
stats AS (
    SELECT
        AVG(total_cost) AS avg_cost
    FROM cost_data
)
SELECT
    cost_group,
    total_cost
FROM cost_data
CROSS JOIN stats
WHERE total_cost > 1.2 * avg_cost
ORDER BY total_cost DESC"
452,78,Các nhóm chi phí có chi phí thấp hơn 50 phần trăm mức trung bình,-,-,biz,"[""finance_production_cost_allocations""]",Các nhóm chi phí có chi phí thấp hơn 50 phần trăm mức trung bình,,"WITH cost_data AS (
    SELECT
        cost_group,
        SUM(base_currency_amount) AS total_cost
    FROM hive.bi_silver.finance_production_cost_allocations
    GROUP BY cost_group
),
stats AS (
    SELECT AVG(total_cost) AS avg_cost
    FROM cost_data
)
SELECT
    cost_group,
    total_cost
FROM cost_data
CROSS JOIN stats
WHERE total_cost < 0.5 * avg_cost
ORDER BY total_cost"
453,79,Các thị trường có chi phí sản xuất lớn hơn trung bình toàn hệ thống,-,-,biz,"[""finance_production_cost_allocations""]",Các thị trường có chi phí sản xuất lớn hơn trung bình toàn hệ thống,,"WITH market_cost AS (
    SELECT market_name, SUM(base_currency_amount) AS total_cost
    FROM hive.bi_silver.finance_production_cost_allocations
    GROUP BY market_name
), stats AS (
    SELECT AVG(total_cost) AS avg_cost
    FROM market_cost
)
SELECT market_name, total_cost
FROM market_cost
CROSS JOIN stats
WHERE total_cost > avg_cost
ORDER BY total_cost DESC"
454,80,Số lượng danh mục chi phí khác nhau trong toàn bộ dữ liệu,-,-,biz,"[""finance_production_cost_allocations""]",Số lượng danh mục chi phí khác nhau trong toàn bộ dữ liệu,,SELECT COUNT(DISTINCT product_category_code) AS category_count FROM hive.bi_silver.finance_production_cost_allocations
455,81,Tốc độ tăng trưởng chi phí sản xuất theo năm (YoY),-,-,biz,"[""finance_production_cost_allocations""]",Tốc độ tăng trưởng chi phí sản xuất theo năm (YoY),,"WITH yearly_cost AS (
    SELECT year(report_date) AS year,
           SUM(base_currency_amount) AS total_cost
    FROM hive.bi_silver.finance_production_cost_allocations
    GROUP BY year(report_date)
)
SELECT year,
       total_cost,
       (total_cost - LAG(total_cost) OVER (ORDER BY year)) / NULLIF(LAG(total_cost) OVER (ORDER BY year), 0) AS yoy_growth
FROM yearly_cost
ORDER BY year"
456,82,Tốc độ tăng trưởng chi phí sản xuất theo năm cho từng thị trường,-,-,biz,"[""finance_production_cost_allocations""]",Tốc độ tăng trưởng chi phí sản xuất theo năm cho từng thị trường,,"WITH yearly_cost AS (
    SELECT
        year(report_date) AS year,
        market_name,
        SUM(base_currency_amount) AS total_cost
    FROM hive.bi_silver.finance_production_cost_allocations
    GROUP BY year(report_date), market_name
)
SELECT
    year,
    market_name,
    total_cost,
    (total_cost - LAG(total_cost) OVER (PARTITION BY market_name ORDER BY year))
    / NULLIF(LAG(total_cost) OVER (PARTITION BY market_name ORDER BY year), 0) AS yoy_growth
FROM yearly_cost
ORDER BY market_name, year"
457,83,Tốc độ tăng trưởng chi phí sản xuất theo năm cho từng nhóm chi phí,-,-,biz,"[""finance_production_cost_allocations""]",Tốc độ tăng trưởng chi phí sản xuất theo năm cho từng nhóm chi phí,,"WITH yearly_cost AS (
    SELECT
        year(report_date) AS year,
        cost_group,
        SUM(base_currency_amount) AS total_cost
    FROM hive.bi_silver.finance_production_cost_allocations
    GROUP BY year(report_date), cost_group
)
SELECT
    year,
    cost_group,
    total_cost,
    (total_cost - LAG(total_cost) OVER (PARTITION BY cost_group ORDER BY year))
    / NULLIF(LAG(total_cost) OVER (PARTITION BY cost_group ORDER BY year), 0) AS yoy_growth
FROM yearly_cost
ORDER BY cost_group, year"
458,84,Tổng chi phí sản xuất rolling 3 tháng,-,-,biz,"[""finance_production_cost_allocations""]",Tổng chi phí sản xuất rolling 3 tháng,,"SELECT date_trunc('month', report_date) AS month,
       SUM(base_currency_amount) AS monthly_cost,
       SUM(SUM(base_currency_amount)) OVER (
           ORDER BY date_trunc('month', report_date)
           ROWS BETWEEN 2 PRECEDING AND CURRENT ROW
       ) AS rolling_3m_cost
FROM hive.bi_silver.finance_production_cost_allocations
GROUP BY date_trunc('month', report_date)
ORDER BY month"
459,85,Tổng chi phí sản xuất rolling 6 tháng,-,-,biz,"[""finance_production_cost_allocations""]",Tổng chi phí sản xuất rolling 6 tháng,,"SELECT date_trunc('month', report_date) AS month,
       SUM(base_currency_amount) AS monthly_cost,
       SUM(SUM(base_currency_amount)) OVER (
           ORDER BY date_trunc('month', report_date)
           ROWS BETWEEN 5 PRECEDING AND CURRENT ROW
       ) AS rolling_6m_cost
FROM hive.bi_silver.finance_production_cost_allocations
GROUP BY date_trunc('month', report_date)
ORDER BY month"
460,86,Tổng chi phí sản xuất rolling 12 tháng,-,-,biz,"[""finance_production_cost_allocations""]",Tổng chi phí sản xuất rolling 12 tháng,,"SELECT date_trunc('month', report_date) AS month,
       SUM(base_currency_amount) AS monthly_cost,
       SUM(SUM(base_currency_amount)) OVER (
           ORDER BY date_trunc('month', report_date)
           ROWS BETWEEN 11 PRECEDING AND CURRENT ROW
       ) AS rolling_12m_cost
FROM hive.bi_silver.finance_production_cost_allocations
GROUP BY date_trunc('month', report_date)
ORDER BY month"
461,87,Rolling 3 tháng chi phí sản xuất theo từng thị trường,-,-,biz,"[""finance_production_cost_allocations""]",Rolling 3 tháng chi phí sản xuất theo từng thị trường,,"WITH monthly_cost AS (
    SELECT
        date_trunc('month', report_date) AS month,
        market_name,
        SUM(base_currency_amount) AS monthly_cost
    FROM hive.bi_silver.finance_production_cost_allocations
    GROUP BY date_trunc('month', report_date), market_name
)
SELECT
    month,
    market_name,
    SUM(monthly_cost) OVER (
        PARTITION BY market_name
        ORDER BY month
        ROWS BETWEEN 2 PRECEDING AND CURRENT ROW
    ) AS rolling_3m_cost
FROM monthly_cost
ORDER BY market_name, month"
462,88,Rolling 6 tháng chi phí sản xuất theo từng nhóm chi phí,-,-,biz,"[""finance_production_cost_allocations""]",Rolling 6 tháng chi phí sản xuất theo từng nhóm chi phí,,"WITH monthly_cost AS (
    SELECT
        date_trunc('month', report_date) AS month,
        cost_group,
        SUM(base_currency_amount) AS monthly_cost
    FROM hive.bi_silver.finance_production_cost_allocations
    GROUP BY date_trunc('month', report_date), cost_group
)
SELECT
    month,
    cost_group,
    SUM(monthly_cost) OVER (
        PARTITION BY cost_group
        ORDER BY month
        ROWS BETWEEN 5 PRECEDING AND CURRENT ROW
    ) AS rolling_6m_cost
FROM monthly_cost
ORDER BY cost_group, month"
463,89,Pareto 80/20 chi phí sản xuất theo nhóm chi phí,-,-,biz,"[""finance_production_cost_allocations""]",Pareto 80/20 chi phí sản xuất theo nhóm chi phí,,"WITH cost_data AS (
    SELECT
        cost_group,
        SUM(base_currency_amount) AS total_cost
    FROM hive.bi_silver.finance_production_cost_allocations
    GROUP BY cost_group
),
ranked AS (
    SELECT
        cost_group,
        total_cost,
        SUM(total_cost) OVER (ORDER BY total_cost DESC) / NULLIF(SUM(total_cost) OVER (), 0) AS cumulative_share
    FROM cost_data
)
SELECT *
FROM ranked
WHERE cumulative_share <= 0.8
ORDER BY total_cost DESC"
464,90,Pareto 80/20 chi phí sản xuất theo mã chi phí,-,-,biz,"[""finance_production_cost_allocations""]",Pareto 80/20 chi phí sản xuất theo mã chi phí,,"WITH cost_data AS (
    SELECT
        expense_code,
        SUM(base_currency_amount) AS total_cost
    FROM hive.bi_silver.finance_production_cost_allocations
    GROUP BY expense_code
),
ranked AS (
    SELECT
        expense_code,
        total_cost,
        SUM(total_cost) OVER (ORDER BY total_cost DESC) / NULLIF(SUM(total_cost) OVER (), 0) AS cumulative_share
    FROM cost_data
)
SELECT *
FROM ranked
WHERE cumulative_share <= 0.8
ORDER BY total_cost DESC"
465,91,Pareto 80/20 chi phí sản xuất theo thị trường,-,-,biz,"[""finance_production_cost_allocations""]",Pareto 80/20 chi phí sản xuất theo thị trường,,"WITH cost_data AS (
    SELECT
        market_name,
        SUM(base_currency_amount) AS total_cost
    FROM hive.bi_silver.finance_production_cost_allocations
    GROUP BY market_name
), ranked AS (
    SELECT
        market_name,
        total_cost,
        SUM(total_cost) OVER (ORDER BY total_cost DESC) / NULLIF(SUM(total_cost) OVER (), 0) AS cumulative_share
    FROM cost_data
)
SELECT *
FROM ranked
WHERE cumulative_share <= 0.8
ORDER BY total_cost DESC"
466,92,Chỉ số tập trung chi phí HHI theo nhóm chi phí,-,-,biz,"[""finance_production_cost_allocations""]",Chỉ số tập trung chi phí HHI theo nhóm chi phí,,"WITH share_data AS (
    SELECT
        cost_group,
        SUM(base_currency_amount) / NULLIF(SUM(SUM(base_currency_amount)) OVER (), 0) AS share
    FROM hive.bi_silver.finance_production_cost_allocations
    GROUP BY cost_group
)
SELECT SUM(share * share) AS hhi_index
FROM share_data"
467,93,Chỉ số tập trung chi phí HHI theo thị trường,-,-,biz,"[""finance_production_cost_allocations""]",Chỉ số tập trung chi phí HHI theo thị trường,,"WITH share_data AS (
    SELECT
        market_name,
        SUM(base_currency_amount) / NULLIF(SUM(SUM(base_currency_amount)) OVER (), 0) AS share
    FROM hive.bi_silver.finance_production_cost_allocations
    GROUP BY market_name
)
SELECT
    SUM(share * share) AS hhi_index
FROM share_data"
468,94,Chỉ số tập trung chi phí HHI theo mã chi phí,-,-,biz,"[""finance_production_cost_allocations""]",Chỉ số tập trung chi phí HHI theo mã chi phí,,"WITH share_data AS (
    SELECT
        expense_code,
        SUM(base_currency_amount) / NULLIF(SUM(SUM(base_currency_amount)) OVER (), 0) AS share
    FROM hive.bi_silver.finance_production_cost_allocations
    GROUP BY expense_code
)
SELECT
    SUM(share * share) AS hhi_index
FROM share_data"
469,95,Phát hiện chi phí sản xuất bất thường bằng z-score theo tháng,-,-,biz,"[""finance_production_cost_allocations""]",Phát hiện chi phí sản xuất bất thường bằng z-score theo tháng,,"WITH monthly_cost AS (
    SELECT
        date_trunc('month', report_date) AS month,
        SUM(base_currency_amount) AS total_cost
    FROM hive.bi_silver.finance_production_cost_allocations
    GROUP BY date_trunc('month', report_date)
),
stats AS (
    SELECT
        AVG(total_cost) AS avg_cost,
        STDDEV(total_cost) AS std_cost
    FROM monthly_cost
)
SELECT
    month,
    total_cost,
    (total_cost - avg_cost) / NULLIF(std_cost, 0) AS z_score
FROM monthly_cost
CROSS JOIN stats
WHERE ABS((total_cost - avg_cost) / NULLIF(std_cost, 0)) > 2
ORDER BY month"
470,96,Phát hiện chi phí sản xuất bất thường theo thị trường bằng z-score,-,-,biz,"[""finance_production_cost_allocations""]",Phát hiện chi phí sản xuất bất thường theo thị trường bằng z-score,,"WITH market_cost AS (
    SELECT
        market_name,
        SUM(base_currency_amount) AS total_cost
    FROM hive.bi_silver.finance_production_cost_allocations
    GROUP BY market_name
), stats AS (
    SELECT
        AVG(total_cost) AS avg_cost,
        STDDEV(total_cost) AS std_cost
    FROM market_cost
)
SELECT
    market_name,
    total_cost,
    (total_cost - avg_cost) / NULLIF(std_cost, 0) AS z_score
FROM market_cost
CROSS JOIN stats
WHERE ABS((total_cost - avg_cost) / NULLIF(std_cost, 0)) > 2
ORDER BY total_cost DESC"
471,97,Phát hiện chi phí sản xuất bất thường theo nhóm chi phí bằng z-score,-,-,biz,"[""finance_production_cost_allocations""]",Phát hiện chi phí sản xuất bất thường theo nhóm chi phí bằng z-score,,"WITH cost_data AS (
    SELECT
        cost_group,
        SUM(base_currency_amount) AS total_cost
    FROM hive.bi_silver.finance_production_cost_allocations
    GROUP BY cost_group
),
stats AS (
    SELECT
        AVG(total_cost) AS avg_cost,
        STDDEV(total_cost) AS std_cost
    FROM cost_data
)
SELECT
    cost_group,
    total_cost,
    (total_cost - avg_cost) / NULLIF(std_cost, 0) AS z_score
FROM cost_data
CROSS JOIN stats
WHERE ABS((total_cost - avg_cost) / NULLIF(std_cost, 0)) > 2
ORDER BY total_cost DESC"
472,98,Phát hiện chi phí sản xuất bất thường theo mã chi phí bằng z-score,-,-,biz,"[""finance_production_cost_allocations""]",Phát hiện chi phí sản xuất bất thường theo mã chi phí bằng z-score,,"WITH cost_data AS (
    SELECT
        expense_code,
        SUM(base_currency_amount) AS total_cost
    FROM hive.bi_silver.finance_production_cost_allocations
    GROUP BY expense_code
),
stats AS (
    SELECT
        AVG(total_cost) AS avg_cost,
        STDDEV(total_cost) AS std_cost
    FROM cost_data
)
SELECT
    expense_code,
    total_cost,
    (total_cost - avg_cost) / NULLIF(std_cost, 0) AS z_score
FROM cost_data
CROSS JOIN stats
WHERE ABS((total_cost - avg_cost) / NULLIF(std_cost, 0)) > 2
ORDER BY total_cost DESC"
473,99,Top 20 phần trăm nhóm chi phí đóng góp nhiều nhất vào tổng chi phí,-,-,biz,"[""finance_production_cost_allocations""]",Top 20 phần trăm nhóm chi phí đóng góp nhiều nhất vào tổng chi phí,,"WITH ranked AS (
    SELECT
        cost_group,
        SUM(base_currency_amount) AS total_cost,
        NTILE(5) OVER (ORDER BY SUM(base_currency_amount) DESC) AS bucket
    FROM hive.bi_silver.finance_production_cost_allocations
    GROUP BY cost_group
)
SELECT
    cost_group,
    total_cost
FROM ranked
WHERE bucket = 1
ORDER BY total_cost DESC"
474,100,Nhóm chi phí có xu hướng tăng chi phí mạnh nhất theo năm,-,-,biz,"[""finance_production_cost_allocations""]",Nhóm chi phí có xu hướng tăng chi phí mạnh nhất theo năm,,"WITH yearly_cost AS (
    SELECT
        year(report_date) AS year,
        cost_group,
        SUM(base_currency_amount) AS total_cost
    FROM hive.bi_silver.finance_production_cost_allocations
    GROUP BY year(report_date), cost_group
)
SELECT
    cost_group,
    (MAX(total_cost) - MIN(total_cost)) / NULLIF(MIN(total_cost), 0) AS growth_rate
FROM yearly_cost
GROUP BY cost_group
ORDER BY growth_rate DESC
LIMIT 5"
475,1,Tổng kế hoạch doanh thu bắt buộc theo phân khúc cấp 1,-,-,biz,"[""finance_revenue_plan""]",Tổng kế hoạch doanh thu bắt buộc theo phân khúc cấp 1,,"SELECT customer_segment_l1, SUM(plan_must_amount) AS total_must_revenue 
FROM hive.bi_silver.finance_revenue_plan 
GROUP BY customer_segment_l1 
ORDER BY total_must_revenue DESC"
476,2,Tổng kế hoạch doanh thu NICE theo phân khúc cấp 1,-,-,biz,"[""finance_revenue_plan""]",Tổng kế hoạch doanh thu NICE theo phân khúc cấp 1,,"SELECT customer_segment_l1, SUM(plan_nice_amount) AS total_nice_revenue FROM hive.bi_silver.finance_revenue_plan GROUP BY customer_segment_l1 ORDER BY total_nice_revenue DESC"
477,3,Tổng kế hoạch doanh thu Viettel Group theo phân khúc cấp 1,-,-,biz,"[""finance_revenue_plan""]",Tổng kế hoạch doanh thu Viettel Group theo phân khúc cấp 1,,"SELECT customer_segment_l1, SUM(plan_viettel_group_amount) AS total_viettel_revenue FROM hive.bi_silver.finance_revenue_plan GROUP BY customer_segment_l1 ORDER BY total_viettel_revenue DESC"
478,4,Xu hướng tổng kế hoạch doanh thu bắt buộc theo tháng,-,-,biz,"[""finance_revenue_plan""]",Xu hướng tổng kế hoạch doanh thu bắt buộc theo tháng,,"SELECT date_trunc('month', plan_date) AS month,
       SUM(plan_must_amount) AS total_must_revenue
FROM hive.bi_silver.finance_revenue_plan
GROUP BY date_trunc('month', plan_date)
ORDER BY month"
479,5,Xu hướng tổng kế hoạch doanh thu NICE theo tháng,-,-,biz,"[""finance_revenue_plan""]",Xu hướng tổng kế hoạch doanh thu NICE theo tháng,,"SELECT date_trunc('month', plan_date) AS month, SUM(plan_nice_amount) AS total_nice_revenue FROM hive.bi_silver.finance_revenue_plan GROUP BY date_trunc('month', plan_date) ORDER BY month"
480,6,Xu hướng tổng kế hoạch doanh thu Viettel Group theo tháng,-,-,biz,"[""finance_revenue_plan""]",Xu hướng tổng kế hoạch doanh thu Viettel Group theo tháng,,"SELECT date_trunc('month', plan_date) AS month, SUM(plan_viettel_group_amount) AS total_viettel_revenue FROM hive.bi_silver.finance_revenue_plan GROUP BY date_trunc('month', plan_date) ORDER BY month"
481,7,Tỷ trọng kế hoạch doanh thu NICE theo phân khúc cấp 1,-,-,biz,"[""finance_revenue_plan""]",Tỷ trọng kế hoạch doanh thu NICE theo phân khúc cấp 1,,"WITH total_rev AS (
    SELECT SUM(plan_nice_amount) AS total
    FROM hive.bi_silver.finance_revenue_plan
)
SELECT
    customer_segment_l1,
    SUM(plan_nice_amount) / NULLIF(total, 0) AS revenue_share
FROM hive.bi_silver.finance_revenue_plan
CROSS JOIN total_rev
GROUP BY
    customer_segment_l1,
    total
ORDER BY revenue_share DESC"
482,8,Tỷ trọng kế hoạch doanh thu bắt buộc theo phân khúc cấp 2,-,-,biz,"[""finance_revenue_plan""]",Tỷ trọng kế hoạch doanh thu bắt buộc theo phân khúc cấp 2,,"WITH total_rev AS (
    SELECT SUM(plan_must_amount) AS total
    FROM hive.bi_silver.finance_revenue_plan
)
SELECT
    customer_segment_l2,
    SUM(plan_must_amount) / NULLIF(total, 0) AS revenue_share
FROM hive.bi_silver.finance_revenue_plan
CROSS JOIN total_rev
GROUP BY customer_segment_l2, total
ORDER BY revenue_share DESC"
483,9,Top 5 phân khúc cấp 1 có kế hoạch doanh thu NICE cao nhất,-,-,biz,"[""finance_revenue_plan""]",Top 5 phân khúc cấp 1 có kế hoạch doanh thu NICE cao nhất,,"SELECT customer_segment_l1, SUM(plan_nice_amount) AS total_revenue
FROM hive.bi_silver.finance_revenue_plan
GROUP BY customer_segment_l1
ORDER BY total_revenue DESC
LIMIT 5"
484,10,Top 5 phân khúc cấp 2 có kế hoạch doanh thu bắt buộc cao nhất,-,-,biz,"[""finance_revenue_plan""]",Top 5 phân khúc cấp 2 có kế hoạch doanh thu bắt buộc cao nhất,,"SELECT customer_segment_l2, SUM(plan_must_amount) AS total_revenue 
FROM hive.bi_silver.finance_revenue_plan 
GROUP BY customer_segment_l2 
ORDER BY total_revenue DESC 
LIMIT 5"
485,11,Phân khúc cấp 1 có kế hoạch doanh thu NICE cao nhất,-,-,biz,"[""finance_revenue_plan""]",Phân khúc cấp 1 có kế hoạch doanh thu NICE cao nhất,,"SELECT customer_segment_l1, SUM(plan_nice_amount) AS total_revenue
FROM hive.bi_silver.finance_revenue_plan
GROUP BY customer_segment_l1
ORDER BY total_revenue DESC
LIMIT 1"
486,12,Phân khúc cấp 1 có kế hoạch doanh thu NICE thấp nhất,-,-,biz,"[""finance_revenue_plan""]",Phân khúc cấp 1 có kế hoạch doanh thu NICE thấp nhất,,"SELECT customer_segment_l1, SUM(plan_nice_amount) AS total_revenue 
FROM hive.bi_silver.finance_revenue_plan 
GROUP BY customer_segment_l1 
ORDER BY total_revenue ASC 
LIMIT 1"
487,13,So sánh kế hoạch doanh thu NICE và doanh thu bắt buộc theo phân khúc cấp 1,-,-,biz,"[""finance_revenue_plan""]",So sánh kế hoạch doanh thu NICE và doanh thu bắt buộc theo phân khúc cấp 1,,"SELECT customer_segment_l1, SUM(plan_nice_amount) AS total_nice, SUM(plan_must_amount) AS total_must FROM hive.bi_silver.finance_revenue_plan GROUP BY customer_segment_l1 ORDER BY total_nice DESC"
488,14,Tỷ lệ kế hoạch doanh thu NICE so với doanh thu bắt buộc theo phân khúc cấp 1,-,-,biz,"[""finance_revenue_plan""]",Tỷ lệ kế hoạch doanh thu NICE so với doanh thu bắt buộc theo phân khúc cấp 1,,"SELECT customer_segment_l1, SUM(plan_nice_amount) / NULLIF(SUM(plan_must_amount),0) AS nice_to_must_ratio FROM hive.bi_silver.finance_revenue_plan GROUP BY customer_segment_l1 ORDER BY nice_to_must_ratio DESC"
489,15,Số lượng bản ghi kế hoạch doanh thu theo phân khúc cấp 1,-,-,biz,"[""finance_revenue_plan""]",Số lượng bản ghi kế hoạch doanh thu theo phân khúc cấp 1,,"SELECT customer_segment_l1, COUNT(*) AS record_count FROM hive.bi_silver.finance_revenue_plan GROUP BY customer_segment_l1 ORDER BY record_count DESC"
490,16,Số lượng phân khúc cấp 2 khác nhau trong kế hoạch doanh thu,-,-,biz,"[""finance_revenue_plan""]",Số lượng phân khúc cấp 2 khác nhau trong kế hoạch doanh thu,,SELECT COUNT(DISTINCT segment_l2) AS segment_l2_count FROM hive.bi_silver.finance_revenue_plan
491,17,Doanh thu kế hoạch NICE trung bình theo phân khúc cấp 1,-,-,biz,"[""finance_revenue_plan""]",Doanh thu kế hoạch NICE trung bình theo phân khúc cấp 1,,"SELECT customer_segment_l1, AVG(plan_nice_amount) AS avg_revenue FROM hive.bi_silver.finance_revenue_plan GROUP BY customer_segment_l1 ORDER BY avg_revenue DESC"
492,18,Mức biến động kế hoạch doanh thu NICE theo phân khúc cấp 1,-,-,biz,"[""finance_revenue_plan""]",Mức biến động kế hoạch doanh thu NICE theo phân khúc cấp 1,,"SELECT customer_segment_l1, STDDEV(plan_nice_amount) AS revenue_volatility 
FROM hive.bi_silver.finance_revenue_plan 
GROUP BY customer_segment_l1 
ORDER BY revenue_volatility DESC"
493,19,Các phân khúc có kế hoạch doanh thu NICE cao hơn 150 phần trăm mức trung bình,-,-,biz,"[""finance_revenue_plan""]",Các phân khúc có kế hoạch doanh thu NICE cao hơn 150 phần trăm mức trung bình,,"WITH seg_rev AS (
    SELECT
        customer_segment_l1,
        SUM(plan_nice_amount) AS total_revenue
    FROM hive.bi_silver.finance_revenue_plan
    GROUP BY customer_segment_l1
),
stats AS (
    SELECT
        AVG(total_revenue) AS avg_rev
    FROM seg_rev
)
SELECT
    customer_segment_l1,
    total_revenue
FROM seg_rev
CROSS JOIN stats
WHERE total_revenue > 1.5 * avg_rev
ORDER BY total_revenue DESC"
494,20,Số lượng bản ghi kế hoạch doanh thu theo tháng để theo dõi dữ liệu,-,-,biz,"[""finance_revenue_plan""]",Số lượng bản ghi kế hoạch doanh thu theo tháng để theo dõi dữ liệu,,"SELECT date_trunc('month', plan_date) AS month, COUNT(*) AS record_count FROM hive.bi_silver.finance_revenue_plan GROUP BY date_trunc('month', plan_date) ORDER BY month"
495,21,Tăng trưởng MoM của tổng kế hoạch doanh thu NICE theo tháng,-,-,biz,"[""finance_revenue_plan""]",Tăng trưởng MoM của tổng kế hoạch doanh thu NICE theo tháng,,"WITH monthly_rev AS (
    SELECT
        date_trunc('month', plan_date) AS month,
        SUM(plan_nice_amount) AS revenue
    FROM hive.bi_silver.finance_revenue_plan
    GROUP BY 1
)
SELECT
    month,
    revenue,
    revenue - LAG(revenue) OVER (ORDER BY month) AS mom_change,
    (revenue - LAG(revenue) OVER (ORDER BY month)) / NULLIF(LAG(revenue) OVER (ORDER BY month), 0) AS mom_growth_rate
FROM monthly_rev
ORDER BY month"
496,22,Tăng trưởng MoM của kế hoạch doanh thu MUST theo tháng,-,-,biz,"[""finance_revenue_plan""]",Tăng trưởng MoM của kế hoạch doanh thu MUST theo tháng,,"WITH monthly_rev AS (
    SELECT
        date_trunc('month', plan_date) AS month,
        SUM(plan_must_amount) AS revenue
    FROM hive.bi_silver.finance_revenue_plan
    GROUP BY 1
)
SELECT
    month,
    revenue,
    (revenue - LAG(revenue) OVER (ORDER BY month)) / NULLIF(LAG(revenue) OVER (ORDER BY month), 0) AS mom_growth_rate
FROM monthly_rev
ORDER BY month"
497,23,Tăng trưởng YoY của kế hoạch doanh thu NICE theo năm,-,-,biz,"[""finance_revenue_plan""]",Tăng trưởng YoY của kế hoạch doanh thu NICE theo năm,,"WITH yearly_rev AS (
    SELECT
        date_trunc('year', plan_date) AS year,
        SUM(plan_nice_amount) AS revenue
    FROM hive.bi_silver.finance_revenue_plan
    GROUP BY 1
)
SELECT
    year,
    revenue,
    (revenue - LAG(revenue) OVER (ORDER BY year)) / NULLIF(LAG(revenue) OVER (ORDER BY year), 0) AS yoy_growth_rate
FROM yearly_rev
ORDER BY year"
498,24,Tăng trưởng YoY của kế hoạch doanh thu MUST theo năm,-,-,biz,"[""finance_revenue_plan""]",Tăng trưởng YoY của kế hoạch doanh thu MUST theo năm,,"WITH yearly_rev AS (
    SELECT
        date_trunc('year', plan_date) AS year,
        SUM(plan_must_amount) AS revenue
    FROM hive.bi_silver.finance_revenue_plan
    GROUP BY 1
)
SELECT
    year,
    revenue,
    (revenue - LAG(revenue) OVER (ORDER BY year)) / NULLIF(LAG(revenue) OVER (ORDER BY year), 0) AS yoy_growth_rate
FROM yearly_rev
ORDER BY year"
499,25,Tổng kế hoạch doanh thu NICE rolling 3 tháng,-,-,biz,"[""finance_revenue_plan""]",Tổng kế hoạch doanh thu NICE rolling 3 tháng,,"WITH monthly_rev AS (
    SELECT
        date_trunc('month', plan_date) AS month,
        SUM(plan_nice_amount) AS revenue
    FROM hive.bi_silver.finance_revenue_plan
    GROUP BY 1
)
SELECT
    month,
    SUM(revenue) OVER (
        ORDER BY month
        ROWS BETWEEN 2 PRECEDING AND CURRENT ROW
    ) AS rolling_3_month_revenue
FROM monthly_rev
ORDER BY month"
500,26,Tổng kế hoạch doanh thu NICE rolling 6 tháng,-,-,biz,"[""finance_revenue_plan""]",Tổng kế hoạch doanh thu NICE rolling 6 tháng,,"WITH monthly_rev AS (
    SELECT
        date_trunc('month', plan_date) AS month,
        SUM(plan_nice_amount) AS revenue
    FROM hive.bi_silver.finance_revenue_plan
    GROUP BY 1
)
SELECT
    month,
    SUM(revenue) OVER (
        ORDER BY month
        ROWS BETWEEN 5 PRECEDING AND CURRENT ROW
    ) AS rolling_6_month_revenue
FROM monthly_rev
ORDER BY month"
501,27,Tổng kế hoạch doanh thu NICE rolling 12 tháng,-,-,biz,"[""finance_revenue_plan""]",Tổng kế hoạch doanh thu NICE rolling 12 tháng,,"WITH monthly_rev AS (
    SELECT
        date_trunc('month', plan_date) AS month,
        SUM(plan_nice_amount) AS revenue
    FROM hive.bi_silver.finance_revenue_plan
    GROUP BY 1
)
SELECT
    month,
    SUM(revenue) OVER (
        ORDER BY month
        ROWS BETWEEN 11 PRECEDING AND CURRENT ROW
    ) AS rolling_12_month_revenue
FROM monthly_rev
ORDER BY month"
502,28,Rolling 3 tháng kế hoạch doanh thu MUST theo tháng,-,-,biz,"[""finance_revenue_plan""]",Rolling 3 tháng kế hoạch doanh thu MUST theo tháng,,"WITH monthly_rev AS (
    SELECT
        date_trunc('month', plan_date) AS month,
        SUM(plan_must_amount) AS revenue
    FROM hive.bi_silver.finance_revenue_plan
    GROUP BY 1
)
SELECT
    month,
    SUM(revenue) OVER (
        ORDER BY month
        ROWS BETWEEN 2 PRECEDING AND CURRENT ROW
    ) AS rolling_3_month_revenue
FROM monthly_rev
ORDER BY month"
503,29,Top phân khúc cấp 1 đóng góp nhiều nhất vào tổng kế hoạch doanh thu NICE,-,-,biz,"[""finance_revenue_plan""]",Top phân khúc cấp 1 đóng góp nhiều nhất vào tổng kế hoạch doanh thu NICE,,"SELECT customer_segment_l1, SUM(plan_nice_amount) AS total_revenue
FROM hive.bi_silver.finance_revenue_plan
GROUP BY customer_segment_l1
ORDER BY total_revenue DESC
LIMIT 10"
504,30,Pareto 80/20 phân khúc đóng góp kế hoạch doanh thu NICE,-,-,biz,"[""finance_revenue_plan""]",Pareto 80/20 phân khúc đóng góp kế hoạch doanh thu NICE,,"WITH seg_rev AS (
    SELECT
        customer_segment_l1,
        SUM(plan_nice_amount) AS revenue
    FROM hive.bi_silver.finance_revenue_plan
    GROUP BY customer_segment_l1
), ordered AS (
    SELECT
        customer_segment_l1,
        revenue,
        SUM(revenue) OVER (ORDER BY revenue DESC) AS cumulative_rev,
        SUM(revenue) OVER () AS total_rev
    FROM seg_rev
)
SELECT
    customer_segment_l1,
    revenue,
    cumulative_rev / NULLIF(total_rev, 0) AS cumulative_share
FROM ordered
ORDER BY revenue DESC"
505,31,Tỷ lệ doanh thu NICE của top 20 phần trăm phân khúc,-,-,biz,"[""finance_revenue_plan""]",Tỷ lệ doanh thu NICE của top 20 phần trăm phân khúc,,"WITH seg_rev AS (
    SELECT
        customer_segment_l1,
        SUM(plan_nice_amount) AS revenue
    FROM hive.bi_silver.finance_revenue_plan
    GROUP BY customer_segment_l1
),
ranked AS (
    SELECT
        customer_segment_l1,
        revenue,
        NTILE(5) OVER (ORDER BY revenue DESC) AS revenue_rank
    FROM seg_rev
)
SELECT
    SUM(revenue) / NULLIF(
        (SELECT SUM(plan_nice_amount) FROM hive.bi_silver.finance_revenue_plan),
        0
    ) AS top_20_percent_share
FROM ranked
WHERE revenue_rank = 1"
506,32,Chỉ số tập trung doanh thu kế hoạch HHI theo phân khúc cấp 1,-,-,biz,"[""finance_revenue_plan""]",Chỉ số tập trung doanh thu kế hoạch HHI theo phân khúc cấp 1,,"WITH seg_rev AS (
    SELECT
        customer_segment_l1,
        SUM(plan_nice_amount) AS revenue
    FROM hive.bi_silver.finance_revenue_plan
    GROUP BY customer_segment_l1
),
total_rev AS (
    SELECT
        SUM(revenue) AS total
    FROM seg_rev
)
SELECT
    SUM(POWER(revenue / NULLIF(total, 0), 2)) AS hhi_index
FROM seg_rev
CROSS JOIN total_rev"
507,33,Chỉ số HHI cho kế hoạch doanh thu MUST theo phân khúc,-,-,biz,"[""finance_revenue_plan""]",Chỉ số HHI cho kế hoạch doanh thu MUST theo phân khúc,,"WITH seg_rev AS (
    SELECT
        customer_segment_l1,
        SUM(plan_must_amount) AS revenue
    FROM hive.bi_silver.finance_revenue_plan
    GROUP BY customer_segment_l1
),
total_rev AS (
    SELECT
        SUM(revenue) AS total
    FROM seg_rev
)
SELECT
    SUM(POWER(revenue / NULLIF(total, 0), 2)) AS hhi_index
FROM seg_rev
CROSS JOIN total_rev"
508,34,Các tháng có kế hoạch doanh thu NICE tăng bất thường so với trung bình,-,-,biz,"[""finance_revenue_plan""]",Các tháng có kế hoạch doanh thu NICE tăng bất thường so với trung bình,,"WITH monthly_rev AS (
    SELECT
        date_trunc('month', plan_date) AS month,
        SUM(plan_nice_amount) AS revenue
    FROM hive.bi_silver.finance_revenue_plan
    GROUP BY 1
),
stats AS (
    SELECT
        AVG(revenue) AS avg_rev,
        STDDEV(revenue) AS std_rev
    FROM monthly_rev
)
SELECT
    month,
    revenue
FROM monthly_rev
CROSS JOIN stats
WHERE revenue > avg_rev + 2 * std_rev
ORDER BY revenue DESC"
509,35,Các tháng có kế hoạch doanh thu NICE giảm bất thường,-,-,biz,"[""finance_revenue_plan""]",Các tháng có kế hoạch doanh thu NICE giảm bất thường,,"WITH monthly_rev AS (
    SELECT
        date_trunc('month', plan_date) AS month,
        SUM(plan_nice_amount) AS revenue
    FROM hive.bi_silver.finance_revenue_plan
    GROUP BY 1
),
stats AS (
    SELECT
        AVG(revenue) AS avg_rev,
        STDDEV(revenue) AS std_rev
    FROM monthly_rev
)
SELECT
    month,
    revenue
FROM monthly_rev
CROSS JOIN stats
WHERE revenue < avg_rev - 2 * std_rev
ORDER BY revenue ASC"
510,36,So sánh kế hoạch doanh thu NICE giữa các năm,-,-,biz,"[""finance_revenue_plan""]",So sánh kế hoạch doanh thu NICE giữa các năm,,"SELECT 
    date_trunc('year', plan_date) AS year,
    SUM(plan_nice_amount) AS total_revenue
FROM hive.bi_silver.finance_revenue_plan
GROUP BY date_trunc('year', plan_date)
ORDER BY year"
511,37,Tỷ trọng kế hoạch doanh thu Viettel Group so với tổng doanh thu NICE,-,-,biz,"[""finance_revenue_plan""]",Tỷ trọng kế hoạch doanh thu Viettel Group so với tổng doanh thu NICE,,"SELECT SUM(plan_viettel_group_amount) / NULLIF(SUM(plan_nice_amount), 0) AS viettel_share
FROM hive.bi_silver.finance_revenue_plan"
512,38,Xu hướng rolling 12 tháng kế hoạch doanh thu MUST,-,-,biz,"[""finance_revenue_plan""]",Xu hướng rolling 12 tháng kế hoạch doanh thu MUST,,"WITH monthly_rev AS (
    SELECT
        date_trunc('month', plan_date) AS month,
        SUM(plan_must_amount) AS revenue
    FROM hive.bi_silver.finance_revenue_plan
    GROUP BY 1
)
SELECT
    month,
    SUM(revenue) OVER (
        ORDER BY month
        ROWS BETWEEN 11 PRECEDING AND CURRENT ROW
    ) AS rolling_12_month_revenue
FROM monthly_rev
ORDER BY month"
513,39,Phân khúc cấp 1 có tăng trưởng doanh thu kế hoạch NICE nhanh nhất theo năm,-,-,biz,"[""finance_revenue_plan""]",Phân khúc cấp 1 có tăng trưởng doanh thu kế hoạch NICE nhanh nhất theo năm,,"WITH yearly_seg AS (
    SELECT
        date_trunc('year', plan_date) AS year,
        customer_segment_l1,
        SUM(plan_nice_amount) AS revenue
    FROM hive.bi_silver.finance_revenue_plan
    GROUP BY 1, 2
)
SELECT
    year,
    customer_segment_l1,
    (revenue - LAG(revenue) OVER (PARTITION BY customer_segment_l1 ORDER BY year))
    / NULLIF(LAG(revenue) OVER (PARTITION BY customer_segment_l1 ORDER BY year), 0) AS yoy_growth
FROM yearly_seg
ORDER BY yoy_growth DESC"
514,40,Theo dõi số bản ghi kế hoạch doanh thu theo tháng để phát hiện bất thường dữ liệu,-,-,biz,"[""finance_revenue_plan""]",Theo dõi số bản ghi kế hoạch doanh thu theo tháng để phát hiện bất thường dữ liệu,,"SELECT 
    date_trunc('month', plan_date) AS month,
    COUNT(*) AS record_count
FROM hive.bi_silver.finance_revenue_plan
GROUP BY date_trunc('month', plan_date)
ORDER BY month"
515,41,Xu hướng dự báo kế hoạch doanh thu NICE theo tháng,-,-,biz,"[""finance_revenue_plan""]",Xu hướng dự báo kế hoạch doanh thu NICE theo tháng,,"SELECT date_trunc('month', plan_date) AS month, SUM(plan_nice_amount) AS revenue_plan FROM hive.bi_silver.finance_revenue_plan GROUP BY 1 ORDER BY month"
516,42,Xu hướng dự báo kế hoạch doanh thu MUST theo tháng,-,-,biz,"[""finance_revenue_plan""]",Xu hướng dự báo kế hoạch doanh thu MUST theo tháng,,"SELECT date_trunc('month', plan_date) AS month, SUM(plan_must_amount) AS revenue_plan FROM hive.bi_silver.finance_revenue_plan GROUP BY 1 ORDER BY month"
517,43,Tốc độ tăng trưởng trung bình của kế hoạch doanh thu NICE theo tháng,-,-,biz,"[""finance_revenue_plan""]",Tốc độ tăng trưởng trung bình của kế hoạch doanh thu NICE theo tháng,,"WITH monthly_rev AS (
    SELECT date_trunc('month', plan_date) AS month,
           SUM(plan_nice_amount) AS revenue
    FROM hive.bi_silver.finance_revenue_plan
    GROUP BY 1
),
growth AS (
    SELECT month,
           (revenue - LAG(revenue) OVER (ORDER BY month)) / NULLIF(LAG(revenue) OVER (ORDER BY month), 0) AS growth_rate
    FROM monthly_rev
)
SELECT AVG(growth_rate) AS avg_growth_rate
FROM growth"
518,44,Chỉ số biến động kế hoạch doanh thu NICE theo tháng (volatility index),-,-,biz,"[""finance_revenue_plan""]",Chỉ số biến động kế hoạch doanh thu NICE theo tháng (volatility index),,"WITH monthly_rev AS (
    SELECT
        date_trunc('month', plan_date) AS month,
        SUM(plan_nice_amount) AS revenue
    FROM hive.bi_silver.finance_revenue_plan
    GROUP BY 1
)
SELECT
    STDDEV(revenue) / NULLIF(AVG(revenue), 0) AS volatility_index
FROM monthly_rev"
519,45,Chỉ số biến động kế hoạch doanh thu MUST theo tháng,-,-,biz,"[""finance_revenue_plan""]",Chỉ số biến động kế hoạch doanh thu MUST theo tháng,,"WITH monthly_rev AS (
    SELECT
        date_trunc('month', plan_date) AS month,
        SUM(plan_must_amount) AS revenue
    FROM hive.bi_silver.finance_revenue_plan
    GROUP BY 1
)
SELECT
    STDDEV(revenue) / NULLIF(AVG(revenue), 0) AS volatility_index
FROM monthly_rev"
520,46,Bảng xếp hạng tăng trưởng kế hoạch doanh thu NICE theo phân khúc cấp 1,-,-,biz,"[""finance_revenue_plan""]",Bảng xếp hạng tăng trưởng kế hoạch doanh thu NICE theo phân khúc cấp 1,,"WITH yearly_seg AS (
    SELECT
        date_trunc('year', plan_date) AS year,
        customer_segment_l1,
        SUM(plan_nice_amount) AS revenue
    FROM hive.bi_silver.finance_revenue_plan
    GROUP BY 1, 2
),
growth AS (
    SELECT
        year,
        customer_segment_l1,
        (revenue - LAG(revenue) OVER (PARTITION BY customer_segment_l1 ORDER BY year))
        / NULLIF(LAG(revenue) OVER (PARTITION BY customer_segment_l1 ORDER BY year), 0) AS growth_rate
    FROM yearly_seg
)
SELECT
    customer_segment_l1,
    AVG(growth_rate) AS avg_growth
FROM growth
GROUP BY customer_segment_l1
ORDER BY avg_growth DESC"
521,47,Top 10 phân khúc có tốc độ tăng trưởng kế hoạch doanh thu cao nhất,-,-,biz,"[""finance_revenue_plan""]",Top 10 phân khúc có tốc độ tăng trưởng kế hoạch doanh thu cao nhất,,"WITH yearly_seg AS (
    SELECT date_trunc('year', plan_date) AS year,
           customer_segment_l1,
           SUM(plan_nice_amount) AS revenue
    FROM hive.bi_silver.finance_revenue_plan
    GROUP BY 1,2
),
growth AS (
    SELECT year,
           customer_segment_l1,
           (revenue - LAG(revenue) OVER (PARTITION BY customer_segment_l1 ORDER BY year))
           / NULLIF(LAG(revenue) OVER (PARTITION BY customer_segment_l1 ORDER BY year),0) AS growth_rate
    FROM yearly_seg
)
SELECT customer_segment_l1,
       AVG(growth_rate) AS avg_growth
FROM growth
GROUP BY customer_segment_l1
ORDER BY avg_growth DESC
LIMIT 10"
522,48,Top 10 phân khúc có tăng trưởng kế hoạch doanh thu thấp nhất,-,-,biz,"[""finance_revenue_plan""]",Top 10 phân khúc có tăng trưởng kế hoạch doanh thu thấp nhất,,"WITH yearly_seg AS (
    SELECT
        date_trunc('year', plan_date) AS year,
        customer_segment_l1,
        SUM(plan_nice_amount) AS revenue
    FROM hive.bi_silver.finance_revenue_plan
    GROUP BY 1, 2
),
growth AS (
    SELECT
        year,
        customer_segment_l1,
        (revenue - LAG(revenue) OVER (PARTITION BY customer_segment_l1 ORDER BY year))
        / NULLIF(LAG(revenue) OVER (PARTITION BY customer_segment_l1 ORDER BY year), 0) AS growth_rate
    FROM yearly_seg
)
SELECT
    customer_segment_l1,
    AVG(growth_rate) AS avg_growth
FROM growth
GROUP BY customer_segment_l1
ORDER BY avg_growth ASC
LIMIT 10"
523,49,Chỉ số đa dạng hóa doanh thu kế hoạch theo phân khúc cấp 1,-,-,biz,"[""finance_revenue_plan""]",Chỉ số đa dạng hóa doanh thu kế hoạch theo phân khúc cấp 1,,"WITH seg_rev AS (
    SELECT
        customer_segment_l1,
        SUM(plan_nice_amount) AS revenue
    FROM hive.bi_silver.finance_revenue_plan
    GROUP BY customer_segment_l1
),
total_rev AS (
    SELECT
        SUM(revenue) AS total
    FROM seg_rev
)
SELECT
    1 - SUM(POWER(revenue / NULLIF(total, 0), 2)) AS diversification_index
FROM seg_rev
CROSS JOIN total_rev"
524,50,Chỉ số đa dạng hóa doanh thu MUST theo phân khúc,-,-,biz,"[""finance_revenue_plan""]",Chỉ số đa dạng hóa doanh thu MUST theo phân khúc,,"WITH seg_rev AS (
    SELECT
        customer_segment_l1,
        SUM(plan_must_amount) AS revenue
    FROM hive.bi_silver.finance_revenue_plan
    GROUP BY customer_segment_l1
),
total_rev AS (
    SELECT
        SUM(revenue) AS total
    FROM seg_rev
)
SELECT
    1 - SUM(POWER(revenue / NULLIF(total, 0), 2)) AS diversification_index
FROM seg_rev
CROSS JOIN total_rev"
525,51,Phân khúc chiếm tỷ trọng lớn nhất trong kế hoạch doanh thu NICE,-,-,biz,"[""finance_revenue_plan""]",Phân khúc chiếm tỷ trọng lớn nhất trong kế hoạch doanh thu NICE,,"SELECT customer_segment_l1, SUM(plan_nice_amount) AS revenue 
FROM hive.bi_silver.finance_revenue_plan 
GROUP BY customer_segment_l1 
ORDER BY revenue DESC 
LIMIT 1"
526,52,Phân khúc chiếm tỷ trọng nhỏ nhất trong kế hoạch doanh thu NICE,-,-,biz,"[""finance_revenue_plan""]",Phân khúc chiếm tỷ trọng nhỏ nhất trong kế hoạch doanh thu NICE,,"SELECT customer_segment_l1, SUM(plan_nice_amount) AS revenue
FROM hive.bi_silver.finance_revenue_plan
GROUP BY customer_segment_l1
ORDER BY revenue ASC
LIMIT 1"
527,53,Chỉ số ổn định kế hoạch doanh thu NICE theo tháng (stability score),-,-,biz,"[""finance_revenue_plan""]",Chỉ số ổn định kế hoạch doanh thu NICE theo tháng (stability score),,"WITH monthly_rev AS (
    SELECT
        date_trunc('month', plan_date) AS month,
        SUM(plan_nice_amount) AS revenue
    FROM hive.bi_silver.finance_revenue_plan
    GROUP BY 1
)
SELECT
    1 - (STDDEV(revenue) / NULLIF(AVG(revenue), 0)) AS stability_score
FROM monthly_rev"
528,54,Chỉ số ổn định kế hoạch doanh thu MUST theo tháng,-,-,biz,"[""finance_revenue_plan""]",Chỉ số ổn định kế hoạch doanh thu MUST theo tháng,,"WITH monthly_rev AS (
    SELECT
        date_trunc('month', plan_date) AS month,
        SUM(plan_must_amount) AS revenue
    FROM hive.bi_silver.finance_revenue_plan
    GROUP BY 1
)
SELECT
    1 - (STDDEV(revenue) / NULLIF(AVG(revenue), 0)) AS stability_score
FROM monthly_rev"
529,55,Xác định các tháng có biến động kế hoạch doanh thu cao nhất,-,-,biz,"[""finance_revenue_plan""]",Xác định các tháng có biến động kế hoạch doanh thu cao nhất,,"WITH monthly_rev AS (
    SELECT
        date_trunc('month', plan_date) AS month,
        SUM(plan_nice_amount) AS revenue
    FROM hive.bi_silver.finance_revenue_plan
    GROUP BY 1
)
SELECT
    month,
    revenue,
    ABS(revenue - LAG(revenue) OVER (ORDER BY month)) AS change_value
FROM monthly_rev
ORDER BY change_value DESC"
530,56,Phát hiện các tháng có kế hoạch doanh thu NICE bất thường bằng z-score,-,-,biz,"[""finance_revenue_plan""]",Phát hiện các tháng có kế hoạch doanh thu NICE bất thường bằng z-score,,"WITH monthly_rev AS (
    SELECT
        date_trunc('month', plan_date) AS month,
        SUM(plan_nice_amount) AS revenue
    FROM hive.bi_silver.finance_revenue_plan
    GROUP BY 1
),
stats AS (
    SELECT
        AVG(revenue) AS avg_rev,
        STDDEV(revenue) AS std_rev
    FROM monthly_rev
)
SELECT
    month,
    revenue,
    (revenue - avg_rev) / NULLIF(std_rev, 0) AS z_score
FROM monthly_rev
CROSS JOIN stats
WHERE ABS((revenue - avg_rev) / NULLIF(std_rev, 0)) > 2
ORDER BY ABS(z_score) DESC"
531,57,Xếp hạng các phân khúc theo độ ổn định doanh thu kế hoạch,-,-,biz,"[""finance_revenue_plan""]",Xếp hạng các phân khúc theo độ ổn định doanh thu kế hoạch,,"WITH seg_stats AS (
    SELECT
        customer_segment_l1,
        STDDEV(plan_nice_amount) / NULLIF(AVG(plan_nice_amount), 0) AS volatility
    FROM hive.bi_silver.finance_revenue_plan
    GROUP BY customer_segment_l1
)
SELECT
    customer_segment_l1,
    volatility
FROM seg_stats
ORDER BY volatility ASC"
532,58,Phân khúc có doanh thu kế hoạch ổn định nhất,-,-,biz,"[""finance_revenue_plan""]",Phân khúc có doanh thu kế hoạch ổn định nhất,,"WITH seg_stats AS (
    SELECT
        customer_segment_l1,
        STDDEV(plan_nice_amount) / NULLIF(AVG(plan_nice_amount), 0) AS volatility
    FROM hive.bi_silver.finance_revenue_plan
    GROUP BY customer_segment_l1
)
SELECT
    customer_segment_l1,
    volatility
FROM seg_stats
ORDER BY volatility ASC
LIMIT 1"
533,59,Phân khúc có doanh thu kế hoạch biến động nhất,-,-,biz,"[""finance_revenue_plan""]",Phân khúc có doanh thu kế hoạch biến động nhất,,"WITH seg_stats AS (
    SELECT
        customer_segment_l1,
        STDDEV(plan_nice_amount) / NULLIF(AVG(plan_nice_amount), 0) AS volatility
    FROM hive.bi_silver.finance_revenue_plan
    GROUP BY customer_segment_l1
)
SELECT
    customer_segment_l1,
    volatility
FROM seg_stats
ORDER BY volatility DESC
LIMIT 1"
534,60,Chỉ số tập trung doanh thu kế hoạch kết hợp HHI và diversification index,-,-,biz,"[""finance_revenue_plan""]",Chỉ số tập trung doanh thu kế hoạch kết hợp HHI và diversification index,,"WITH seg_rev AS (
    SELECT
        customer_segment_l1,
        SUM(plan_nice_amount) AS revenue
    FROM hive.bi_silver.finance_revenue_plan
    GROUP BY customer_segment_l1
),
total_rev AS (
    SELECT
        SUM(revenue) AS total
    FROM seg_rev
)
SELECT
    SUM(POWER(revenue / NULLIF(total, 0), 2)) AS hhi_index,
    1 - SUM(POWER(revenue / NULLIF(total, 0), 2)) AS diversification_index
FROM seg_rev
CROSS JOIN total_rev"
535,61,Chỉ số hiệu quả kế hoạch doanh thu NICE so với doanh thu MUST,-,-,biz,"[""finance_revenue_plan""]",Chỉ số hiệu quả kế hoạch doanh thu NICE so với doanh thu MUST,,"SELECT SUM(plan_nice_amount) / NULLIF(SUM(plan_must_amount),0) AS revenue_plan_efficiency_index
FROM hive.bi_silver.finance_revenue_plan"
536,62,Chỉ số hiệu quả doanh thu kế hoạch theo phân khúc cấp 1,-,-,biz,"[""finance_revenue_plan""]",Chỉ số hiệu quả doanh thu kế hoạch theo phân khúc cấp 1,,"SELECT customer_segment_l1, SUM(plan_nice_amount) / NULLIF(SUM(plan_must_amount),0) AS efficiency_index FROM hive.bi_silver.finance_revenue_plan GROUP BY customer_segment_l1 ORDER BY efficiency_index DESC"
537,63,Top 10 phân khúc có hiệu quả kế hoạch doanh thu cao nhất,-,-,biz,"[""finance_revenue_plan""]",Top 10 phân khúc có hiệu quả kế hoạch doanh thu cao nhất,,"SELECT customer_segment_l1, SUM(plan_nice_amount) / NULLIF(SUM(plan_must_amount),0) AS efficiency_index FROM hive.bi_silver.finance_revenue_plan GROUP BY customer_segment_l1 ORDER BY efficiency_index DESC LIMIT 10"
538,64,Top 10 phân khúc có hiệu quả kế hoạch doanh thu thấp nhất,-,-,biz,"[""finance_revenue_plan""]",Top 10 phân khúc có hiệu quả kế hoạch doanh thu thấp nhất,,"SELECT customer_segment_l1, SUM(plan_nice_amount) / NULLIF(SUM(plan_must_amount),0) AS efficiency_index FROM hive.bi_silver.finance_revenue_plan GROUP BY customer_segment_l1 ORDER BY efficiency_index ASC LIMIT 10"
539,65,Chỉ số rủi ro kế hoạch doanh thu dựa trên biến động theo tháng,-,-,biz,"[""finance_revenue_plan""]",Chỉ số rủi ro kế hoạch doanh thu dựa trên biến động theo tháng,,"WITH monthly_rev AS (
    SELECT
        date_trunc('month', plan_date) AS month,
        SUM(plan_nice_amount) AS revenue
    FROM hive.bi_silver.finance_revenue_plan
    GROUP BY 1
)
SELECT
    STDDEV(revenue) / NULLIF(AVG(revenue), 0) AS revenue_plan_risk_score
FROM monthly_rev"
540,66,Chỉ số rủi ro kế hoạch doanh thu MUST theo tháng,-,-,biz,"[""finance_revenue_plan""]",Chỉ số rủi ro kế hoạch doanh thu MUST theo tháng,,"WITH monthly_rev AS (
    SELECT
        date_trunc('month', plan_date) AS month,
        SUM(plan_must_amount) AS revenue
    FROM hive.bi_silver.finance_revenue_plan
    GROUP BY 1
)
SELECT
    STDDEV(revenue) / NULLIF(AVG(revenue), 0) AS revenue_plan_risk_score
FROM monthly_rev"
541,67,Tỷ lệ phụ thuộc doanh thu kế hoạch vào phân khúc lớn nhất,-,-,biz,"[""finance_revenue_plan""]",Tỷ lệ phụ thuộc doanh thu kế hoạch vào phân khúc lớn nhất,,"WITH seg_rev AS (
    SELECT customer_segment_l1, SUM(plan_nice_amount) AS revenue
    FROM hive.bi_silver.finance_revenue_plan
    GROUP BY customer_segment_l1
), total_rev AS (
    SELECT SUM(revenue) AS total
    FROM seg_rev
)
SELECT MAX(revenue / NULLIF(total,0)) AS segment_dependency_ratio
FROM seg_rev
CROSS JOIN total_rev"
542,68,Tỷ lệ phụ thuộc doanh thu kế hoạch vào top 3 phân khúc,-,-,biz,"[""finance_revenue_plan""]",Tỷ lệ phụ thuộc doanh thu kế hoạch vào top 3 phân khúc,,"WITH seg_rev AS (
    SELECT customer_segment_l1, SUM(plan_nice_amount) AS revenue
    FROM hive.bi_silver.finance_revenue_plan
    GROUP BY customer_segment_l1
),
ranked AS (
    SELECT revenue, ROW_NUMBER() OVER (ORDER BY revenue DESC) AS rnk
    FROM seg_rev
),
total_rev AS (
    SELECT SUM(plan_nice_amount) AS total
    FROM hive.bi_silver.finance_revenue_plan
)
SELECT
    SUM(revenue) / NULLIF(MAX(total),0) AS top3_dependency_ratio
FROM ranked
CROSS JOIN total_rev
WHERE rnk <= 3"
543,69,Tỷ lệ phụ thuộc doanh thu kế hoạch vào top 5 phân khúc,-,-,biz,"[""finance_revenue_plan""]",Tỷ lệ phụ thuộc doanh thu kế hoạch vào top 5 phân khúc,,"WITH seg_rev AS (
    SELECT customer_segment_l1, SUM(plan_nice_amount) AS revenue
    FROM hive.bi_silver.finance_revenue_plan
    GROUP BY customer_segment_l1
),
ranked AS (
    SELECT revenue, ROW_NUMBER() OVER (ORDER BY revenue DESC) AS rnk
    FROM seg_rev
),
total_rev AS (
    SELECT SUM(plan_nice_amount) AS total
    FROM hive.bi_silver.finance_revenue_plan
)
SELECT
    SUM(revenue) / NULLIF(MAX(total),0) AS top5_dependency_ratio
FROM ranked
CROSS JOIN total_rev
WHERE rnk <= 5"
544,70,Chỉ số rủi ro tập trung doanh thu kế hoạch dựa trên HHI,-,-,biz,"[""finance_revenue_plan""]",Chỉ số rủi ro tập trung doanh thu kế hoạch dựa trên HHI,,"WITH seg_rev AS (
    SELECT
        customer_segment_l1,
        SUM(plan_nice_amount) AS revenue
    FROM hive.bi_silver.finance_revenue_plan
    GROUP BY customer_segment_l1
),
total_rev AS (
    SELECT
        SUM(revenue) AS total
    FROM seg_rev
)
SELECT
    SUM(POWER(revenue / NULLIF(total, 0), 2)) AS revenue_concentration_risk
FROM seg_rev
CROSS JOIN total_rev"
545,71,Tính CAGR dài hạn của kế hoạch doanh thu NICE theo năm,-,-,biz,"[""finance_revenue_plan""]",Tính CAGR dài hạn của kế hoạch doanh thu NICE theo năm,,"WITH yearly_rev AS (
    SELECT date_trunc('year', plan_date) AS year, SUM(plan_nice_amount) AS revenue
    FROM hive.bi_silver.finance_revenue_plan
    GROUP BY 1
),
stats AS (
    SELECT MIN(year) AS start_year, MAX(year) AS end_year
    FROM yearly_rev
),
rev_points AS (
    SELECT
        y1.revenue AS start_rev,
        y2.revenue AS end_rev,
        date_diff('year', stats.start_year, stats.end_year) AS n_years
    FROM yearly_rev y1
    JOIN stats ON y1.year = stats.start_year
    JOIN yearly_rev y2 ON y2.year = stats.end_year
)
SELECT
    POWER(end_rev / NULLIF(start_rev,0), 1.0 / NULLIF(n_years,0)) - 1 AS revenue_plan_cagr
FROM rev_points"
546,73,Chỉ số biến động rolling 3 tháng của kế hoạch doanh thu NICE,-,-,biz,"[""finance_revenue_plan""]",Chỉ số biến động rolling 3 tháng của kế hoạch doanh thu NICE,,"WITH monthly_rev AS (
    SELECT
        date_trunc('month', plan_date) AS month,
        SUM(plan_nice_amount) AS revenue
    FROM hive.bi_silver.finance_revenue_plan
    GROUP BY 1
)
SELECT
    month,
    STDDEV(revenue) OVER (
        ORDER BY month
        ROWS BETWEEN 2 PRECEDING AND CURRENT ROW
    ) AS rolling_volatility
FROM monthly_rev
ORDER BY month"
547,74,Chỉ số biến động rolling 6 tháng của kế hoạch doanh thu NICE,-,-,biz,"[""finance_revenue_plan""]",Chỉ số biến động rolling 6 tháng của kế hoạch doanh thu NICE,,"WITH monthly_rev AS (
    SELECT date_trunc('month', plan_date) AS month,
           SUM(plan_nice_amount) AS revenue
    FROM hive.bi_silver.finance_revenue_plan
    GROUP BY 1
)
SELECT month,
       STDDEV(revenue) OVER (ORDER BY month ROWS BETWEEN 5 PRECEDING AND CURRENT ROW) AS rolling_volatility
FROM monthly_rev
ORDER BY month"
548,75,Chỉ số biến động rolling 12 tháng của kế hoạch doanh thu NICE,-,-,biz,"[""finance_revenue_plan""]",Chỉ số biến động rolling 12 tháng của kế hoạch doanh thu NICE,,"WITH monthly_rev AS (
    SELECT
        date_trunc('month', plan_date) AS month,
        SUM(plan_nice_amount) AS revenue
    FROM hive.bi_silver.finance_revenue_plan
    GROUP BY 1
)
SELECT
    month,
    STDDEV(revenue) OVER (
        ORDER BY month
        ROWS BETWEEN 11 PRECEDING AND CURRENT ROW
    ) AS rolling_volatility
FROM monthly_rev
ORDER BY month"
549,76,Xếp hạng các phân khúc theo chỉ số rủi ro doanh thu kế hoạch,-,-,biz,"[""finance_revenue_plan""]",Xếp hạng các phân khúc theo chỉ số rủi ro doanh thu kế hoạch,,"SELECT customer_segment_l1, STDDEV(plan_nice_amount) / NULLIF(AVG(plan_nice_amount),0) AS risk_score FROM hive.bi_silver.finance_revenue_plan GROUP BY customer_segment_l1 ORDER BY risk_score DESC"
550,77,Phân khúc có rủi ro doanh thu kế hoạch cao nhất,-,-,biz,"[""finance_revenue_plan""]",Phân khúc có rủi ro doanh thu kế hoạch cao nhất,,"SELECT customer_segment_l1, STDDEV(plan_nice_amount) / NULLIF(AVG(plan_nice_amount),0) AS risk_score FROM hive.bi_silver.finance_revenue_plan GROUP BY customer_segment_l1 ORDER BY risk_score DESC LIMIT 1"
551,78,Phân khúc có rủi ro doanh thu kế hoạch thấp nhất,-,-,biz,"[""finance_revenue_plan""]",Phân khúc có rủi ro doanh thu kế hoạch thấp nhất,,"SELECT customer_segment_l1, STDDEV(plan_nice_amount) / NULLIF(AVG(plan_nice_amount),0) AS risk_score FROM hive.bi_silver.finance_revenue_plan GROUP BY customer_segment_l1 ORDER BY risk_score ASC LIMIT 1"
552,79,Chỉ số cân bằng doanh thu kế hoạch giữa các phân khúc,-,-,biz,"[""finance_revenue_plan""]",Chỉ số cân bằng doanh thu kế hoạch giữa các phân khúc,,"WITH seg_rev AS (
    SELECT customer_segment_l1, SUM(plan_nice_amount) AS revenue
    FROM hive.bi_silver.finance_revenue_plan
    GROUP BY customer_segment_l1
),
stats AS (
    SELECT AVG(revenue) AS avg_rev
    FROM seg_rev
)
SELECT
    STDDEV(revenue) / NULLIF(MAX(avg_rev), 1) AS segment_balance_index
FROM seg_rev
CROSS JOIN stats"
553,80,"Tổng hợp các chỉ số chiến lược doanh thu kế hoạch (efficiency, risk, concentration)",-,-,biz,"[""finance_revenue_plan""]","Tổng hợp các chỉ số chiến lược doanh thu kế hoạch (efficiency, risk, concentration)",,"WITH total AS (
    SELECT SUM(plan_nice_amount) AS nice, SUM(plan_must_amount) AS must
    FROM hive.bi_silver.finance_revenue_plan
),

seg_rev AS (
    SELECT customer_segment_l1, SUM(plan_nice_amount) AS revenue
    FROM hive.bi_silver.finance_revenue_plan
    GROUP BY customer_segment_l1
),

total_rev AS (
    SELECT SUM(revenue) AS total
    FROM seg_rev
),

monthly_rev AS (
    SELECT date_trunc('month', plan_date) AS month,
           SUM(plan_nice_amount) AS revenue
    FROM hive.bi_silver.finance_revenue_plan
    GROUP BY 1
)

SELECT
    t.nice / NULLIF(t.must, 0) AS efficiency_index,
    STDDEV(m.revenue) / NULLIF(AVG(m.revenue), 0) AS risk_score,
    SUM(POWER(s.revenue / NULLIF(tr.total, 0), 2)) AS concentration_risk
FROM total t
CROSS JOIN total_rev tr
CROSS JOIN monthly_rev m
CROSS JOIN seg_rev s
GROUP BY t.nice, t.must, tr.total"
554,81,Tính chỉ số entropy của phân bố kế hoạch doanh thu NICE theo phân khúc cấp 1,-,-,biz,"[""finance_revenue_plan""]",Tính chỉ số entropy của phân bố kế hoạch doanh thu NICE theo phân khúc cấp 1,,"WITH seg_rev AS (
    SELECT
        customer_segment_l1,
        SUM(plan_nice_amount) AS revenue
    FROM hive.bi_silver.finance_revenue_plan
    GROUP BY customer_segment_l1
),
total_rev AS (
    SELECT
        SUM(revenue) AS total
    FROM seg_rev
)
SELECT
    -SUM((revenue / NULLIF(total, 0)) * LN(revenue / NULLIF(total, 0))) AS revenue_entropy_index
FROM seg_rev
CROSS JOIN total_rev"
555,82,Tính chỉ số entropy của kế hoạch doanh thu MUST theo phân khúc,-,-,biz,"[""finance_revenue_plan""]",Tính chỉ số entropy của kế hoạch doanh thu MUST theo phân khúc,,"WITH seg_rev AS (
    SELECT
        customer_segment_l1,
        SUM(plan_must_amount) AS revenue
    FROM hive.bi_silver.finance_revenue_plan
    GROUP BY customer_segment_l1
),
total_rev AS (
    SELECT
        SUM(revenue) AS total
    FROM seg_rev
)
SELECT
    -SUM((revenue / NULLIF(total, 0)) * LN(revenue / NULLIF(total, 0))) AS revenue_entropy_index
FROM seg_rev
CROSS JOIN total_rev"
556,83,Tính hệ số bất bình đẳng doanh thu kế hoạch (Gini coefficient) theo phân khúc,-,-,biz,"[""finance_revenue_plan""]",Tính hệ số bất bình đẳng doanh thu kế hoạch (Gini coefficient) theo phân khúc,,"WITH seg_rev AS (
    SELECT customer_segment_l1, SUM(plan_nice_amount) AS revenue
    FROM hive.bi_silver.finance_revenue_plan
    GROUP BY customer_segment_l1
),
ordered AS (
    SELECT
        revenue,
        ROW_NUMBER() OVER (ORDER BY revenue) AS rnk,
        COUNT(*) OVER () AS n,
        SUM(revenue) OVER () AS total
    FROM seg_rev
)
SELECT
    SUM((2 * rnk - n - 1) * revenue) /
    NULLIF(MAX(n) * MAX(total), 0) AS gini_coefficient
FROM ordered"
557,84,Tính hệ số Gini cho kế hoạch doanh thu MUST,-,-,biz,"[""finance_revenue_plan""]",Tính hệ số Gini cho kế hoạch doanh thu MUST,,"WITH seg_rev AS (
    SELECT customer_segment_l1, SUM(plan_must_amount) AS revenue
    FROM hive.bi_silver.finance_revenue_plan
    GROUP BY customer_segment_l1
),
ordered AS (
    SELECT
        revenue,
        ROW_NUMBER() OVER (ORDER BY revenue) AS rnk,
        COUNT(*) OVER () AS n,
        SUM(revenue) OVER () AS total
    FROM seg_rev
)
SELECT
    SUM((2 * rnk - n - 1) * revenue) /
    NULLIF(CAST(MAX(n) * MAX(total) AS DOUBLE), 0) AS gini_coefficient
FROM ordered"
558,85,Tính momentum của kế hoạch doanh thu NICE theo tháng,-,-,biz,"[""finance_revenue_plan""]",Tính momentum của kế hoạch doanh thu NICE theo tháng,,"WITH monthly_rev AS (
    SELECT
        date_trunc('month', plan_date) AS month,
        SUM(plan_nice_amount) AS revenue
    FROM hive.bi_silver.finance_revenue_plan
    GROUP BY 1
)
SELECT
    month,
    revenue - LAG(revenue) OVER (ORDER BY month) AS revenue_momentum
FROM monthly_rev
ORDER BY month"
559,86,Tính momentum trung bình của kế hoạch doanh thu NICE,-,-,biz,"[""finance_revenue_plan""]",Tính momentum trung bình của kế hoạch doanh thu NICE,,"WITH monthly_rev AS (
    SELECT
        date_trunc('month', plan_date) AS month,
        SUM(plan_nice_amount) AS revenue
    FROM hive.bi_silver.finance_revenue_plan
    GROUP BY 1
),
momentum AS (
    SELECT
        revenue - LAG(revenue) OVER (ORDER BY month) AS mom
    FROM monthly_rev
)
SELECT
    AVG(mom) AS avg_revenue_momentum
FROM momentum"
560,87,Phân khúc có momentum doanh thu kế hoạch cao nhất,-,-,biz,"[""finance_revenue_plan""]",Phân khúc có momentum doanh thu kế hoạch cao nhất,,"WITH yearly_seg AS (
    SELECT
        date_trunc('year', plan_date) AS year,
        customer_segment_l1,
        SUM(plan_nice_amount) AS revenue
    FROM hive.bi_silver.finance_revenue_plan
    GROUP BY 1, 2
),
momentum AS (
    SELECT
        customer_segment_l1,
        revenue - LAG(revenue) OVER (PARTITION BY customer_segment_l1 ORDER BY year) AS momentum
    FROM yearly_seg
)
SELECT
    customer_segment_l1,
    AVG(momentum) AS avg_momentum
FROM momentum
GROUP BY customer_segment_l1
ORDER BY avg_momentum DESC
LIMIT 1"
561,88,Xếp hạng các phân khúc theo momentum doanh thu kế hoạch,-,-,biz,"[""finance_revenue_plan""]",Xếp hạng các phân khúc theo momentum doanh thu kế hoạch,,"WITH yearly_seg AS (
    SELECT
        date_trunc('year', plan_date) AS year,
        customer_segment_l1,
        SUM(plan_nice_amount) AS revenue
    FROM hive.bi_silver.finance_revenue_plan
    GROUP BY 1, 2
),
momentum AS (
    SELECT
        customer_segment_l1,
        revenue - LAG(revenue) OVER (PARTITION BY customer_segment_l1 ORDER BY year) AS momentum
    FROM yearly_seg
)
SELECT
    customer_segment_l1,
    AVG(momentum) AS avg_momentum
FROM momentum
GROUP BY customer_segment_l1
ORDER BY avg_momentum DESC"
562,89,Tính gia tốc tăng trưởng doanh thu kế hoạch theo phân khúc,-,-,biz,"[""finance_revenue_plan""]",Tính gia tốc tăng trưởng doanh thu kế hoạch theo phân khúc,,"WITH yearly_seg AS (
    SELECT
        date_trunc('year', plan_date) AS year,
        customer_segment_l1,
        SUM(plan_nice_amount) AS revenue
    FROM hive.bi_silver.finance_revenue_plan
    GROUP BY 1, 2
),
growth AS (
    SELECT
        customer_segment_l1,
        year,
        (revenue - LAG(revenue) OVER (PARTITION BY customer_segment_l1 ORDER BY year)) AS growth
    FROM yearly_seg
),
accel AS (
    SELECT
        customer_segment_l1,
        growth - LAG(growth) OVER (PARTITION BY customer_segment_l1 ORDER BY year) AS acceleration
    FROM growth
)
SELECT
    customer_segment_l1,
    AVG(acceleration) AS growth_acceleration
FROM accel
GROUP BY customer_segment_l1
ORDER BY growth_acceleration DESC"
563,90,Phân khúc có gia tốc tăng trưởng doanh thu kế hoạch cao nhất,-,-,biz,"[""finance_revenue_plan""]",Phân khúc có gia tốc tăng trưởng doanh thu kế hoạch cao nhất,,"WITH yearly_seg AS (
    SELECT
        date_trunc('year', plan_date) AS year,
        customer_segment_l1,
        SUM(plan_nice_amount) AS revenue
    FROM hive.bi_silver.finance_revenue_plan
    GROUP BY 1, 2
),
growth AS (
    SELECT
        customer_segment_l1,
        year,
        revenue - LAG(revenue) OVER (PARTITION BY customer_segment_l1 ORDER BY year) AS growth
    FROM yearly_seg
),
accel AS (
    SELECT
        customer_segment_l1,
        growth - LAG(growth) OVER (PARTITION BY customer_segment_l1 ORDER BY year) AS acceleration
    FROM growth
)
SELECT
    customer_segment_l1,
    AVG(acceleration) AS acceleration_score
FROM accel
GROUP BY customer_segment_l1
ORDER BY acceleration_score DESC
LIMIT 1"
564,91,Phát hiện shock doanh thu kế hoạch theo tháng bằng z-score,-,-,biz,"[""finance_revenue_plan""]",Phát hiện shock doanh thu kế hoạch theo tháng bằng z-score,,"WITH monthly_rev AS (
    SELECT date_trunc('month', plan_date) AS month,
           SUM(plan_nice_amount) AS revenue
    FROM hive.bi_silver.finance_revenue_plan
    GROUP BY 1
),
stats AS (
    SELECT AVG(revenue) AS avg_rev,
           STDDEV(revenue) AS std_rev
    FROM monthly_rev
)
SELECT month,
       revenue,
       (revenue - avg_rev) / NULLIF(std_rev, 0) AS z_score
FROM monthly_rev
CROSS JOIN stats
WHERE ABS((revenue - avg_rev) / NULLIF(std_rev, 0)) > 3
ORDER BY ABS(z_score) DESC"
565,92,Các tháng có biến động doanh thu kế hoạch lớn nhất,-,-,biz,"[""finance_revenue_plan""]",Các tháng có biến động doanh thu kế hoạch lớn nhất,,"WITH monthly_rev AS (
    SELECT
        date_trunc('month', plan_date) AS month,
        SUM(plan_nice_amount) AS revenue
    FROM hive.bi_silver.finance_revenue_plan
    GROUP BY 1
)
SELECT
    month,
    ABS(revenue - LAG(revenue) OVER (ORDER BY month)) AS shock_value
FROM monthly_rev
ORDER BY shock_value DESC"
566,93,Chỉ số shock trung bình của doanh thu kế hoạch theo tháng,-,-,biz,"[""finance_revenue_plan""]",Chỉ số shock trung bình của doanh thu kế hoạch theo tháng,,"WITH monthly_rev AS (
    SELECT
        date_trunc('month', plan_date) AS month,
        SUM(plan_nice_amount) AS revenue
    FROM hive.bi_silver.finance_revenue_plan
    GROUP BY 1
),
diff AS (
    SELECT
        ABS(revenue - LAG(revenue) OVER (ORDER BY month)) AS shock
    FROM monthly_rev
)
SELECT
    AVG(shock) AS avg_shock_index
FROM diff"
567,94,Tính entropy doanh thu kế hoạch theo phân khúc cấp 2,-,-,biz,"[""finance_revenue_plan""]",Tính entropy doanh thu kế hoạch theo phân khúc cấp 2,,"WITH seg_rev AS (
    SELECT
        customer_segment_l2,
        SUM(plan_nice_amount) AS revenue
    FROM hive.bi_silver.finance_revenue_plan
    GROUP BY customer_segment_l2
),
total_rev AS (
    SELECT
        SUM(revenue) AS total
    FROM seg_rev
)
SELECT
    -SUM((revenue / NULLIF(total, 0)) * LN(revenue / NULLIF(total, 0))) AS entropy_index
FROM seg_rev
CROSS JOIN total_rev"
568,95,Tính Gini coefficient cho doanh thu kế hoạch theo phân khúc cấp 2,-,-,biz,"[""finance_revenue_plan""]",Tính Gini coefficient cho doanh thu kế hoạch theo phân khúc cấp 2,,"WITH seg_rev AS (
    SELECT
        customer_segment_l2,
        SUM(plan_nice_amount) AS revenue
    FROM hive.bi_silver.finance_revenue_plan
    GROUP BY customer_segment_l2
),
ordered AS (
    SELECT
        revenue,
        ROW_NUMBER() OVER (ORDER BY revenue) AS rnk,
        COUNT(*) OVER () AS n,
        SUM(revenue) OVER () AS total
    FROM seg_rev
)
SELECT
    CAST(SUM((2 * rnk - n - 1) * revenue) AS DOUBLE) /
    NULLIF(CAST(MAX(n) * MAX(total) AS DOUBLE), 1) AS gini_coefficient
FROM ordered"
569,96,Xu hướng momentum doanh thu kế hoạch theo năm,-,-,biz,"[""finance_revenue_plan""]",Xu hướng momentum doanh thu kế hoạch theo năm,,"WITH yearly_rev AS (
    SELECT
        date_trunc('year', plan_date) AS year,
        SUM(plan_nice_amount) AS revenue
    FROM hive.bi_silver.finance_revenue_plan
    GROUP BY 1
)
SELECT
    year,
    revenue - LAG(revenue) OVER (ORDER BY year) AS yearly_momentum
FROM yearly_rev
ORDER BY year"
570,97,Chỉ số entropy tổng hợp của doanh thu kế hoạch và MUST,-,-,biz,"[""finance_revenue_plan""]",Chỉ số entropy tổng hợp của doanh thu kế hoạch và MUST,,"WITH seg_rev AS (
    SELECT customer_segment_l1,
           SUM(plan_nice_amount + plan_must_amount) AS revenue
    FROM hive.bi_silver.finance_revenue_plan
    GROUP BY customer_segment_l1
),
total_rev AS (
    SELECT SUM(revenue) AS total
    FROM seg_rev
)
SELECT -SUM((revenue / NULLIF(total,0)) * LN(revenue / NULLIF(total,0))) AS entropy_index
FROM seg_rev
CROSS JOIN total_rev"
571,98,Chỉ số bất bình đẳng doanh thu tổng hợp NICE và MUST,-,-,biz,"[""finance_revenue_plan""]",Chỉ số bất bình đẳng doanh thu tổng hợp NICE và MUST,,"WITH seg_rev AS (
    SELECT
        customer_segment_l1,
        SUM(plan_nice_amount + plan_must_amount) AS revenue
    FROM hive.bi_silver.finance_revenue_plan
    GROUP BY customer_segment_l1
),
ordered AS (
    SELECT
        revenue,
        ROW_NUMBER() OVER (ORDER BY revenue) AS rnk,
        COUNT(*) OVER () AS n,
        SUM(revenue) OVER () AS total
    FROM seg_rev
)
SELECT
    CAST(SUM((2 * rnk - n - 1) * revenue) AS DOUBLE) /
    NULLIF(CAST(MAX(n) * MAX(total) AS DOUBLE), 0) AS gini_coefficient
FROM ordered"
572,99,Xác định các phân khúc có shock doanh thu kế hoạch lớn nhất,-,-,biz,"[""finance_revenue_plan""]",Xác định các phân khúc có shock doanh thu kế hoạch lớn nhất,,"WITH yearly_seg AS (
    SELECT
        date_trunc('year', plan_date) AS year,
        customer_segment_l1,
        SUM(plan_nice_amount) AS revenue
    FROM hive.bi_silver.finance_revenue_plan
    GROUP BY 1, 2
),
diff AS (
    SELECT
        customer_segment_l1,
        ABS(revenue - LAG(revenue) OVER (PARTITION BY customer_segment_l1 ORDER BY year)) AS shock
    FROM yearly_seg
)
SELECT
    customer_segment_l1,
    MAX(shock) AS max_shock
FROM diff
GROUP BY customer_segment_l1
ORDER BY max_shock DESC"
573,100,"Tổng hợp các chỉ số AI-grade cho kế hoạch doanh thu (entropy, gini, momentum)",-,-,biz,"[""finance_revenue_plan""]","Tổng hợp các chỉ số AI-grade cho kế hoạch doanh thu (entropy, gini, momentum)",,"WITH seg_rev AS (
    SELECT customer_segment_l1, SUM(plan_nice_amount) AS revenue
    FROM hive.bi_silver.finance_revenue_plan
    GROUP BY customer_segment_l1
),
total_rev AS (
    SELECT SUM(revenue) AS total
    FROM seg_rev
),
entropy AS (
    SELECT -SUM((revenue / NULLIF(total,0)) * LN(revenue / NULLIF(total,0))) AS entropy_index
    FROM seg_rev CROSS JOIN total_rev
),
ordered AS (
    SELECT
        revenue,
        ROW_NUMBER() OVER (ORDER BY revenue) AS rnk,
        COUNT(*) OVER () AS n,
        SUM(revenue) OVER () AS total
    FROM seg_rev
),
gini AS (
    SELECT
        SUM((2*rnk - n - 1) * revenue) /
        NULLIF(CAST(MAX(n) AS DOUBLE) * MAX(total),0) AS gini_index
    FROM ordered
),
monthly_rev AS (
    SELECT date_trunc('month', plan_date) AS month, SUM(plan_nice_amount) AS revenue
    FROM hive.bi_silver.finance_revenue_plan
    GROUP BY 1
),
momentum AS (
    SELECT AVG(diff) AS avg_momentum
    FROM (
        SELECT revenue - LAG(revenue) OVER (ORDER BY month) AS diff
        FROM monthly_rev
    )
)

SELECT entropy_index, gini_index, avg_momentum
FROM entropy
CROSS JOIN gini
CROSS JOIN momentum"
574,1,So sánh doanh thu thu tiền thực tế với doanh thu kế hoạch theo tháng,-,-,biz,"[""finance_allocated_revenue"", ""finance_revenue_plan""]",So sánh doanh thu thu tiền thực tế với doanh thu kế hoạch theo tháng,,"WITH cash AS (
    SELECT
        date_trunc('month', report_date) AS m,
        SUM(revenue_amount) AS revenue
    FROM hive.bi_silver.finance_allocated_revenue
    GROUP BY 1
),
plan AS (
    SELECT
        date_trunc('month', plan_date) AS m,
        SUM(plan_nice_amount) AS plan_revenue
    FROM hive.bi_silver.finance_revenue_plan
    GROUP BY 1
)
SELECT
    c.m,
    revenue,
    plan_revenue,
    revenue - plan_revenue AS variance
FROM cash c
LEFT JOIN plan p
    ON c.m = p.m
ORDER BY m"
575,2,Tỷ lệ hoàn thành kế hoạch doanh thu theo tháng,-,-,biz,"[""finance_allocated_revenue"", ""finance_revenue_plan""]",Tỷ lệ hoàn thành kế hoạch doanh thu theo tháng,,"WITH c AS (
    SELECT
        date_trunc('month', report_date) AS m,
        SUM(revenue_amount) AS rev
    FROM hive.bi_silver.finance_allocated_revenue
    GROUP BY 1
), p AS (
    SELECT
        date_trunc('month', plan_date) AS m,
        SUM(plan_nice_amount) AS plan
    FROM hive.bi_silver.finance_revenue_plan
    GROUP BY 1
)
SELECT
    c.m,
    rev,
    plan,
    rev / NULLIF(plan, 0) AS completion_rate
FROM c
LEFT JOIN p ON c.m = p.m"
576,3,Tổng chi phí thực tế so với chi phí kế hoạch theo tháng,-,-,biz,"[""finance_actual_cost"", ""finance_cost_plan""]",Tổng chi phí thực tế so với chi phí kế hoạch theo tháng,,"WITH a AS (
    SELECT
        date_trunc('month', report_date) m,
        SUM(base_currency_amount) actual_cost
    FROM hive.bi_silver.finance_actual_cost
    GROUP BY 1
), p AS (
    SELECT
        date_trunc('month', plan_date) m,
        SUM(expected_cost_value) plan_cost
    FROM hive.bi_silver.finance_cost_plan
    GROUP BY 1
)
SELECT
    a.m,
    actual_cost,
    plan_cost,
    actual_cost - plan_cost variance
FROM a
LEFT JOIN p ON a.m = p.m"
577,4,Lợi nhuận gộp theo tháng từ doanh thu thu tiền và chi phí thực tế,-,-,biz,"[""finance_allocated_revenue"", ""finance_actual_cost""]",Lợi nhuận gộp theo tháng từ doanh thu thu tiền và chi phí thực tế,,"WITH rev AS (
    SELECT date_trunc('month', report_date) m,
           SUM(revenue_amount) r
    FROM hive.bi_silver.finance_allocated_revenue
    GROUP BY 1
), cost AS (
    SELECT date_trunc('month', report_date) m,
           SUM(base_currency_amount) c
    FROM hive.bi_silver.finance_actual_cost
    GROUP BY 1
)
SELECT r.m,
       r.r revenue,
       c.c cost,
       r.r - c.c profit
FROM rev r
LEFT JOIN cost c
    ON r.m = c.m"
578,5,Biên lợi nhuận theo tháng,-,-,biz,"[""finance_allocated_revenue"", ""finance_actual_cost""]",Biên lợi nhuận theo tháng,,"WITH rev AS (
    SELECT date_trunc('month', report_date) m,
           SUM(revenue_amount) r
    FROM hive.bi_silver.finance_allocated_revenue
    GROUP BY 1
),
cost AS (
    SELECT date_trunc('month', report_date) m,
           SUM(base_currency_amount) c
    FROM hive.bi_silver.finance_actual_cost
    GROUP BY 1
)
SELECT r.m,
       (r.r - c.c) / NULLIF(r.r, 0) margin
FROM rev r
LEFT JOIN cost c
    ON r.m = c.m"
579,6,So sánh chi phí sản xuất phân bổ với chi phí thực tế theo tháng,-,-,biz,"[""finance_production_cost_allocations"", ""finance_actual_cost""]",So sánh chi phí sản xuất phân bổ với chi phí thực tế theo tháng,,"WITH p AS (
    SELECT
        date_trunc('month', report_date) m,
        SUM(base_currency_amount) production_cost
    FROM hive.bi_silver.finance_production_cost_allocations
    GROUP BY 1
), a AS (
    SELECT
        date_trunc('month', report_date) m,
        SUM(base_currency_amount) actual_cost
    FROM hive.bi_silver.finance_actual_cost
    GROUP BY 1
)
SELECT
    p.m,
    production_cost,
    actual_cost
FROM p
LEFT JOIN a ON p.m = a.m"
580,7,Tỷ trọng chi phí sản xuất trên doanh thu thu tiền,-,-,biz,"[""finance_allocated_revenue"", ""finance_production_cost_allocations""]",Tỷ trọng chi phí sản xuất trên doanh thu thu tiền,,"WITH r AS (
    SELECT date_trunc('month', report_date) m,
           SUM(revenue_amount) rev
    FROM hive.bi_silver.finance_allocated_revenue
    GROUP BY 1
), p AS (
    SELECT date_trunc('month', report_date) m,
           SUM(base_currency_amount) cost
    FROM hive.bi_silver.finance_production_cost_allocations
    GROUP BY 1
)
SELECT r.m,
       cost / rev ratio
FROM r
LEFT JOIN p ON r.m = p.m"
581,8,Doanh thu thu tiền so với doanh thu kế hoạch theo customer_segment_l1,-,-,biz,"[""finance_allocated_revenue"", ""finance_revenue_plan""]",Doanh thu thu tiền so với doanh thu kế hoạch theo customer_segment_l1,,"SELECT c.customer_segment_l1, SUM(c.revenue_amount) revenue, SUM(p.plan_nice_amount) plan 
FROM hive.bi_silver.finance_allocated_revenue c 
LEFT JOIN hive.bi_silver.finance_revenue_plan p 
ON c.customer_segment_l1 = p.customer_segment_l1 
GROUP BY 1"
582,9,Tổng chi phí thực tế theo product_category so với doanh thu thu tiền,-,-,biz,"[""finance_allocated_revenue"", ""finance_actual_cost""]",Tổng chi phí thực tế theo product_category so với doanh thu thu tiền,,"SELECT c.product_category, SUM(c.revenue_amount) revenue, SUM(a.base_currency_amount) cost 
FROM hive.bi_silver.finance_allocated_revenue c 
LEFT JOIN hive.bi_silver.finance_actual_cost a 
ON c.product_category = a.product_category 
GROUP BY 1"
583,10,Top sản phẩm có doanh thu thực thu cao nhưng kế hoạch thấp,-,-,biz,"[""finance_allocated_revenue"", ""finance_product_revenue_plan""]",Top sản phẩm có doanh thu thực thu cao nhưng kế hoạch thấp,,"SELECT c.product_category, SUM(c.revenue_amount) revenue, SUM(p.plan_nice_amount) plan
FROM hive.bi_silver.finance_allocated_revenue c
LEFT JOIN hive.bi_silver.finance_product_revenue_plan p
  ON LOWER(c.product_category) = LOWER(p.product_name)
GROUP BY 1
ORDER BY revenue - plan DESC
LIMIT 10"
584,11,Doanh thu thu tiền theo business_unit_level_1 so với chi phí thực tế,-,-,biz,"[""finance_allocated_revenue"", ""finance_actual_cost""]",Doanh thu thu tiền theo unit_level_1 so với chi phí thực tế,,"SELECT
    c.business_unit_level_1,
    SUM(c.revenue_amount) AS revenue,
    SUM(a.base_currency_amount) AS cost
FROM hive.bi_silver.finance_allocated_revenue c
LEFT JOIN hive.bi_silver.finance_actual_cost a
    ON c.business_unit_level_1 = a.business_unit_level_1
GROUP BY
    c.business_unit_level_1"
585,12,Tỷ lệ chi phí thực tế trên doanh thu thu tiền theo tháng,-,-,biz,"[""finance_allocated_revenue"", ""finance_actual_cost""]",Tỷ lệ chi phí thực tế trên doanh thu thu tiền theo tháng,,"WITH r AS (
    SELECT date_trunc('month', report_date) m,
           SUM(revenue_amount) rev
    FROM hive.bi_silver.finance_allocated_revenue
    GROUP BY 1
), c AS (
    SELECT date_trunc('month', report_date) m,
           SUM(base_currency_amount) cost
    FROM hive.bi_silver.finance_actual_cost
    GROUP BY 1
)
SELECT r.m,
       cost / rev AS ratio
FROM r
LEFT JOIN c ON r.m = c.m"
586,13,Chi phí thực tế so với doanh thu kế hoạch theo tháng,-,-,biz,"[""finance_actual_cost"", ""finance_revenue_plan""]",Chi phí thực tế so với doanh thu kế hoạch theo tháng,,"WITH cost AS (
    SELECT date_trunc('month', report_date) m,
           SUM(base_currency_amount) c
    FROM hive.bi_silver.finance_actual_cost
    GROUP BY 1
),
plan AS (
    SELECT date_trunc('month', plan_date) m,
           SUM(plan_nice_amount) p
    FROM hive.bi_silver.finance_revenue_plan
    GROUP BY 1
)
SELECT cost.m,
       c,
       p
FROM cost
LEFT JOIN plan
    ON cost.m = plan.m"
587,14,Tỷ lệ doanh thu thực thu so với doanh thu Viettel group plan,-,-,biz,"[""finance_allocated_revenue"", ""finance_revenue_plan""]",Tỷ lệ doanh thu thực thu so với doanh thu Viettel group plan,,"WITH r AS (
    SELECT
        date_trunc('month', report_date) AS m,
        SUM(revenue_amount) AS rev
    FROM hive.bi_silver.finance_allocated_revenue
    GROUP BY 1
),
p AS (
    SELECT
        date_trunc('month', plan_date) AS m,
        SUM(plan_viettel_group_amount) AS plan
    FROM hive.bi_silver.finance_revenue_plan
    GROUP BY 1
)
SELECT
    r.m,
    rev / plan AS ratio
FROM r
LEFT JOIN p
    ON r.m = p.m"
588,15,Doanh thu thực thu theo product_service_group so với kế hoạch sản phẩm,-,-,biz,"[""finance_allocated_revenue"", ""finance_product_revenue_plan""]",Doanh thu thực thu theo product_service_group so với kế hoạch sản phẩm,,"SELECT c.product_service_group, SUM(c.revenue_amount) revenue, SUM(p.plan_nice_amount) plan 
FROM hive.bi_silver.finance_allocated_revenue c 
LEFT JOIN hive.bi_silver.finance_product_revenue_plan p 
  ON c.product_service_group = p.product_group 
GROUP BY 1"
589,16,Chi phí sản xuất phân bổ so với doanh thu thu tiền theo territory,-,-,biz,"[""finance_production_cost_allocations"", ""finance_allocated_revenue""]",Chi phí sản xuất phân bổ so với doanh thu thu tiền theo territory,,"SELECT p.territory_name, SUM(p.base_currency_amount) production_cost, SUM(c.revenue_amount) revenue FROM hive.bi_silver.finance_production_cost_allocations p LEFT JOIN hive.bi_silver.finance_allocated_revenue c ON date(p.report_date)=c.report_date GROUP BY 1"
590,17,Doanh thu thực thu theo revenue_type so với chi phí thực tế,-,-,biz,"[""finance_allocated_revenue"", ""finance_actual_cost""]",Doanh thu thực thu theo revenue_type so với chi phí thực tế,,"SELECT c.revenue_type, SUM(c.revenue_amount) revenue, SUM(a.base_currency_amount) cost 
FROM hive.bi_silver.finance_allocated_revenue c 
LEFT JOIN hive.bi_silver.finance_actual_cost a 
ON c.product_category = a.product_category 
GROUP BY 1"
591,18,Tổng doanh thu thu tiền và chi phí sản xuất theo thị trường,-,-,biz,"[""finance_production_cost_allocations"", ""finance_allocated_revenue""]",Tổng doanh thu thu tiền và chi phí sản xuất theo thị trường,,"SELECT p.market_name, SUM(c.revenue_amount) revenue, SUM(p.base_currency_amount) cost 
FROM hive.bi_silver.finance_production_cost_allocations p 
LEFT JOIN hive.bi_silver.finance_allocated_revenue c 
  ON date(p.report_date) = c.report_date 
GROUP BY 1"
592,19,So sánh chi phí kế hoạch và chi phí sản xuất thực tế theo cost_group,-,-,biz,"[""finance_cost_plan"", ""finance_actual_cost""]",So sánh chi phí kế hoạch và chi phí sản xuất thực tế theo cost_group,,"SELECT p.cost_group, SUM(p.expected_cost_value) plan_cost, SUM(a.base_currency_amount) actual_cost 
FROM hive.bi_silver.finance_cost_plan p 
LEFT JOIN hive.bi_silver.finance_actual_cost a 
ON p.cost_group = a.cost_group 
GROUP BY 1"
593,20,Chi phí sản xuất phân bổ theo cost_group so với doanh thu thu tiền,-,-,biz,"[""finance_production_cost_allocations"", ""finance_allocated_revenue""]",Chi phí sản xuất phân bổ theo cost_group so với doanh thu thu tiền,,"SELECT p.cost_group, SUM(p.base_currency_amount) cost, SUM(c.revenue_amount) revenue 
FROM hive.bi_silver.finance_production_cost_allocations p 
LEFT JOIN hive.bi_silver.finance_allocated_revenue c 
  ON DATE(p.report_date) = c.report_date 
GROUP BY 1"
594,21,Tính ROI theo sản phẩm bằng cách so sánh doanh thu thu tiền với chi phí thực tế theo product_category,-,-,biz,"[""finance_allocated_revenue"",""finance_actual_cost""]",Tính ROI theo sản phẩm bằng cách so sánh doanh thu thu tiền với chi phí thực tế theo product_category,,"SELECT c.product_category,
       SUM(c.revenue_amount) AS revenue,
       SUM(a.base_currency_amount) AS cost,
       (SUM(c.revenue_amount) - SUM(a.base_currency_amount)) / NULLIF(SUM(a.base_currency_amount), 0) AS roi
FROM hive.bi_silver.finance_allocated_revenue c
LEFT JOIN hive.bi_silver.finance_actual_cost a
  ON LOWER(c.product_category) = LOWER(a.product_category)
GROUP BY c.product_category
ORDER BY roi DESC"
595,22,Xếp hạng hiệu quả chi phí theo unit_level_1 dựa trên tỷ lệ doanh thu thu tiền trên chi phí thực tế,-,-,biz,"[""finance_allocated_revenue"",""finance_actual_cost""]",Xếp hạng hiệu quả chi phí theo unit_level_1 dựa trên tỷ lệ doanh thu thu tiền trên chi phí thực tế,,"SELECT c.business_unit_level_1, SUM(c.revenue_amount) AS revenue, SUM(a.base_currency_amount) AS cost, SUM(c.revenue_amount)/NULLIF(SUM(a.base_currency_amount),0) AS cost_efficiency_index 
FROM hive.bi_silver.finance_allocated_revenue c 
LEFT JOIN hive.bi_silver.finance_actual_cost a 
ON c.business_unit_level_1 = a.business_unit_level_1 
GROUP BY c.business_unit_level_1 
ORDER BY cost_efficiency_index DESC"
596,23,Xu hướng doanh thu thu tiền và chi phí thực tế rolling 12 tháng theo tháng,-,-,biz,"[""finance_allocated_revenue"",""finance_actual_cost""]",Xu hướng doanh thu thu tiền và chi phí thực tế rolling 12 tháng theo tháng,,"WITH rev AS (
    SELECT date_trunc('month', report_date) m,
           SUM(revenue_amount) r
    FROM hive.bi_silver.finance_allocated_revenue
    GROUP BY 1
), cost AS (
    SELECT date_trunc('month', report_date) m,
           SUM(base_currency_amount) c
    FROM hive.bi_silver.finance_actual_cost
    GROUP BY 1
)
SELECT r.m,
       SUM(r.r) OVER (ORDER BY r.m ROWS BETWEEN 11 PRECEDING AND CURRENT ROW) AS revenue_rolling_12m,
       SUM(c.c) OVER (ORDER BY r.m ROWS BETWEEN 11 PRECEDING AND CURRENT ROW) AS cost_rolling_12m
FROM rev r
LEFT JOIN cost c ON r.m = c.m
ORDER BY r.m"
597,24,Tính chỉ số tập trung lợi nhuận theo customer_customer_segment_l1 sử dụng Herfindahl-Hirschman Index,-,-,biz,"[""finance_allocated_revenue"",""finance_actual_cost""]",Tính chỉ số tập trung lợi nhuận theo customer_customer_segment_l1 sử dụng Herfindahl-Hirschman Index,,"WITH profit AS (
    SELECT
        c.customer_segment_l1,
        SUM(c.revenue_amount) - SUM(a.base_currency_amount) AS profit
    FROM hive.bi_silver.finance_allocated_revenue c
    LEFT JOIN hive.bi_silver.finance_actual_cost a
        ON c.product_category = a.product_category
    GROUP BY c.customer_segment_l1
),
total AS (
    SELECT SUM(profit) AS total_profit
    FROM profit
)
SELECT SUM(POWER(profit / NULLIF(total_profit, 0), 2)) AS hhi_profit_concentration
FROM profit
CROSS JOIN total"
598,25,Phát hiện tháng có chi phí thực tế bất thường bằng z-score so với doanh thu thu tiền,-,-,biz,"[""finance_actual_cost"",""finance_allocated_revenue""]",Phát hiện tháng có chi phí thực tế bất thường bằng z-score so với doanh thu thu tiền,,"WITH monthly AS (
    SELECT
        date_trunc('month', a.report_date) m,
        SUM(a.base_currency_amount) cost,
        SUM(c.revenue_amount) revenue
    FROM hive.bi_silver.finance_actual_cost a
    LEFT JOIN hive.bi_silver.finance_allocated_revenue c
        ON date_trunc('month', a.report_date) = date_trunc('month', c.report_date)
    GROUP BY 1
),
stats AS (
    SELECT
        AVG(cost) avg_cost,
        STDDEV(cost) std_cost
    FROM monthly
)
SELECT
    m,
    cost,
    (cost - avg_cost) / NULLIF(std_cost, 0) AS cost_zscore
FROM monthly
CROSS JOIN stats
ORDER BY ABS((cost - avg_cost) / NULLIF(std_cost, 0)) DESC"
599,26,Phát hiện tháng có biến động doanh thu thu tiền bất thường so với chi phí sản xuất phân bổ,-,-,biz,"[""finance_allocated_revenue"",""finance_production_cost_allocations""]",Phát hiện tháng có biến động doanh thu thu tiền bất thường so với chi phí sản xuất phân bổ,,"WITH monthly AS (
    SELECT
        date_trunc('month', c.report_date) m,
        SUM(c.revenue_amount) revenue,
        SUM(p.base_currency_amount) production_cost
    FROM hive.bi_silver.finance_allocated_revenue c
    LEFT JOIN hive.bi_silver.finance_production_cost_allocations p
        ON date_trunc('month', c.report_date) = date_trunc('month', p.report_date)
    GROUP BY 1
),
lagged AS (
    SELECT
        m,
        revenue,
        production_cost,
        revenue - LAG(revenue) OVER (ORDER BY m) AS revenue_change
    FROM monthly
)
SELECT *
FROM lagged
ORDER BY ABS(revenue_change) DESC"
600,27,Tính tỷ trọng doanh thu thu tiền theo revenue_group so với tổng chi phí thực tế,-,-,biz,"[""finance_allocated_revenue"",""finance_actual_cost""]",Tính tỷ trọng doanh thu thu tiền theo revenue_group so với tổng chi phí thực tế,,"SELECT c.revenue_group,
       SUM(c.revenue_amount) AS revenue,
       SUM(a.base_currency_amount) AS cost,
       SUM(c.revenue_amount) / NULLIF(SUM(a.base_currency_amount), 0) AS revenue_cost_ratio
FROM hive.bi_silver.finance_allocated_revenue c
LEFT JOIN hive.bi_silver.finance_actual_cost a
       ON c.product_category = a.product_category
GROUP BY c.revenue_group"
601,28,Xếp hạng top 10 sản phẩm có lợi nhuận cao nhất dựa trên doanh thu thu tiền và chi phí thực tế,-,-,biz,"[""finance_allocated_revenue"",""finance_actual_cost""]",Xếp hạng top 10 sản phẩm có lợi nhuận cao nhất dựa trên doanh thu thu tiền và chi phí thực tế,,"SELECT c.product_category,
       SUM(c.revenue_amount) - SUM(a.base_currency_amount) AS profit
FROM hive.bi_silver.finance_allocated_revenue c
LEFT JOIN hive.bi_silver.finance_actual_cost a
  ON LOWER(c.product_category) = LOWER(a.product_category)
GROUP BY c.product_category
ORDER BY profit DESC
LIMIT 10"
602,29,So sánh doanh thu kế hoạch với doanh thu thu tiền thực tế theo customer_segment_l1,-,-,biz,"[""finance_revenue_plan"",""finance_allocated_revenue""]",So sánh doanh thu kế hoạch với doanh thu thu tiền thực tế theo customer_segment_l1,,"SELECT p.customer_segment_l1, SUM(p.plan_nice_amount) AS plan_revenue, SUM(c.revenue_amount) AS actual_revenue 
FROM hive.bi_silver.finance_revenue_plan p 
LEFT JOIN hive.bi_silver.finance_allocated_revenue c 
ON p.customer_segment_l1 = c.customer_segment_l1 
GROUP BY p.customer_segment_l1"
603,30,Xu hướng lợi nhuận theo tháng từ doanh thu thu tiền và chi phí sản xuất phân bổ,-,-,biz,"[""finance_allocated_revenue"",""finance_production_cost_allocations""]",Xu hướng lợi nhuận theo tháng từ doanh thu thu tiền và chi phí sản xuất phân bổ,,"WITH rev AS (
    SELECT date_trunc('month', report_date) m,
           SUM(revenue_amount) r
    FROM hive.bi_silver.finance_allocated_revenue
    GROUP BY 1
), cost AS (
    SELECT date_trunc('month', report_date) m,
           SUM(base_currency_amount) c
    FROM hive.bi_silver.finance_production_cost_allocations
    GROUP BY 1
)
SELECT r.m,
       r.r - c.c AS profit
FROM rev r
LEFT JOIN cost c
    ON r.m = c.m
ORDER BY r.m"
604,31,Tính tỷ lệ chi phí sản xuất trên doanh thu theo territory_name,-,-,biz,"[""finance_production_cost_allocations"",""finance_allocated_revenue""]",Tính tỷ lệ chi phí sản xuất trên doanh thu theo territory_name,,"SELECT p.territory_name,
       SUM(p.base_currency_amount) AS production_cost,
       SUM(c.revenue_amount) AS revenue,
       SUM(p.base_currency_amount) / NULLIF(SUM(c.revenue_amount), 0) AS cost_ratio
FROM hive.bi_silver.finance_production_cost_allocations p
LEFT JOIN hive.bi_silver.finance_allocated_revenue c
  ON date_trunc('month', p.report_date) = date_trunc('month', c.report_date)
GROUP BY p.territory_name"
605,32,So sánh chi phí thực tế với chi phí kế hoạch theo cost_group,-,-,biz,"[""finance_cost_plan"",""finance_actual_cost""]",So sánh chi phí thực tế với chi phí kế hoạch theo cost_group,,"SELECT p.cost_group,
       SUM(p.expected_cost_value) AS planned_cost,
       SUM(a.base_currency_amount) AS actual_cost,
       SUM(a.base_currency_amount) - SUM(p.expected_cost_value) AS variance
FROM hive.bi_silver.finance_cost_plan p
LEFT JOIN hive.bi_silver.finance_actual_cost a
       ON p.cost_group = a.cost_group
GROUP BY p.cost_group"
606,33,Phân bố lợi nhuận theo revenue_type dựa trên doanh thu thu tiền và chi phí thực tế,-,-,biz,"[""finance_allocated_revenue"",""finance_actual_cost""]",Phân bố lợi nhuận theo revenue_type dựa trên doanh thu thu tiền và chi phí thực tế,,"SELECT c.revenue_type, SUM(c.revenue_amount) - SUM(a.base_currency_amount) AS profit FROM hive.bi_silver.finance_allocated_revenue c LEFT JOIN hive.bi_silver.finance_actual_cost a ON c.product_category = a.product_category GROUP BY c.revenue_type ORDER BY profit DESC"
607,34,Top 5 customer_segment_l3 có doanh thu thu tiền cao nhất so với chi phí sản xuất,-,-,biz,"[""finance_allocated_revenue"",""finance_production_cost_allocations""]",Top 5 customer_segment_l3 có doanh thu thu tiền cao nhất so với chi phí sản xuất,,"SELECT c.customer_segment_l3, SUM(c.revenue_amount) AS revenue, SUM(p.base_currency_amount) AS cost, SUM(c.revenue_amount)-SUM(p.base_currency_amount) AS profit FROM hive.bi_silver.finance_allocated_revenue c LEFT JOIN hive.bi_silver.finance_production_cost_allocations p ON date_trunc('month', c.report_date)=date_trunc('month', p.report_date) GROUP BY c.customer_segment_l3 ORDER BY profit DESC LIMIT 5"
608,35,Tính tỷ lệ hoàn thành kế hoạch doanh thu theo tháng,-,-,biz,"[""finance_allocated_revenue"",""finance_revenue_plan""]",Tính tỷ lệ hoàn thành kế hoạch doanh thu theo tháng,,"WITH actual AS (
    SELECT date_trunc('month', report_date) m,
           SUM(revenue_amount) r
    FROM hive.bi_silver.finance_allocated_revenue
    GROUP BY 1
),
plan AS (
    SELECT date_trunc('month', plan_date) m,
           SUM(plan_nice_amount) p
    FROM hive.bi_silver.finance_revenue_plan
    GROUP BY 1
)
SELECT a.m,
       r,
       p,
       r / NULLIF(p, 0) AS completion_rate
FROM actual a
LEFT JOIN plan b ON a.m = b.m
ORDER BY a.m"
609,36,Tính tốc độ tăng trưởng doanh thu thu tiền so với chi phí thực tế theo tháng,-,-,biz,"[""finance_allocated_revenue"",""finance_actual_cost""]",Tính tốc độ tăng trưởng doanh thu thu tiền so với chi phí thực tế theo tháng,,"WITH monthly AS (
    SELECT
        date_trunc('month', c.report_date) AS m,
        SUM(c.revenue_amount) AS revenue,
        SUM(a.base_currency_amount) AS cost
    FROM hive.bi_silver.finance_allocated_revenue c
    LEFT JOIN hive.bi_silver.finance_actual_cost a
        ON date_trunc('month', c.report_date) = date_trunc('month', a.report_date)
    GROUP BY 1
)
SELECT
    m,
    revenue,
    cost,
    revenue - LAG(revenue) OVER (ORDER BY m) AS revenue_growth
FROM monthly
ORDER BY m"
610,37,Tính tỷ lệ doanh thu thu tiền theo channel_name so với chi phí thực tế,-,-,biz,"[""finance_allocated_revenue"",""finance_actual_cost""]",Tính tỷ lệ doanh thu thu tiền theo channel_name so với chi phí thực tế,,"SELECT c.channel_name, SUM(c.revenue_amount) AS revenue, SUM(a.base_currency_amount) AS cost 
FROM hive.bi_silver.finance_allocated_revenue c 
LEFT JOIN hive.bi_silver.finance_actual_cost a 
ON c.product_category = a.product_category 
GROUP BY c.channel_name 
ORDER BY revenue DESC"
611,38,Giám sát tỷ lệ chi phí thực tế trên doanh thu thu tiền theo tháng,-,-,biz,"[""finance_allocated_revenue"",""finance_actual_cost""]",Giám sát tỷ lệ chi phí thực tế trên doanh thu thu tiền theo tháng,,"WITH rev AS (
    SELECT date_trunc('month', report_date) m,
           SUM(revenue_amount) r
    FROM hive.bi_silver.finance_allocated_revenue
    GROUP BY 1
), cost AS (
    SELECT date_trunc('month', report_date) m,
           SUM(base_currency_amount) c
    FROM hive.bi_silver.finance_actual_cost
    GROUP BY 1
)
SELECT r.m,
       c / r AS cost_ratio
FROM rev r
LEFT JOIN cost c
    ON r.m = c.m
ORDER BY r.m"
612,39,Tính tỷ trọng doanh thu thu tiền theo product_service_group so với tổng chi phí sản xuất,-,-,biz,"[""finance_allocated_revenue"",""finance_production_cost_allocations""]",Tính tỷ trọng doanh thu thu tiền theo product_service_group so với tổng chi phí sản xuất,,"SELECT c.product_service_group,
       SUM(c.revenue_amount) revenue,
       SUM(p.base_currency_amount) production_cost
FROM hive.bi_silver.finance_allocated_revenue c
LEFT JOIN hive.bi_silver.finance_production_cost_allocations p
       ON date_trunc('month', c.report_date) = date_trunc('month', p.report_date)
GROUP BY c.product_service_group"
613,40,Phát hiện product_category có lợi nhuận âm lớn nhất từ doanh thu thu tiền và chi phí thực tế,-,-,biz,"[""finance_allocated_revenue"",""finance_actual_cost""]",Phát hiện product_category có lợi nhuận âm lớn nhất từ doanh thu thu tiền và chi phí thực tế,,"SELECT c.product_category, SUM(c.revenue_amount) - SUM(a.base_currency_amount) AS profit
FROM hive.bi_silver.finance_allocated_revenue c
LEFT JOIN hive.bi_silver.finance_actual_cost a
  ON LOWER(c.product_category) = LOWER(a.product_category)
GROUP BY c.product_category
ORDER BY profit ASC
LIMIT 10"
614,41,Tính lợi nhuận theo product_group bằng cách so sánh doanh thu thu tiền và chi phí thực tế theo nhóm sản phẩm,-,-,biz,"[""finance_product_revenue_plan"",""finance_allocated_revenue"",""finance_actual_cost""]",Tính lợi nhuận theo product_group bằng cách so sánh doanh thu thu tiền và chi phí thực tế theo nhóm sản phẩm,,"SELECT p.product_group,
       SUM(c.revenue_amount) AS revenue,
       SUM(a.base_currency_amount) AS cost,
       SUM(c.revenue_amount) - SUM(a.base_currency_amount) AS profit
FROM hive.bi_silver.finance_product_revenue_plan p
LEFT JOIN hive.bi_silver.finance_allocated_revenue c
  ON LOWER(p.product_name) = LOWER(c.product_category)
LEFT JOIN hive.bi_silver.finance_actual_cost a
  ON LOWER(c.product_category) = LOWER(a.product_category)
GROUP BY p.product_group
ORDER BY profit DESC"
615,42,Xu hướng doanh thu thu tiền và chi phí sản xuất theo tháng để theo dõi hiệu quả vận hành,-,-,biz,"[""finance_allocated_revenue"",""finance_production_cost_allocations""]",Xu hướng doanh thu thu tiền và chi phí sản xuất theo tháng để theo dõi hiệu quả vận hành,,"WITH rev AS (
    SELECT date_trunc('month', report_date) m,
           SUM(revenue_amount) r
    FROM hive.bi_silver.finance_allocated_revenue
    GROUP BY 1
),
cost AS (
    SELECT date_trunc('month', report_date) m,
           SUM(base_currency_amount) c
    FROM hive.bi_silver.finance_production_cost_allocations
    GROUP BY 1
)
SELECT r.m,
       r.r AS revenue,
       c.c AS production_cost
FROM rev r
LEFT JOIN cost c ON r.m = c.m
ORDER BY r.m"
616,43,Xếp hạng customer_customer_segment_l1 theo lợi nhuận dựa trên doanh thu thu tiền và chi phí thực tế,-,-,biz,"[""finance_allocated_revenue"",""finance_actual_cost""]",Xếp hạng customer_customer_segment_l1 theo lợi nhuận dựa trên doanh thu thu tiền và chi phí thực tế,,"SELECT c.customer_segment_l1, SUM(c.revenue_amount)-SUM(a.base_currency_amount) AS profit FROM hive.bi_silver.finance_allocated_revenue c LEFT JOIN hive.bi_silver.finance_actual_cost a ON c.product_category=a.product_category GROUP BY c.customer_segment_l1 ORDER BY profit DESC"
617,44,Tính tỷ trọng doanh thu thu tiền theo product_category so với tổng chi phí sản xuất,-,-,biz,"[""finance_allocated_revenue"",""finance_production_cost_allocations""]",Tính tỷ trọng doanh thu thu tiền theo product_category so với tổng chi phí sản xuất,,"SELECT
    c.product_category,
    SUM(c.revenue_amount) AS revenue,
    SUM(p.base_currency_amount) AS production_cost,
    SUM(c.revenue_amount) / NULLIF(SUM(SUM(c.revenue_amount)) OVER(), 0) AS revenue_share
FROM hive.bi_silver.finance_allocated_revenue c
LEFT JOIN hive.bi_silver.finance_production_cost_allocations p
    ON date_trunc('month', c.report_date) = date_trunc('month', p.report_date)
GROUP BY c.product_category"
618,45,So sánh doanh thu thu tiền và doanh thu kế hoạch theo product_group,-,-,biz,"[""finance_product_revenue_plan"",""finance_allocated_revenue""]",So sánh doanh thu thu tiền và doanh thu kế hoạch theo product_group,,"SELECT p.product_group, SUM(p.plan_nice_amount) AS planned_revenue, SUM(c.revenue_amount) AS actual_revenue 
FROM hive.bi_silver.finance_product_revenue_plan p 
LEFT JOIN hive.bi_silver.finance_allocated_revenue c 
ON p.product_name = c.product_category 
GROUP BY p.product_group"
619,46,Top 10 unit_level_1 có tỷ lệ lợi nhuận cao nhất dựa trên doanh thu thu tiền và chi phí sản xuất,-,-,biz,"[""finance_allocated_revenue"",""finance_production_cost_allocations""]",Top 10 unit_level_1 có tỷ lệ lợi nhuận cao nhất dựa trên doanh thu thu tiền và chi phí sản xuất,,"SELECT c.business_unit_level_1, SUM(c.revenue_amount)-SUM(p.base_currency_amount) AS profit FROM hive.bi_silver.finance_allocated_revenue c LEFT JOIN hive.bi_silver.finance_production_cost_allocations p ON date_trunc('month',c.report_date)=date_trunc('month',p.report_date) GROUP BY c.business_unit_level_1 ORDER BY profit DESC LIMIT 10"
620,47,Tính xu hướng rolling 6 tháng của doanh thu thu tiền so với chi phí thực tế,-,-,biz,"[""finance_allocated_revenue"",""finance_actual_cost""]",Tính xu hướng rolling 6 tháng của doanh thu thu tiền so với chi phí thực tế,,"WITH rev AS (
    SELECT date_trunc('month', report_date) m,
           SUM(revenue_amount) r
    FROM hive.bi_silver.finance_allocated_revenue
    GROUP BY 1
),
cost AS (
    SELECT date_trunc('month', report_date) m,
           SUM(base_currency_amount) c
    FROM hive.bi_silver.finance_actual_cost
    GROUP BY 1
)
SELECT r.m,
       SUM(r.r) OVER (ORDER BY r.m ROWS BETWEEN 5 PRECEDING AND CURRENT ROW) AS revenue_rolling_6m,
       SUM(c.c) OVER (ORDER BY r.m ROWS BETWEEN 5 PRECEDING AND CURRENT ROW) AS cost_rolling_6m
FROM rev r
LEFT JOIN cost c
    ON r.m = c.m"
621,48,Phân bố lợi nhuận theo territory_name từ doanh thu thu tiền và chi phí sản xuất,-,-,biz,"[""finance_production_cost_allocations"",""finance_allocated_revenue""]",Phân bố lợi nhuận theo territory_name từ doanh thu thu tiền và chi phí sản xuất,,"SELECT p.territory_name, SUM(c.revenue_amount)-SUM(p.base_currency_amount) AS profit FROM hive.bi_silver.finance_production_cost_allocations p LEFT JOIN hive.bi_silver.finance_allocated_revenue c ON date_trunc('month',p.report_date)=date_trunc('month',c.report_date) GROUP BY p.territory_name"
622,49,Tính tỷ lệ chi phí thực tế so với doanh thu kế hoạch theo tháng,-,-,biz,"[""finance_actual_cost"",""finance_revenue_plan""]",Tính tỷ lệ chi phí thực tế so với doanh thu kế hoạch theo tháng,,"WITH cost AS (
    SELECT date_trunc('month', report_date) m,
           SUM(base_currency_amount) c
    FROM hive.bi_silver.finance_actual_cost
    GROUP BY 1
),
plan AS (
    SELECT date_trunc('month', plan_date) m,
           SUM(plan_nice_amount) p
    FROM hive.bi_silver.finance_revenue_plan
    GROUP BY 1
)
SELECT cost.m,
       c / p AS cost_to_plan_ratio
FROM cost
LEFT JOIN plan ON cost.m = plan.m
ORDER BY cost.m"
623,50,Giám sát xu hướng doanh thu thu tiền theo revenue_group so với chi phí thực tế,-,-,biz,"[""finance_allocated_revenue"",""finance_actual_cost""]",Giám sát xu hướng doanh thu thu tiền theo revenue_group so với chi phí thực tế,,"SELECT
    c.revenue_group,
    date_trunc('month', c.report_date) AS month,
    SUM(c.revenue_amount) AS revenue,
    SUM(a.base_currency_amount) AS cost
FROM hive.bi_silver.finance_allocated_revenue c
LEFT JOIN hive.bi_silver.finance_actual_cost a
    ON LOWER(c.product_category) = LOWER(a.product_category)
GROUP BY
    c.revenue_group,
    date_trunc('month', c.report_date)
ORDER BY month"
624,51,Phát hiện tháng có lợi nhuận giảm mạnh so với tháng trước từ doanh thu thu tiền và chi phí thực tế,-,-,biz,"[""finance_allocated_revenue"",""finance_actual_cost""]",Phát hiện tháng có lợi nhuận giảm mạnh so với tháng trước từ doanh thu thu tiền và chi phí thực tế,,"WITH monthly AS (
    SELECT date_trunc('month', c.report_date) AS m,
           SUM(c.revenue_amount) - SUM(a.base_currency_amount) AS profit
    FROM hive.bi_silver.finance_allocated_revenue c
    LEFT JOIN hive.bi_silver.finance_actual_cost a
        ON c.product_category = a.product_category
    GROUP BY 1
)
SELECT m,
       profit,
       profit - LAG(profit) OVER (ORDER BY m) AS profit_change
FROM monthly
ORDER BY profit_change ASC"
625,52,Xếp hạng top customer_segment_l3 theo doanh thu thu tiền so với chi phí thực tế,-,-,biz,"[""finance_allocated_revenue"",""finance_actual_cost""]",Xếp hạng top customer_segment_l3 theo doanh thu thu tiền so với chi phí thực tế,,"SELECT c.customer_segment_l3, SUM(c.revenue_amount) AS revenue, SUM(a.base_currency_amount) AS cost 
FROM hive.bi_silver.finance_allocated_revenue c 
LEFT JOIN hive.bi_silver.finance_actual_cost a 
  ON c.product_category = a.product_category 
GROUP BY c.customer_segment_l3 
ORDER BY revenue DESC 
LIMIT 10"
626,53,Tính tỷ lệ doanh thu thu tiền theo channel_name so với tổng chi phí sản xuất,-,-,biz,"[""finance_allocated_revenue"",""finance_production_cost_allocations""]",Tính tỷ lệ doanh thu thu tiền theo channel_name so với tổng chi phí sản xuất,,"SELECT c.channel_name, SUM(c.revenue_amount) AS revenue, SUM(p.base_currency_amount) AS production_cost FROM hive.bi_silver.finance_allocated_revenue c LEFT JOIN hive.bi_silver.finance_production_cost_allocations p ON date_trunc('month',c.report_date)=date_trunc('month',p.report_date) GROUP BY c.channel_name"
627,54,So sánh chi phí thực tế và chi phí kế hoạch theo tháng,-,-,biz,"[""finance_actual_cost"",""finance_cost_plan""]",So sánh chi phí thực tế và chi phí kế hoạch theo tháng,,"WITH actual AS (
    SELECT
        date_trunc('month', report_date) m,
        SUM(base_currency_amount) c
    FROM hive.bi_silver.finance_actual_cost
    GROUP BY 1
),
plan AS (
    SELECT
        date_trunc('month', plan_date) m,
        SUM(expected_cost_value) p
    FROM hive.bi_silver.finance_cost_plan
    GROUP BY 1
)
SELECT
    actual.m,
    c,
    p,
    c - p AS variance
FROM actual
LEFT JOIN plan
    ON actual.m = plan.m
ORDER BY actual.m"
628,55,Tính lợi nhuận trung bình theo product_category dựa trên doanh thu thu tiền và chi phí sản xuất,-,-,biz,"[""finance_allocated_revenue"",""finance_production_cost_allocations""]",Tính lợi nhuận trung bình theo product_category dựa trên doanh thu thu tiền và chi phí sản xuất,,"SELECT c.product_category, AVG(c.revenue_amount)-AVG(p.base_currency_amount) AS avg_profit 
FROM hive.bi_silver.finance_allocated_revenue c 
LEFT JOIN hive.bi_silver.finance_production_cost_allocations p 
  ON date_trunc('month',c.report_date)=date_trunc('month',p.report_date) 
GROUP BY c.product_category 
ORDER BY avg_profit DESC"
629,56,Phân tích xu hướng doanh thu thu tiền theo customer_customer_segment_l1 so với doanh thu kế hoạch,-,-,biz,"[""finance_revenue_plan"",""finance_allocated_revenue""]",Phân tích xu hướng doanh thu thu tiền theo customer_customer_segment_l1 so với doanh thu kế hoạch,,"SELECT
    p.customer_segment_l1,
    date_trunc('month', p.plan_date) AS month,
    SUM(p.plan_nice_amount) AS planned,
    SUM(c.revenue_amount) AS actual
FROM hive.bi_silver.finance_revenue_plan p
LEFT JOIN hive.bi_silver.finance_allocated_revenue c
    ON p.customer_segment_l1 = c.customer_segment_l1
GROUP BY 1,2
ORDER BY 2"
630,57,Xác định product_category có tỷ lệ chi phí sản xuất cao nhất so với doanh thu,-,-,biz,"[""finance_allocated_revenue"",""finance_production_cost_allocations""]",Xác định product_category có tỷ lệ chi phí sản xuất cao nhất so với doanh thu,,"SELECT c.product_category, SUM(p.base_currency_amount)/NULLIF(SUM(c.revenue_amount),0) AS production_cost_ratio FROM hive.bi_silver.finance_allocated_revenue c LEFT JOIN hive.bi_silver.finance_production_cost_allocations p ON date_trunc('month',c.report_date)=date_trunc('month',p.report_date) GROUP BY c.product_category ORDER BY production_cost_ratio DESC LIMIT 10"
631,58,Tính phân bố chi phí thực tế theo cost_group so với doanh thu thu tiền,-,-,biz,"[""finance_actual_cost"",""finance_allocated_revenue""]",Tính phân bố chi phí thực tế theo cost_group so với doanh thu thu tiền,,"SELECT a.cost_group, SUM(a.base_currency_amount) AS cost, SUM(c.revenue_amount) AS revenue FROM hive.bi_silver.finance_actual_cost a LEFT JOIN hive.bi_silver.finance_allocated_revenue c ON a.product_category=c.product_category GROUP BY a.cost_group"
632,59,Xếp hạng product_group theo mức chênh lệch giữa doanh thu kế hoạch và doanh thu thực tế,-,-,biz,"[""finance_product_revenue_plan"",""finance_allocated_revenue""]",Xếp hạng product_group theo mức chênh lệch giữa doanh thu kế hoạch và doanh thu thực tế,,"SELECT p.product_group, SUM(c.revenue_amount) - SUM(p.plan_nice_amount) AS revenue_variance
FROM hive.bi_silver.finance_product_revenue_plan p
LEFT JOIN hive.bi_silver.finance_allocated_revenue c
  ON p.product_name = c.product_category
GROUP BY p.product_group
ORDER BY revenue_variance DESC"
633,60,Giám sát xu hướng tỷ lệ lợi nhuận theo tháng từ doanh thu thu tiền và chi phí thực tế,-,-,biz,"[""finance_allocated_revenue"",""finance_actual_cost""]",Giám sát xu hướng tỷ lệ lợi nhuận theo tháng từ doanh thu thu tiền và chi phí thực tế,,"WITH monthly AS (
    SELECT
        date_trunc('month', c.report_date) AS m,
        SUM(c.revenue_amount) AS revenue,
        SUM(a.base_currency_amount) AS cost
    FROM hive.bi_silver.finance_allocated_revenue c
    LEFT JOIN hive.bi_silver.finance_actual_cost a
        ON LOWER(c.product_category) = LOWER(a.product_category)
    GROUP BY 1
)
SELECT
    m,
    (revenue - cost) / NULLIF(revenue, 0) AS profit_margin
FROM monthly
ORDER BY m"
634,61,Tính tổng doanh thu thu tiền và chi phí thực tế theo tháng để đánh giá lợi nhuận tổng thể,-,-,biz,"[""finance_allocated_revenue"",""finance_actual_cost""]",Tính tổng doanh thu thu tiền và chi phí thực tế theo tháng để đánh giá lợi nhuận tổng thể,,"SELECT date_trunc('month',c.report_date) AS month, SUM(c.revenue_amount) AS revenue, SUM(a.base_currency_amount) AS cost, SUM(c.revenue_amount)-SUM(a.base_currency_amount) AS profit FROM hive.bi_silver.finance_allocated_revenue c LEFT JOIN hive.bi_silver.finance_actual_cost a ON c.product_category=a.product_category GROUP BY 1 ORDER BY 1"
635,62,Tính tỷ lệ doanh thu thu tiền theo customer_customer_segment_l1 so với tổng chi phí sản xuất theo segment,-,-,biz,"[""finance_allocated_revenue"",""finance_production_cost_allocations""]",Tính tỷ lệ doanh thu thu tiền theo customer_customer_segment_l1 so với tổng chi phí sản xuất theo segment,,"SELECT c.customer_segment_l1, SUM(c.revenue_amount) AS revenue, SUM(p.base_currency_amount) AS production_cost 
FROM hive.bi_silver.finance_allocated_revenue c 
LEFT JOIN hive.bi_silver.finance_production_cost_allocations p 
  ON date_trunc('month', c.report_date) = date_trunc('month', p.report_date) 
GROUP BY c.customer_segment_l1 
ORDER BY revenue DESC"
636,63,Xếp hạng product_category theo doanh thu thu tiền so với chi phí thực tế,-,-,biz,"[""finance_allocated_revenue"",""finance_actual_cost""]",Xếp hạng product_category theo doanh thu thu tiền so với chi phí thực tế,,"SELECT c.product_category, SUM(c.revenue_amount) AS revenue, SUM(a.base_currency_amount) AS cost, SUM(c.revenue_amount)-SUM(a.base_currency_amount) AS profit 
FROM hive.bi_silver.finance_allocated_revenue c 
LEFT JOIN hive.bi_silver.finance_actual_cost a 
ON c.product_category = a.product_category 
GROUP BY c.product_category 
ORDER BY revenue DESC 
LIMIT 10"
637,64,So sánh doanh thu kế hoạch và doanh thu thực tế theo tháng,-,-,biz,"[""finance_revenue_plan"",""finance_allocated_revenue""]",So sánh doanh thu kế hoạch và doanh thu thực tế theo tháng,,"SELECT date_trunc('month',p.plan_date) AS month, SUM(p.plan_nice_amount) AS planned_revenue, SUM(c.revenue_amount) AS actual_revenue FROM hive.bi_silver.finance_revenue_plan p LEFT JOIN hive.bi_silver.finance_allocated_revenue c ON date_trunc('month',p.plan_date)=date_trunc('month',c.report_date) GROUP BY 1 ORDER BY 1"
638,65,Tính tỷ lệ chi phí thực tế trên doanh thu thu tiền theo territory_name,-,-,biz,"[""finance_actual_cost"",""finance_allocated_revenue""]",Tính tỷ lệ chi phí thực tế trên doanh thu thu tiền theo territory_name,,"SELECT a.territory_name,
       SUM(a.base_currency_amount) AS cost,
       SUM(c.revenue_amount) AS revenue,
       SUM(a.base_currency_amount) / NULLIF(SUM(c.revenue_amount), 0) AS cost_ratio
FROM hive.bi_silver.finance_actual_cost a
LEFT JOIN hive.bi_silver.finance_allocated_revenue c
  ON LOWER(a.product_category) = LOWER(c.product_category)
GROUP BY a.territory_name"
639,66,Phân bố doanh thu thu tiền theo revenue_type so với chi phí sản xuất,-,-,biz,"[""finance_allocated_revenue"",""finance_production_cost_allocations""]",Phân bố doanh thu thu tiền theo revenue_type so với chi phí sản xuất,,"SELECT c.revenue_type, SUM(c.revenue_amount) AS revenue, SUM(p.base_currency_amount) AS production_cost 
FROM hive.bi_silver.finance_allocated_revenue c 
LEFT JOIN hive.bi_silver.finance_production_cost_allocations p 
  ON date_trunc('month', c.report_date) = date_trunc('month', p.report_date) 
GROUP BY c.revenue_type"
640,67,Tính chênh lệch chi phí kế hoạch và chi phí thực tế theo cost_group,-,-,biz,"[""finance_cost_plan"",""finance_actual_cost""]",Tính chênh lệch chi phí kế hoạch và chi phí thực tế theo cost_group,,"SELECT p.cost_group, SUM(p.expected_cost_value) AS planned_cost, SUM(a.base_currency_amount) AS actual_cost, SUM(a.base_currency_amount)-SUM(p.expected_cost_value) AS variance 
FROM hive.bi_silver.finance_cost_plan p 
LEFT JOIN hive.bi_silver.finance_actual_cost a 
ON p.cost_group = a.cost_group 
GROUP BY p.cost_group 
ORDER BY variance DESC"
641,68,Tính tỷ trọng doanh thu thu tiền theo channel_name so với tổng doanh thu,-,-,biz,"[""finance_allocated_revenue"",""finance_revenue_plan""]",Tính tỷ trọng doanh thu thu tiền theo channel_name so với tổng doanh thu,,"SELECT c.channel_name, SUM(c.revenue_amount) AS revenue, SUM(c.revenue_amount)/SUM(SUM(c.revenue_amount)) OVER() AS revenue_share FROM hive.bi_silver.finance_allocated_revenue c GROUP BY c.channel_name ORDER BY revenue DESC"
642,69,Xu hướng doanh thu thu tiền theo customer_customer_segment_l1 so với chi phí thực tế theo tháng,-,-,biz,"[""finance_allocated_revenue"",""finance_actual_cost""]",Xu hướng doanh thu thu tiền theo customer_customer_segment_l1 so với chi phí thực tế theo tháng,,"SELECT date_trunc('month',c.report_date) AS month, c.customer_segment_l1, SUM(c.revenue_amount) AS revenue, SUM(a.base_currency_amount) AS cost FROM hive.bi_silver.finance_allocated_revenue c LEFT JOIN hive.bi_silver.finance_actual_cost a ON c.product_category=a.product_category GROUP BY 1,2 ORDER BY 1"
643,70,Tính lợi nhuận theo territory_name dựa trên doanh thu thu tiền và chi phí sản xuất,-,-,biz,"[""finance_production_cost_allocations"",""finance_allocated_revenue""]",Tính lợi nhuận theo territory_name dựa trên doanh thu thu tiền và chi phí sản xuất,,"SELECT p.territory_name, SUM(c.revenue_amount) AS revenue, SUM(p.base_currency_amount) AS cost, SUM(c.revenue_amount)-SUM(p.base_currency_amount) AS profit 
FROM hive.bi_silver.finance_production_cost_allocations p 
LEFT JOIN hive.bi_silver.finance_allocated_revenue c 
ON date_trunc('month',p.report_date)=date_trunc('month',c.report_date) 
GROUP BY p.territory_name 
ORDER BY profit DESC"
644,71,Tính doanh thu trung bình theo product_category so với chi phí thực tế,-,-,biz,"[""finance_allocated_revenue"",""finance_actual_cost""]",Tính doanh thu trung bình theo product_category so với chi phí thực tế,,"SELECT c.product_category, AVG(c.revenue_amount) AS avg_revenue, AVG(a.base_currency_amount) AS avg_cost 
FROM hive.bi_silver.finance_allocated_revenue c 
LEFT JOIN hive.bi_silver.finance_actual_cost a 
ON c.product_category = a.product_category 
GROUP BY c.product_category 
ORDER BY avg_revenue DESC"
645,72,Xếp hạng customer_segment_l3 theo lợi nhuận từ doanh thu thu tiền và chi phí sản xuất,-,-,biz,"[""finance_allocated_revenue"",""finance_production_cost_allocations""]",Xếp hạng customer_segment_l3 theo lợi nhuận từ doanh thu thu tiền và chi phí sản xuất,,"SELECT c.customer_segment_l3, SUM(c.revenue_amount)-SUM(p.base_currency_amount) AS profit FROM hive.bi_silver.finance_allocated_revenue c LEFT JOIN hive.bi_silver.finance_production_cost_allocations p ON date_trunc('month',c.report_date)=date_trunc('month',p.report_date) GROUP BY c.customer_segment_l3 ORDER BY profit DESC LIMIT 10"
646,73,Tính tỷ lệ hoàn thành doanh thu kế hoạch theo customer_segment_l1,-,-,biz,"[""finance_revenue_plan"",""finance_allocated_revenue""]",Tính tỷ lệ hoàn thành doanh thu kế hoạch theo customer_segment_l1,,"SELECT p.customer_segment_l1, SUM(c.revenue_amount) AS actual_revenue, SUM(p.plan_nice_amount) AS planned_revenue, SUM(c.revenue_amount)/NULLIF(SUM(p.plan_nice_amount),0) AS completion_rate FROM hive.bi_silver.finance_revenue_plan p LEFT JOIN hive.bi_silver.finance_allocated_revenue c ON p.customer_segment_l1=c.customer_segment_l1 GROUP BY p.customer_segment_l1"
647,74,Giám sát xu hướng chi phí thực tế theo cost_group so với doanh thu thu tiền theo tháng,-,-,biz,"[""finance_actual_cost"",""finance_allocated_revenue""]",Giám sát xu hướng chi phí thực tế theo cost_group so với doanh thu thu tiền theo tháng,,"SELECT date_trunc('month', a.report_date) AS month,
       a.cost_group,
       SUM(a.base_currency_amount) AS cost,
       SUM(c.revenue_amount) AS revenue
FROM hive.bi_silver.finance_actual_cost a
LEFT JOIN hive.bi_silver.finance_allocated_revenue c
       ON a.product_category = c.product_category
GROUP BY 1, 2
ORDER BY 1"
648,75,Xác định product_category có chi phí thực tế cao nhất so với doanh thu,-,-,biz,"[""finance_allocated_revenue"",""finance_actual_cost""]",Xác định product_category có chi phí thực tế cao nhất so với doanh thu,,"SELECT c.product_category, SUM(a.base_currency_amount)/NULLIF(SUM(c.revenue_amount),0) AS cost_ratio FROM hive.bi_silver.finance_allocated_revenue c LEFT JOIN hive.bi_silver.finance_actual_cost a ON c.product_category=a.product_category GROUP BY c.product_category ORDER BY cost_ratio DESC LIMIT 10"
649,76,So sánh doanh thu theo product_group giữa kế hoạch và thực tế,-,-,biz,"[""finance_product_revenue_plan"",""finance_allocated_revenue""]",So sánh doanh thu theo product_group giữa kế hoạch và thực tế,,"SELECT p.product_group, SUM(p.plan_nice_amount) AS planned_revenue, SUM(c.revenue_amount) AS actual_revenue 
FROM hive.bi_silver.finance_product_revenue_plan p 
LEFT JOIN hive.bi_silver.finance_allocated_revenue c 
ON p.product_name = c.product_category 
GROUP BY p.product_group 
ORDER BY planned_revenue DESC"
650,77,Tính phân bố chi phí sản xuất theo market_name so với doanh thu thu tiền,-,-,biz,"[""finance_production_cost_allocations"",""finance_allocated_revenue""]",Tính phân bố chi phí sản xuất theo market_name so với doanh thu thu tiền,,"SELECT p.market_name,
       SUM(p.base_currency_amount) AS production_cost,
       SUM(c.revenue_amount) AS revenue
FROM hive.bi_silver.finance_production_cost_allocations p
LEFT JOIN hive.bi_silver.finance_allocated_revenue c
       ON date_trunc('month', p.report_date) = date_trunc('month', c.report_date)
GROUP BY p.market_name"
651,78,Xu hướng lợi nhuận theo tháng dựa trên doanh thu thu tiền và chi phí sản xuất,-,-,biz,"[""finance_allocated_revenue"",""finance_production_cost_allocations""]",Xu hướng lợi nhuận theo tháng dựa trên doanh thu thu tiền và chi phí sản xuất,,"SELECT date_trunc('month',c.report_date) AS month, SUM(c.revenue_amount)-SUM(p.base_currency_amount) AS profit FROM hive.bi_silver.finance_allocated_revenue c LEFT JOIN hive.bi_silver.finance_production_cost_allocations p ON date_trunc('month',c.report_date)=date_trunc('month',p.report_date) GROUP BY 1 ORDER BY 1"
652,79,Tính tỷ lệ chi phí sản xuất so với doanh thu theo segment_l3,-,-,biz,"[""finance_allocated_revenue"",""finance_production_cost_allocations""]",Tính tỷ lệ chi phí sản xuất so với doanh thu theo segment_l3,,"SELECT c.customer_segment_l3, SUM(p.base_currency_amount)/NULLIF(SUM(c.revenue_amount),0) AS production_cost_ratio FROM hive.bi_silver.finance_allocated_revenue c LEFT JOIN hive.bi_silver.finance_production_cost_allocations p ON date_trunc('month',c.report_date)=date_trunc('month',p.report_date) GROUP BY c.customer_segment_l3 ORDER BY production_cost_ratio DESC"
653,80,Xác định customer_customer_segment_l1 có lợi nhuận thấp nhất dựa trên doanh thu thu tiền và chi phí thực tế,-,-,biz,"[""finance_allocated_revenue"",""finance_actual_cost""]",Xác định customer_customer_segment_l1 có lợi nhuận thấp nhất dựa trên doanh thu thu tiền và chi phí thực tế,,"SELECT c.customer_segment_l1, SUM(c.revenue_amount)-SUM(a.base_currency_amount) AS profit FROM hive.bi_silver.finance_allocated_revenue c LEFT JOIN hive.bi_silver.finance_actual_cost a ON c.product_category=a.product_category GROUP BY c.customer_segment_l1 ORDER BY profit ASC LIMIT 10"
691,2,Tổng giá trị sản phẩm của tất cả hợp đồng,,,crm,"[""crm_contract_allocations""]",Tổng giá trị sản phẩm của tất cả hợp đồng,,"SELECT SUM(product_total_value) AS total_product_value
FROM hive.bi_silver.crm_contract_allocations"
692,4,Số lượng hợp đồng theo danh mục sản phẩm,,,crm,"[""crm_contract_allocations""]",Số lượng hợp đồng theo danh mục sản phẩm,,"SELECT product_category, COUNT(DISTINCT contract_id) AS total_contracts 
FROM hive.bi_silver.crm_contract_allocations 
GROUP BY product_category 
ORDER BY total_contracts DESC"
693,9,Phân bố số lượng hợp đồng theo loại sản phẩm,,,crm,"[""crm_contract_allocations""]",Phân bố số lượng hợp đồng theo loại sản phẩm,,"SELECT product_type, COUNT(DISTINCT contract_id) AS total_contracts FROM hive.bi_silver.crm_contract_allocations GROUP BY product_type ORDER BY total_contracts DESC"
694,1,Tổng số hợp đồng trong hệ thống CRM,,,crm,"[""crm_contracts""]",Tổng số hợp đồng trong hệ thống CRM,,SELECT COUNT(DISTINCT id) AS total_contracts FROM hive.bi_silver.crm_contracts
695,3,Số lượng hợp đồng theo trạng thái,,,crm,"[""crm_contracts""]",Số lượng hợp đồng theo trạng thái,,"SELECT status, COUNT(DISTINCT id) AS contract_count FROM hive.bi_silver.crm_contracts GROUP BY status ORDER BY contract_count DESC"
696,5,Số lượng hợp đồng ký theo từng tháng,,,crm,"[""crm_contracts""]",Số lượng hợp đồng ký theo từng tháng,,"SELECT DATE_TRUNC('month', sign_date) AS month,
       COUNT(DISTINCT id) AS contracts_signed
FROM hive.bi_silver.crm_contracts
GROUP BY DATE_TRUNC('month', sign_date)
ORDER BY month"
697,11,Số lượng hợp đồng theo phương thức ký,,,crm,"[""crm_contracts""]",Số lượng hợp đồng theo phương thức ký,,"SELECT signing_method, COUNT(DISTINCT id) AS contract_count FROM hive.bi_silver.crm_contracts GROUP BY signing_method ORDER BY contract_count DESC"
698,13,Số lượng hợp đồng theo nhóm khách hàng theo mức độ ưu tiên tiếng Việt,,,crm,"[""crm_contracts""]",Số lượng hợp đồng theo nhóm khách hàng theo mức độ ưu tiên tiếng Việt,,"SELECT customer_group_vi, COUNT(DISTINCT id) AS contract_count FROM hive.bi_silver.crm_contracts GROUP BY customer_group_vi ORDER BY contract_count DESC"
699,15,Số hợp đồng của khách hàng quốc tế và nội địa,,,crm,"[""crm_contracts""]",Số hợp đồng của khách hàng quốc tế và nội địa,,"SELECT is_international_client, COUNT(DISTINCT id) AS contract_count FROM hive.bi_silver.crm_contracts GROUP BY is_international_client"
700,17,Số lượng hợp đồng sắp hết hạn trong 90 ngày tới,,,crm,"[""crm_contracts""]",Số lượng hợp đồng sắp hết hạn trong 90 ngày tới,,"SELECT COUNT(DISTINCT id) AS contracts_expiring_soon
FROM hive.bi_silver.crm_contracts
WHERE expire_date BETWEEN CURRENT_DATE AND DATE_ADD('day', 90, CURRENT_DATE)"
701,21,Tổng số hợp đồng theo năm ký hợp đồng,,,crm,"[""crm_contracts""]",Tổng số hợp đồng theo năm ký hợp đồng,,"SELECT YEAR(sign_date) year, COUNT(DISTINCT id) contract_count FROM hive.bi_silver.crm_contracts GROUP BY YEAR(sign_date) ORDER BY year"
702,24,Số lượng hợp đồng gia hạn (Renew) theo năm,,,crm,"[""crm_contracts""]",Số lượng hợp đồng gia hạn (Renew) theo năm,,"SELECT YEAR(sign_date) year, COUNT(*) renew_contracts 
FROM hive.bi_silver.crm_contracts 
WHERE LOWER(contract_type) = LOWER('Renew') 
GROUP BY YEAR(sign_date) 
ORDER BY year"
703,25,Tỷ lệ hợp đồng gia hạn so với tổng hợp đồng,,,crm,"[""crm_contracts""]",Tỷ lệ hợp đồng gia hạn so với tổng hợp đồng,,"WITH total AS (
    SELECT COUNT(*) total_contracts
    FROM hive.bi_silver.crm_contracts
)
SELECT CAST(COUNT(*) AS DOUBLE) / NULLIF((SELECT total_contracts FROM total), 0) AS renew_ratio
FROM hive.bi_silver.crm_contracts
WHERE LOWER(contract_type) = LOWER('Renew')"
704,26,Số hợp đồng mới (New) theo năm,,,crm,"[""crm_contracts""]",Số hợp đồng mới (New) theo năm,,"SELECT YEAR(sign_date) year, COUNT(*) new_contracts 
FROM hive.bi_silver.crm_contracts 
WHERE LOWER(contract_type) = LOWER('New') 
GROUP BY YEAR(sign_date) 
ORDER BY year"
705,27,Số hợp đồng Upsales theo năm,,,crm,"[""crm_contracts""]",Số hợp đồng Upsales theo năm,,"SELECT YEAR(sign_date) year, COUNT(*) upsales_contracts 
FROM hive.bi_silver.crm_contracts 
WHERE LOWER(contract_type) = LOWER('Upsales') 
GROUP BY YEAR(sign_date) 
ORDER BY year"
706,30,Số lượng hợp đồng trung bình mỗi account manager,,,crm,"[""crm_contracts""]",Số lượng hợp đồng trung bình mỗi account manager,,"SELECT CAST(COUNT(DISTINCT id) AS DOUBLE) / NULLIF(CAST(COUNT(DISTINCT user_am_id) AS DOUBLE), 0) AS avg_contract_per_am
FROM hive.bi_silver.crm_contracts"
707,32,Số hợp đồng trung bình mỗi khách hàng,,,crm,"[""crm_contracts""]",Số hợp đồng trung bình mỗi khách hàng,,"SELECT CAST(COUNT(DISTINCT id) AS DOUBLE) / NULLIF(CAST(COUNT(DISTINCT customer_name) AS DOUBLE), 0) AS avg_contract_per_customer
FROM hive.bi_silver.crm_contracts"
708,33,Top khách hàng có số hợp đồng nhiều nhất,,,crm,"[""crm_contracts""]",Top khách hàng có số hợp đồng nhiều nhất,,"SELECT customer_name, COUNT(DISTINCT id) contract_count FROM hive.bi_silver.crm_contracts GROUP BY customer_name ORDER BY contract_count DESC LIMIT 10"
709,44,Số hợp đồng sắp hết hạn trong 30 ngày tới,,,crm,"[""crm_contracts""]",Số hợp đồng sắp hết hạn trong 30 ngày tới,,"SELECT COUNT(*) expiring_30d 
FROM hive.bi_silver.crm_contracts 
WHERE expire_date BETWEEN CURRENT_DATE 
      AND DATE_ADD('day', 30, CURRENT_DATE)"
710,45,Số hợp đồng sắp hết hạn trong 90 ngày tới,,,crm,"[""crm_contracts""]",Số hợp đồng sắp hết hạn trong 90 ngày tới,,"SELECT COUNT(*) expiring_90d 
FROM hive.bi_silver.crm_contracts 
WHERE expire_date BETWEEN CURRENT_DATE AND DATE_ADD('day',90,CURRENT_DATE)"
711,46,Tỷ lệ hợp đồng đã hoàn thành triển khai,,,crm,"[""crm_contracts""]",Tỷ lệ hợp đồng đã hoàn thành triển khai,,"SELECT CAST(COUNT(CASE WHEN LOWER(status) = LOWER('DEPLOYMENT_COMPLETED') THEN 1 END) AS DOUBLE) * 1.0 / NULLIF(COUNT(*), 0) AS completion_rate
FROM hive.bi_silver.crm_contracts"
712,47,Tỷ lệ hợp đồng đang triển khai,,,crm,"[""crm_contracts""]",Tỷ lệ hợp đồng đang triển khai,,"SELECT CAST(COUNT(CASE WHEN LOWER(status) = LOWER('DEPLOYMENT') THEN 1 END) AS DOUBLE) * 1.0 / NULLIF(COUNT(*), 0) deployment_rate FROM hive.bi_silver.crm_contracts"
713,48,Tỷ lệ hợp đồng đã ký nhưng chưa triển khai xong,,,crm,"[""crm_contracts""]",Tỷ lệ hợp đồng đã ký nhưng chưa triển khai xong,,"SELECT CAST(COUNT(CASE WHEN LOWER(status) = LOWER('SIGNED') THEN 1 END) AS DOUBLE) * 1.0 / NULLIF(CAST(COUNT(*) AS DOUBLE), 0) AS signed_ratio
FROM hive.bi_silver.crm_contracts"
714,57,Số lượng hợp đồng theo phân khúc khách hàng cấp 1,,,crm,"[""crm_contracts""]",Số lượng hợp đồng theo phân khúc khách hàng cấp 1,,"SELECT customer_segment_l1, COUNT(*) contract_count FROM hive.bi_silver.crm_contracts GROUP BY customer_segment_l1 ORDER BY contract_count DESC"
715,58,Số hợp đồng theo phương thức ký và năm,,,crm,"[""crm_contracts""]",Số hợp đồng theo phương thức ký và năm,,"SELECT YEAR(sign_date) year, signing_method, COUNT(*) contracts 
FROM hive.bi_silver.crm_contracts 
GROUP BY YEAR(sign_date), signing_method 
ORDER BY year"
716,60,Top account manager có nhiều hợp đồng nhất,,,crm,"[""crm_contracts""]",Top account manager có nhiều hợp đồng nhất,,"SELECT user_am_id, COUNT(*) contract_count 
FROM hive.bi_silver.crm_contracts 
GROUP BY user_am_id 
ORDER BY contract_count DESC 
LIMIT 10"
717,67,Số năm trung bình khách hàng duy trì hợp đồng,,,crm,"[""crm_contracts""]",Số năm trung bình khách hàng duy trì hợp đồng,,"WITH c AS (
    SELECT
        customer_name,
        MIN(sign_date) AS min_d,
        MAX(sign_date) AS max_d
    FROM hive.bi_silver.crm_contracts
    GROUP BY customer_name
)
SELECT
    AVG(DATE_DIFF('year', min_d, max_d)) AS avg_customer_lifetime_years
FROM c"
718,68,Tỷ lệ khách hàng có hợp đồng gia hạn,,,crm,"[""crm_contracts""]",Tỷ lệ khách hàng có hợp đồng gia hạn,,"SELECT CAST(COUNT(DISTINCT CASE WHEN LOWER(contract_type) = LOWER('Renew') THEN customer_name END) AS DOUBLE) / NULLIF(CAST(COUNT(DISTINCT customer_name) AS DOUBLE), 0) AS renewal_customer_ratio
FROM hive.bi_silver.crm_contracts"
719,75,Số deal trung bình mỗi account manager,,,crm,"[""crm_contracts""]",Số deal trung bình mỗi account manager,,"SELECT CAST(COUNT(DISTINCT deal_id) AS DOUBLE) / NULLIF(COUNT(DISTINCT user_am_id), 0) AS avg_deal_per_am
FROM hive.bi_silver.crm_contracts"
720,80,Tỷ lệ hợp đồng hoàn thành triển khai trong pipeline,,,crm,"[""crm_contracts""]",Tỷ lệ hợp đồng hoàn thành triển khai trong pipeline,,"SELECT CAST(COUNT(CASE WHEN LOWER(status) = LOWER('DEPLOYMENT_COMPLETED') THEN 1 END) * 1.0 AS DOUBLE) / NULLIF(CAST(COUNT(*) AS DOUBLE), 0) AS completion_ratio FROM hive.bi_silver.crm_contracts"
721,103,Xác định khách hàng có khả năng gia hạn hợp đồng dựa trên lịch sử renew,,,crm,"[""crm_contracts""]",Xác định khách hàng có khả năng gia hạn hợp đồng dựa trên lịch sử renew,,"SELECT
    customer_name,
    CAST(COUNT(CASE WHEN LOWER(contract_type) = LOWER('Renew') THEN 1 END) AS DOUBLE) / NULLIF(CAST(COUNT(*) AS DOUBLE), 0) AS renewal_ratio
FROM hive.bi_silver.crm_contracts
GROUP BY customer_name
ORDER BY renewal_ratio DESC"
722,110,Tỷ lệ hợp đồng chưa triển khai trong pipeline,,,crm,"[""crm_contracts""]",Tỷ lệ hợp đồng chưa triển khai trong pipeline,,"SELECT CAST(COUNT(CASE WHEN LOWER(status) != LOWER('DEPLOYMENT_COMPLETED') THEN 1 END) AS DOUBLE) * 1.0 / NULLIF(COUNT(*), 0) AS incomplete_ratio FROM hive.bi_silver.crm_contracts"
723,112,Tỷ lệ pipeline bị hủy hoặc thất bại,,,crm,"[""crm_contracts""]",Tỷ lệ pipeline bị hủy hoặc thất bại,,"SELECT CAST(COUNT(CASE WHEN LOWER(status) = LOWER('CANCELLED') THEN 1 END) AS DOUBLE) / NULLIF(COUNT(*), 0) AS cancel_ratio FROM hive.bi_silver.crm_contracts"
724,121,Tỷ lệ hợp đồng enterprise trong tổng hợp đồng,,,crm,"[""crm_contracts""]",Tỷ lệ hợp đồng enterprise trong tổng hợp đồng,,"SELECT CAST(COUNT(CASE WHEN is_enterprise_customer=1 THEN 1 END) AS DOUBLE) / NULLIF(COUNT(*),0) AS enterprise_contract_ratio FROM hive.bi_silver.crm_contracts"
725,123,Tỷ lệ hợp đồng quốc tế trong tổng hợp đồng,,,crm,"[""crm_contracts""]",Tỷ lệ hợp đồng quốc tế trong tổng hợp đồng,,"SELECT CAST(COUNT(CASE WHEN is_international_client = 1 THEN 1 END) AS DOUBLE) / NULLIF(COUNT(*), 0) AS international_contract_ratio
FROM hive.bi_silver.crm_contracts"
726,126,Tỷ lệ hợp đồng gia hạn theo account manager,,,crm,"[""crm_contracts""]",Tỷ lệ hợp đồng gia hạn theo account manager,,"SELECT user_am_id,
       CAST(COUNT(CASE WHEN LOWER(contract_type) = LOWER('Renew') THEN 1 END) AS DOUBLE) * 1.0 / NULLIF(COUNT(*),0) AS renewal_ratio
FROM hive.bi_silver.crm_contracts
GROUP BY user_am_id
ORDER BY renewal_ratio DESC"
727,130,Tỷ lệ hợp đồng hoàn tất triển khai theo account manager,,,crm,"[""crm_contracts""]",Tỷ lệ hợp đồng hoàn tất triển khai theo account manager,,"SELECT
    user_am_id,
    CAST(COUNT(CASE WHEN LOWER(status) = LOWER('DEPLOYMENT_COMPLETED') THEN 1 END) AS DOUBLE) / NULLIF(COUNT(*), 0) AS deployment_success_ratio
FROM hive.bi_silver.crm_contracts
GROUP BY user_am_id
ORDER BY deployment_success_ratio DESC"
728,1,Tổng số bản ghi sản phẩm quan tâm trong hệ thống,,,crm,"[""crm_deal_interested_products""]",Tổng số bản ghi sản phẩm quan tâm trong hệ thống,,SELECT COUNT(*) AS total_interest_records FROM hive.bi_silver.crm_deal_interested_products
729,2,Số lượng deal theo danh mục sản phẩm quan tâm,,,crm,"[""crm_deal_interested_products""]",Số lượng deal theo danh mục sản phẩm quan tâm,,"SELECT interested_product_category, COUNT(DISTINCT deal_id) AS total_deals FROM hive.bi_silver.crm_deal_interested_products GROUP BY interested_product_category ORDER BY total_deals DESC"
730,3,Số lượng bản ghi quan tâm sản phẩm theo danh mục,,,crm,"[""crm_deal_interested_products""]",Số lượng bản ghi quan tâm sản phẩm theo danh mục,,"SELECT interested_product_category, COUNT(*) AS total_interest_records 
FROM hive.bi_silver.crm_deal_interested_products 
GROUP BY interested_product_category 
ORDER BY total_interest_records DESC"
731,4,Top 10 danh mục sản phẩm được khách hàng quan tâm nhiều nhất,,,crm,"[""crm_deal_interested_products""]",Top 10 danh mục sản phẩm được khách hàng quan tâm nhiều nhất,,"SELECT interested_product_category, COUNT(*) AS interest_count FROM hive.bi_silver.crm_deal_interested_products GROUP BY interested_product_category ORDER BY interest_count DESC LIMIT 10"
732,5,Số lượng bản ghi quan tâm sản phẩm theo tháng,,,crm,"[""crm_deal_interested_products""]",Số lượng bản ghi quan tâm sản phẩm theo tháng,,"SELECT DATE_TRUNC('month', created_at) AS month, COUNT(*) AS interest_count 
FROM hive.bi_silver.crm_deal_interested_products 
GROUP BY DATE_TRUNC('month', created_at) 
ORDER BY month"
733,6,Số lượng deal có quan tâm sản phẩm theo tháng,,,crm,"[""crm_deal_interested_products""]",Số lượng deal có quan tâm sản phẩm theo tháng,,"SELECT DATE_TRUNC('month', created_at) AS month, COUNT(DISTINCT deal_id) AS total_deals FROM hive.bi_silver.crm_deal_interested_products GROUP BY DATE_TRUNC('month', created_at) ORDER BY month"
734,7,Tỷ trọng quan tâm của từng danh mục sản phẩm,,,crm,"[""crm_deal_interested_products""]",Tỷ trọng quan tâm của từng danh mục sản phẩm,,"WITH c AS (
    SELECT interested_product_category,
           COUNT(*) AS cnt
    FROM hive.bi_silver.crm_deal_interested_products
    GROUP BY interested_product_category
),
t AS (
    SELECT SUM(cnt) AS total_cnt
    FROM c
)
SELECT interested_product_category,
       CAST(cnt AS DOUBLE) / NULLIF((SELECT total_cnt FROM t), 0) AS interest_share
FROM c
ORDER BY interest_share DESC"
735,8,Trung bình số danh mục sản phẩm quan tâm trên mỗi deal,,,crm,"[""crm_deal_interested_products""]",Trung bình số danh mục sản phẩm quan tâm trên mỗi deal,,"SELECT CAST(COUNT(*) AS DOUBLE) / NULLIF(CAST(COUNT(DISTINCT deal_id) AS DOUBLE), 0) AS avg_categories_per_deal
FROM hive.bi_silver.crm_deal_interested_products"
736,9,Top 10 deal có nhiều danh mục sản phẩm quan tâm nhất,,,crm,"[""crm_deal_interested_products""]",Top 10 deal có nhiều danh mục sản phẩm quan tâm nhất,,"SELECT deal_id, COUNT(DISTINCT interested_product_category) AS category_count FROM hive.bi_silver.crm_deal_interested_products GROUP BY deal_id ORDER BY category_count DESC LIMIT 10"
737,10,Danh mục sản phẩm có ít quan tâm nhất,,,crm,"[""crm_deal_interested_products""]",Danh mục sản phẩm có ít quan tâm nhất,,"SELECT interested_product_category, COUNT(*) AS interest_count FROM hive.bi_silver.crm_deal_interested_products GROUP BY interested_product_category ORDER BY interest_count ASC LIMIT 10"
738,11,So sánh số lượng deal quan tâm sản phẩm giữa các danh mục,,,crm,"[""crm_deal_interested_products""]",So sánh số lượng deal quan tâm sản phẩm giữa các danh mục,,"SELECT interested_product_category, COUNT(DISTINCT deal_id) AS total_deals FROM hive.bi_silver.crm_deal_interested_products GROUP BY interested_product_category ORDER BY total_deals DESC"
739,12,Phân bố số lượng danh mục sản phẩm quan tâm trên mỗi deal,,,crm,"[""crm_deal_interested_products""]",Phân bố số lượng danh mục sản phẩm quan tâm trên mỗi deal,,"WITH c AS (
    SELECT deal_id, COUNT(DISTINCT interested_product_category) AS category_count
    FROM hive.bi_silver.crm_deal_interested_products
    GROUP BY deal_id
)
SELECT category_count, COUNT(*) AS deal_count
FROM c
GROUP BY category_count
ORDER BY category_count"
740,13,Danh mục sản phẩm có số deal quan tâm cao hơn trung bình,,,crm,"[""crm_deal_interested_products""]",Danh mục sản phẩm có số deal quan tâm cao hơn trung bình,,"WITH c AS (
    SELECT
        interested_product_category,
        COUNT(DISTINCT deal_id) AS deal_count
    FROM hive.bi_silver.crm_deal_interested_products
    GROUP BY interested_product_category
), a AS (
    SELECT AVG(deal_count) AS avg_deal
    FROM c
)
SELECT
    interested_product_category,
    deal_count
FROM c
WHERE deal_count > (SELECT avg_deal FROM a)
ORDER BY deal_count DESC"
741,14,Số lượng danh mục sản phẩm quan tâm mới xuất hiện theo tháng,,,crm,"[""crm_deal_interested_products""]",Số lượng danh mục sản phẩm quan tâm mới xuất hiện theo tháng,,"SELECT DATE_TRUNC('month', created_at) AS month, COUNT(DISTINCT interested_product_category) AS category_count FROM hive.bi_silver.crm_deal_interested_products GROUP BY DATE_TRUNC('month', created_at) ORDER BY month"
742,15,Phát hiện tháng có số lượng quan tâm sản phẩm tăng đột biến,,,crm,"[""crm_deal_interested_products""]",Phát hiện tháng có số lượng quan tâm sản phẩm tăng đột biến,,"WITH m AS (
    SELECT DATE_TRUNC('month', created_at) AS month,
           COUNT(*) AS interest_count
    FROM hive.bi_silver.crm_deal_interested_products
    GROUP BY DATE_TRUNC('month', created_at)
),
g AS (
    SELECT month,
           interest_count,
           LAG(interest_count) OVER (ORDER BY month) AS prev_count
    FROM m
)
SELECT month,
       interest_count,
       CAST((interest_count - prev_count) * 1.0 AS DOUBLE) / NULLIF(prev_count, 0) AS growth_rate
FROM g
WHERE prev_count IS NOT NULL
ORDER BY growth_rate DESC"
743,16,Phát hiện tháng có số lượng quan tâm sản phẩm giảm mạnh,,,crm,"[""crm_deal_interested_products""]",Phát hiện tháng có số lượng quan tâm sản phẩm giảm mạnh,,"WITH m AS (
    SELECT DATE_TRUNC('month', created_at) AS month,
           COUNT(*) AS interest_count
    FROM hive.bi_silver.crm_deal_interested_products
    GROUP BY DATE_TRUNC('month', created_at)
), g AS (
    SELECT month,
           interest_count,
           LAG(interest_count) OVER (ORDER BY month) AS prev_count
    FROM m
)
SELECT month,
       interest_count,
       (CAST(interest_count AS DOUBLE) - CAST(prev_count AS DOUBLE)) / NULLIF(CAST(prev_count AS DOUBLE), 0) AS growth_rate
FROM g
WHERE prev_count IS NOT NULL
ORDER BY growth_rate ASC"
744,17,Tỷ lệ deal quan tâm đến từng danh mục sản phẩm,,,crm,"[""crm_deal_interested_products""]",Tỷ lệ deal quan tâm đến từng danh mục sản phẩm,,"WITH c AS (
    SELECT interested_product_category,
           COUNT(DISTINCT deal_id) AS deal_count
    FROM hive.bi_silver.crm_deal_interested_products
    GROUP BY interested_product_category
), t AS (
    SELECT COUNT(DISTINCT deal_id) AS total_deals
    FROM hive.bi_silver.crm_deal_interested_products
)
SELECT interested_product_category,
       CAST(deal_count AS DOUBLE) / NULLIF(CAST((SELECT total_deals FROM t) AS DOUBLE), 0) AS deal_interest_ratio
FROM c
ORDER BY deal_interest_ratio DESC"
745,18,Số lượng quan tâm sản phẩm theo năm,,,crm,"[""crm_deal_interested_products""]",Số lượng quan tâm sản phẩm theo năm,,"SELECT YEAR(created_at) AS year, COUNT(*) AS interest_count 
FROM hive.bi_silver.crm_deal_interested_products 
GROUP BY YEAR(created_at) 
ORDER BY year"
746,19,Top danh mục sản phẩm có tốc độ tăng trưởng quan tâm cao nhất theo năm,,,crm,"[""crm_deal_interested_products""]",Top danh mục sản phẩm có tốc độ tăng trưởng quan tâm cao nhất theo năm,,"WITH y AS (
    SELECT
        interested_product_category,
        YEAR(created_at) AS year,
        COUNT(*) AS interest_count
    FROM hive.bi_silver.crm_deal_interested_products
    GROUP BY interested_product_category, YEAR(created_at)
), g AS (
    SELECT
        interested_product_category,
        year,
        interest_count,
        LAG(interest_count) OVER (PARTITION BY interested_product_category ORDER BY year) AS prev_count
    FROM y
)
SELECT
    interested_product_category,
    year,
    CAST((interest_count - prev_count) * 1.0 AS DOUBLE) / NULLIF(prev_count, 0) AS yoy_growth
FROM g
WHERE prev_count IS NOT NULL
ORDER BY yoy_growth DESC"
747,20,Phát hiện danh mục sản phẩm có số lượng quan tâm bất thường bằng z-score,,,crm,"[""crm_deal_interested_products""]",Phát hiện danh mục sản phẩm có số lượng quan tâm bất thường bằng z-score,,"WITH c AS (
    SELECT interested_product_category,
           COUNT(*) AS interest_count
    FROM hive.bi_silver.crm_deal_interested_products
    GROUP BY interested_product_category
), s AS (
    SELECT AVG(interest_count) AS avg_cnt,
           STDDEV(interest_count) AS sd_cnt
    FROM c
)
SELECT interested_product_category,
       interest_count,
       (interest_count - avg_cnt) / NULLIF(sd_cnt, 0) AS z_score
FROM c, s
ORDER BY ABS(z_score) DESC"
748,21,Dự báo nhu cầu sản phẩm theo danh mục tháng tới bằng trung bình động 3 tháng,,,crm,"[""crm_deal_interested_products""]",Dự báo nhu cầu sản phẩm theo danh mục tháng tới bằng trung bình động 3 tháng,,"WITH m AS (
    SELECT
        interested_product_category,
        DATE_TRUNC('month', created_at) mth,
        COUNT(*) cnt
    FROM hive.bi_silver.crm_deal_interested_products
    GROUP BY interested_product_category, DATE_TRUNC('month', created_at)
), r AS (
    SELECT
        interested_product_category,
        mth,
        cnt,
        AVG(cnt) OVER (
            PARTITION BY interested_product_category
            ORDER BY mth
            ROWS BETWEEN 2 PRECEDING AND CURRENT ROW
        ) ma3
    FROM m
)
SELECT
    interested_product_category,
    DATE_ADD('month', 1, MAX(mth)) forecast_month,
    MAX(ma3) forecast_demand
FROM r
GROUP BY interested_product_category"
749,22,Dự báo tổng nhu cầu sản phẩm tháng tới,,,crm,"[""crm_deal_interested_products""]",Dự báo tổng nhu cầu sản phẩm tháng tới,,"WITH m AS (
    SELECT DATE_TRUNC('month', created_at) mth,
           COUNT(*) cnt
    FROM hive.bi_silver.crm_deal_interested_products
    GROUP BY DATE_TRUNC('month', created_at)
), r AS (
    SELECT mth,
           cnt,
           AVG(cnt) OVER (ORDER BY mth ROWS BETWEEN 2 PRECEDING AND CURRENT ROW) ma3
    FROM m
)
SELECT DATE_ADD('month', 1, MAX(mth)) forecast_month,
       MAX(ma3) forecast_interest
FROM r"
750,23,Hệ số tập trung quan tâm sản phẩm (HHI) theo danh mục,,,crm,"[""crm_deal_interested_products""]",Hệ số tập trung quan tâm sản phẩm (HHI) theo danh mục,,"WITH c AS (
    SELECT interested_product_category, COUNT(*) cnt
    FROM hive.bi_silver.crm_deal_interested_products
    GROUP BY interested_product_category
), t AS (
    SELECT SUM(cnt) total_cnt
    FROM c
)
SELECT SUM(POWER(CAST(cnt AS DOUBLE) / NULLIF((SELECT total_cnt FROM t), 0), 2)) hhi_interest
FROM c"
751,24,Hệ số tập trung quan tâm sản phẩm theo deal,,,crm,"[""crm_deal_interested_products""]",Hệ số tập trung quan tâm sản phẩm theo deal,,"WITH c AS (
    SELECT deal_id, COUNT(*) cnt
    FROM hive.bi_silver.crm_deal_interested_products
    GROUP BY deal_id
), t AS (
    SELECT SUM(cnt) total_cnt
    FROM c
)
SELECT SUM(POWER(CAST(cnt AS DOUBLE) / NULLIF((SELECT total_cnt FROM t), 0), 2)) hhi_deal_interest
FROM c"
752,25,Tỷ trọng quan tâm của top 20% danh mục sản phẩm,,,crm,"[""crm_deal_interested_products""]",Tỷ trọng quan tâm của top 20% danh mục sản phẩm,,"WITH c AS (
    SELECT interested_product_category, COUNT(*) cnt
    FROM hive.bi_silver.crm_deal_interested_products
    GROUP BY interested_product_category
), r AS (
    SELECT cnt, NTILE(5) OVER (ORDER BY cnt DESC) q
    FROM c
), t AS (
    SELECT SUM(cnt) total_cnt
    FROM c
)
SELECT SUM(cnt) * 1.0 / NULLIF((SELECT total_cnt FROM t), 0) AS share_top20
FROM r
WHERE q = 1"
753,26,Top cặp sản phẩm thường được quan tâm cùng nhau,,,crm,"[""crm_deal_interested_products""]",Top cặp sản phẩm thường được quan tâm cùng nhau,,"SELECT a.interested_product_category product_a, b.interested_product_category product_b, COUNT(*) co_interest_count
FROM hive.bi_silver.crm_deal_interested_products a
JOIN hive.bi_silver.crm_deal_interested_products b
  ON a.deal_id = b.deal_id
 AND LOWER(a.interested_product_category) < LOWER(b.interested_product_category)
GROUP BY a.interested_product_category, b.interested_product_category
ORDER BY co_interest_count DESC
LIMIT 20"
754,27,Tỷ lệ đồng quan tâm giữa hai danh mục sản phẩm,,,crm,"[""crm_deal_interested_products""]",Tỷ lệ đồng quan tâm giữa hai danh mục sản phẩm,,"WITH pairs AS (
    SELECT
        a.interested_product_category AS p1,
        b.interested_product_category AS p2,
        COUNT(*) AS cnt
    FROM hive.bi_silver.crm_deal_interested_products a
    JOIN hive.bi_silver.crm_deal_interested_products b
        ON a.deal_id = b.deal_id
        AND LOWER(a.interested_product_category) < LOWER(b.interested_product_category)
    GROUP BY a.interested_product_category, b.interested_product_category
),
base AS (
    SELECT
        interested_product_category,
        COUNT(DISTINCT deal_id) AS total_deals
    FROM hive.bi_silver.crm_deal_interested_products
    GROUP BY interested_product_category
)
SELECT
    p1,
    p2,
    CAST(cnt AS DOUBLE) / NULLIF(
        CAST(
            (SELECT total_deals FROM base WHERE LOWER(interested_product_category) = LOWER(p1))
            AS DOUBLE
        ),
        0
    ) AS affinity_ratio
FROM pairs
ORDER BY affinity_ratio DESC"
755,28,Phát hiện cơ hội cross-sell dựa trên danh mục sản phẩm quan tâm,,,crm,"[""crm_deal_interested_products""]",Phát hiện cơ hội cross-sell dựa trên danh mục sản phẩm quan tâm,,"SELECT a.interested_product_category base_product, b.interested_product_category cross_product, COUNT(*) cross_sell_opportunities 
FROM hive.bi_silver.crm_deal_interested_products a 
JOIN hive.bi_silver.crm_deal_interested_products b 
  ON a.deal_id = b.deal_id 
  AND LOWER(a.interested_product_category) <> LOWER(b.interested_product_category) 
GROUP BY a.interested_product_category, b.interested_product_category 
ORDER BY cross_sell_opportunities DESC 
LIMIT 20"
756,29,Điểm intent của deal dựa trên số danh mục sản phẩm quan tâm,,,crm,"[""crm_deal_interested_products""]",Điểm intent của deal dựa trên số danh mục sản phẩm quan tâm,,"SELECT deal_id, COUNT(DISTINCT interested_product_category) intent_score 
FROM hive.bi_silver.crm_deal_interested_products 
GROUP BY deal_id 
ORDER BY intent_score DESC"
757,30,Xếp hạng deal theo mức độ quan tâm sản phẩm,,,crm,"[""crm_deal_interested_products""]",Xếp hạng deal theo mức độ quan tâm sản phẩm,,"SELECT deal_id, COUNT(*) interest_count FROM hive.bi_silver.crm_deal_interested_products GROUP BY deal_id ORDER BY interest_count DESC LIMIT 20"
758,31,Tỷ lệ deal có quan tâm nhiều hơn 3 sản phẩm,,,crm,"[""crm_deal_interested_products""]",Tỷ lệ deal có quan tâm nhiều hơn 3 sản phẩm,,"WITH c AS (
    SELECT deal_id, COUNT(DISTINCT interested_product_category) cnt
    FROM hive.bi_silver.crm_deal_interested_products
    GROUP BY deal_id
)
SELECT CAST(COUNT(CASE WHEN cnt >= 3 THEN 1 END) AS DOUBLE) / NULLIF(CAST(COUNT(*) AS DOUBLE), 0) AS ratio_multi_interest_deals
FROM c"
759,32,Phát hiện danh mục sản phẩm có nhu cầu tăng nhanh nhất MoM,,,crm,"[""crm_deal_interested_products""]",Phát hiện danh mục sản phẩm có nhu cầu tăng nhanh nhất MoM,,"WITH m AS (
    SELECT interested_product_category,
           DATE_TRUNC('month', created_at) AS mth,
           COUNT(*) AS cnt
    FROM hive.bi_silver.crm_deal_interested_products
    GROUP BY interested_product_category, DATE_TRUNC('month', created_at)
),
g AS (
    SELECT interested_product_category,
           mth,
           cnt,
           LAG(cnt) OVER (PARTITION BY interested_product_category ORDER BY mth) AS prev
    FROM m
)
SELECT interested_product_category,
       mth,
       CAST(cnt - prev AS DOUBLE) / NULLIF(prev, 0) AS growth_rate
FROM g
WHERE prev IS NOT NULL
ORDER BY growth_rate DESC
LIMIT 20"
760,33,Phát hiện danh mục sản phẩm có nhu cầu giảm mạnh nhất,,,crm,"[""crm_deal_interested_products""]",Phát hiện danh mục sản phẩm có nhu cầu giảm mạnh nhất,,"WITH m AS (
    SELECT interested_product_category,
           DATE_TRUNC('month', created_at) mth,
           COUNT(*) cnt
    FROM hive.bi_silver.crm_deal_interested_products
    GROUP BY interested_product_category, DATE_TRUNC('month', created_at)
),
g AS (
    SELECT interested_product_category,
           mth,
           cnt,
           LAG(cnt) OVER (PARTITION BY interested_product_category ORDER BY mth) prev
    FROM m
)
SELECT interested_product_category,
       mth,
       CAST(cnt - prev AS DOUBLE) / NULLIF(prev, 0) AS growth_rate
FROM g
WHERE prev IS NOT NULL
ORDER BY growth_rate ASC
LIMIT 20"
761,34,Top danh mục sản phẩm có tăng trưởng quan tâm YoY cao nhất,,,crm,"[""crm_deal_interested_products""]",Top danh mục sản phẩm có tăng trưởng quan tâm YoY cao nhất,,"WITH y AS (
    SELECT interested_product_category,
           YEAR(created_at) yr,
           COUNT(*) cnt
    FROM hive.bi_silver.crm_deal_interested_products
    GROUP BY interested_product_category, YEAR(created_at)
),
g AS (
    SELECT interested_product_category,
           yr,
           cnt,
           LAG(cnt) OVER (PARTITION BY interested_product_category ORDER BY yr) prev
    FROM y
)
SELECT interested_product_category,
       yr,
       (CAST(cnt AS DOUBLE) - CAST(prev AS DOUBLE)) * 1.0 / NULLIF(CAST(prev AS DOUBLE), 0) yoy_growth
FROM g
WHERE prev IS NOT NULL
ORDER BY yoy_growth DESC
LIMIT 20"
762,35,Top danh mục sản phẩm có xu hướng ổn định nhất theo thời gian,,,crm,"[""crm_deal_interested_products""]",Top danh mục sản phẩm có xu hướng ổn định nhất theo thời gian,,"WITH m AS (
    SELECT interested_product_category,
           DATE_TRUNC('month', created_at) mth,
           COUNT(*) cnt
    FROM hive.bi_silver.crm_deal_interested_products
    GROUP BY interested_product_category, DATE_TRUNC('month', created_at)
)
SELECT interested_product_category,
       STDDEV(cnt) demand_volatility
FROM m
GROUP BY interested_product_category
ORDER BY demand_volatility ASC
LIMIT 10"
763,36,Danh mục sản phẩm có biến động nhu cầu cao nhất,,,crm,"[""crm_deal_interested_products""]",Danh mục sản phẩm có biến động nhu cầu cao nhất,,"WITH m AS (
    SELECT
        interested_product_category,
        DATE_TRUNC('month', created_at) mth,
        COUNT(*) cnt
    FROM hive.bi_silver.crm_deal_interested_products
    GROUP BY interested_product_category, DATE_TRUNC('month', created_at)
)
SELECT
    interested_product_category,
    STDDEV(cnt) demand_volatility
FROM m
GROUP BY interested_product_category
ORDER BY demand_volatility DESC
LIMIT 10"
764,37,Phát hiện danh mục sản phẩm có nhu cầu bất thường bằng z-score,,,crm,"[""crm_deal_interested_products""]",Phát hiện danh mục sản phẩm có nhu cầu bất thường bằng z-score,,"WITH c AS (
    SELECT interested_product_category, COUNT(*) cnt
    FROM hive.bi_silver.crm_deal_interested_products
    GROUP BY interested_product_category
), s AS (
    SELECT AVG(cnt) avg_cnt, STDDEV(cnt) sd_cnt
    FROM c
)
SELECT
    interested_product_category,
    cnt,
    (cnt - avg_cnt) / NULLIF(sd_cnt, 0) z_score
FROM c, s
ORDER BY ABS(z_score) DESC"
765,38,Tỷ lệ deal quan tâm mỗi danh mục sản phẩm,,,crm,"[""crm_deal_interested_products""]",Tỷ lệ deal quan tâm mỗi danh mục sản phẩm,,"WITH base AS (
    SELECT COUNT(DISTINCT deal_id) total_deals
    FROM hive.bi_silver.crm_deal_interested_products
)
SELECT
    interested_product_category,
    CAST(COUNT(DISTINCT deal_id) AS DOUBLE) / NULLIF((SELECT total_deals FROM base), 0) AS interest_ratio
FROM hive.bi_silver.crm_deal_interested_products
GROUP BY interested_product_category
ORDER BY interest_ratio DESC"
766,39,Số danh mục sản phẩm trung bình mỗi tháng,,,crm,"[""crm_deal_interested_products""]",Số danh mục sản phẩm trung bình mỗi tháng,,"SELECT DATE_TRUNC('month',created_at) month, COUNT(DISTINCT interested_product_category) category_count FROM hive.bi_silver.crm_deal_interested_products GROUP BY DATE_TRUNC('month',created_at) ORDER BY month"
767,40,Danh mục sản phẩm xuất hiện lần đầu trong hệ thống,,,crm,"[""crm_deal_interested_products""]",Danh mục sản phẩm xuất hiện lần đầu trong hệ thống,,"WITH f AS (
    SELECT
        interested_product_category,
        MIN(created_at) AS first_seen
    FROM hive.bi_silver.crm_deal_interested_products
    GROUP BY interested_product_category
)
SELECT *
FROM f
ORDER BY first_seen"
768,60,Top deal có khả năng mua bundle sản phẩm cao nhất,,,crm,"[""crm_deal_interested_products""]",Top deal có khả năng mua bundle sản phẩm cao nhất,,"WITH c AS (
    SELECT
        deal_id,
        COUNT(DISTINCT interested_product_category) cnt
    FROM hive.bi_silver.crm_deal_interested_products
    GROUP BY deal_id
)
SELECT
    deal_id,
    cnt bundle_interest_score
FROM c
ORDER BY bundle_interest_score DESC
LIMIT 20"
769,62,Xác định danh mục sản phẩm có nhiều kết nối nhất trong mạng interest graph,,,crm,"[""crm_deal_interested_products""]",Xác định danh mục sản phẩm có nhiều kết nối nhất trong mạng interest graph,,"WITH edges AS (
    SELECT a.interested_product_category p1,
           b.interested_product_category p2
    FROM hive.bi_silver.crm_deal_interested_products a
    JOIN hive.bi_silver.crm_deal_interested_products b
      ON a.deal_id = b.deal_id
     AND LOWER(a.interested_product_category) < LOWER(b.interested_product_category)
),
deg AS (
    SELECT p1 product, COUNT(*) d FROM edges GROUP BY p1
    UNION ALL
    SELECT p2, COUNT(*) d FROM edges GROUP BY p2
)
SELECT product,
       SUM(d) degree
FROM deg
GROUP BY product
ORDER BY degree DESC
LIMIT 20"
770,64,Tính confidence khi khách hàng quan tâm SOC platform thì sẽ quan tâm MSS,,,crm,"[""crm_deal_interested_products""]",Tính confidence khi khách hàng quan tâm SOC platform thì sẽ quan tâm MSS,,"WITH base AS (
    SELECT COUNT(DISTINCT deal_id) cnt
    FROM hive.bi_silver.crm_deal_interested_products
    WHERE LOWER(interested_product_category) = LOWER('SOC platform')
), both AS (
    SELECT COUNT(DISTINCT a.deal_id) cnt
    FROM hive.bi_silver.crm_deal_interested_products a
    JOIN hive.bi_silver.crm_deal_interested_products b
      ON a.deal_id = b.deal_id
    WHERE LOWER(a.interested_product_category) = LOWER('SOC platform')
      AND LOWER(b.interested_product_category) = LOWER('MSS')
)
SELECT CAST(both.cnt AS DOUBLE) / NULLIF(CAST(base.cnt AS DOUBLE), 0) AS confidence
FROM base, both"
771,65,Tính lift giữa SOC platform và MSS,,,crm,"[""crm_deal_interested_products""]",Tính lift giữa SOC platform và MSS,,"WITH a AS (
    SELECT COUNT(DISTINCT deal_id) a_cnt
    FROM hive.bi_silver.crm_deal_interested_products
    WHERE LOWER(interested_product_category) = LOWER('SOC platform')
),
b AS (
    SELECT COUNT(DISTINCT deal_id) b_cnt
    FROM hive.bi_silver.crm_deal_interested_products
    WHERE LOWER(interested_product_category) = LOWER('MSS')
),
ab AS (
    SELECT COUNT(DISTINCT a.deal_id) ab_cnt
    FROM hive.bi_silver.crm_deal_interested_products a
    JOIN hive.bi_silver.crm_deal_interested_products b
      ON a.deal_id = b.deal_id
    WHERE LOWER(a.interested_product_category) = LOWER('SOC platform')
      AND LOWER(b.interested_product_category) = LOWER('MSS')
),
total AS (
    SELECT COUNT(DISTINCT deal_id) n
    FROM hive.bi_silver.crm_deal_interested_products
)
SELECT
    (CAST(ab_cnt AS DOUBLE) / NULLIF(n, 0))
    / NULLIF(
        (CAST(a_cnt AS DOUBLE) / NULLIF(n, 0))
        * (CAST(b_cnt AS DOUBLE) / NULLIF(n, 0)),
        0
    ) AS lift
FROM a, b, ab, total"
772,67,Xác định deal có intent score cao nhất,,,crm,"[""crm_deal_interested_products""]",Xác định deal có intent score cao nhất,,"WITH c AS (
    SELECT
        deal_id,
        COUNT(DISTINCT interested_product_category) cnt
    FROM hive.bi_silver.crm_deal_interested_products
    GROUP BY deal_id
)
SELECT
    deal_id,
    cnt intent_score
FROM c
ORDER BY intent_score DESC
LIMIT 20"
773,68,Tính demand surge theo danh mục sản phẩm theo tháng,,,crm,"[""crm_deal_interested_products""]",Tính demand surge theo danh mục sản phẩm theo tháng,,"WITH m AS (
    SELECT interested_product_category,
           DATE_TRUNC('month', created_at) mth,
           COUNT(*) cnt
    FROM hive.bi_silver.crm_deal_interested_products
    GROUP BY interested_product_category, DATE_TRUNC('month', created_at)
),
g AS (
    SELECT interested_product_category,
           mth,
           cnt,
           LAG(cnt) OVER (PARTITION BY interested_product_category ORDER BY mth) prev
    FROM m
)
SELECT interested_product_category,
       mth,
       (CAST(cnt AS DOUBLE) - CAST(prev AS DOUBLE)) * 1.0 / NULLIF(CAST(prev AS DOUBLE), 0) AS surge_ratio
FROM g
WHERE prev IS NOT NULL
ORDER BY surge_ratio DESC
LIMIT 20"
774,69,Phát hiện danh mục sản phẩm mới nổi có tốc độ tăng trưởng cao nhất,,,crm,"[""crm_deal_interested_products""]",Phát hiện danh mục sản phẩm mới nổi có tốc độ tăng trưởng cao nhất,,"WITH y AS (
    SELECT interested_product_category,
           YEAR(created_at) yr,
           COUNT(*) cnt
    FROM hive.bi_silver.crm_deal_interested_products
    GROUP BY interested_product_category, YEAR(created_at)
),
g AS (
    SELECT interested_product_category,
           yr,
           cnt,
           LAG(cnt) OVER (PARTITION BY interested_product_category ORDER BY yr) prev
    FROM y
)
SELECT interested_product_category,
       yr,
       CAST(cnt - prev AS DOUBLE) / NULLIF(prev, 0) AS growth_rate
FROM g
WHERE prev IS NOT NULL
ORDER BY growth_rate DESC
LIMIT 20"
775,70,Tìm sản phẩm được quan tâm sớm nhất trong hệ thống,,,crm,"[""crm_deal_interested_products""]",Tìm sản phẩm được quan tâm sớm nhất trong hệ thống,,"SELECT interested_product_category, MIN(created_at) first_seen 
FROM hive.bi_silver.crm_deal_interested_products 
GROUP BY interested_product_category 
ORDER BY first_seen"
776,71,Xác định sản phẩm có network centrality cao nhất,,,crm,"[""crm_deal_interested_products""]",Xác định sản phẩm có network centrality cao nhất,,"WITH edges AS (
    SELECT a.interested_product_category p1,
           b.interested_product_category p2
    FROM hive.bi_silver.crm_deal_interested_products a
    JOIN hive.bi_silver.crm_deal_interested_products b
      ON a.deal_id = b.deal_id
     AND a.interested_product_category < b.interested_product_category
),
deg AS (
    SELECT p1 product,
           COUNT(*) d
    FROM edges
    GROUP BY p1
    UNION ALL
    SELECT p2,
           COUNT(*)
    FROM edges
    GROUP BY p2
)
SELECT product,
       SUM(d) centrality
FROM deg
GROUP BY product
ORDER BY centrality DESC
LIMIT 20"
777,72,Xác định sản phẩm có mức độ lan truyền interest cao nhất,,,crm,"[""crm_deal_interested_products""]",Xác định sản phẩm có mức độ lan truyền interest cao nhất,,"WITH edges AS (
    SELECT
        a.interested_product_category p1,
        b.interested_product_category p2
    FROM hive.bi_silver.crm_deal_interested_products a
    JOIN hive.bi_silver.crm_deal_interested_products b
        ON a.deal_id = b.deal_id
        AND a.interested_product_category < b.interested_product_category
)
SELECT
    p1,
    COUNT(*) connections
FROM edges
GROUP BY p1
ORDER BY connections DESC
LIMIT 20"
778,73,Tính entropy của phân bố interest theo sản phẩm,,,crm,"[""crm_deal_interested_products""]",Tính entropy của phân bố interest theo sản phẩm,,"WITH c AS (
    SELECT interested_product_category,
           COUNT(*) cnt
    FROM hive.bi_silver.crm_deal_interested_products
    GROUP BY interested_product_category
), t AS (
    SELECT SUM(cnt) total_cnt
    FROM c
)
SELECT -SUM(
    (CAST(cnt AS DOUBLE) / NULLIF(total_cnt, 0)) *
    LN(CAST(cnt AS DOUBLE) / NULLIF(total_cnt, 0))
) entropy
FROM c, t"
779,74,Xác định danh mục sản phẩm có nhu cầu ổn định nhất,,,crm,"[""crm_deal_interested_products""]",Xác định danh mục sản phẩm có nhu cầu ổn định nhất,,"WITH m AS (
    SELECT
        interested_product_category,
        DATE_TRUNC('month', created_at) mth,
        COUNT(*) cnt
    FROM hive.bi_silver.crm_deal_interested_products
    GROUP BY interested_product_category, DATE_TRUNC('month', created_at)
)
SELECT
    interested_product_category,
    STDDEV(cnt) volatility
FROM m
GROUP BY interested_product_category
ORDER BY volatility ASC
LIMIT 10"
780,75,Xác định danh mục sản phẩm có volatility cao nhất,,,crm,"[""crm_deal_interested_products""]",Xác định danh mục sản phẩm có volatility cao nhất,,"WITH m AS (
    SELECT interested_product_category,
           DATE_TRUNC('month', created_at) AS mth,
           COUNT(*) AS cnt
    FROM hive.bi_silver.crm_deal_interested_products
    GROUP BY interested_product_category, DATE_TRUNC('month', created_at)
)
SELECT interested_product_category,
       STDDEV(cnt) AS volatility
FROM m
GROUP BY interested_product_category
ORDER BY volatility DESC
LIMIT 10"
781,140,Phát hiện sản phẩm có spike bất thường bằng z-score,,,crm,"[""crm_deal_interested_products""]",Phát hiện sản phẩm có spike bất thường bằng z-score,,"WITH m AS (
    SELECT interested_product_category,
           DATE_TRUNC('month', created_at) mth,
           COUNT(*) cnt
    FROM hive.bi_silver.crm_deal_interested_products
    GROUP BY interested_product_category, DATE_TRUNC('month', created_at)
), s AS (
    SELECT AVG(cnt) avg_cnt,
           STDDEV(cnt) sd
    FROM m
)
SELECT interested_product_category,
       mth,
       (CAST(cnt AS DOUBLE) - avg_cnt) / NULLIF(sd, 0) z_score
FROM m, s
ORDER BY ABS(z_score) DESC
LIMIT 20"
782,1,Tổng giá trị báo giá cuối cùng theo trạng thái báo giá,,,crm,"[""crm_deal_quotation_products""]",Tổng giá trị báo giá cuối cùng theo trạng thái báo giá,,"SELECT quotation_status, SUM(final_total_amount) AS total_final_amount 
FROM hive.bi_silver.crm_deal_quotation_products 
GROUP BY quotation_status"
783,2,Số lượng báo giá theo ngôn ngữ báo giá,,,crm,"[""crm_deal_quotation_products""]",Số lượng báo giá theo ngôn ngữ báo giá,,"SELECT quotation_lang, COUNT(DISTINCT quotation_id) AS total_quotations FROM hive.bi_silver.crm_deal_quotation_products GROUP BY quotation_lang"
784,4,Xu hướng tổng giá trị báo giá theo tháng,,,crm,"[""crm_deal_quotation_products""]",Xu hướng tổng giá trị báo giá theo tháng,,"SELECT DATE_TRUNC('month', quotation_created_at) AS month,
       SUM(final_total_amount) AS total_amount
FROM hive.bi_silver.crm_deal_quotation_products
GROUP BY DATE_TRUNC('month', quotation_created_at)
ORDER BY month"
785,5,Top 10 sản phẩm có giá trị báo giá cuối cùng cao nhất,,,crm,"[""crm_deal_quotation_products""]",Top 10 sản phẩm có giá trị báo giá cuối cùng cao nhất,,"SELECT product_name, SUM(final_total_amount) AS total_amount
FROM hive.bi_silver.crm_deal_quotation_products
GROUP BY product_name
ORDER BY total_amount DESC
LIMIT 10"
786,6,Số lượng sản phẩm trung bình trong mỗi báo giá,,,crm,"[""crm_deal_quotation_products""]",Số lượng sản phẩm trung bình trong mỗi báo giá,,"SELECT AVG(product_count) AS avg_products_per_quote 
FROM (
    SELECT quotation_id, COUNT(*) AS product_count 
    FROM hive.bi_silver.crm_deal_quotation_products 
    GROUP BY quotation_id
) t"
787,8,Sản phẩm có số lượng bán ra nhiều nhất trong báo giá,,,crm,"[""crm_deal_quotation_products""]",Sản phẩm có số lượng bán ra nhiều nhất trong báo giá,,"SELECT product_name, SUM(quantitative) AS total_quantity
FROM hive.bi_silver.crm_deal_quotation_products
GROUP BY product_name
ORDER BY total_quantity DESC
LIMIT 10"
788,9,Phân bố số lượng sản phẩm theo đơn vị tính,,,crm,"[""crm_deal_quotation_products""]",Phân bố số lượng sản phẩm theo đơn vị tính,,"SELECT unit, SUM(quantitative) AS total_quantity 
FROM hive.bi_silver.crm_deal_quotation_products 
GROUP BY unit 
ORDER BY total_quantity DESC"
789,10,Báo giá có giá trị cuối cùng cao nhất,,,crm,"[""crm_deal_quotation_products""]",Báo giá có giá trị cuối cùng cao nhất,,"SELECT quotation_id, SUM(final_total_amount) AS total_final_amount
FROM hive.bi_silver.crm_deal_quotation_products
GROUP BY quotation_id
ORDER BY total_final_amount DESC
LIMIT 1"
790,11,So sánh giá trị báo giá trung bình giữa các loại chiết khấu,,,crm,"[""crm_deal_quotation_products""]",So sánh giá trị báo giá trung bình giữa các loại chiết khấu,,"SELECT discount_type, AVG(final_total_amount) AS avg_final_amount 
FROM hive.bi_silver.crm_deal_quotation_products 
GROUP BY discount_type"
791,12,Theo dõi tổng chiết khấu áp dụng theo tháng,,,crm,"[""crm_deal_quotation_products""]",Theo dõi tổng chiết khấu áp dụng theo tháng,,"SELECT DATE_TRUNC('month', quotation_created_at) AS month, SUM(discount) AS total_discount FROM hive.bi_silver.crm_deal_quotation_products GROUP BY DATE_TRUNC('month', quotation_created_at) ORDER BY month"
792,13,Tỷ lệ chiết khấu trung bình so với giá cơ bản,,,crm,"[""crm_deal_quotation_products""]",Tỷ lệ chiết khấu trung bình so với giá cơ bản,,"SELECT AVG(discount / NULLIF(base_price,0)) AS avg_discount_ratio FROM hive.bi_silver.crm_deal_quotation_products"
793,14,Sản phẩm có mức chiết khấu trung bình cao nhất,,,crm,"[""crm_deal_quotation_products""]",Sản phẩm có mức chiết khấu trung bình cao nhất,,"SELECT product_name, AVG(discount) AS avg_discount
FROM hive.bi_silver.crm_deal_quotation_products
GROUP BY product_name
ORDER BY avg_discount DESC
LIMIT 10"
794,15,Phân bố số lượng sản phẩm trong báo giá theo khoảng số lượng,,,crm,"[""crm_deal_quotation_products""]",Phân bố số lượng sản phẩm trong báo giá theo khoảng số lượng,,"SELECT CASE WHEN quantitative < 5 THEN 'Low' WHEN quantitative BETWEEN 5 AND 20 THEN 'Medium' ELSE 'High' END AS quantity_bucket, COUNT(*) AS total_lines FROM hive.bi_silver.crm_deal_quotation_products GROUP BY 1"
795,16,Số lượng báo giá theo loại tiền tệ,,,crm,"[""crm_deal_quotation_products""]",Số lượng báo giá theo loại tiền tệ,,"SELECT currency_code, COUNT(DISTINCT quotation_id) AS total_quotes 
FROM hive.bi_silver.crm_deal_quotation_products 
GROUP BY currency_code"
796,17,Theo dõi giá trị báo giá trung bình theo năm,,,crm,"[""crm_deal_quotation_products""]",Theo dõi giá trị báo giá trung bình theo năm,,"SELECT YEAR(quotation_created_at) AS year, AVG(final_total_amount) AS avg_quote_value 
FROM hive.bi_silver.crm_deal_quotation_products 
GROUP BY YEAR(quotation_created_at) 
ORDER BY year"
797,18,Phát hiện sản phẩm có giá trị báo giá bất thường bằng z-score,,,crm,"[""crm_deal_quotation_products""]",Phát hiện sản phẩm có giá trị báo giá bất thường bằng z-score,,"WITH stats AS (
    SELECT
        AVG(final_total_amount) AS avg_val,
        STDDEV(final_total_amount) AS sd_val
    FROM hive.bi_silver.crm_deal_quotation_products
)
SELECT
    product_name,
    final_total_amount,
    (final_total_amount - avg_val) / NULLIF(sd_val, 0) AS z_score
FROM hive.bi_silver.crm_deal_quotation_products, stats
ORDER BY ABS(z_score) DESC
LIMIT 20"
798,19,Số lượng báo giá theo mức VAT,,,crm,"[""crm_deal_quotation_products""]",Số lượng báo giá theo mức VAT,,"SELECT vat, COUNT(DISTINCT quotation_id) AS total_quotes 
FROM hive.bi_silver.crm_deal_quotation_products 
GROUP BY vat 
ORDER BY total_quotes DESC"
799,20,Giá trị báo giá trung bình theo thời hạn sử dụng sản phẩm,,,crm,"[""crm_deal_quotation_products""]",Giá trị báo giá trung bình theo thời hạn sử dụng sản phẩm,,"SELECT duration, AVG(final_total_amount) AS avg_quote_value 
FROM hive.bi_silver.crm_deal_quotation_products 
GROUP BY duration 
ORDER BY duration"
800,22,Hiệu quả chiết khấu trung bình theo sản phẩm,,,crm,"[""crm_deal_quotation_products""]",Hiệu quả chiết khấu trung bình theo sản phẩm,,"SELECT product_name, AVG((base_total_amount - final_total_amount) / NULLIF(base_total_amount, 0)) discount_effectiveness
FROM hive.bi_silver.crm_deal_quotation_products
GROUP BY product_name
ORDER BY discount_effectiveness DESC"
801,23,Tỷ lệ giảm giá trung bình theo gói sản phẩm,,,crm,"[""crm_deal_quotation_products""]",Tỷ lệ giảm giá trung bình theo gói sản phẩm,,"SELECT package, AVG(discount/NULLIF(base_price,0)) avg_discount_ratio 
FROM hive.bi_silver.crm_deal_quotation_products 
GROUP BY package 
ORDER BY avg_discount_ratio DESC"
802,24,Giá bán thực tế trung bình mỗi đơn vị theo sản phẩm,,,crm,"[""crm_deal_quotation_products""]",Giá bán thực tế trung bình mỗi đơn vị theo sản phẩm,,"SELECT product_name, AVG(final_total_amount/NULLIF(quantitative,0)) avg_unit_price 
FROM hive.bi_silver.crm_deal_quotation_products 
GROUP BY product_name 
ORDER BY avg_unit_price DESC"
803,25,So sánh giá cơ bản và giá sau chiết khấu theo sản phẩm,,,crm,"[""crm_deal_quotation_products""]",So sánh giá cơ bản và giá sau chiết khấu theo sản phẩm,,"SELECT product_name, AVG(base_price) avg_base_price, AVG(final_total_amount/NULLIF(quantitative,0)) avg_final_unit_price FROM hive.bi_silver.crm_deal_quotation_products GROUP BY product_name"
804,26,Tổng giá trị chiết khấu theo tháng,,,crm,"[""crm_deal_quotation_products""]",Tổng giá trị chiết khấu theo tháng,,"SELECT DATE_TRUNC('month', quotation_created_at) month, SUM(discount) total_discount FROM hive.bi_silver.crm_deal_quotation_products GROUP BY DATE_TRUNC('month', quotation_created_at) ORDER BY month"
805,29,Top 10 deal có giá trị báo giá lớn nhất,,,crm,"[""crm_deal_quotation_products""]",Top 10 deal có giá trị báo giá lớn nhất,,"SELECT deal_id, SUM(final_total_amount) total_quote_value
FROM hive.bi_silver.crm_deal_quotation_products
GROUP BY deal_id
ORDER BY total_quote_value DESC
LIMIT 10"
806,32,Giá trị báo giá trung bình theo thời hạn hợp đồng,,,crm,"[""crm_deal_quotation_products""]",Giá trị báo giá trung bình theo thời hạn hợp đồng,,"SELECT duration, AVG(final_total_amount) avg_quote_value 
FROM hive.bi_silver.crm_deal_quotation_products 
GROUP BY duration 
ORDER BY duration"
807,36,Phân bố giá trị báo giá theo khoảng giá,,,crm,"[""crm_deal_quotation_products""]",Phân bố giá trị báo giá theo khoảng giá,,"SELECT CASE WHEN final_total_amount < 1000 THEN 'Low' WHEN final_total_amount < 10000 THEN 'Medium' ELSE 'High' END price_bucket,
       COUNT(*) total_lines
FROM hive.bi_silver.crm_deal_quotation_products
GROUP BY 1"
808,37,Giá trị báo giá trung vị theo sản phẩm,,,crm,"[""crm_deal_quotation_products""]",Giá trị báo giá trung vị theo sản phẩm,,"SELECT product_name, APPROX_PERCENTILE(final_total_amount, 0.5) median_quote
FROM hive.bi_silver.crm_deal_quotation_products
GROUP BY product_name"
809,38,Biến động giá bán theo sản phẩm,,,crm,"[""crm_deal_quotation_products""]",Biến động giá bán theo sản phẩm,,"SELECT product_name, STDDEV(final_total_amount) price_volatility 
FROM hive.bi_silver.crm_deal_quotation_products 
GROUP BY product_name 
ORDER BY price_volatility DESC 
LIMIT 10"
810,39,Phát hiện báo giá bất thường bằng z-score,,,crm,"[""crm_deal_quotation_products""]",Phát hiện báo giá bất thường bằng z-score,,"WITH s AS (
    SELECT AVG(final_total_amount) avg_val,
           STDDEV(final_total_amount) sd
    FROM hive.bi_silver.crm_deal_quotation_products
)
SELECT quotation_id,
       final_total_amount,
       (final_total_amount - avg_val) / NULLIF(sd, 0) AS z_score
FROM hive.bi_silver.crm_deal_quotation_products, s
ORDER BY ABS(z_score) DESC
LIMIT 20"
811,40,Sản phẩm có mức giảm giá cao bất thường,,,crm,"[""crm_deal_quotation_products""]",Sản phẩm có mức giảm giá cao bất thường,,"WITH s AS (
    SELECT AVG(discount) avg_val,
           STDDEV(discount) sd
    FROM hive.bi_silver.crm_deal_quotation_products
)
SELECT product_name,
       discount,
       (discount - avg_val) / NULLIF(sd, 0) z_score
FROM hive.bi_silver.crm_deal_quotation_products,
     s
ORDER BY ABS(z_score) DESC
LIMIT 20"
812,42,Tỷ lệ báo giá có chiết khấu theo tháng,,,crm,"[""crm_deal_quotation_products""]",Tỷ lệ báo giá có chiết khấu theo tháng,,"SELECT DATE_TRUNC('month', quotation_created_at) mth,
       CAST(COUNT(CASE WHEN discount > 0 THEN 1 END) AS DOUBLE) * 1.0 / NULLIF(COUNT(*), 0) discount_ratio
FROM hive.bi_silver.crm_deal_quotation_products
GROUP BY DATE_TRUNC('month', quotation_created_at)
ORDER BY mth"
813,43,Giá bán trung bình theo VAT,,,crm,"[""crm_deal_quotation_products""]",Giá bán trung bình theo VAT,,"SELECT vat, AVG(final_total_amount) avg_quote_value 
FROM hive.bi_silver.crm_deal_quotation_products 
GROUP BY vat 
ORDER BY vat"
814,44,Sản phẩm có tỷ lệ chiết khấu trung bình cao nhất,,,crm,"[""crm_deal_quotation_products""]",Sản phẩm có tỷ lệ chiết khấu trung bình cao nhất,,"SELECT product_name, AVG(discount/NULLIF(base_price,0)) avg_discount_ratio 
FROM hive.bi_silver.crm_deal_quotation_products 
GROUP BY product_name 
ORDER BY avg_discount_ratio DESC 
LIMIT 10"
815,45,Sản phẩm có giá bán thực tế cao nhất,,,crm,"[""crm_deal_quotation_products""]",Sản phẩm có giá bán thực tế cao nhất,,"SELECT product_name, AVG(final_total_amount/NULLIF(quantitative,0)) avg_price FROM hive.bi_silver.crm_deal_quotation_products GROUP BY product_name ORDER BY avg_price DESC LIMIT 10"
816,46,Giá trị báo giá trung bình theo package,,,crm,"[""crm_deal_quotation_products""]",Giá trị báo giá trung bình theo package,,"SELECT package, AVG(final_total_amount) avg_quote_value 
FROM hive.bi_silver.crm_deal_quotation_products 
GROUP BY package 
ORDER BY avg_quote_value DESC"
817,48,Giá trị báo giá tối đa và tối thiểu theo sản phẩm,,,crm,"[""crm_deal_quotation_products""]",Giá trị báo giá tối đa và tối thiểu theo sản phẩm,,"SELECT product_name, MIN(final_total_amount) min_quote, MAX(final_total_amount) max_quote 
FROM hive.bi_silver.crm_deal_quotation_products 
GROUP BY product_name"
818,49,Xu hướng số lượng sản phẩm được báo giá theo tháng,,,crm,"[""crm_deal_quotation_products""]",Xu hướng số lượng sản phẩm được báo giá theo tháng,,"SELECT DATE_TRUNC('month', quotation_created_at) mth, SUM(quantitative) total_quantity 
FROM hive.bi_silver.crm_deal_quotation_products 
GROUP BY DATE_TRUNC('month', quotation_created_at) 
ORDER BY mth"
819,50,Giá trị báo giá trung bình theo deal,,,crm,"[""crm_deal_quotation_products""]",Giá trị báo giá trung bình theo deal,,"SELECT deal_id, AVG(final_total_amount) avg_quote_value 
FROM hive.bi_silver.crm_deal_quotation_products 
GROUP BY deal_id 
ORDER BY avg_quote_value DESC 
LIMIT 20"
820,80,Deal có chiến lược pricing aggressive nhất (giảm giá cao nhất),,,crm,"[""crm_deal_quotation_products""]",Deal có chiến lược pricing aggressive nhất (giảm giá cao nhất),,"SELECT deal_id, AVG(discount/NULLIF(base_price,0)) avg_discount_ratio 
FROM hive.bi_silver.crm_deal_quotation_products 
GROUP BY deal_id 
ORDER BY avg_discount_ratio DESC 
LIMIT 20"
821,1,Tổng số báo giá được tạo trong hệ thống CRM,,,crm,"[""crm_deal_quotations""]",Tổng số báo giá được tạo trong hệ thống CRM,,"SELECT COUNT(*) AS total_quotations
FROM hive.bi_silver.crm_deal_quotations"
822,2,Số lượng báo giá theo trạng thái,,,crm,"[""crm_deal_quotations""]",Số lượng báo giá theo trạng thái,,"SELECT status, COUNT(*) AS total_quotations
FROM hive.bi_silver.crm_deal_quotations
GROUP BY status"
823,3,Số lượng báo giá theo mã tiền tệ,,,crm,"[""crm_deal_quotations""]",Số lượng báo giá theo mã tiền tệ,,"SELECT currency_code, COUNT(*) AS total_quotations 
FROM hive.bi_silver.crm_deal_quotations 
GROUP BY currency_code"
824,4,Số lượng báo giá theo ngôn ngữ báo giá,,,crm,"[""crm_deal_quotations""]",Số lượng báo giá theo ngôn ngữ báo giá,,"SELECT tlang, COUNT(*) AS total_quotations
FROM hive.bi_silver.crm_deal_quotations
GROUP BY tlang"
825,5,Xu hướng số lượng báo giá theo tháng,,,crm,"[""crm_deal_quotations""]",Xu hướng số lượng báo giá theo tháng,,"SELECT DATE_TRUNC('month', created_at) AS month, COUNT(*) AS total_quotations FROM hive.bi_silver.crm_deal_quotations GROUP BY DATE_TRUNC('month', created_at) ORDER BY month"
826,6,Số lượng báo giá theo loại chiết khấu toàn cục,,,crm,"[""crm_deal_quotations""]",Số lượng báo giá theo loại chiết khấu toàn cục,,"SELECT global_discount_type, COUNT(*) AS total_quotations
FROM hive.bi_silver.crm_deal_quotations
GROUP BY global_discount_type"
827,7,Giá trị chiết khấu toàn cục trung bình của các báo giá,,,crm,"[""crm_deal_quotations""]",Giá trị chiết khấu toàn cục trung bình của các báo giá,,"SELECT AVG(global_discount) AS avg_global_discount
FROM hive.bi_silver.crm_deal_quotations"
828,8,Top 10 giao dịch có số lượng báo giá nhiều nhất,,,crm,"[""crm_deal_quotations""]",Top 10 giao dịch có số lượng báo giá nhiều nhất,,"SELECT deal_id, COUNT(*) AS total_quotations
FROM hive.bi_silver.crm_deal_quotations
GROUP BY deal_id
ORDER BY total_quotations DESC
LIMIT 10"
829,9,Tỷ trọng báo giá theo trạng thái,,,crm,"[""crm_deal_quotations""]",Tỷ trọng báo giá theo trạng thái,,"WITH total AS (
    SELECT COUNT(*) AS total
    FROM hive.bi_silver.crm_deal_quotations
)
SELECT
    q.status,
    COUNT(*) AS quotation_count,
    CAST(COUNT(*) AS DOUBLE) / NULLIF(total.total, 0) AS quotation_share
FROM hive.bi_silver.crm_deal_quotations q
CROSS JOIN total
GROUP BY q.status, total.total"
830,10,Phân bố giá trị chiết khấu toàn cục theo loại chiết khấu,,,crm,"[""crm_deal_quotations""]",Phân bố giá trị chiết khấu toàn cục theo loại chiết khấu,,"SELECT global_discount_type, AVG(global_discount) AS avg_discount, MIN(global_discount) AS min_discount, MAX(global_discount) AS max_discount
FROM hive.bi_silver.crm_deal_quotations
GROUP BY global_discount_type"
831,11,Số lượng giao dịch có ít nhất một báo giá,,,crm,"[""crm_deal_quotations""]",Số lượng giao dịch có ít nhất một báo giá,,"SELECT COUNT(DISTINCT deal_id) AS deals_with_quotations
FROM hive.bi_silver.crm_deal_quotations"
832,12,Số lượng báo giá trung bình trên mỗi giao dịch,,,crm,"[""crm_deal_quotations""]",Số lượng báo giá trung bình trên mỗi giao dịch,,"WITH deal_stats AS (
    SELECT
        deal_id,
        COUNT(*) AS quotation_count
    FROM hive.bi_silver.crm_deal_quotations
    GROUP BY deal_id
)
SELECT
    AVG(quotation_count) AS avg_quotations_per_deal
FROM deal_stats"
833,13,Top 10 báo giá có mức chiết khấu toàn cục cao nhất,,,crm,"[""crm_deal_quotations""]",Top 10 báo giá có mức chiết khấu toàn cục cao nhất,,"SELECT quotation_id, deal_id, global_discount
FROM hive.bi_silver.crm_deal_quotations
ORDER BY global_discount DESC
LIMIT 10"
834,14,Số lượng báo giá theo năm,,,crm,"[""crm_deal_quotations""]",Số lượng báo giá theo năm,,"SELECT YEAR(created_at) AS year, COUNT(*) AS total_quotations FROM hive.bi_silver.crm_deal_quotations GROUP BY YEAR(created_at) ORDER BY year"
835,15,So sánh số lượng báo giá giữa các loại tiền tệ,,,crm,"[""crm_deal_quotations""]",So sánh số lượng báo giá giữa các loại tiền tệ,,"SELECT currency_code, COUNT(*) AS quotation_count 
FROM hive.bi_silver.crm_deal_quotations 
GROUP BY currency_code 
ORDER BY quotation_count DESC"
836,16,Tỷ lệ báo giá có áp dụng chiết khấu toàn cục,,,crm,"[""crm_deal_quotations""]",Tỷ lệ báo giá có áp dụng chiết khấu toàn cục,,"WITH total AS (
    SELECT COUNT(*) AS total
    FROM hive.bi_silver.crm_deal_quotations
)
SELECT
    COUNT_IF(global_discount > 0) AS discounted_quotations,
    CAST(COUNT_IF(global_discount > 0) AS DOUBLE) / NULLIF(MAX(total.total), 0) AS discount_rate
FROM hive.bi_silver.crm_deal_quotations
CROSS JOIN total"
837,17,Số lượng báo giá theo tháng và trạng thái,,,crm,"[""crm_deal_quotations""]",Số lượng báo giá theo tháng và trạng thái,,"SELECT DATE_TRUNC('month', created_at) AS month, status, COUNT(*) AS quotation_count 
FROM hive.bi_silver.crm_deal_quotations 
GROUP BY DATE_TRUNC('month', created_at), status 
ORDER BY month"
838,18,Giá trị chiết khấu toàn cục trung bình theo tiền tệ,,,crm,"[""crm_deal_quotations""]",Giá trị chiết khấu toàn cục trung bình theo tiền tệ,,"SELECT currency_code, AVG(global_discount) AS avg_discount 
FROM hive.bi_silver.crm_deal_quotations 
GROUP BY currency_code"
839,19,Phát hiện giao dịch có số lượng báo giá bất thường cao,,,crm,"[""crm_deal_quotations""]",Phát hiện giao dịch có số lượng báo giá bất thường cao,,"SELECT deal_id, COUNT(*) AS quotation_count 
FROM hive.bi_silver.crm_deal_quotations 
GROUP BY deal_id 
HAVING COUNT(*) > 10 
ORDER BY quotation_count DESC"
840,20,Số lượng báo giá được tạo trong 7 ngày gần nhất để theo dõi hoạt động bán hàng,,,crm,"[""crm_deal_quotations""]",Số lượng báo giá được tạo trong 7 ngày gần nhất để theo dõi hoạt động bán hàng,,"SELECT DATE(created_at) AS date, COUNT(*) AS quotation_count 
FROM hive.bi_silver.crm_deal_quotations 
WHERE created_at >= CURRENT_DATE - INTERVAL '7' DAY 
GROUP BY DATE(created_at) 
ORDER BY date"
841,21,Tỷ lệ giao dịch có nhiều hơn một báo giá (proxy cho vòng đàm phán phức tạp),,,crm,"[""crm_deal_quotations""]",Tỷ lệ giao dịch có nhiều hơn một báo giá (proxy cho vòng đàm phán phức tạp),,"WITH deal_stats AS (
    SELECT
        deal_id,
        COUNT(*) AS quotation_count
    FROM hive.bi_silver.crm_deal_quotations
    GROUP BY deal_id
)
SELECT
    COUNT_IF(quotation_count > 1) AS deals_multi_quotes,
    COUNT_IF(quotation_count > 1) * 1.0 / NULLIF(CAST(COUNT(*) AS DOUBLE), 0) AS rate_multi_quote_deals
FROM deal_stats"
842,22,Số lượng báo giá trung bình trên mỗi giao dịch theo tháng,,,crm,"[""crm_deal_quotations""]",Số lượng báo giá trung bình trên mỗi giao dịch theo tháng,,"WITH deal_quotes AS (
    SELECT
        DATE_TRUNC('month', created_at) AS month,
        deal_id,
        COUNT(*) AS quotation_count
    FROM hive.bi_silver.crm_deal_quotations
    GROUP BY DATE_TRUNC('month', created_at), deal_id
)
SELECT
    month,
    AVG(quotation_count) AS avg_quotes_per_deal
FROM deal_quotes
GROUP BY month
ORDER BY month"
843,23,Top 10 giao dịch có nhiều vòng báo giá nhất,,,crm,"[""crm_deal_quotations""]",Top 10 giao dịch có nhiều vòng báo giá nhất,,"SELECT deal_id, COUNT(*) AS quotation_rounds FROM hive.bi_silver.crm_deal_quotations GROUP BY deal_id ORDER BY quotation_rounds DESC LIMIT 10"
844,24,Phân bố số vòng báo giá trên mỗi giao dịch,,,crm,"[""crm_deal_quotations""]",Phân bố số vòng báo giá trên mỗi giao dịch,,"WITH deal_stats AS (
    SELECT
        deal_id,
        COUNT(*) AS quotation_count
    FROM hive.bi_silver.crm_deal_quotations
    GROUP BY deal_id
)
SELECT
    quotation_count,
    COUNT(*) AS deal_count
FROM deal_stats
GROUP BY quotation_count
ORDER BY quotation_count"
845,25,Tỷ lệ báo giá có chiết khấu theo tháng,,,crm,"[""crm_deal_quotations""]",Tỷ lệ báo giá có chiết khấu theo tháng,,"WITH m AS (
    SELECT
        DATE_TRUNC('month', created_at) AS month,
        COUNT(*) AS total_quotes,
        COUNT_IF(global_discount > 0) AS discounted_quotes
    FROM hive.bi_silver.crm_deal_quotations
    GROUP BY DATE_TRUNC('month', created_at)
)
SELECT
    month,
    discounted_quotes,
    CAST(discounted_quotes AS DOUBLE) / NULLIF(total_quotes, 0) AS discount_rate
FROM m
ORDER BY month"
846,26,Giá trị chiết khấu trung bình theo trạng thái báo giá,,,crm,"[""crm_deal_quotations""]",Giá trị chiết khấu trung bình theo trạng thái báo giá,,"SELECT status, AVG(global_discount) AS avg_discount
FROM hive.bi_silver.crm_deal_quotations
GROUP BY status"
847,27,Giá trị chiết khấu trung bình theo ngôn ngữ báo giá,,,crm,"[""crm_deal_quotations""]",Giá trị chiết khấu trung bình theo ngôn ngữ báo giá,,"SELECT tlang, AVG(global_discount) AS avg_discount
FROM hive.bi_silver.crm_deal_quotations
GROUP BY tlang"
848,28,So sánh mức chiết khấu trung bình giữa các loại tiền tệ,,,crm,"[""crm_deal_quotations""]",So sánh mức chiết khấu trung bình giữa các loại tiền tệ,,"SELECT currency_code, AVG(global_discount) AS avg_discount 
FROM hive.bi_silver.crm_deal_quotations 
GROUP BY currency_code 
ORDER BY avg_discount DESC"
849,29,Phân bố mức chiết khấu theo bucket,,,crm,"[""crm_deal_quotations""]",Phân bố mức chiết khấu theo bucket,,"SELECT CASE WHEN global_discount = 0 THEN '0' WHEN global_discount <= 5 THEN '0-5' WHEN global_discount <= 10 THEN '5-10' WHEN global_discount <= 20 THEN '10-20' ELSE '20+' END AS discount_bucket, COUNT(*) AS quotation_count FROM hive.bi_silver.crm_deal_quotations GROUP BY 1 ORDER BY 1"
850,30,Giá trị chiết khấu trung bình theo loại chiết khấu,,,crm,"[""crm_deal_quotations""]",Giá trị chiết khấu trung bình theo loại chiết khấu,,"SELECT global_discount_type, AVG(global_discount) AS avg_discount 
FROM hive.bi_silver.crm_deal_quotations 
GROUP BY global_discount_type"
851,31,Tỷ trọng báo giá theo tiền tệ,,,crm,"[""crm_deal_quotations""]",Tỷ trọng báo giá theo tiền tệ,,"WITH total AS (
    SELECT COUNT(*) AS total_quotes
    FROM hive.bi_silver.crm_deal_quotations
)
SELECT
    currency_code,
    COUNT(*) AS quote_count,
    CAST(COUNT(*) AS DOUBLE) / NULLIF(total.total_quotes, 0) AS quote_share
FROM hive.bi_silver.crm_deal_quotations
CROSS JOIN total
GROUP BY
    currency_code,
    total.total_quotes"
852,32,Tỷ trọng báo giá theo ngôn ngữ,,,crm,"[""crm_deal_quotations""]",Tỷ trọng báo giá theo ngôn ngữ,,"WITH total AS (
    SELECT COUNT(*) AS total_quotes
    FROM hive.bi_silver.crm_deal_quotations
)
SELECT
    tlang,
    COUNT(*) AS quote_count,
    CAST(COUNT(*) AS DOUBLE) / NULLIF(total.total_quotes, 0) AS quote_share
FROM hive.bi_silver.crm_deal_quotations
CROSS JOIN total
GROUP BY tlang, total.total_quotes"
853,33,Xu hướng mức chiết khấu trung bình theo tháng,,,crm,"[""crm_deal_quotations""]",Xu hướng mức chiết khấu trung bình theo tháng,,"SELECT DATE_TRUNC('month', created_at) AS month,
       AVG(global_discount) AS avg_discount
FROM hive.bi_silver.crm_deal_quotations
GROUP BY DATE_TRUNC('month', created_at)
ORDER BY month"
854,34,Xu hướng số lượng báo giá có chiết khấu theo tháng,,,crm,"[""crm_deal_quotations""]",Xu hướng số lượng báo giá có chiết khấu theo tháng,,"SELECT DATE_TRUNC('month', created_at) AS month,
       COUNT_IF(global_discount > 0) AS discounted_quotes
FROM hive.bi_silver.crm_deal_quotations
GROUP BY DATE_TRUNC('month', created_at)
ORDER BY month"
855,35,Top 10 báo giá có chiết khấu cao nhất theo phần trăm,,,crm,"[""crm_deal_quotations""]",Top 10 báo giá có chiết khấu cao nhất theo phần trăm,,"SELECT quotation_id, deal_id, global_discount
FROM hive.bi_silver.crm_deal_quotations
WHERE LOWER(global_discount_type) = LOWER('percent')
ORDER BY global_discount DESC
LIMIT 10"
856,36,Số lượng báo giá trung bình theo tiền tệ mỗi giao dịch,,,crm,"[""crm_deal_quotations""]",Số lượng báo giá trung bình theo tiền tệ mỗi giao dịch,,"WITH deal_stats AS (
    SELECT
        deal_id,
        currency_code,
        COUNT(*) AS quotation_count
    FROM hive.bi_silver.crm_deal_quotations
    GROUP BY deal_id, currency_code
)
SELECT
    currency_code,
    AVG(quotation_count) AS avg_quotes_per_deal
FROM deal_stats
GROUP BY currency_code"
857,37,Phát hiện giao dịch có số vòng báo giá vượt trung bình toàn hệ thống,,,crm,"[""crm_deal_quotations""]",Phát hiện giao dịch có số vòng báo giá vượt trung bình toàn hệ thống,,"WITH deal_stats AS (
    SELECT
        deal_id,
        COUNT(*) AS quotation_count
    FROM hive.bi_silver.crm_deal_quotations
    GROUP BY deal_id
),
stats AS (
    SELECT
        AVG(quotation_count) AS avg_quotes
    FROM deal_stats
)
SELECT
    deal_id,
    quotation_count
FROM deal_stats
CROSS JOIN stats
WHERE quotation_count > avg_quotes * 2
ORDER BY quotation_count DESC"
858,38,Số lượng báo giá theo tháng và tiền tệ,,,crm,"[""crm_deal_quotations""]",Số lượng báo giá theo tháng và tiền tệ,,"SELECT DATE_TRUNC('month', created_at) AS month,
       currency_code,
       COUNT(*) AS quote_count
FROM hive.bi_silver.crm_deal_quotations
GROUP BY DATE_TRUNC('month', created_at), currency_code
ORDER BY month"
859,39,Số lượng báo giá theo tháng và ngôn ngữ,,,crm,"[""crm_deal_quotations""]",Số lượng báo giá theo tháng và ngôn ngữ,,"SELECT DATE_TRUNC('month', created_at) AS month, tlang, COUNT(*) AS quote_count 
FROM hive.bi_silver.crm_deal_quotations 
GROUP BY DATE_TRUNC('month', created_at), tlang 
ORDER BY month"
860,40,Tỷ lệ báo giá không có chiết khấu theo tháng,,,crm,"[""crm_deal_quotations""]",Tỷ lệ báo giá không có chiết khấu theo tháng,,"WITH m AS (
    SELECT DATE_TRUNC('month', created_at) AS month,
           COUNT(*) AS total_quotes,
           COUNT_IF(global_discount = 0 OR global_discount IS NULL) AS no_discount
    FROM hive.bi_silver.crm_deal_quotations
    GROUP BY DATE_TRUNC('month', created_at)
)
SELECT month,
       CAST(no_discount AS DOUBLE) / NULLIF(total_quotes, 0) AS no_discount_rate
FROM m
ORDER BY month"
861,41,Chỉ số tập trung báo giá theo giao dịch (HHI),,,crm,"[""crm_deal_quotations""]",Chỉ số tập trung báo giá theo giao dịch (HHI),,"WITH deal_counts AS (
    SELECT deal_id, COUNT(*) AS quote_count
    FROM hive.bi_silver.crm_deal_quotations
    GROUP BY deal_id
), total AS (
    SELECT SUM(quote_count) AS total_quotes
    FROM deal_counts
)
SELECT SUM(POWER(CAST(quote_count AS DOUBLE) / NULLIF(total.total_quotes, 0), 2)) AS hhi
FROM deal_counts
CROSS JOIN total"
862,42,HHI tập trung báo giá theo tiền tệ,,,crm,"[""crm_deal_quotations""]",HHI tập trung báo giá theo tiền tệ,,"WITH c AS (
    SELECT
        currency_code,
        COUNT(*) AS quote_count
    FROM hive.bi_silver.crm_deal_quotations
    GROUP BY currency_code
), total AS (
    SELECT
        SUM(quote_count) AS total_quotes
    FROM c
)
SELECT
    SUM(POWER(CAST(quote_count AS DOUBLE) / NULLIF(total.total_quotes, 0), 2)) AS hhi_currency
FROM c
CROSS JOIN total"
863,43,HHI tập trung báo giá theo ngôn ngữ,,,crm,"[""crm_deal_quotations""]",HHI tập trung báo giá theo ngôn ngữ,,"WITH c AS (
    SELECT
        tlang,
        COUNT(*) AS quote_count
    FROM hive.bi_silver.crm_deal_quotations
    GROUP BY tlang
),
total AS (
    SELECT
        SUM(quote_count) AS total_quotes
    FROM c
)
SELECT
    SUM(POWER(CAST(quote_count AS DOUBLE) / NULLIF(total.total_quotes, 0), 2)) AS hhi_language
FROM c
CROSS JOIN total"
864,44,Phát hiện tháng có số lượng báo giá bất thường so với trung bình,,,crm,"[""crm_deal_quotations""]",Phát hiện tháng có số lượng báo giá bất thường so với trung bình,,"WITH m AS (
    SELECT DATE_TRUNC('month', created_at) AS month,
           COUNT(*) AS quote_count
    FROM hive.bi_silver.crm_deal_quotations
    GROUP BY DATE_TRUNC('month', created_at)
),
stats AS (
    SELECT AVG(quote_count) avg_q,
           STDDEV(quote_count) std_q
    FROM m
)
SELECT month,
       quote_count
FROM m
CROSS JOIN stats
WHERE quote_count > avg_q + 2 * std_q
ORDER BY month"
865,45,Phát hiện tháng có chiết khấu trung bình bất thường,,,crm,"[""crm_deal_quotations""]",Phát hiện tháng có chiết khấu trung bình bất thường,,"WITH m AS (
    SELECT DATE_TRUNC('month', created_at) AS month,
           AVG(global_discount) avg_discount
    FROM hive.bi_silver.crm_deal_quotations
    GROUP BY DATE_TRUNC('month', created_at)
),
stats AS (
    SELECT AVG(avg_discount) a,
           STDDEV(avg_discount) s
    FROM m
)
SELECT month,
       avg_discount
FROM m
CROSS JOIN stats
WHERE avg_discount > a + 2 * s
ORDER BY month"
866,46,Số lượng báo giá mới theo tuần,,,crm,"[""crm_deal_quotations""]",Số lượng báo giá mới theo tuần,,"SELECT DATE_TRUNC('week', created_at) AS week, COUNT(*) AS quote_count 
FROM hive.bi_silver.crm_deal_quotations 
GROUP BY DATE_TRUNC('week', created_at) 
ORDER BY week"
867,47,Xu hướng số lượng giao dịch có báo giá theo tháng,,,crm,"[""crm_deal_quotations""]",Xu hướng số lượng giao dịch có báo giá theo tháng,,"SELECT DATE_TRUNC('month', created_at) AS month, COUNT(DISTINCT deal_id) AS deals_with_quotes FROM hive.bi_silver.crm_deal_quotations GROUP BY DATE_TRUNC('month', created_at) ORDER BY month"
868,48,Tỷ lệ giao dịch có chiết khấu trong ít nhất một báo giá,,,crm,"[""crm_deal_quotations""]",Tỷ lệ giao dịch có chiết khấu trong ít nhất một báo giá,,"WITH deal_stats AS (
    SELECT
        deal_id,
        MAX(CASE WHEN global_discount > 0 THEN 1 ELSE 0 END) AS has_discount
    FROM hive.bi_silver.crm_deal_quotations
    GROUP BY deal_id
)
SELECT
    CAST(COUNT_IF(has_discount = 1) AS DOUBLE) / NULLIF(COUNT(*), 0) AS deal_discount_rate
FROM deal_stats"
869,49,Số lượng báo giá trung bình theo trạng thái mỗi tháng,,,crm,"[""crm_deal_quotations""]",Số lượng báo giá trung bình theo trạng thái mỗi tháng,,"SELECT DATE_TRUNC('month', created_at) AS month, status, COUNT(*) AS quote_count 
FROM hive.bi_silver.crm_deal_quotations 
GROUP BY DATE_TRUNC('month', created_at), status 
ORDER BY month"
870,50,Tỷ lệ báo giá theo loại chiết khấu,,,crm,"[""crm_deal_quotations""]",Tỷ lệ báo giá theo loại chiết khấu,,"WITH total AS (
    SELECT COUNT(*) total_quotes
    FROM hive.bi_silver.crm_deal_quotations
)
SELECT
    global_discount_type,
    CAST(COUNT(*) AS DOUBLE) / NULLIF(total.total_quotes, 0) AS share
FROM hive.bi_silver.crm_deal_quotations
CROSS JOIN total
GROUP BY global_discount_type, total.total_quotes"
871,51,Tỷ lệ báo giá có chiết khấu theo ngôn ngữ,,,crm,"[""crm_deal_quotations""]",Tỷ lệ báo giá có chiết khấu theo ngôn ngữ,,"SELECT tlang,
       CAST(COUNT_IF(global_discount > 0) AS DOUBLE) / NULLIF(CAST(COUNT(*) AS DOUBLE), 0) AS discount_rate
FROM hive.bi_silver.crm_deal_quotations
GROUP BY tlang"
872,52,Tỷ lệ báo giá có chiết khấu theo tiền tệ,,,crm,"[""crm_deal_quotations""]",Tỷ lệ báo giá có chiết khấu theo tiền tệ,,"SELECT currency_code, CAST(COUNT_IF(global_discount > 0) AS DOUBLE) / NULLIF(COUNT(*),0) AS discount_rate FROM hive.bi_silver.crm_deal_quotations GROUP BY currency_code"
873,53,Giá trị chiết khấu trung vị theo tiền tệ,,,crm,"[""crm_deal_quotations""]",Giá trị chiết khấu trung vị theo tiền tệ,,"SELECT currency_code, APPROX_PERCENTILE(global_discount,0.5) AS median_discount 
FROM hive.bi_silver.crm_deal_quotations 
GROUP BY currency_code"
874,54,Giá trị chiết khấu trung vị theo ngôn ngữ,,,crm,"[""crm_deal_quotations""]",Giá trị chiết khấu trung vị theo ngôn ngữ,,"SELECT tlang, APPROX_PERCENTILE(global_discount, 0.5) AS median_discount
FROM hive.bi_silver.crm_deal_quotations
GROUP BY tlang"
875,55,Top 10 giao dịch có chiết khấu trung bình cao nhất,,,crm,"[""crm_deal_quotations""]",Top 10 giao dịch có chiết khấu trung bình cao nhất,,"SELECT deal_id, AVG(global_discount) AS avg_discount
FROM hive.bi_silver.crm_deal_quotations
GROUP BY deal_id
ORDER BY avg_discount DESC
LIMIT 10"
876,56,Số lượng báo giá có chiết khấu lớn hơn 20%,,,crm,"[""crm_deal_quotations""]",Số lượng báo giá có chiết khấu lớn hơn 20%,,"SELECT COUNT(*) AS high_discount_quotes
FROM hive.bi_silver.crm_deal_quotations
WHERE global_discount > 20"
877,57,Tỷ lệ báo giá chiết khấu lớn hơn 20%,,,crm,"[""crm_deal_quotations""]",Tỷ lệ báo giá chiết khấu lớn hơn 20%,,"SELECT CAST(COUNT_IF(global_discount > 20) AS DOUBLE) / NULLIF(COUNT(*),0) AS high_discount_rate
FROM hive.bi_silver.crm_deal_quotations"
878,58,Số lượng báo giá có chiết khấu theo tuần,,,crm,"[""crm_deal_quotations""]",Số lượng báo giá có chiết khấu theo tuần,,"SELECT DATE_TRUNC('week', created_at) AS week, COUNT_IF(global_discount > 0) AS discounted_quotes FROM hive.bi_silver.crm_deal_quotations GROUP BY DATE_TRUNC('week', created_at) ORDER BY week"
879,59,Top 10 tháng có số lượng báo giá cao nhất,,,crm,"[""crm_deal_quotations""]",Top 10 tháng có số lượng báo giá cao nhất,,"SELECT DATE_TRUNC('month', created_at) AS month, COUNT(*) AS quote_count FROM hive.bi_silver.crm_deal_quotations GROUP BY DATE_TRUNC('month', created_at) ORDER BY quote_count DESC LIMIT 10"
880,60,Xu hướng số lượng báo giá 12 tháng gần nhất,,,crm,"[""crm_deal_quotations""]",Xu hướng số lượng báo giá 12 tháng gần nhất,,"SELECT DATE_TRUNC('month', created_at) AS month,
       COUNT(*) AS quote_count
FROM hive.bi_silver.crm_deal_quotations
WHERE created_at >= CURRENT_DATE - INTERVAL '12' MONTH
GROUP BY DATE_TRUNC('month', created_at)
ORDER BY month"
881,61,Độ lệch chuẩn chiết khấu theo tháng để đo biến động chiến lược giảm giá,,,crm,"[""crm_deal_quotations""]",Độ lệch chuẩn chiết khấu theo tháng để đo biến động chiến lược giảm giá,,"SELECT DATE_TRUNC('month', created_at) AS month, STDDEV(global_discount) AS discount_volatility FROM hive.bi_silver.crm_deal_quotations GROUP BY DATE_TRUNC('month', created_at) ORDER BY month"
882,62,Biến động chiết khấu theo tiền tệ,,,crm,"[""crm_deal_quotations""]",Biến động chiết khấu theo tiền tệ,,"SELECT currency_code, STDDEV(global_discount) AS discount_volatility 
FROM hive.bi_silver.crm_deal_quotations 
GROUP BY currency_code"
883,63,Biến động chiết khấu theo ngôn ngữ,,,crm,"[""crm_deal_quotations""]",Biến động chiết khấu theo ngôn ngữ,,"SELECT tlang, STDDEV(global_discount) AS discount_volatility
FROM hive.bi_silver.crm_deal_quotations
GROUP BY tlang"
884,64,Độ dài chu kỳ đàm phán trung bình của giao dịch (thời gian giữa báo giá đầu và cuối),,,crm,"[""crm_deal_quotations""]",Độ dài chu kỳ đàm phán trung bình của giao dịch (thời gian giữa báo giá đầu và cuối),,"WITH deal_cycle AS (
    SELECT
        deal_id,
        MIN(created_at) AS first_quote,
        MAX(created_at) AS last_quote
    FROM hive.bi_silver.crm_deal_quotations
    GROUP BY deal_id
)
SELECT
    AVG(DATE_DIFF('day', first_quote, last_quote)) AS avg_negotiation_days
FROM deal_cycle"
885,65,Top 10 giao dịch có chu kỳ đàm phán dài nhất,,,crm,"[""crm_deal_quotations""]",Top 10 giao dịch có chu kỳ đàm phán dài nhất,,"WITH deal_cycle AS (
    SELECT
        deal_id,
        MIN(created_at) AS first_quote,
        MAX(created_at) AS last_quote
    FROM hive.bi_silver.crm_deal_quotations
    GROUP BY deal_id
)
SELECT
    deal_id,
    DATE_DIFF('day', first_quote, last_quote) AS negotiation_days
FROM deal_cycle
ORDER BY negotiation_days DESC
LIMIT 10"
886,66,Số vòng báo giá trung bình trong mỗi chu kỳ đàm phán,,,crm,"[""crm_deal_quotations""]",Số vòng báo giá trung bình trong mỗi chu kỳ đàm phán,,"WITH deal_stats AS (
    SELECT
        deal_id,
        COUNT(*) AS quotes
    FROM hive.bi_silver.crm_deal_quotations
    GROUP BY deal_id
)
SELECT
    AVG(quotes) AS avg_negotiation_rounds
FROM deal_stats"
887,67,Chỉ số phức tạp đàm phán (deal negotiation complexity index) theo tháng,,,crm,"[""crm_deal_quotations""]",Chỉ số phức tạp đàm phán (deal negotiation complexity index) theo tháng,,"WITH deal_stats AS (
    SELECT
        deal_id,
        DATE_TRUNC('month', MIN(created_at)) AS month,
        COUNT(*) AS rounds
    FROM hive.bi_silver.crm_deal_quotations
    GROUP BY deal_id
)
SELECT
    month,
    AVG(rounds) AS negotiation_complexity_index
FROM deal_stats
GROUP BY month
ORDER BY month"
888,68,Phân khúc thị trường theo tiền tệ và ngôn ngữ báo giá,,,crm,"[""crm_deal_quotations""]",Phân khúc thị trường theo tiền tệ và ngôn ngữ báo giá,,"SELECT currency_code, tlang, COUNT(*) AS quotation_count 
FROM hive.bi_silver.crm_deal_quotations 
GROUP BY currency_code, tlang 
ORDER BY quotation_count DESC"
889,69,Tỷ trọng từng phân khúc thị trường (currency × language),,,crm,"[""crm_deal_quotations""]",Tỷ trọng từng phân khúc thị trường (currency × language),,"WITH total AS (
    SELECT COUNT(*) total_quotes
    FROM hive.bi_silver.crm_deal_quotations
)
SELECT
    currency_code,
    tlang,
    COUNT(*) AS quote_count,
    CAST(COUNT(*) AS DOUBLE) / NULLIF(total.total_quotes, 0) AS share
FROM hive.bi_silver.crm_deal_quotations
CROSS JOIN total
GROUP BY currency_code, tlang, total.total_quotes"
890,70,Mức chiết khấu trung bình theo phân khúc tiền tệ và ngôn ngữ,,,crm,"[""crm_deal_quotations""]",Mức chiết khấu trung bình theo phân khúc tiền tệ và ngôn ngữ,,"SELECT currency_code, tlang, AVG(global_discount) AS avg_discount
FROM hive.bi_silver.crm_deal_quotations
GROUP BY currency_code, tlang"
891,71,Xu hướng chiết khấu trung bình rolling 3 tháng,,,crm,"[""crm_deal_quotations""]",Xu hướng chiết khấu trung bình rolling 3 tháng,,"SELECT month, AVG(avg_discount) OVER (ORDER BY month ROWS BETWEEN 2 PRECEDING AND CURRENT ROW) AS rolling_discount
FROM (
    SELECT DATE_TRUNC('month', created_at) AS month,
           AVG(global_discount) avg_discount
    FROM hive.bi_silver.crm_deal_quotations
    GROUP BY DATE_TRUNC('month', created_at)
) t
ORDER BY month"
892,72,Xu hướng biến động chiết khấu rolling 3 tháng,,,crm,"[""crm_deal_quotations""]",Xu hướng biến động chiết khấu rolling 3 tháng,,"SELECT month, AVG(volatility) OVER (ORDER BY month ROWS BETWEEN 2 PRECEDING AND CURRENT ROW) AS rolling_volatility
FROM (
    SELECT DATE_TRUNC('month', created_at) AS month,
           STDDEV(global_discount) volatility
    FROM hive.bi_silver.crm_deal_quotations
    GROUP BY DATE_TRUNC('month', created_at)
) t
ORDER BY month"
893,73,Phát hiện tháng có thay đổi mạnh chiến lược chiết khấu,,,crm,"[""crm_deal_quotations""]",Phát hiện tháng có thay đổi mạnh chiến lược chiết khấu,,"WITH m AS (
    SELECT
        DATE_TRUNC('month', created_at) month,
        AVG(global_discount) avg_discount
    FROM hive.bi_silver.crm_deal_quotations
    GROUP BY DATE_TRUNC('month', created_at)
), s AS (
    SELECT
        AVG(avg_discount) a,
        STDDEV(avg_discount) sd
    FROM m
)
SELECT
    month,
    avg_discount
FROM m
CROSS JOIN s
WHERE avg_discount > a + 2 * sd
   OR avg_discount < a - 2 * sd
ORDER BY month"
894,74,Số lượng báo giá trung bình mỗi tuần để đo áp lực pipeline bán hàng,,,crm,"[""crm_deal_quotations""]",Số lượng báo giá trung bình mỗi tuần để đo áp lực pipeline bán hàng,,"SELECT DATE_TRUNC('week', created_at) AS week, COUNT(*) AS weekly_quotes FROM hive.bi_silver.crm_deal_quotations GROUP BY DATE_TRUNC('week', created_at) ORDER BY week"
895,75,Chỉ số áp lực pipeline bán hàng (rolling 4 tuần số lượng báo giá),,,crm,"[""crm_deal_quotations""]",Chỉ số áp lực pipeline bán hàng (rolling 4 tuần số lượng báo giá),,"SELECT week, AVG(weekly_quotes) OVER (ORDER BY week ROWS BETWEEN 3 PRECEDING AND CURRENT ROW) AS pipeline_pressure_index 
FROM (
    SELECT DATE_TRUNC('week', created_at) AS week, COUNT(*) AS weekly_quotes 
    FROM hive.bi_silver.crm_deal_quotations 
    GROUP BY DATE_TRUNC('week', created_at)
) t 
ORDER BY week"
896,76,Tỷ lệ giao dịch có hơn 3 vòng báo giá (đàm phán phức tạp),,,crm,"[""crm_deal_quotations""]",Tỷ lệ giao dịch có hơn 3 vòng báo giá (đàm phán phức tạp),,"WITH deal_stats AS (
    SELECT deal_id, COUNT(*) AS rounds
    FROM hive.bi_silver.crm_deal_quotations
    GROUP BY deal_id
)
SELECT
    CAST(COUNT_IF(rounds > 3) AS DOUBLE) / NULLIF(CAST(COUNT(*) AS DOUBLE), 0) AS complex_deal_rate
FROM deal_stats"
897,77,Top 10 phân khúc thị trường có chiết khấu cao nhất,,,crm,"[""crm_deal_quotations""]",Top 10 phân khúc thị trường có chiết khấu cao nhất,,"SELECT currency_code, tlang, AVG(global_discount) avg_discount 
FROM hive.bi_silver.crm_deal_quotations 
GROUP BY currency_code, tlang 
ORDER BY avg_discount DESC 
LIMIT 10"
898,78,Top 10 phân khúc thị trường có số lượng báo giá lớn nhất,,,crm,"[""crm_deal_quotations""]",Top 10 phân khúc thị trường có số lượng báo giá lớn nhất,,"SELECT currency_code, tlang, COUNT(*) quote_count 
FROM hive.bi_silver.crm_deal_quotations 
GROUP BY currency_code, tlang 
ORDER BY quote_count DESC 
LIMIT 10"
899,79,Entropy phân bổ báo giá theo tiền tệ (độ đa dạng thị trường),,,crm,"[""crm_deal_quotations""]",Entropy phân bổ báo giá theo tiền tệ (độ đa dạng thị trường),,"WITH c AS (
    SELECT currency_code, COUNT(*) cnt
    FROM hive.bi_silver.crm_deal_quotations
    GROUP BY currency_code
), t AS (
    SELECT SUM(cnt) total
    FROM c
)
SELECT -SUM(
    (CAST(cnt AS DOUBLE) / NULLIF(total, 0)) *
    LN(CAST(cnt AS DOUBLE) / NULLIF(total, 0))
) AS currency_entropy
FROM c
CROSS JOIN t"
900,80,Entropy phân bổ báo giá theo ngôn ngữ,,,crm,"[""crm_deal_quotations""]",Entropy phân bổ báo giá theo ngôn ngữ,,"WITH c AS (
    SELECT tlang, COUNT(*) cnt
    FROM hive.bi_silver.crm_deal_quotations
    GROUP BY tlang
), t AS (
    SELECT SUM(cnt) total
    FROM c
)
SELECT -SUM(
    (CAST(cnt AS DOUBLE) / NULLIF(total, 0)) *
    LN(CAST(cnt AS DOUBLE) / NULLIF(total, 0))
) AS language_entropy
FROM c
CROSS JOIN t"
901,81,Số lượng giao dịch mới có báo giá mỗi tháng,,,crm,"[""crm_deal_quotations""]",Số lượng giao dịch mới có báo giá mỗi tháng,,"SELECT DATE_TRUNC('month', created_at) month, COUNT(DISTINCT deal_id) deals FROM hive.bi_silver.crm_deal_quotations GROUP BY DATE_TRUNC('month', created_at) ORDER BY month"
902,82,Tốc độ tăng trưởng số lượng báo giá theo tháng,,,crm,"[""crm_deal_quotations""]",Tốc độ tăng trưởng số lượng báo giá theo tháng,,"WITH m AS (
    SELECT
        DATE_TRUNC('month', created_at) AS month,
        COUNT(*) AS quotes
    FROM hive.bi_silver.crm_deal_quotations
    GROUP BY DATE_TRUNC('month', created_at)
)
SELECT
    month,
    quotes,
    quotes - LAG(quotes) OVER (ORDER BY month) AS growth
FROM m
ORDER BY month"
903,83,Tỷ lệ báo giá có chiết khấu rolling 3 tháng,,,crm,"[""crm_deal_quotations""]",Tỷ lệ báo giá có chiết khấu rolling 3 tháng,,"SELECT month,
       AVG(rate) OVER (ORDER BY month ROWS BETWEEN 2 PRECEDING AND CURRENT ROW) rolling_rate
FROM (
    SELECT DATE_TRUNC('month', created_at) month,
           CAST(COUNT_IF(global_discount > 0) AS DOUBLE) / NULLIF(COUNT(*), 0) rate
    FROM hive.bi_silver.crm_deal_quotations
    GROUP BY DATE_TRUNC('month', created_at)
) t
ORDER BY month"
904,84,Tỷ lệ báo giá chiết khấu cao (>20%) theo phân khúc tiền tệ,,,crm,"[""crm_deal_quotations""]",Tỷ lệ báo giá chiết khấu cao (>20%) theo phân khúc tiền tệ,,"SELECT currency_code, CAST(COUNT_IF(global_discount > 20) AS DOUBLE) / NULLIF(COUNT(*), 0) AS high_discount_rate FROM hive.bi_silver.crm_deal_quotations GROUP BY currency_code"
905,85,Tỷ lệ báo giá chiết khấu cao (>20%) theo ngôn ngữ,,,crm,"[""crm_deal_quotations""]",Tỷ lệ báo giá chiết khấu cao (>20%) theo ngôn ngữ,,"SELECT tlang,
       CAST(COUNT_IF(global_discount > 20) AS DOUBLE) / NULLIF(CAST(COUNT(*) AS DOUBLE), 0) AS high_discount_rate
FROM hive.bi_silver.crm_deal_quotations
GROUP BY tlang"
906,86,Phát hiện giao dịch có biến động chiết khấu lớn giữa các vòng báo giá,,,crm,"[""crm_deal_quotations""]",Phát hiện giao dịch có biến động chiết khấu lớn giữa các vòng báo giá,,"WITH d AS (
    SELECT
        deal_id,
        STDDEV(global_discount) AS discount_volatility
    FROM hive.bi_silver.crm_deal_quotations
    GROUP BY deal_id
)
SELECT
    deal_id,
    discount_volatility
FROM d
ORDER BY discount_volatility DESC
LIMIT 10"
907,87,Độ lệch chiết khấu giữa các vòng báo giá trong cùng giao dịch,,,crm,"[""crm_deal_quotations""]",Độ lệch chiết khấu giữa các vòng báo giá trong cùng giao dịch,,"WITH d AS (
    SELECT
        deal_id,
        MAX(global_discount) - MIN(global_discount) AS discount_range
    FROM hive.bi_silver.crm_deal_quotations
    GROUP BY deal_id
)
SELECT
    AVG(discount_range) AS avg_discount_range
FROM d"
908,88,Top 10 giao dịch có độ lệch chiết khấu lớn nhất,,,crm,"[""crm_deal_quotations""]",Top 10 giao dịch có độ lệch chiết khấu lớn nhất,,"SELECT deal_id, MAX(global_discount)-MIN(global_discount) AS discount_range 
FROM hive.bi_silver.crm_deal_quotations 
GROUP BY deal_id 
ORDER BY discount_range DESC 
LIMIT 10"
909,89,Thời gian trung bình giữa các vòng báo giá trong cùng giao dịch,,,crm,"[""crm_deal_quotations""]",Thời gian trung bình giữa các vòng báo giá trong cùng giao dịch,,"WITH ordered AS (
    SELECT
        deal_id,
        created_at,
        LAG(created_at) OVER (PARTITION BY deal_id ORDER BY created_at) prev_time
    FROM hive.bi_silver.crm_deal_quotations
)
SELECT
    AVG(DATE_DIFF('day', prev_time, created_at)) AS avg_days_between_quotes
FROM ordered
WHERE prev_time IS NOT NULL"
910,90,Top 10 giao dịch có khoảng cách giữa các vòng báo giá dài nhất,,,crm,"[""crm_deal_quotations""]",Top 10 giao dịch có khoảng cách giữa các vòng báo giá dài nhất,,"WITH ordered AS (
    SELECT
        deal_id,
        created_at,
        LAG(created_at) OVER (PARTITION BY deal_id ORDER BY created_at) prev_time
    FROM hive.bi_silver.crm_deal_quotations
)
SELECT
    deal_id,
    MAX(DATE_DIFF('day', prev_time, created_at)) max_gap
FROM ordered
WHERE prev_time IS NOT NULL
GROUP BY deal_id
ORDER BY max_gap DESC
LIMIT 10"
911,1,Tổng số lý do giao dịch được ghi nhận trong hệ thống CRM là bao nhiêu?,,-,crm,"[""crm_deal_reasons""]",Tổng số lý do giao dịch được ghi nhận trong hệ thống CRM là bao nhiêu?,,"SELECT COUNT(*) AS total_deal_reasons
FROM hive.bi_silver.crm_deal_reasons"
912,2,Có bao nhiêu lý do giao dịch khác nhau theo reason_name?,,-,crm,"[""crm_deal_reasons""]",Có bao nhiêu lý do giao dịch khác nhau theo reason_name?,,"SELECT COUNT(DISTINCT reason_name) AS distinct_reason_count
FROM hive.bi_silver.crm_deal_reasons"
913,3,Phân bố số lượng bản ghi theo từng reason_name như thế nào?,,-,crm,"[""crm_deal_reasons""]",Phân bố số lượng bản ghi theo từng reason_name như thế nào?,,"SELECT reason_name, COUNT(*) AS reason_count FROM hive.bi_silver.crm_deal_reasons GROUP BY reason_name ORDER BY reason_count DESC"
914,4,Số lượng lý do giao dịch theo trạng thái is_partial là bao nhiêu?,,-,crm,"[""crm_deal_reasons""]",Số lượng lý do giao dịch theo trạng thái is_partial là bao nhiêu?,,"SELECT is_partial, COUNT(*) AS total_reasons FROM hive.bi_silver.crm_deal_reasons GROUP BY is_partial"
915,5,Tỷ lệ lý do giao dịch được đánh dấu partial so với tổng số lý do là bao nhiêu?,,-,crm,"[""crm_deal_reasons""]",Tỷ lệ lý do giao dịch được đánh dấu partial so với tổng số lý do là bao nhiêu?,,"SELECT SUM(CASE WHEN is_partial = TRUE THEN 1 ELSE 0 END) * 1.0 / NULLIF(CAST(COUNT(*) AS DOUBLE), 0) AS partial_reason_rate FROM hive.bi_silver.crm_deal_reasons"
916,6,Top 5 lý do giao dịch xuất hiện nhiều nhất trong hệ thống là gì?,,-,crm,"[""crm_deal_reasons""]",Top 5 lý do giao dịch xuất hiện nhiều nhất trong hệ thống là gì?,,"SELECT reason_name, COUNT(*) AS reason_count FROM hive.bi_silver.crm_deal_reasons GROUP BY reason_name ORDER BY reason_count DESC LIMIT 5"
917,7,Top 5 lý do giao dịch xuất hiện ít nhất trong hệ thống là gì?,,-,crm,"[""crm_deal_reasons""]",Top 5 lý do giao dịch xuất hiện ít nhất trong hệ thống là gì?,,"SELECT reason_name, COUNT(*) AS reason_count FROM hive.bi_silver.crm_deal_reasons GROUP BY reason_name ORDER BY reason_count ASC LIMIT 5"
918,8,Tỷ trọng của từng lý do giao dịch trong tổng số lý do là bao nhiêu?,,-,crm,"[""crm_deal_reasons""]",Tỷ trọng của từng lý do giao dịch trong tổng số lý do là bao nhiêu?,,"WITH total AS (
    SELECT COUNT(*) AS total_cnt
    FROM hive.bi_silver.crm_deal_reasons
)
SELECT
    r.reason_name,
    COUNT(*) AS reason_count,
    CAST(COUNT(*) AS DOUBLE) / NULLIF(t.total_cnt, 0) AS reason_share
FROM hive.bi_silver.crm_deal_reasons r
CROSS JOIN total t
GROUP BY
    r.reason_name,
    t.total_cnt
ORDER BY reason_share DESC"
919,9,Giá trị position trung bình của các lý do giao dịch theo reason_name là bao nhiêu?,,-,crm,"[""crm_deal_reasons""]",Giá trị position trung bình của các lý do giao dịch theo reason_name là bao nhiêu?,,"SELECT reason_name, AVG(position) AS avg_position FROM hive.bi_silver.crm_deal_reasons GROUP BY reason_name ORDER BY avg_position"
920,10,Lý do giao dịch nào có position cao nhất?,,-,crm,"[""crm_deal_reasons""]",Lý do giao dịch nào có position cao nhất?,,"SELECT reason_name, position 
FROM hive.bi_silver.crm_deal_reasons 
ORDER BY position DESC 
LIMIT 1"
921,11,Lý do giao dịch nào có position thấp nhất?,,-,crm,"[""crm_deal_reasons""]",Lý do giao dịch nào có position thấp nhất?,,"SELECT reason_name, position
FROM hive.bi_silver.crm_deal_reasons
ORDER BY position ASC
LIMIT 1"
922,12,Phân bố số lượng bản ghi theo từng position như thế nào?,,-,crm,"[""crm_deal_reasons""]",Phân bố số lượng bản ghi theo từng position như thế nào?,,"SELECT position, COUNT(*) AS reason_count 
FROM hive.bi_silver.crm_deal_reasons 
GROUP BY position 
ORDER BY position"
923,13,Tỷ lệ lý do giao dịch partial trong từng reason_name là bao nhiêu?,,-,crm,"[""crm_deal_reasons""]",Tỷ lệ lý do giao dịch partial trong từng reason_name là bao nhiêu?,,"SELECT reason_name,
       SUM(CASE WHEN is_partial = TRUE THEN 1 ELSE 0 END) * 1.0 / NULLIF(CAST(COUNT(*) AS DOUBLE), 0) AS partial_rate
FROM hive.bi_silver.crm_deal_reasons
GROUP BY reason_name
ORDER BY partial_rate DESC"
924,14,Có lý do giao dịch nào chỉ xuất hiện ở trạng thái partial không?,,-,crm,"[""crm_deal_reasons""]",Có lý do giao dịch nào chỉ xuất hiện ở trạng thái partial không?,,"WITH stats AS (
    SELECT
        reason_name,
        COUNT(*) total_cnt,
        SUM(CASE WHEN is_partial THEN 1 ELSE 0 END) partial_cnt
    FROM hive.bi_silver.crm_deal_reasons
    GROUP BY reason_name
)
SELECT reason_name
FROM stats
WHERE total_cnt = partial_cnt"
925,15,Có lý do giao dịch nào không bao giờ được đánh dấu partial không?,,-,crm,"[""crm_deal_reasons""]",Có lý do giao dịch nào không bao giờ được đánh dấu partial không?,,"WITH stats AS (
    SELECT
        reason_name,
        COUNT(*) total_cnt,
        SUM(CASE WHEN is_partial THEN 1 ELSE 0 END) partial_cnt
    FROM hive.bi_silver.crm_deal_reasons
    GROUP BY reason_name
)
SELECT reason_name
FROM stats
WHERE partial_cnt = 0"
926,16,So sánh số lượng lý do giao dịch partial và non-partial trong hệ thống,,-,crm,"[""crm_deal_reasons""]",So sánh số lượng lý do giao dịch partial và non-partial trong hệ thống,,"SELECT CASE WHEN is_partial THEN 'partial' ELSE 'non_partial' END AS partial_type, COUNT(*) AS reason_count FROM hive.bi_silver.crm_deal_reasons GROUP BY CASE WHEN is_partial THEN 'partial' ELSE 'non_partial' END"
927,17,Lý do giao dịch nào chiếm tỷ trọng lớn nhất trong tổng dữ liệu?,,-,crm,"[""crm_deal_reasons""]",Lý do giao dịch nào chiếm tỷ trọng lớn nhất trong tổng dữ liệu?,,"WITH reason_counts AS (
    SELECT
        reason_name,
        COUNT(*) reason_count
    FROM hive.bi_silver.crm_deal_reasons
    GROUP BY reason_name
)
SELECT
    reason_name,
    reason_count
FROM reason_counts
ORDER BY reason_count DESC
LIMIT 1"
928,18,Lý do giao dịch nào chiếm tỷ trọng nhỏ nhất trong tổng dữ liệu?,,-,crm,"[""crm_deal_reasons""]",Lý do giao dịch nào chiếm tỷ trọng nhỏ nhất trong tổng dữ liệu?,,"WITH reason_counts AS (
    SELECT reason_name, COUNT(*) reason_count
    FROM hive.bi_silver.crm_deal_reasons
    GROUP BY reason_name
)
SELECT reason_name, reason_count
FROM reason_counts
ORDER BY reason_count ASC
LIMIT 1"
929,19,Có position nào xuất hiện bất thường nhiều lần so với các position khác không?,,-,crm,"[""crm_deal_reasons""]",Có position nào xuất hiện bất thường nhiều lần so với các position khác không?,,"WITH pos_counts AS (
    SELECT position, COUNT(*) cnt
    FROM hive.bi_silver.crm_deal_reasons
    GROUP BY position
), stats AS (
    SELECT AVG(cnt) avg_cnt
    FROM pos_counts
)
SELECT p.position, p.cnt
FROM pos_counts p
CROSS JOIN stats s
WHERE p.cnt > s.avg_cnt * 2
ORDER BY p.cnt DESC"
930,20,Lý do giao dịch nào có chênh lệch lớn nhất giữa số lượng partial và non-partial?,,-,crm,"[""crm_deal_reasons""]",Lý do giao dịch nào có chênh lệch lớn nhất giữa số lượng partial và non-partial?,,"WITH stats AS (SELECT reason_name, SUM(CASE WHEN is_partial THEN 1 ELSE 0 END) partial_cnt, SUM(CASE WHEN NOT is_partial THEN 1 ELSE 0 END) non_partial_cnt FROM hive.bi_silver.crm_deal_reasons GROUP BY reason_name) SELECT reason_name, ABS(partial_cnt - non_partial_cnt) AS diff FROM stats ORDER BY diff DESC LIMIT 1"
931,1,Chỉ số tập trung lý do giao dịch (Reason Concentration Index - HHI) là bao nhiêu?,,-,crm,"[""crm_deal_reasons""]",Chỉ số tập trung lý do giao dịch (Reason Concentration Index - HHI) là bao nhiêu?,,"WITH reason_counts AS (
    SELECT reason_name, COUNT(*) cnt
    FROM hive.bi_silver.crm_deal_reasons
    GROUP BY reason_name
), total AS (
    SELECT SUM(cnt) total_cnt
    FROM reason_counts
)
SELECT SUM(POWER(CAST(cnt AS DOUBLE) / NULLIF(total_cnt, 0), 2)) AS reason_hhi
FROM reason_counts
CROSS JOIN total"
932,2,Lý do giao dịch nào chiếm tỷ trọng lớn nhất trong tổng dữ liệu?,,-,crm,"[""crm_deal_reasons""]",Lý do giao dịch nào chiếm tỷ trọng lớn nhất trong tổng dữ liệu?,,"WITH reason_counts AS (
    SELECT reason_name, COUNT(*) cnt
    FROM hive.bi_silver.crm_deal_reasons
    GROUP BY reason_name
)
SELECT reason_name, cnt
FROM reason_counts
ORDER BY cnt DESC
LIMIT 1"
933,3,Tỷ trọng của top 3 lý do giao dịch lớn nhất trong tổng dữ liệu là bao nhiêu?,,-,crm,"[""crm_deal_reasons""]",Tỷ trọng của top 3 lý do giao dịch lớn nhất trong tổng dữ liệu là bao nhiêu?,,"WITH reason_counts AS (
    SELECT reason_name, COUNT(*) cnt
    FROM hive.bi_silver.crm_deal_reasons
    GROUP BY reason_name
),
total AS (
    SELECT SUM(cnt) total_cnt
    FROM reason_counts
)
SELECT
    SUM(cnt) * 1.0 / NULLIF(MAX(total_cnt), 0) AS top3_share
FROM (
    SELECT cnt
    FROM reason_counts
    ORDER BY cnt DESC
    LIMIT 3
) t
CROSS JOIN total"
934,4,Có lý do giao dịch nào chiếm hơn 50% tổng dữ liệu không?,,-,crm,"[""crm_deal_reasons""]",Có lý do giao dịch nào chiếm hơn 50% tổng dữ liệu không?,,"WITH reason_counts AS (
    SELECT reason_name, CAST(COUNT(*) AS DOUBLE) cnt
    FROM hive.bi_silver.crm_deal_reasons
    GROUP BY reason_name
), total AS (
    SELECT SUM(cnt) total_cnt FROM reason_counts
)
SELECT reason_name,
       cnt * 1.0 / NULLIF(total_cnt, 0) AS share
FROM reason_counts
CROSS JOIN total
WHERE cnt * 1.0 / NULLIF(total_cnt, 0) > 0.5"
935,5,Tỷ lệ partial reason trên toàn bộ dữ liệu là bao nhiêu?,,-,crm,"[""crm_deal_reasons""]",Tỷ lệ partial reason trên toàn bộ dữ liệu là bao nhiêu?,,"SELECT SUM(CASE WHEN is_partial THEN 1 ELSE 0 END) * 1.0 / NULLIF(CAST(COUNT(*) AS DOUBLE), 0) AS partial_rate
FROM hive.bi_silver.crm_deal_reasons"
936,6,Lý do giao dịch nào có tỷ lệ partial cao nhất?,,-,crm,"[""crm_deal_reasons""]",Lý do giao dịch nào có tỷ lệ partial cao nhất?,,"SELECT reason_name,
       SUM(CASE WHEN is_partial THEN 1 ELSE 0 END) * 1.0 / NULLIF(CAST(COUNT(*) AS DOUBLE), 0) AS partial_rate
FROM hive.bi_silver.crm_deal_reasons
GROUP BY reason_name
ORDER BY partial_rate DESC
LIMIT 1"
937,7,Lý do giao dịch nào có tỷ lệ partial thấp nhất?,,-,crm,"[""crm_deal_reasons""]",Lý do giao dịch nào có tỷ lệ partial thấp nhất?,,"SELECT reason_name,
       SUM(CASE WHEN is_partial THEN 1 ELSE 0 END) * 1.0 / NULLIF(CAST(COUNT(*) AS DOUBLE), 0) AS partial_rate
FROM hive.bi_silver.crm_deal_reasons
GROUP BY reason_name
ORDER BY partial_rate ASC
LIMIT 1"
938,8,Chênh lệch giữa số lượng partial và non-partial theo từng reason_name là bao nhiêu?,,-,crm,"[""crm_deal_reasons""]",Chênh lệch giữa số lượng partial và non-partial theo từng reason_name là bao nhiêu?,,"SELECT reason_name,
       SUM(CASE WHEN is_partial THEN 1 ELSE 0 END) AS partial_cnt,
       SUM(CASE WHEN NOT is_partial THEN 1 ELSE 0 END) AS non_partial_cnt,
       ABS(SUM(CASE WHEN is_partial THEN 1 ELSE 0 END) - SUM(CASE WHEN NOT is_partial THEN 1 ELSE 0 END)) AS diff
FROM hive.bi_silver.crm_deal_reasons
GROUP BY reason_name
ORDER BY diff DESC"
939,9,Position trung bình của mỗi lý do giao dịch là bao nhiêu?,,-,crm,"[""crm_deal_reasons""]",Position trung bình của mỗi lý do giao dịch là bao nhiêu?,,"SELECT reason_name, AVG(position) avg_position 
FROM hive.bi_silver.crm_deal_reasons 
GROUP BY reason_name 
ORDER BY avg_position"
940,10,Lý do giao dịch nào có position trung bình cao nhất?,,-,crm,"[""crm_deal_reasons""]",Lý do giao dịch nào có position trung bình cao nhất?,,"SELECT reason_name, AVG(position) avg_position 
FROM hive.bi_silver.crm_deal_reasons 
GROUP BY reason_name 
ORDER BY avg_position DESC 
LIMIT 1"
941,11,Lý do giao dịch nào có position trung bình thấp nhất?,,-,crm,"[""crm_deal_reasons""]",Lý do giao dịch nào có position trung bình thấp nhất?,,"SELECT reason_name, AVG(position) avg_position FROM hive.bi_silver.crm_deal_reasons GROUP BY reason_name ORDER BY avg_position ASC LIMIT 1"
942,12,Độ lệch chuẩn position của các lý do giao dịch là bao nhiêu?,,-,crm,"[""crm_deal_reasons""]",Độ lệch chuẩn position của các lý do giao dịch là bao nhiêu?,,"SELECT STDDEV(position) AS position_stddev
FROM hive.bi_silver.crm_deal_reasons"
943,13,Position nào xuất hiện nhiều nhất trong dữ liệu?,,-,crm,"[""crm_deal_reasons""]",Position nào xuất hiện nhiều nhất trong dữ liệu?,,"SELECT position, COUNT(*) cnt 
FROM hive.bi_silver.crm_deal_reasons 
GROUP BY position 
ORDER BY cnt DESC 
LIMIT 1"
944,14,Position nào xuất hiện ít nhất trong dữ liệu?,,-,crm,"[""crm_deal_reasons""]",Position nào xuất hiện ít nhất trong dữ liệu?,,"SELECT position, COUNT(*) cnt FROM hive.bi_silver.crm_deal_reasons GROUP BY position ORDER BY cnt ASC LIMIT 1"
945,15,Có position nào có tần suất cao gấp đôi trung bình không?,,-,crm,"[""crm_deal_reasons""]",Có position nào có tần suất cao gấp đôi trung bình không?,,"WITH pos_counts AS (
    SELECT position, COUNT(*) cnt
    FROM hive.bi_silver.crm_deal_reasons
    GROUP BY position
), stats AS (
    SELECT AVG(cnt) avg_cnt
    FROM pos_counts
)
SELECT position, cnt
FROM pos_counts
CROSS JOIN stats
WHERE cnt > avg_cnt * 2"
946,16,Entropy của phân bố reason_name là bao nhiêu?,,-,crm,"[""crm_deal_reasons""]",Entropy của phân bố reason_name là bao nhiêu?,,"WITH reason_counts AS (
    SELECT reason_name, COUNT(*) cnt
    FROM hive.bi_silver.crm_deal_reasons
    GROUP BY reason_name
), total AS (
    SELECT SUM(cnt) total_cnt
    FROM reason_counts
)
SELECT -SUM(
    (CAST(cnt AS DOUBLE) / NULLIF(total_cnt, 0)) *
    LN(CAST(cnt AS DOUBLE) / NULLIF(total_cnt, 0))
) AS reason_entropy
FROM reason_counts
CROSS JOIN total"
947,17,Top 5 lý do giao dịch có position cao nhất là gì?,,-,crm,"[""crm_deal_reasons""]",Top 5 lý do giao dịch có position cao nhất là gì?,,"SELECT reason_name, position
FROM hive.bi_silver.crm_deal_reasons
ORDER BY position DESC
LIMIT 5"
948,18,Top 5 lý do giao dịch có position thấp nhất là gì?,,-,crm,"[""crm_deal_reasons""]",Top 5 lý do giao dịch có position thấp nhất là gì?,,"SELECT reason_name, position
FROM hive.bi_silver.crm_deal_reasons
ORDER BY position ASC
LIMIT 5"
949,19,Tỷ trọng của từng position trong dữ liệu là bao nhiêu?,,-,crm,"[""crm_deal_reasons""]",Tỷ trọng của từng position trong dữ liệu là bao nhiêu?,,"WITH total AS (
    SELECT COUNT(*) total_cnt
    FROM hive.bi_silver.crm_deal_reasons
)
SELECT
    position,
    COUNT(*) cnt,
    CAST(COUNT(*) AS DOUBLE) / NULLIF(total_cnt, 0) share
FROM hive.bi_silver.crm_deal_reasons
CROSS JOIN total
GROUP BY position, total_cnt
ORDER BY share DESC"
950,20,Lý do giao dịch nào có số lượng bản ghi nhiều nhất?,,-,crm,"[""crm_deal_reasons""]",Lý do giao dịch nào có số lượng bản ghi nhiều nhất?,,"SELECT reason_name, COUNT(*) cnt FROM hive.bi_silver.crm_deal_reasons GROUP BY reason_name ORDER BY cnt DESC LIMIT 1"
951,21,Lý do giao dịch nào có số lượng bản ghi ít nhất?,,-,crm,"[""crm_deal_reasons""]",Lý do giao dịch nào có số lượng bản ghi ít nhất?,,"SELECT reason_name, COUNT(*) cnt FROM hive.bi_silver.crm_deal_reasons GROUP BY reason_name ORDER BY cnt ASC LIMIT 1"
952,22,Tỷ trọng cumulative của top 5 lý do giao dịch là bao nhiêu?,,-,crm,"[""crm_deal_reasons""]",Tỷ trọng cumulative của top 5 lý do giao dịch là bao nhiêu?,,"WITH reason_counts AS (
    SELECT reason_name, COUNT(*) cnt
    FROM hive.bi_silver.crm_deal_reasons
    GROUP BY reason_name
),
total AS (
    SELECT SUM(cnt) total_cnt
    FROM reason_counts
)
SELECT
    CAST(SUM(cnt) AS DOUBLE) / NULLIF(CAST(MAX(total_cnt) AS DOUBLE), 0)
FROM (
    SELECT cnt
    FROM reason_counts
    ORDER BY cnt DESC
    LIMIT 5
) t
CROSS JOIN total"
953,23,Số lượng lý do giao dịch partial theo position là bao nhiêu?,,-,crm,"[""crm_deal_reasons""]",Số lượng lý do giao dịch partial theo position là bao nhiêu?,,"SELECT position, SUM(CASE WHEN is_partial THEN 1 ELSE 0 END) partial_cnt FROM hive.bi_silver.crm_deal_reasons GROUP BY position ORDER BY partial_cnt DESC"
954,24,Tỷ lệ partial theo từng position là bao nhiêu?,,-,crm,"[""crm_deal_reasons""]",Tỷ lệ partial theo từng position là bao nhiêu?,,"SELECT position,
       SUM(CASE WHEN is_partial THEN 1 ELSE 0 END) * 1.0 / NULLIF(CAST(COUNT(*) AS DOUBLE), 0) AS partial_rate
FROM hive.bi_silver.crm_deal_reasons
GROUP BY position
ORDER BY partial_rate DESC"
955,25,Có position nào có tỷ lệ partial trên 80% không?,,-,crm,"[""crm_deal_reasons""]",Có position nào có tỷ lệ partial trên 80% không?,,"SELECT position
FROM hive.bi_silver.crm_deal_reasons
GROUP BY position
HAVING SUM(CASE WHEN is_partial THEN 1 ELSE 0 END) * 1.0 / NULLIF(CAST(COUNT(*) AS DOUBLE), 0) > 0.8"
956,26,Độ lệch giữa tỷ lệ partial cao nhất và thấp nhất theo reason_name là bao nhiêu?,,-,crm,"[""crm_deal_reasons""]",Độ lệch giữa tỷ lệ partial cao nhất và thấp nhất theo reason_name là bao nhiêu?,,"WITH stats AS (
    SELECT
        reason_name,
        SUM(CASE WHEN is_partial THEN 1 ELSE 0 END) * 1.0 / NULLIF(CAST(COUNT(*) AS DOUBLE), 0) AS rate
    FROM hive.bi_silver.crm_deal_reasons
    GROUP BY reason_name
)
SELECT
    MAX(rate) - MIN(rate) AS rate_gap
FROM stats"
957,27,Tổng số position khác nhau trong hệ thống là bao nhiêu?,,-,crm,"[""crm_deal_reasons""]",Tổng số position khác nhau trong hệ thống là bao nhiêu?,,"SELECT COUNT(DISTINCT position) AS distinct_positions
FROM hive.bi_silver.crm_deal_reasons"
958,28,Phân bố số lượng lý do giao dịch theo position quartile như thế nào?,,-,crm,"[""crm_deal_reasons""]",Phân bố số lượng lý do giao dịch theo position quartile như thế nào?,,"SELECT APPROX_PERCENTILE(position,0.25) p25, APPROX_PERCENTILE(position,0.5) median, APPROX_PERCENTILE(position,0.75) p75 FROM hive.bi_silver.crm_deal_reasons"
959,29,Lý do giao dịch nào có variance position cao nhất?,,-,crm,"[""crm_deal_reasons""]",Lý do giao dịch nào có variance position cao nhất?,,"SELECT reason_name, VARIANCE(position) var_position
FROM hive.bi_silver.crm_deal_reasons
GROUP BY reason_name
ORDER BY var_position DESC
LIMIT 1"
960,30,Độ lệch chuẩn position theo reason_name là bao nhiêu?,,-,crm,"[""crm_deal_reasons""]",Độ lệch chuẩn position theo reason_name là bao nhiêu?,,"SELECT reason_name, STDDEV(position) std_position 
FROM hive.bi_silver.crm_deal_reasons 
GROUP BY reason_name 
ORDER BY std_position DESC"
961,31,Lý do giao dịch nào có distribution position bất ổn nhất?,,-,crm,"[""crm_deal_reasons""]",Lý do giao dịch nào có distribution position bất ổn nhất?,,"SELECT reason_name, STDDEV(position) std_position FROM hive.bi_silver.crm_deal_reasons GROUP BY reason_name ORDER BY std_position DESC LIMIT 1"
962,32,Top 3 position chiếm tỷ trọng dữ liệu lớn nhất là gì?,,-,crm,"[""crm_deal_reasons""]",Top 3 position chiếm tỷ trọng dữ liệu lớn nhất là gì?,,"SELECT position, COUNT(*) cnt FROM hive.bi_silver.crm_deal_reasons GROUP BY position ORDER BY cnt DESC LIMIT 3"
963,33,Có lý do giao dịch nào xuất hiện ở nhiều position khác nhau không?,,-,crm,"[""crm_deal_reasons""]",Có lý do giao dịch nào xuất hiện ở nhiều position khác nhau không?,,"SELECT reason_name, COUNT(DISTINCT position) position_variety FROM hive.bi_silver.crm_deal_reasons GROUP BY reason_name HAVING COUNT(DISTINCT position) > 1"
964,34,Lý do giao dịch nào có distribution position đa dạng nhất?,,-,crm,"[""crm_deal_reasons""]",Lý do giao dịch nào có distribution position đa dạng nhất?,,"SELECT reason_name, COUNT(DISTINCT position) pos_cnt 
FROM hive.bi_silver.crm_deal_reasons 
GROUP BY reason_name 
ORDER BY pos_cnt DESC 
LIMIT 1"
965,35,Tỷ lệ dữ liệu của top position so với tổng dữ liệu là bao nhiêu?,,-,crm,"[""crm_deal_reasons""]",Tỷ lệ dữ liệu của top position so với tổng dữ liệu là bao nhiêu?,,"WITH pos_counts AS (
    SELECT position, COUNT(*) cnt
    FROM hive.bi_silver.crm_deal_reasons
    GROUP BY position
),
total AS (
    SELECT SUM(cnt) total_cnt
    FROM pos_counts
)
SELECT
    CAST(MAX(cnt) AS DOUBLE) / NULLIF(MAX(total_cnt), 0)
FROM pos_counts
CROSS JOIN total"
966,36,Chỉ số skew của distribution position là bao nhiêu?,,-,crm,"[""crm_deal_reasons""]",Chỉ số skew của distribution position là bao nhiêu?,,SELECT SKEWNESS(position) AS position_skew FROM hive.bi_silver.crm_deal_reasons
967,37,Có reason_name nào có position cực trị (min hoặc max) không?,,-,crm,"[""crm_deal_reasons""]",Có reason_name nào có position cực trị (min hoặc max) không?,,"SELECT reason_name, position 
FROM hive.bi_silver.crm_deal_reasons 
WHERE position = (SELECT MIN(position) FROM hive.bi_silver.crm_deal_reasons) 
   OR position = (SELECT MAX(position) FROM hive.bi_silver.crm_deal_reasons)"
968,38,Sự khác biệt giữa position cao nhất và thấp nhất là bao nhiêu?,,-,crm,"[""crm_deal_reasons""]",Sự khác biệt giữa position cao nhất và thấp nhất là bao nhiêu?,,"SELECT MAX(position) - MIN(position) AS position_range
FROM hive.bi_silver.crm_deal_reasons"
969,39,Top 5 reason_name theo tỷ trọng dữ liệu là gì?,,-,crm,"[""crm_deal_reasons""]",Top 5 reason_name theo tỷ trọng dữ liệu là gì?,,"WITH reason_counts AS (
    SELECT reason_name, COUNT(*) cnt
    FROM hive.bi_silver.crm_deal_reasons
    GROUP BY reason_name
)
SELECT reason_name, cnt
FROM reason_counts
ORDER BY cnt DESC
LIMIT 5"
970,40,Tỷ trọng cumulative của top 10 reason_name là bao nhiêu?,,-,crm,"[""crm_deal_reasons""]",Tỷ trọng cumulative của top 10 reason_name là bao nhiêu?,,"WITH reason_counts AS (
    SELECT reason_name, COUNT(*) cnt
    FROM hive.bi_silver.crm_deal_reasons
    GROUP BY reason_name
),
total AS (
    SELECT SUM(cnt) total_cnt
    FROM reason_counts
)
SELECT
    SUM(cnt) * 1.0 / NULLIF(MAX(total_cnt),0)
FROM (
    SELECT cnt
    FROM reason_counts
    ORDER BY cnt DESC
    LIMIT 10
) t
CROSS JOIN total"
971,41,Tỷ lệ partial trong top 5 reason phổ biến nhất là bao nhiêu?,,-,crm,"[""crm_deal_reasons""]",Tỷ lệ partial trong top 5 reason phổ biến nhất là bao nhiêu?,,"WITH reason_counts AS (
    SELECT reason_name, COUNT(*) cnt
    FROM hive.bi_silver.crm_deal_reasons
    GROUP BY reason_name
    ORDER BY cnt DESC
    LIMIT 5
)
SELECT
    SUM(CASE WHEN r.is_partial THEN 1 ELSE 0 END) * 1.0 / NULLIF(CAST(COUNT(*) AS DOUBLE), 0)
FROM hive.bi_silver.crm_deal_reasons r
JOIN reason_counts rc
    ON LOWER(r.reason_name) = LOWER(rc.reason_name)"
972,42,Có reason_name nào chỉ xuất hiện một lần không?,,-,crm,"[""crm_deal_reasons""]",Có reason_name nào chỉ xuất hiện một lần không?,,SELECT reason_name FROM hive.bi_silver.crm_deal_reasons GROUP BY reason_name HAVING COUNT(*) = 1
973,43,Số lượng reason_name hiếm (xuất hiện dưới 1% dữ liệu) là bao nhiêu?,,-,crm,"[""crm_deal_reasons""]",Số lượng reason_name hiếm (xuất hiện dưới 1% dữ liệu) là bao nhiêu?,,"WITH reason_counts AS (
    SELECT reason_name, COUNT(*) cnt
    FROM hive.bi_silver.crm_deal_reasons
    GROUP BY reason_name
), total AS (
    SELECT SUM(cnt) total_cnt
    FROM reason_counts
)
SELECT COUNT(*)
FROM reason_counts
CROSS JOIN total
WHERE CAST(cnt AS DOUBLE) / NULLIF(total_cnt, 0) < 0.01"
974,44,Có position nào chỉ xuất hiện một lần không?,,-,crm,"[""crm_deal_reasons""]",Có position nào chỉ xuất hiện một lần không?,,SELECT position FROM hive.bi_silver.crm_deal_reasons GROUP BY position HAVING COUNT(*) = 1
975,45,Top 5 position theo tỷ lệ partial là gì?,,-,crm,"[""crm_deal_reasons""]",Top 5 position theo tỷ lệ partial là gì?,,"SELECT
    position,
    SUM(CASE WHEN is_partial THEN 1 ELSE 0 END) * 1.0 / NULLIF(CAST(COUNT(*) AS DOUBLE), 0) AS partial_rate
FROM hive.bi_silver.crm_deal_reasons
GROUP BY position
ORDER BY partial_rate DESC
LIMIT 5"
976,46,Tỷ lệ non-partial toàn hệ thống là bao nhiêu?,,-,crm,"[""crm_deal_reasons""]",Tỷ lệ non-partial toàn hệ thống là bao nhiêu?,,"SELECT SUM(CASE WHEN NOT is_partial THEN 1 ELSE 0 END) * 1.0 / NULLIF(CAST(COUNT(*) AS DOUBLE), 0) AS non_partial_rate
FROM hive.bi_silver.crm_deal_reasons"
977,47,Tổng số bản ghi partial là bao nhiêu?,,-,crm,"[""crm_deal_reasons""]",Tổng số bản ghi partial là bao nhiêu?,,SELECT COUNT(*) FROM hive.bi_silver.crm_deal_reasons WHERE is_partial = TRUE
978,48,Tổng số bản ghi non-partial là bao nhiêu?,,-,crm,"[""crm_deal_reasons""]",Tổng số bản ghi non-partial là bao nhiêu?,,SELECT COUNT(*) FROM hive.bi_silver.crm_deal_reasons WHERE is_partial = FALSE
979,49,Tỷ lệ partial giữa top 3 reason phổ biến nhất là bao nhiêu?,,-,crm,"[""crm_deal_reasons""]",Tỷ lệ partial giữa top 3 reason phổ biến nhất là bao nhiêu?,,"WITH top_reasons AS (
    SELECT reason_name
    FROM hive.bi_silver.crm_deal_reasons
    GROUP BY reason_name
    ORDER BY COUNT(*) DESC
    LIMIT 3
)
SELECT
    SUM(CASE WHEN is_partial THEN 1 ELSE 0 END) * 1.0 / NULLIF(CAST(COUNT(*) AS DOUBLE), 0)
FROM hive.bi_silver.crm_deal_reasons
WHERE LOWER(reason_name) IN (SELECT LOWER(reason_name) FROM top_reasons)"
980,50,Chỉ số concentration của position (HHI) là bao nhiêu?,,-,crm,"[""crm_deal_reasons""]",Chỉ số concentration của position (HHI) là bao nhiêu?,,"WITH pos_counts AS (
    SELECT position, COUNT(*) cnt
    FROM hive.bi_silver.crm_deal_reasons
    GROUP BY position
), total AS (
    SELECT SUM(cnt) total_cnt
    FROM pos_counts
)
SELECT SUM(POWER(CAST(cnt AS DOUBLE) / NULLIF(total_cnt, 0), 2))
FROM pos_counts
CROSS JOIN total"
981,1,Tổng số giao dịch trong hệ thống CRM là bao nhiêu?,,-,crm,"[""crm_deals""]",Tổng số giao dịch trong hệ thống CRM là bao nhiêu?,,"SELECT COUNT(*) AS total_deals
FROM hive.bi_silver.crm_deals"
982,2,Tổng giá trị giao dịch theo VND trong hệ thống là bao nhiêu?,,-,crm,"[""crm_deals""]",Tổng giá trị giao dịch theo VND trong hệ thống là bao nhiêu?,,"SELECT SUM(vnd_amount) AS total_vnd_value
FROM hive.bi_silver.crm_deals"
983,3,Số lượng giao dịch theo từng giai đoạn bán hàng (deal_stage_name) là bao nhiêu?,,-,crm,"[""crm_deals""]",Số lượng giao dịch theo từng giai đoạn bán hàng (deal_stage_name) là bao nhiêu?,,"SELECT deal_stage_name, COUNT(*) AS total_deals 
FROM hive.bi_silver.crm_deals 
GROUP BY deal_stage_name 
ORDER BY total_deals DESC"
984,4,Tổng giá trị giao dịch theo từng kênh bán hàng (channel) là bao nhiêu?,,-,crm,"[""crm_deals""]",Tổng giá trị giao dịch theo từng kênh bán hàng (channel) là bao nhiêu?,,"SELECT channel, SUM(vnd_amount) AS total_value FROM hive.bi_silver.crm_deals GROUP BY channel ORDER BY total_value DESC"
985,5,Tỷ trọng giá trị giao dịch của từng kênh bán hàng so với tổng doanh số là bao nhiêu?,,-,crm,"[""crm_deals""]",Tỷ trọng giá trị giao dịch của từng kênh bán hàng so với tổng doanh số là bao nhiêu?,,"WITH total AS (
    SELECT SUM(vnd_amount) total_value
    FROM hive.bi_silver.crm_deals
)
SELECT
    channel,
    SUM(vnd_amount) value,
    SUM(vnd_amount) * 1.0 / NULLIF(total.total_value, 0) AS amount_share
FROM hive.bi_silver.crm_deals
CROSS JOIN total
GROUP BY channel, total.total_value
ORDER BY amount_share DESC"
986,6,Số lượng giao dịch theo quốc gia của công ty khách hàng là bao nhiêu?,,-,crm,"[""crm_deals""]",Số lượng giao dịch theo quốc gia của công ty khách hàng là bao nhiêu?,,"SELECT company_country, COUNT(*) AS total_deals FROM hive.bi_silver.crm_deals GROUP BY company_country ORDER BY total_deals DESC"
987,7,Giá trị giao dịch trung bình theo từng Account Manager (am_username) là bao nhiêu?,,-,crm,"[""crm_deals""]",Giá trị giao dịch trung bình theo từng Account Manager (am_username) là bao nhiêu?,,"SELECT am_username, AVG(vnd_amount) AS avg_deal_value
FROM hive.bi_silver.crm_deals
GROUP BY am_username
ORDER BY avg_deal_value DESC"
988,8,Top 5 Account Manager có tổng giá trị giao dịch cao nhất là ai?,,-,crm,"[""crm_deals""]",Top 5 Account Manager có tổng giá trị giao dịch cao nhất là ai?,,"SELECT am_username, SUM(vnd_amount) AS total_value FROM hive.bi_silver.crm_deals GROUP BY am_username ORDER BY total_value DESC LIMIT 5"
989,9,Số lượng giao dịch theo từng nguồn khởi tạo (initial_source) là bao nhiêu?,,-,crm,"[""crm_deals""]",Số lượng giao dịch theo từng nguồn khởi tạo (initial_source) là bao nhiêu?,,"SELECT initial_source, COUNT(*) AS total_deals FROM hive.bi_silver.crm_deals GROUP BY initial_source ORDER BY total_deals DESC"
990,10,Tỷ lệ giao dịch đã ký hợp đồng (is_signed = 1) trong toàn bộ hệ thống là bao nhiêu?,,-,crm,"[""crm_deals""]",Tỷ lệ giao dịch đã ký hợp đồng (is_signed = 1) trong toàn bộ hệ thống là bao nhiêu?,,"SELECT SUM(CASE WHEN is_signed = 1 THEN 1 ELSE 0 END) * 1.0 / NULLIF(CAST(COUNT(*) AS DOUBLE), 0) AS signed_rate FROM hive.bi_silver.crm_deals"
991,11,Giá trị giao dịch lớn nhất trong hệ thống là bao nhiêu và thuộc giao dịch nào?,,-,crm,"[""crm_deals""]",Giá trị giao dịch lớn nhất trong hệ thống là bao nhiêu và thuộc giao dịch nào?,,"SELECT deal_name, vnd_amount 
FROM hive.bi_silver.crm_deals 
ORDER BY vnd_amount DESC 
LIMIT 1"
992,12,Giao dịch nào có thời gian chốt (days_to_close) lâu nhất?,,-,crm,"[""crm_deals""]",Giao dịch nào có thời gian chốt (days_to_close) lâu nhất?,,"SELECT deal_name, days_to_close
FROM hive.bi_silver.crm_deals
ORDER BY days_to_close DESC
LIMIT 1"
993,13,Số lượng giao dịch theo phân khúc khách hàng cấp 1 (segment_l1) là bao nhiêu?,,-,crm,"[""crm_deals""]",Số lượng giao dịch theo phân khúc khách hàng cấp 1 (segment_l1) là bao nhiêu?,,"SELECT customer_segment_l1, COUNT(*) AS total_deals FROM hive.bi_silver.crm_deals GROUP BY customer_segment_l1 ORDER BY total_deals DESC"
994,14,Tổng giá trị giao dịch theo từng territory_name là bao nhiêu?,,-,crm,"[""crm_deals""]",Tổng giá trị giao dịch theo từng territory_name là bao nhiêu?,,"SELECT territory_name, SUM(vnd_amount) AS total_value 
FROM hive.bi_silver.crm_deals 
GROUP BY territory_name 
ORDER BY total_value DESC"
995,15,Tỷ lệ giao dịch yêu cầu đấu thầu (bidding_required) trong hệ thống là bao nhiêu?,,-,crm,"[""crm_deals""]",Tỷ lệ giao dịch yêu cầu đấu thầu (bidding_required) trong hệ thống là bao nhiêu?,,"SELECT SUM(CASE WHEN bidding_required THEN 1 ELSE 0 END) * 1.0 / NULLIF(CAST(COUNT(*) AS DOUBLE), 0) AS bidding_rate
FROM hive.bi_silver.crm_deals"
996,16,Giá trị giao dịch trung bình theo từng giai đoạn bán hàng (deal_stage_name) là bao nhiêu?,,-,crm,"[""crm_deals""]",Giá trị giao dịch trung bình theo từng giai đoạn bán hàng (deal_stage_name) là bao nhiêu?,,"SELECT deal_stage_name, AVG(vnd_amount) AS avg_value
FROM hive.bi_silver.crm_deals
GROUP BY deal_stage_name
ORDER BY avg_value DESC"
997,17,Số lượng giao dịch theo trạng thái thanh toán (deal_payment_status) là bao nhiêu?,,-,crm,"[""crm_deals""]",Số lượng giao dịch theo trạng thái thanh toán (deal_payment_status) là bao nhiêu?,,"SELECT deal_payment_status, COUNT(*) AS total_deals FROM hive.bi_silver.crm_deals GROUP BY deal_payment_status ORDER BY total_deals DESC"
998,18,Top 5 công ty có tổng giá trị giao dịch lớn nhất là công ty nào?,,-,crm,"[""crm_deals""]",Top 5 công ty có tổng giá trị giao dịch lớn nhất là công ty nào?,,"SELECT company_name, SUM(vnd_amount) AS total_value
FROM hive.bi_silver.crm_deals
GROUP BY company_name
ORDER BY total_value DESC
LIMIT 5"
999,19,Có giao dịch nào có số ngày kể từ lần cập nhật cuối lớn hơn 90 ngày không?,,-,crm,"[""crm_deals""]",Có giao dịch nào có số ngày kể từ lần cập nhật cuối lớn hơn 90 ngày không?,,"SELECT deal_name, days_since_last_update 
FROM hive.bi_silver.crm_deals 
WHERE days_since_last_update > 90 
ORDER BY days_since_last_update DESC"
1000,20,Giá trị giao dịch trung bình theo từng tháng tạo giao dịch là bao nhiêu?,,-,crm,"[""crm_deals""]",Giá trị giao dịch trung bình theo từng tháng tạo giao dịch là bao nhiêu?,,"SELECT DATE_TRUNC('month', created_at) AS month,
       AVG(vnd_amount) AS avg_value
FROM hive.bi_silver.crm_deals
GROUP BY DATE_TRUNC('month', created_at)
ORDER BY month"
1001,22,Account Manager nào chiếm tỷ trọng doanh số lớn nhất?,,-,crm,"[""crm_deals""]",Account Manager nào chiếm tỷ trọng doanh số lớn nhất?,,"WITH am_rev AS (
    SELECT am_username, SUM(vnd_amount) rev
    FROM hive.bi_silver.crm_deals
    GROUP BY am_username
), total AS (
    SELECT SUM(rev) total_rev
    FROM am_rev
)
SELECT am_username,
       rev,
       rev * 1.0 / NULLIF(total_rev, 0) amount_share
FROM am_rev
CROSS JOIN total
ORDER BY rev DESC
LIMIT 1"
1002,23,Tỷ trọng doanh số của top 5 Account Manager là bao nhiêu?,,-,crm,"[""crm_deals""]",Tỷ trọng doanh số của top 5 Account Manager là bao nhiêu?,,"WITH am_rev AS (
    SELECT am_username, SUM(vnd_amount) rev
    FROM hive.bi_silver.crm_deals
    GROUP BY am_username
),
total AS (
    SELECT SUM(rev) total_rev
    FROM am_rev
)
SELECT
    SUM(rev) * 1.0 / NULLIF(MAX(total_rev), 0)
FROM (
    SELECT rev
    FROM am_rev
    ORDER BY rev DESC
    LIMIT 5
) t
CROSS JOIN total"
1003,25,Kênh bán hàng nào chiếm doanh số lớn nhất?,,-,crm,"[""crm_deals""]",Kênh bán hàng nào chiếm doanh số lớn nhất?,,"SELECT channel, SUM(vnd_amount) rev 
FROM hive.bi_silver.crm_deals 
GROUP BY channel 
ORDER BY rev DESC 
LIMIT 1"
1004,26,Tỷ trọng doanh số của top 3 channel là bao nhiêu?,,-,crm,"[""crm_deals""]",Tỷ trọng doanh số của top 3 channel là bao nhiêu?,,"WITH ch_rev AS (
    SELECT channel, SUM(vnd_amount) rev
    FROM hive.bi_silver.crm_deals
    GROUP BY channel
),
total AS (
    SELECT SUM(rev) total_rev
    FROM ch_rev
)
SELECT
    SUM(rev) * 1.0 / NULLIF(MAX(total_rev),0)
FROM (
    SELECT rev
    FROM ch_rev
    ORDER BY rev DESC
    LIMIT 3
) t
CROSS JOIN total"
1005,27,Entropy của phân bố doanh số theo channel là bao nhiêu?,,-,crm,"[""crm_deals""]",Entropy của phân bố doanh số theo channel là bao nhiêu?,,"WITH ch_rev AS (
    SELECT channel, SUM(vnd_amount) rev
    FROM hive.bi_silver.crm_deals
    GROUP BY channel
), total AS (
    SELECT SUM(rev) total_rev
    FROM ch_rev
)
SELECT -SUM(
    (CAST(rev AS DOUBLE) / NULLIF(total_rev, 0)) *
    LN(CAST(rev AS DOUBLE) / NULLIF(total_rev, 0))
)
FROM ch_rev
CROSS JOIN total"
1006,29,Account Manager nào có doanh số trung bình mỗi deal cao nhất?,,-,crm,"[""crm_deals""]",Account Manager nào có doanh số trung bình mỗi deal cao nhất?,,"SELECT am_username, AVG(vnd_amount) avg_rev 
FROM hive.bi_silver.crm_deals 
GROUP BY am_username 
ORDER BY avg_rev DESC 
LIMIT 1"
1007,30,Account Manager nào có doanh số trung bình thấp nhất?,,-,crm,"[""crm_deals""]",Account Manager nào có doanh số trung bình thấp nhất?,,"SELECT am_username, AVG(vnd_amount) avg_rev 
FROM hive.bi_silver.crm_deals 
GROUP BY am_username 
ORDER BY avg_rev ASC 
LIMIT 1"
1008,31,Account Manager nào có độ biến động doanh số cao nhất (stddev)?,,-,crm,"[""crm_deals""]",Account Manager nào có độ biến động doanh số cao nhất (stddev)?,,"SELECT am_username, STDDEV(vnd_amount) rev_volatility 
FROM hive.bi_silver.crm_deals 
GROUP BY am_username 
ORDER BY rev_volatility DESC 
LIMIT 1"
1009,32,Giao dịch nào có giá trị outlier cao hơn 3 lần trung bình hệ thống?,,-,crm,"[""crm_deals""]",Giao dịch nào có giá trị outlier cao hơn 3 lần trung bình hệ thống?,,"WITH stats AS (
    SELECT AVG(vnd_amount) avg_val
    FROM hive.bi_silver.crm_deals
)
SELECT deal_name, vnd_amount
FROM hive.bi_silver.crm_deals
CROSS JOIN stats
WHERE vnd_amount > avg_val * 3
ORDER BY vnd_amount DESC"
1010,33,Giao dịch nào có giá trị thấp hơn 20% giá trị trung bình?,,-,crm,"[""crm_deals""]",Giao dịch nào có giá trị thấp hơn 20% giá trị trung bình?,,"WITH stats AS (
    SELECT AVG(vnd_amount) avg_val
    FROM hive.bi_silver.crm_deals
)
SELECT deal_name, vnd_amount
FROM hive.bi_silver.crm_deals
CROSS JOIN stats
WHERE vnd_amount < avg_val * 0.2"
1011,34,Độ lệch chuẩn giá trị giao dịch toàn hệ thống là bao nhiêu?,,-,crm,"[""crm_deals""]",Độ lệch chuẩn giá trị giao dịch toàn hệ thống là bao nhiêu?,,SELECT STDDEV(vnd_amount) FROM hive.bi_silver.crm_deals
1012,35,Deal cycle time trung bình của hệ thống là bao nhiêu ngày?,,-,crm,"[""crm_deals""]",Deal cycle time trung bình của hệ thống là bao nhiêu ngày?,,SELECT AVG(days_to_close) avg_cycle FROM hive.bi_silver.crm_deals
1013,36,Deal nào có cycle time dài gấp 3 lần trung bình?,,-,crm,"[""crm_deals""]",Deal nào có cycle time dài gấp 3 lần trung bình?,,"WITH stats AS (
    SELECT AVG(days_to_close) avg_cycle
    FROM hive.bi_silver.crm_deals
)
SELECT deal_name, days_to_close
FROM hive.bi_silver.crm_deals
CROSS JOIN stats
WHERE days_to_close > avg_cycle * 3"
1014,37,Top 5 deal có cycle time dài nhất là gì?,,-,crm,"[""crm_deals""]",Top 5 deal có cycle time dài nhất là gì?,,"SELECT deal_name, days_to_close
FROM hive.bi_silver.crm_deals
ORDER BY days_to_close DESC
LIMIT 5"
1015,38,Tỷ lệ deal có cycle time trên 90 ngày là bao nhiêu?,,-,crm,"[""crm_deals""]",Tỷ lệ deal có cycle time trên 90 ngày là bao nhiêu?,,"SELECT SUM(CASE WHEN days_to_close > 90 THEN 1 ELSE 0 END) * 1.0 / NULLIF(CAST(COUNT(*) AS DOUBLE), 0.0) FROM hive.bi_silver.crm_deals"
1016,39,Tỷ lệ deal bị stagnation (days_since_last_update > 30) là bao nhiêu?,,-,crm,"[""crm_deals""]",Tỷ lệ deal bị stagnation (days_since_last_update > 30) là bao nhiêu?,,"SELECT SUM(CASE WHEN days_since_last_update > 30 THEN 1 ELSE 0 END) * 1.0 / NULLIF(CAST(COUNT(*) AS DOUBLE), 0) FROM hive.bi_silver.crm_deals"
1017,40,Có deal nào không được cập nhật hơn 180 ngày không?,,-,crm,"[""crm_deals""]",Có deal nào không được cập nhật hơn 180 ngày không?,,"SELECT deal_name, days_since_last_update 
FROM hive.bi_silver.crm_deals 
WHERE days_since_last_update > 180 
ORDER BY days_since_last_update DESC"
1018,41,Account Manager nào có nhiều deal stagnation nhất?,,-,crm,"[""crm_deals""]",Account Manager nào có nhiều deal stagnation nhất?,,"SELECT am_username, COUNT(*) stagnated_deals 
FROM hive.bi_silver.crm_deals 
WHERE days_since_last_update > 30 
GROUP BY am_username 
ORDER BY stagnated_deals DESC 
LIMIT 1"
1019,42,Segment_l1 nào có deal value trung bình cao nhất?,,-,crm,"[""crm_deals""]",Segment_l1 nào có deal value trung bình cao nhất?,,"SELECT customer_segment_l1, AVG(vnd_amount) avg_rev 
FROM hive.bi_silver.crm_deals 
GROUP BY customer_segment_l1 
ORDER BY avg_rev DESC 
LIMIT 1"
1020,43,Segment_l1 nào có tổng doanh số lớn nhất?,,-,crm,"[""crm_deals""]",Segment_l1 nào có tổng doanh số lớn nhất?,,"SELECT customer_segment_l1, SUM(vnd_amount) total_rev 
FROM hive.bi_silver.crm_deals 
GROUP BY customer_segment_l1 
ORDER BY total_rev DESC 
LIMIT 1"
1021,45,Account Manager nào có tỷ lệ deal ký hợp đồng cao nhất?,,-,crm,"[""crm_deals""]",Account Manager nào có tỷ lệ deal ký hợp đồng cao nhất?,,"SELECT am_username,
       SUM(CASE WHEN is_signed=1 THEN 1 ELSE 0 END)*1.0/NULLIF(CAST(COUNT(*) AS DOUBLE),0) AS signed_rate
FROM hive.bi_silver.crm_deals
GROUP BY am_username
ORDER BY signed_rate DESC
LIMIT 1"
1022,46,Account Manager nào có tỷ lệ deal ký hợp đồng thấp nhất?,,-,crm,"[""crm_deals""]",Account Manager nào có tỷ lệ deal ký hợp đồng thấp nhất?,,"SELECT am_username,
       CAST(SUM(CASE WHEN is_signed=1 THEN 1 ELSE 0 END) AS DOUBLE) / NULLIF(CAST(COUNT(*) AS DOUBLE), 0) AS signed_rate
FROM hive.bi_silver.crm_deals
GROUP BY am_username
ORDER BY signed_rate ASC
LIMIT 1"
1023,47,Kênh bán hàng nào có giá trị deal trung bình cao nhất?,,-,crm,"[""crm_deals""]",Kênh bán hàng nào có giá trị deal trung bình cao nhất?,,"SELECT channel, AVG(vnd_amount) avg_rev 
FROM hive.bi_silver.crm_deals 
GROUP BY channel 
ORDER BY avg_rev DESC 
LIMIT 1"
1024,48,Kênh bán hàng nào có variance deal value lớn nhất?,,-,crm,"[""crm_deals""]",Kênh bán hàng nào có variance deal value lớn nhất?,,"SELECT channel, VARIANCE(vnd_amount) var_rev 
FROM hive.bi_silver.crm_deals 
GROUP BY channel 
ORDER BY var_rev DESC 
LIMIT 1"
1025,49,Top 10 deal chiếm bao nhiêu phần trăm tổng doanh số?,,-,crm,"[""crm_deals""]",Top 10 deal chiếm bao nhiêu phần trăm tổng doanh số?,,"WITH ranked AS (
    SELECT vnd_amount
    FROM hive.bi_silver.crm_deals
    ORDER BY vnd_amount DESC
    LIMIT 10
),
total AS (
    SELECT SUM(vnd_amount) total_rev
    FROM hive.bi_silver.crm_deals
)
SELECT
    SUM(vnd_amount) * 1.0 / NULLIF(MAX(total_rev), 0)
FROM ranked
CROSS JOIN total"
1026,50,Tỷ lệ deal value > 1 tỷ VND trong hệ thống là bao nhiêu?,,-,crm,"[""crm_deals""]",Tỷ lệ deal value > 1 tỷ VND trong hệ thống là bao nhiêu?,,"SELECT SUM(CASE WHEN vnd_amount > 1000000000 THEN 1 ELSE 0 END) * 1.0 / NULLIF(CAST(COUNT(*) AS DOUBLE), 0) FROM hive.bi_silver.crm_deals"
1027,51,Account Manager nào có số lượng deal lớn nhất?,,-,crm,"[""crm_deals""]",Account Manager nào có số lượng deal lớn nhất?,,"SELECT am_username, COUNT(*) cnt FROM hive.bi_silver.crm_deals GROUP BY am_username ORDER BY cnt DESC LIMIT 1"
1028,52,Account Manager nào có số lượng deal ít nhất?,,-,crm,"[""crm_deals""]",Account Manager nào có số lượng deal ít nhất?,,"SELECT am_username, COUNT(*) cnt FROM hive.bi_silver.crm_deals GROUP BY am_username ORDER BY cnt ASC LIMIT 1"
1029,53,Account Manager nào có median deal value cao nhất?,,-,crm,"[""crm_deals""]",Account Manager nào có median deal value cao nhất?,,"SELECT am_username, APPROX_PERCENTILE(vnd_amount,0.5) median_value 
FROM hive.bi_silver.crm_deals 
GROUP BY am_username 
ORDER BY median_value DESC 
LIMIT 1"
1030,54,Deal value quartile của hệ thống là bao nhiêu?,,-,crm,"[""crm_deals""]",Deal value quartile của hệ thống là bao nhiêu?,,"SELECT APPROX_PERCENTILE(vnd_amount,0.25) p25, APPROX_PERCENTILE(vnd_amount,0.5) median, APPROX_PERCENTILE(vnd_amount,0.75) p75 FROM hive.bi_silver.crm_deals"
1031,55,Channel nào có cycle time trung bình thấp nhất?,,-,crm,"[""crm_deals""]",Channel nào có cycle time trung bình thấp nhất?,,"SELECT channel, AVG(days_to_close) avg_cycle FROM hive.bi_silver.crm_deals GROUP BY channel ORDER BY avg_cycle ASC LIMIT 1"
1032,56,Channel nào có cycle time trung bình dài nhất?,,-,crm,"[""crm_deals""]",Channel nào có cycle time trung bình dài nhất?,,"SELECT channel, AVG(days_to_close) avg_cycle 
FROM hive.bi_silver.crm_deals 
GROUP BY channel 
ORDER BY avg_cycle DESC 
LIMIT 1"
1033,57,Tỷ lệ deal bidding_required trong top 20% deal value là bao nhiêu?,,-,crm,"[""crm_deals""]",Tỷ lệ deal bidding_required trong top 20% deal value là bao nhiêu?,,"WITH threshold AS (
    SELECT APPROX_PERCENTILE(vnd_amount, 0.8) t
    FROM hive.bi_silver.crm_deals
)
SELECT
    SUM(CASE WHEN bidding_required THEN 1 ELSE 0 END) * 1.0 / NULLIF(CAST(COUNT(*) AS DOUBLE), 0)
FROM hive.bi_silver.crm_deals
CROSS JOIN threshold
WHERE vnd_amount >= t"
1034,58,Deal nào có giá trị cao nhưng cycle time ngắn hơn trung bình?,,-,crm,"[""crm_deals""]",Deal nào có giá trị cao nhưng cycle time ngắn hơn trung bình?,,"WITH stats AS (
    SELECT AVG(vnd_amount) avg_val,
           AVG(days_to_close) avg_cycle
    FROM hive.bi_silver.crm_deals
)
SELECT deal_name,
       vnd_amount,
       days_to_close
FROM hive.bi_silver.crm_deals
CROSS JOIN stats
WHERE vnd_amount > avg_val
  AND days_to_close < avg_cycle"
1035,59,Account Manager nào có hiệu suất doanh số trên mỗi ngày cycle cao nhất?,,-,crm,"[""crm_deals""]",Account Manager nào có hiệu suất doanh số trên mỗi ngày cycle cao nhất?,,"SELECT am_username, SUM(vnd_amount) / NULLIF(SUM(days_to_close),0) rev_per_cycle_day FROM hive.bi_silver.crm_deals GROUP BY am_username ORDER BY rev_per_cycle_day DESC LIMIT 1"
1036,60,Account Manager nào có hiệu suất doanh số trên mỗi deal thấp nhất?,,-,crm,"[""crm_deals""]",Account Manager nào có hiệu suất doanh số trên mỗi deal thấp nhất?,,"SELECT am_username, SUM(vnd_amount) / NULLIF(CAST(COUNT(*) AS DOUBLE), 0) AS rev_per_deal
FROM hive.bi_silver.crm_deals
GROUP BY am_username
ORDER BY rev_per_deal ASC
LIMIT 1"
1037,61,Pipeline health score toàn hệ thống (tỷ lệ deal active / tổng deal) là bao nhiêu?,,-,crm,"[""crm_deals""]",Pipeline health score toàn hệ thống (tỷ lệ deal active / tổng deal) là bao nhiêu?,,"SELECT SUM(CASE WHEN LOWER(deal_stage_name) NOT IN (LOWER('Closed Lost'), LOWER('Closed Won')) THEN 1 ELSE 0 END) * 1.0 / NULLIF(CAST(COUNT(*) AS DOUBLE), 0) AS pipeline_health_score
FROM hive.bi_silver.crm_deals"
1038,62,Tỷ lệ deal stagnation (days_since_last_update > 14 ngày) là bao nhiêu?,,-,crm,"[""crm_deals""]",Tỷ lệ deal stagnation (days_since_last_update > 14 ngày) là bao nhiêu?,,"SELECT SUM(CASE WHEN days_since_last_update > 14 THEN 1 ELSE 0 END) * 1.0 / NULLIF(CAST(COUNT(*) AS DOUBLE), 0) stagnation_rate FROM hive.bi_silver.crm_deals"
1039,63,Account Manager nào có tỷ lệ stagnation cao nhất?,,-,crm,"[""crm_deals""]",Account Manager nào có tỷ lệ stagnation cao nhất?,,"SELECT am_username,
       SUM(CASE WHEN days_since_last_update > 14 THEN 1 ELSE 0 END) * 1.0 / NULLIF(CAST(COUNT(*) AS DOUBLE), 0) AS stagnation_rate
FROM hive.bi_silver.crm_deals
GROUP BY am_username
ORDER BY stagnation_rate DESC
LIMIT 1"
1040,64,Deal stagnation risk score trung bình toàn hệ thống là bao nhiêu (days_since_last_update / days_to_close)?,,-,crm,"[""crm_deals""]",Deal stagnation risk score trung bình toàn hệ thống là bao nhiêu (days_since_last_update / days_to_close)?,,"SELECT AVG(days_since_last_update*1.0/NULLIF(days_to_close,0)) stagnation_risk_score FROM hive.bi_silver.crm_deals"
1041,65,Account Manager nào có deal aging trung bình cao nhất?,,-,crm,"[""crm_deals""]",Account Manager nào có deal aging trung bình cao nhất?,,"SELECT am_username, AVG(days_since_last_update) avg_aging
FROM hive.bi_silver.crm_deals
GROUP BY am_username
ORDER BY avg_aging DESC
LIMIT 1"
1042,66,Account Manager nào có pipeline aging thấp nhất?,,-,crm,"[""crm_deals""]",Account Manager nào có pipeline aging thấp nhất?,,"SELECT am_username, AVG(days_since_last_update) avg_aging 
FROM hive.bi_silver.crm_deals 
GROUP BY am_username 
ORDER BY avg_aging ASC 
LIMIT 1"
1043,67,Sales rep consistency index (stddev deal value / avg deal value) của từng AM là bao nhiêu?,,-,crm,"[""crm_deals""]",Sales rep consistency index (stddev deal value / avg deal value) của từng AM là bao nhiêu?,,"SELECT am_username, STDDEV(vnd_amount) / NULLIF(AVG(vnd_amount), 0) AS consistency_index
FROM hive.bi_silver.crm_deals
GROUP BY am_username
ORDER BY consistency_index DESC"
1044,68,Account Manager nào có doanh số ổn định nhất (consistency index thấp nhất)?,,-,crm,"[""crm_deals""]",Account Manager nào có doanh số ổn định nhất (consistency index thấp nhất)?,,"SELECT am_username, STDDEV(vnd_amount)/NULLIF(AVG(vnd_amount),0) consistency_index FROM hive.bi_silver.crm_deals GROUP BY am_username ORDER BY consistency_index ASC LIMIT 1"
1045,69,Sales amount volatility index của toàn hệ thống là bao nhiêu?,,-,crm,"[""crm_deals""]",Revenue volatility index của toàn hệ thống là bao nhiêu?,,"SELECT STDDEV(vnd_amount) / NULLIF(AVG(vnd_amount), 0) AS volatility_index
FROM hive.bi_silver.crm_deals"
1046,70,Deal size power-law indicator (top 10% amount share) là bao nhiêu?,,-,crm,"[""crm_deals""]",Deal size power-law indicator (top 10% amount share) là bao nhiêu?,,"WITH threshold AS (
    SELECT APPROX_PERCENTILE(vnd_amount,0.9) t
    FROM hive.bi_silver.crm_deals
),
total AS (
    SELECT SUM(vnd_amount) total_rev
    FROM hive.bi_silver.crm_deals
)
SELECT
    SUM(vnd_amount) * 1.0 / NULLIF(MAX(total_rev),0)
FROM hive.bi_silver.crm_deals
CROSS JOIN threshold
CROSS JOIN total
WHERE vnd_amount >= t"
1047,71,Top 1% deal value chiếm bao nhiêu phần trăm tổng doanh số?,,-,crm,"[""crm_deals""]",Top 1% deal value chiếm bao nhiêu phần trăm tổng doanh số?,,"WITH threshold AS (
    SELECT APPROX_PERCENTILE(vnd_amount, 0.99) t
    FROM hive.bi_silver.crm_deals
),
total AS (
    SELECT SUM(vnd_amount) total_rev
    FROM hive.bi_silver.crm_deals
)
SELECT
    SUM(vnd_amount) * 1.0 / NULLIF(MAX(total_rev), 0)
FROM hive.bi_silver.crm_deals
CROSS JOIN threshold
CROSS JOIN total
WHERE vnd_amount >= t"
1048,72,Pipeline amount entropy theo deal_stage_name là bao nhiêu?,,-,crm,"[""crm_deals""]",Pipeline amount entropy theo deal_stage_name là bao nhiêu?,,"WITH s AS (
    SELECT deal_stage_name, SUM(vnd_amount) rev
    FROM hive.bi_silver.crm_deals
    GROUP BY deal_stage_name
), t AS (
    SELECT SUM(rev) total_rev
    FROM s
)
SELECT -SUM((rev * 1.0 / NULLIF(total_rev, 0)) * LN(rev * 1.0 / NULLIF(total_rev, 0)))
FROM s
CROSS JOIN t"
1049,73,Sales channel diversification index (entropy channel amount) là bao nhiêu?,,-,crm,"[""crm_deals""]",Sales channel diversification index (entropy channel amount) là bao nhiêu?,,"WITH s AS (
    SELECT channel, SUM(vnd_amount) rev
    FROM hive.bi_silver.crm_deals
    GROUP BY channel
), t AS (
    SELECT SUM(rev) total_rev
    FROM s
)
SELECT -SUM((rev * 1.0 / NULLIF(total_rev, 0)) * LN(rev * 1.0 / NULLIF(total_rev, 0)))
FROM s
CROSS JOIN t"
1050,75,Account Manager nào có pipeline health score thấp nhất?,,-,crm,"[""crm_deals""]",Account Manager nào có pipeline health score thấp nhất?,,"SELECT am_username,
       SUM(CASE WHEN LOWER(deal_stage_name) NOT IN (LOWER('Closed Won'), LOWER('Closed Lost')) THEN 1 ELSE 0 END) * 1.0
       / NULLIF(CAST(COUNT(*) AS DOUBLE), 0) AS health_score
FROM hive.bi_silver.crm_deals
GROUP BY am_username
ORDER BY health_score ASC
LIMIT 1"
1051,76,Account Manager nào có pipeline health score cao nhất?,,-,crm,"[""crm_deals""]",Account Manager nào có pipeline health score cao nhất?,,"SELECT am_username,
       SUM(CASE WHEN LOWER(deal_stage_name) NOT IN (LOWER('Closed Won'), LOWER('Closed Lost')) THEN 1 ELSE 0 END) * 1.0
       / NULLIF(CAST(COUNT(*) AS DOUBLE), 0) AS health_score
FROM hive.bi_silver.crm_deals
GROUP BY am_username
ORDER BY health_score DESC
LIMIT 1"
1052,77,Deal cycle efficiency score (deal value / days_to_close) trung bình toàn hệ thống là bao nhiêu?,,-,crm,"[""crm_deals""]",Deal cycle efficiency score (deal value / days_to_close) trung bình toàn hệ thống là bao nhiêu?,,"SELECT AVG(vnd_amount/NULLIF(days_to_close,0)) efficiency_score FROM hive.bi_silver.crm_deals"
1053,78,Account Manager nào có deal cycle efficiency cao nhất?,,-,crm,"[""crm_deals""]",Account Manager nào có deal cycle efficiency cao nhất?,,"SELECT am_username, AVG(vnd_amount/NULLIF(days_to_close,0)) efficiency_score 
FROM hive.bi_silver.crm_deals 
GROUP BY am_username 
ORDER BY efficiency_score DESC 
LIMIT 1"
1054,79,Account Manager nào có deal cycle efficiency thấp nhất?,,-,crm,"[""crm_deals""]",Account Manager nào có deal cycle efficiency thấp nhất?,,"SELECT am_username, AVG(vnd_amount/NULLIF(days_to_close,0)) efficiency_score FROM hive.bi_silver.crm_deals GROUP BY am_username ORDER BY efficiency_score ASC LIMIT 1"
1055,80,Pipeline aging index toàn hệ thống là bao nhiêu (avg days_since_last_update)?,,-,crm,"[""crm_deals""]",Pipeline aging index toàn hệ thống là bao nhiêu (avg days_since_last_update)?,,"SELECT AVG(days_since_last_update) pipeline_aging_index
FROM hive.bi_silver.crm_deals"
1056,81,Tỷ lệ deal có cycle time vượt quá 2 lần median cycle time là bao nhiêu?,,-,crm,"[""crm_deals""]",Tỷ lệ deal có cycle time vượt quá 2 lần median cycle time là bao nhiêu?,,"WITH m AS (
    SELECT APPROX_PERCENTILE(days_to_close, 0.5) med
    FROM hive.bi_silver.crm_deals
)
SELECT
    SUM(CASE WHEN days_to_close > med * 2 THEN 1 ELSE 0 END) * 1.0
    / NULLIF(CAST(COUNT(*) AS DOUBLE), 0)
FROM hive.bi_silver.crm_deals
CROSS JOIN m"
1057,82,Account Manager nào có tỷ lệ deal lớn (>1B VND) cao nhất?,,-,crm,"[""crm_deals""]",Account Manager nào có tỷ lệ deal lớn (>1B VND) cao nhất?,,"SELECT am_username,
       SUM(CASE WHEN vnd_amount > 1000000000 THEN 1 ELSE 0 END) * 1.0 / NULLIF(CAST(COUNT(*) AS DOUBLE), 0) AS big_deal_rate
FROM hive.bi_silver.crm_deals
GROUP BY am_username
ORDER BY big_deal_rate DESC
LIMIT 1"
1058,83,Channel nào có tỷ lệ big deal cao nhất?,,-,crm,"[""crm_deals""]",Channel nào có tỷ lệ big deal cao nhất?,,"SELECT channel,
       SUM(CASE WHEN vnd_amount > 1000000000 THEN 1 ELSE 0 END) * 1.0 / NULLIF(CAST(COUNT(*) AS DOUBLE), 0) big_deal_rate
FROM hive.bi_silver.crm_deals
GROUP BY channel
ORDER BY big_deal_rate DESC
LIMIT 1"
1059,84,Tỷ lệ pipeline value nằm trong top 20% deal lớn nhất là bao nhiêu?,,-,crm,"[""crm_deals""]",Tỷ lệ pipeline value nằm trong top 20% deal lớn nhất là bao nhiêu?,,"WITH t AS (
    SELECT APPROX_PERCENTILE(vnd_amount, 0.8) p
    FROM hive.bi_silver.crm_deals
),
tot AS (
    SELECT SUM(vnd_amount) total_rev
    FROM hive.bi_silver.crm_deals
)
SELECT
    SUM(vnd_amount) * 1.0 / NULLIF(MAX(total_rev), 0)
FROM hive.bi_silver.crm_deals
CROSS JOIN t
CROSS JOIN tot
WHERE vnd_amount >= p"
1060,85,Account Manager nào có pipeline value concentration cao nhất (HHI theo deal)?,,-,crm,"[""crm_deals""]",Account Manager nào có pipeline value concentration cao nhất (HHI theo deal)?,,"WITH s AS (SELECT am_username, vnd_amount FROM hive.bi_silver.crm_deals), t AS (SELECT SUM(vnd_amount) total_rev FROM hive.bi_silver.crm_deals) SELECT am_username, SUM(POWER(vnd_amount*1.0/NULLIF(total_rev,0),2)) hhi FROM s CROSS JOIN t GROUP BY am_username ORDER BY hhi DESC LIMIT 1"
1061,86,Sales productivity index (amount per deal) trung bình hệ thống là bao nhiêu?,,-,crm,"[""crm_deals""]",Sales productivity index (amount per deal) trung bình hệ thống là bao nhiêu?,,"SELECT SUM(vnd_amount) / NULLIF(CAST(COUNT(*) AS DOUBLE), 0) productivity_index
FROM hive.bi_silver.crm_deals"
1062,87,Account Manager nào có productivity index cao nhất?,,-,crm,"[""crm_deals""]",Account Manager nào có productivity index cao nhất?,,"SELECT am_username, SUM(vnd_amount) / NULLIF(CAST(COUNT(*) AS DOUBLE), 0) AS productivity_index
FROM hive.bi_silver.crm_deals
GROUP BY am_username
ORDER BY productivity_index DESC
LIMIT 1"
1063,88,Account Manager nào có productivity index thấp nhất?,,-,crm,"[""crm_deals""]",Account Manager nào có productivity index thấp nhất?,,"SELECT am_username, SUM(vnd_amount) / NULLIF(CAST(COUNT(*) AS DOUBLE), 0) AS productivity_index
FROM hive.bi_silver.crm_deals
GROUP BY am_username
ORDER BY productivity_index ASC
LIMIT 1"
1064,89,Tỷ lệ pipeline value thuộc deal stagnation (>30 ngày không update) là bao nhiêu?,,-,crm,"[""crm_deals""]",Tỷ lệ pipeline value thuộc deal stagnation (>30 ngày không update) là bao nhiêu?,,"WITH tot AS (
    SELECT SUM(vnd_amount) total_rev
    FROM hive.bi_silver.crm_deals
)
SELECT
    SUM(CASE WHEN days_since_last_update > 30
             THEN vnd_amount ELSE 0 END) * 1.0
    / NULLIF(MAX(total_rev),0)
FROM hive.bi_silver.crm_deals
CROSS JOIN tot"
1065,90,Deal nào có amount efficiency cao nhất (vnd_amount/days_to_close)?,,-,crm,"[""crm_deals""]",Deal nào có amount efficiency cao nhất (vnd_amount/days_to_close)?,,"SELECT deal_name, vnd_amount/NULLIF(days_to_close,0) efficiency FROM hive.bi_silver.crm_deals ORDER BY efficiency DESC LIMIT 1"
1066,91,Deal nào có amount efficiency thấp nhất?,,-,crm,"[""crm_deals""]",Deal nào có amount efficiency thấp nhất?,,"SELECT deal_name, vnd_amount/NULLIF(days_to_close,0) efficiency FROM hive.bi_silver.crm_deals ORDER BY efficiency ASC LIMIT 1"
1067,92,Channel nào có pipeline aging cao nhất?,,-,crm,"[""crm_deals""]",Channel nào có pipeline aging cao nhất?,,"SELECT channel, AVG(days_since_last_update) aging
FROM hive.bi_silver.crm_deals
GROUP BY channel
ORDER BY aging DESC
LIMIT 1"
1068,93,Channel nào có pipeline aging thấp nhất?,,-,crm,"[""crm_deals""]",Channel nào có pipeline aging thấp nhất?,,"SELECT channel, AVG(days_since_last_update) aging
FROM hive.bi_silver.crm_deals
GROUP BY channel
ORDER BY aging ASC
LIMIT 1"
1069,94,Segment nào có pipeline stagnation rate cao nhất?,,-,crm,"[""crm_deals""]",Segment nào có pipeline stagnation rate cao nhất?,,"SELECT
    customer_segment_l1,
    SUM(CASE WHEN days_since_last_update > 30 THEN 1 ELSE 0 END) * 1.0 / NULLIF(CAST(COUNT(*) AS DOUBLE), 0) AS stagnation_rate
FROM hive.bi_silver.crm_deals
GROUP BY customer_segment_l1
ORDER BY stagnation_rate DESC
LIMIT 1"
1070,95,Segment nào có deal cycle nhanh nhất?,,-,crm,"[""crm_deals""]",Segment nào có deal cycle nhanh nhất?,,"SELECT customer_segment_l1, AVG(days_to_close) cycle FROM hive.bi_silver.crm_deals GROUP BY customer_segment_l1 ORDER BY cycle ASC LIMIT 1"
1071,96,Segment nào có deal cycle chậm nhất?,,-,crm,"[""crm_deals""]",Segment nào có deal cycle chậm nhất?,,"SELECT customer_segment_l1, AVG(days_to_close) cycle 
FROM hive.bi_silver.crm_deals 
GROUP BY customer_segment_l1 
ORDER BY cycle DESC 
LIMIT 1"
1072,97,Account Manager nào có deal aging variance lớn nhất?,,-,crm,"[""crm_deals""]",Account Manager nào có deal aging variance lớn nhất?,,"SELECT am_username, VARIANCE(days_since_last_update) AS aging_variance
FROM hive.bi_silver.crm_deals
GROUP BY am_username
ORDER BY aging_variance DESC
LIMIT 1"
1073,98,Account Manager nào có deal cycle variance lớn nhất?,,-,crm,"[""crm_deals""]",Account Manager nào có deal cycle variance lớn nhất?,,"SELECT am_username, VARIANCE(days_to_close) cycle_variance
FROM hive.bi_silver.crm_deals
GROUP BY am_username
ORDER BY cycle_variance DESC
LIMIT 1"
1074,99,Channel nào có volatility amount cao nhất (stddev amount)?,,-,crm,"[""crm_deals""]",Channel nào có volatility amount cao nhất (stddev amount)?,,"SELECT channel, STDDEV(vnd_amount) volatility 
FROM hive.bi_silver.crm_deals 
GROUP BY channel 
ORDER BY volatility DESC 
LIMIT 1"
1075,1,Tổng số đối tác trong hệ thống CRM,,,crm,"[""crm_partners""]",Tổng số đối tác trong hệ thống CRM,,SELECT COUNT(DISTINCT id) AS total_partners FROM hive.bi_silver.crm_partners
1076,2,Số lượng đối tác theo loại đối tác partner_type,,,crm,"[""crm_partners""]",Số lượng đối tác theo loại đối tác partner_type,,"SELECT partner_type, COUNT(DISTINCT id) AS total_partners FROM hive.bi_silver.crm_partners GROUP BY partner_type"
1077,4,Phân bố số lượng đối tác theo quốc gia,,,crm,"[""crm_partners""]",Phân bố số lượng đối tác theo quốc gia,,"SELECT country, COUNT(DISTINCT id) AS total_partners FROM hive.bi_silver.crm_partners GROUP BY country ORDER BY total_partners DESC"
1078,5,Top 10 quốc gia có nhiều đối tác nhất,,,crm,"[""crm_partners""]",Top 10 quốc gia có nhiều đối tác nhất,,"SELECT country, COUNT(DISTINCT id) AS total_partners FROM hive.bi_silver.crm_partners GROUP BY country ORDER BY total_partners DESC LIMIT 10"
1079,6,Tỷ trọng đối tác theo loại đối tác,,,crm,"[""crm_partners""]",Tỷ trọng đối tác theo loại đối tác,,"WITH base AS (
    SELECT partner_type, COUNT(*) AS cnt
    FROM hive.bi_silver.crm_partners
    GROUP BY partner_type
), total AS (
    SELECT SUM(cnt) AS total_cnt
    FROM base
)
SELECT b.partner_type,
       b.cnt,
       CAST(b.cnt AS DOUBLE) / NULLIF(t.total_cnt, 0) AS partner_share
FROM base b
CROSS JOIN total t"
1080,9,Xu hướng số lượng đối tác bắt đầu hiệu lực theo năm,,,crm,"[""crm_partners""]",Xu hướng số lượng đối tác bắt đầu hiệu lực theo năm,,"SELECT year(effective_date) AS year, COUNT(DISTINCT id) AS total_partners FROM hive.bi_silver.crm_partners GROUP BY year(effective_date) ORDER BY year"
1081,10,Số lượng đối tác hết hạn theo năm expiration_date,,,crm,"[""crm_partners""]",Số lượng đối tác hết hạn theo năm expiration_date,,"SELECT year(expiration_date) AS year, COUNT(DISTINCT id) AS total_partners FROM hive.bi_silver.crm_partners GROUP BY year(expiration_date) ORDER BY year"
1082,14,Số lượng đối tác theo chức vụ của người liên hệ,,,crm,"[""crm_partners""]",Số lượng đối tác theo chức vụ của người liên hệ,,"SELECT contact_position, COUNT(DISTINCT id) AS total_partners FROM hive.bi_silver.crm_partners GROUP BY contact_position"
1083,15,Số lượng đối tác không có email liên hệ,,,crm,"[""crm_partners""]",Số lượng đối tác không có email liên hệ,,"SELECT COUNT(*) AS partners_without_email
FROM hive.bi_silver.crm_partners
WHERE contact_email IS NULL OR LOWER(contact_email) = LOWER('')"
1084,16,Số lượng đối tác không có số điện thoại liên hệ,,,crm,"[""crm_partners""]",Số lượng đối tác không có số điện thoại liên hệ,,"SELECT COUNT(*) AS partners_without_mobile
FROM hive.bi_silver.crm_partners
WHERE contact_mobile IS NULL
   OR LOWER(contact_mobile) = LOWER('')"
1085,18,Số lượng đối tác theo loại đối tác tiếng Việt,,,crm,"[""crm_partners""]",Số lượng đối tác theo loại đối tác tiếng Việt,,"SELECT partner_type_vi, COUNT(DISTINCT id) AS total_partners
FROM hive.bi_silver.crm_partners
GROUP BY partner_type_vi"
1086,21,Chỉ số tập trung đối tác theo quốc gia (HHI),,,crm,"[""crm_partners""]",Chỉ số tập trung đối tác theo quốc gia (HHI),,"WITH base AS (
    SELECT country, COUNT(*) AS cnt
    FROM hive.bi_silver.crm_partners
    GROUP BY country
), total AS (
    SELECT SUM(cnt) AS total_cnt
    FROM base
)
SELECT SUM(POWER(CAST(cnt AS DOUBLE) / NULLIF(total_cnt, 0), 2)) AS country_partner_hhi
FROM base
CROSS JOIN total"
1087,22,Tỷ trọng đối tác theo quốc gia,,,crm,"[""crm_partners""]",Tỷ trọng đối tác theo quốc gia,,"WITH base AS (
    SELECT country, COUNT(*) AS cnt
    FROM hive.bi_silver.crm_partners
    GROUP BY country
), total AS (
    SELECT SUM(cnt) AS total_cnt
    FROM base
)
SELECT
    country,
    cnt,
    CAST(cnt AS DOUBLE) / NULLIF(total_cnt, 0) AS partner_share
FROM base
CROSS JOIN total"
1088,23,Chỉ số tập trung đối tác theo loại đối tác (HHI),,,crm,"[""crm_partners""]",Chỉ số tập trung đối tác theo loại đối tác (HHI),,"WITH base AS (
    SELECT partner_type, COUNT(*) AS cnt
    FROM hive.bi_silver.crm_partners
    GROUP BY partner_type
), total AS (
    SELECT SUM(cnt) AS total_cnt
    FROM base
)
SELECT SUM(POWER(CAST(cnt AS DOUBLE) / NULLIF(total_cnt, 0), 2)) AS partner_type_hhi
FROM base
CROSS JOIN total"
1089,24,Số đối tác mới bắt đầu hợp tác theo tháng,,,crm,"[""crm_partners""]",Số đối tác mới bắt đầu hợp tác theo tháng,,"SELECT date_trunc('month', effective_date) AS month,
       COUNT(*) AS new_partners
FROM hive.bi_silver.crm_partners
GROUP BY date_trunc('month', effective_date)
ORDER BY month"
1090,25,Số đối tác hết hạn hợp đồng theo tháng,,,crm,"[""crm_partners""]",Số đối tác hết hạn hợp đồng theo tháng,,"SELECT date_trunc('month', expiration_date) AS month,
       COUNT(*) AS expired_partners
FROM hive.bi_silver.crm_partners
GROUP BY date_trunc('month', expiration_date)
ORDER BY month"
1091,28,Thời gian hợp đồng trung bình của đối tác (ngày),,,crm,"[""crm_partners""]",Thời gian hợp đồng trung bình của đối tác (ngày),,"SELECT AVG(date_diff('day', effective_date, expiration_date)) AS avg_contract_days FROM hive.bi_silver.crm_partners WHERE effective_date IS NOT NULL AND expiration_date IS NOT NULL"
1092,29,Phân bố thời gian hợp đồng theo loại đối tác,,,crm,"[""crm_partners""]",Phân bố thời gian hợp đồng theo loại đối tác,,"SELECT partner_type, AVG(date_diff('day', effective_date, expiration_date)) AS avg_contract_days FROM hive.bi_silver.crm_partners WHERE effective_date IS NOT NULL AND expiration_date IS NOT NULL GROUP BY partner_type"
1093,31,Số đối tác sắp hết hạn trong 90 ngày tới,,,crm,"[""crm_partners""]",Số đối tác sắp hết hạn trong 90 ngày tới,,"SELECT COUNT(*) AS partners_expiring_90d
FROM hive.bi_silver.crm_partners
WHERE expiration_date BETWEEN CURRENT_DATE AND CURRENT_DATE + INTERVAL '90' DAY"
1094,33,Số đối tác chưa có document_number hợp lệ,,,crm,"[""crm_partners""]",Số đối tác chưa có document_number hợp lệ,,"SELECT COUNT(*) AS partners_without_document
FROM hive.bi_silver.crm_partners
WHERE document_number IS NULL
   OR LOWER(document_number) = LOWER('')"
1095,34,Tỷ lệ đối tác thiếu email liên hệ,,,crm,"[""crm_partners""]",Tỷ lệ đối tác thiếu email liên hệ,,"WITH base AS (
    SELECT COUNT(*) AS missing_email
    FROM hive.bi_silver.crm_partners
    WHERE contact_email IS NULL
       OR LOWER(contact_email) = LOWER('')
), total AS (
    SELECT COUNT(*) AS total_cnt
    FROM hive.bi_silver.crm_partners
)
SELECT CAST(missing_email AS DOUBLE) / NULLIF(total_cnt, 0) AS missing_email_ratio
FROM base
CROSS JOIN total"
1096,35,Tỷ lệ đối tác thiếu số điện thoại liên hệ,,,crm,"[""crm_partners""]",Tỷ lệ đối tác thiếu số điện thoại liên hệ,,"WITH base AS (
    SELECT COUNT(*) AS missing_phone
    FROM hive.bi_silver.crm_partners
    WHERE contact_mobile IS NULL OR LOWER(contact_mobile) = LOWER('')
), 
total AS (
    SELECT COUNT(*) AS total_cnt
    FROM hive.bi_silver.crm_partners
)
SELECT CAST(missing_phone AS DOUBLE) / NULLIF(total_cnt, 0) AS missing_phone_ratio
FROM base CROSS JOIN total"
1097,36,Số lượng đối tác theo loại tài liệu hợp đồng,,,crm,"[""crm_partners""]",Số lượng đối tác theo loại tài liệu hợp đồng,,"SELECT document_type, COUNT(*) AS total_partners FROM hive.bi_silver.crm_partners GROUP BY document_type"
1098,37,Tỷ trọng loại tài liệu hợp đồng,,,crm,"[""crm_partners""]",Tỷ trọng loại tài liệu hợp đồng,,"WITH base AS (
    SELECT document_type, COUNT(*) AS cnt
    FROM hive.bi_silver.crm_partners
    GROUP BY document_type
), total AS (
    SELECT SUM(cnt) AS total_cnt
    FROM base
)
SELECT document_type,
       CAST(cnt AS DOUBLE) / NULLIF(total_cnt, 0) AS document_share
FROM base
CROSS JOIN total"
1099,38,Số đối tác không có quốc gia xác định,,,crm,"[""crm_partners""]",Số đối tác không có quốc gia xác định,,"SELECT COUNT(*) AS partners_without_country
FROM hive.bi_silver.crm_partners
WHERE country IS NULL OR LOWER(country) = LOWER('None')"
1100,41,Số đối tác theo chức vụ người liên hệ,,,crm,"[""crm_partners""]",Số đối tác theo chức vụ người liên hệ,,"SELECT contact_position, COUNT(*) AS total_partners
FROM hive.bi_silver.crm_partners
GROUP BY contact_position"
1101,42,Tỷ trọng đối tác theo chức vụ liên hệ,,,crm,"[""crm_partners""]",Tỷ trọng đối tác theo chức vụ liên hệ,,"WITH base AS (
    SELECT contact_position, COUNT(*) AS cnt
    FROM hive.bi_silver.crm_partners
    GROUP BY contact_position
), total AS (
    SELECT SUM(cnt) AS total_cnt
    FROM base
)
SELECT
    contact_position,
    CAST(cnt AS DOUBLE) / NULLIF(total_cnt, 0) AS share
FROM base
CROSS JOIN total"
1102,48,Tỷ lệ đối tác distributor trong toàn hệ thống,,,crm,"[""crm_partners""]",Tỷ lệ đối tác distributor trong toàn hệ thống,,"WITH base AS (
    SELECT COUNT(*) AS distributor_cnt
    FROM hive.bi_silver.crm_partners
    WHERE LOWER(partner_type) = LOWER('Distributor')
), total AS (
    SELECT COUNT(*) AS total_cnt
    FROM hive.bi_silver.crm_partners
)
SELECT CAST(distributor_cnt AS DOUBLE) / NULLIF(total_cnt, 0) AS distributor_ratio
FROM base CROSS JOIN total"
1103,49,Tỷ lệ đối tác agent trong toàn hệ thống,,,crm,"[""crm_partners""]",Tỷ lệ đối tác agent trong toàn hệ thống,,"WITH base AS (
    SELECT COUNT(*) AS agent_cnt
    FROM hive.bi_silver.crm_partners
    WHERE LOWER(partner_type) = LOWER('Agent')
), total AS (
    SELECT COUNT(*) AS total_cnt
    FROM hive.bi_silver.crm_partners
)
SELECT CAST(agent_cnt AS DOUBLE) / NULLIF(total_cnt, 0) AS agent_ratio
FROM base CROSS JOIN total"
1104,53,Chỉ số đa dạng hệ sinh thái đối tác theo quốc gia (1-HHI),,,crm,"[""crm_partners""]",Chỉ số đa dạng hệ sinh thái đối tác theo quốc gia (1-HHI),,"WITH base AS (
    SELECT country, COUNT(*) cnt
    FROM hive.bi_silver.crm_partners
    GROUP BY country
), total AS (
    SELECT SUM(cnt) total_cnt
    FROM base
), hhi AS (
    SELECT SUM(POWER(CAST(cnt AS DOUBLE) / NULLIF(total_cnt, 0), 2)) AS h
    FROM base
    CROSS JOIN total
)
SELECT 1 - h AS diversification_index
FROM hhi"
1105,54,Top 5 quốc gia chiếm tỷ trọng đối tác lớn nhất,,,crm,"[""crm_partners""]",Top 5 quốc gia chiếm tỷ trọng đối tác lớn nhất,,"WITH base AS (
    SELECT country, COUNT(*) cnt
    FROM hive.bi_silver.crm_partners
    GROUP BY country
), total AS (
    SELECT SUM(cnt) total_cnt
    FROM base
)
SELECT country,
       CAST(cnt AS DOUBLE) / NULLIF(total_cnt, 0) AS share
FROM base
CROSS JOIN total
ORDER BY share DESC
LIMIT 5"
1106,55,Tỷ lệ tập trung top 3 quốc gia đối tác,,,crm,"[""crm_partners""]",Tỷ lệ tập trung top 3 quốc gia đối tác,,"WITH base AS (
    SELECT country, COUNT(*) cnt
    FROM hive.bi_silver.crm_partners
    GROUP BY country
    ORDER BY cnt DESC
    LIMIT 3
),
total AS (
    SELECT COUNT(*) total_cnt
    FROM hive.bi_silver.crm_partners
)
SELECT
    SUM(cnt) * 1.0 / NULLIF(CAST(MAX(total_cnt) AS DOUBLE), 0) AS top3_country_share
FROM base
CROSS JOIN total"
1107,56,Tỷ lệ tập trung top 5 đối tác theo quốc gia,,,crm,"[""crm_partners""]",Tỷ lệ tập trung top 5 đối tác theo quốc gia,,"WITH base AS (
    SELECT country, COUNT(*) cnt
    FROM hive.bi_silver.crm_partners
    GROUP BY country
    ORDER BY cnt DESC
    LIMIT 5
),
total AS (
    SELECT COUNT(*) total_cnt
    FROM hive.bi_silver.crm_partners
)
SELECT
    SUM(cnt) * 1.0 / NULLIF(CAST(MAX(total_cnt) AS DOUBLE), 0) AS top5_country_share
FROM base
CROSS JOIN total"
1108,57,Tỷ lệ hợp đồng hết hạn trong 180 ngày tới,,,crm,"[""crm_partners""]",Tỷ lệ hợp đồng hết hạn trong 180 ngày tới,,"WITH exp AS (
    SELECT COUNT(*) cnt
    FROM hive.bi_silver.crm_partners
    WHERE expiration_date BETWEEN CURRENT_DATE AND CURRENT_DATE + INTERVAL '180' DAY
), total AS (
    SELECT COUNT(*) total_cnt
    FROM hive.bi_silver.crm_partners
)
SELECT CAST(cnt AS DOUBLE) / NULLIF(total_cnt, 0) AS expiration_risk_ratio
FROM exp CROSS JOIN total"
1109,58,Chỉ số rủi ro hết hạn hợp đồng theo quốc gia,,,crm,"[""crm_partners""]",Chỉ số rủi ro hết hạn hợp đồng theo quốc gia,,"WITH base AS (
    SELECT
        country,
        SUM(CASE WHEN expiration_date < CURRENT_DATE THEN 1 ELSE 0 END) AS expired_cnt,
        COUNT(*) AS total_cnt
    FROM hive.bi_silver.crm_partners
    GROUP BY country
)
SELECT
    country,
    expired_cnt / NULLIF(CAST(total_cnt AS DOUBLE), 0) AS expiry_risk
FROM base"
1110,60,Thời gian hợp đồng trung vị,,,crm,"[""crm_partners""]",Thời gian hợp đồng trung vị,,"SELECT approx_percentile(date_diff('day', effective_date, expiration_date), 0.5) AS median_contract_days
FROM hive.bi_silver.crm_partners
WHERE effective_date IS NOT NULL
  AND expiration_date IS NOT NULL"
1111,61,Độ lệch chuẩn thời gian hợp đồng,,,crm,"[""crm_partners""]",Độ lệch chuẩn thời gian hợp đồng,,"SELECT stddev(date_diff('day',effective_date,expiration_date)) AS contract_duration_std 
FROM hive.bi_silver.crm_partners 
WHERE effective_date IS NOT NULL 
  AND expiration_date IS NOT NULL"
1112,64,Chỉ số đa dạng loại hợp đồng,,,crm,"[""crm_partners""]",Chỉ số đa dạng loại hợp đồng,,"WITH base AS (
    SELECT document_type, COUNT(*) cnt
    FROM hive.bi_silver.crm_partners
    GROUP BY document_type
), total AS (
    SELECT SUM(cnt) total_cnt
    FROM base
)
SELECT -SUM(
    (CAST(cnt AS DOUBLE) / NULLIF(total_cnt, 0)) *
    LN(CAST(cnt AS DOUBLE) / NULLIF(total_cnt, 0))
)
FROM base
CROSS JOIN total"
1113,65,Tỷ lệ đối tác có dữ liệu liên hệ đầy đủ,,,crm,"[""crm_partners""]",Tỷ lệ đối tác có dữ liệu liên hệ đầy đủ,,"WITH base AS (
    SELECT COUNT(*) good_cnt
    FROM hive.bi_silver.crm_partners
    WHERE contact_email IS NOT NULL
      AND contact_mobile IS NOT NULL
), total AS (
    SELECT COUNT(*) total_cnt
    FROM hive.bi_silver.crm_partners
)
SELECT CAST(good_cnt AS DOUBLE) / NULLIF(total_cnt, 0)
FROM base
CROSS JOIN total"
1114,66,Chỉ số chất lượng dữ liệu liên hệ đối tác,,,crm,"[""crm_partners""]",Chỉ số chất lượng dữ liệu liên hệ đối tác,,"WITH base AS (
    SELECT
        (CASE WHEN contact_email IS NOT NULL THEN 1 ELSE 0 END
         + CASE WHEN contact_mobile IS NOT NULL THEN 1 ELSE 0 END) / 2.0 AS score
    FROM hive.bi_silver.crm_partners
)
SELECT AVG(score) AS data_quality_score
FROM base"
1115,67,Top quốc gia có thời gian hợp đồng trung bình dài nhất,,,crm,"[""crm_partners""]",Top quốc gia có thời gian hợp đồng trung bình dài nhất,,"SELECT country, AVG(date_diff('day', effective_date, expiration_date)) avg_days
FROM hive.bi_silver.crm_partners
GROUP BY country
ORDER BY avg_days DESC
LIMIT 10"
1116,68,Top quốc gia có hợp đồng ngắn nhất,,,crm,"[""crm_partners""]",Top quốc gia có hợp đồng ngắn nhất,,"SELECT country, AVG(date_diff('day', effective_date, expiration_date)) avg_days
FROM hive.bi_silver.crm_partners
GROUP BY country
ORDER BY avg_days ASC
LIMIT 10"
1117,71,Số đối tác mới theo quý,,,crm,"[""crm_partners""]",Số đối tác mới theo quý,,"SELECT
    date_trunc('quarter', effective_date) AS q,
    COUNT(*)
FROM hive.bi_silver.crm_partners
GROUP BY 1
ORDER BY 1"
1118,72,Số đối tác hết hạn theo quý,,,crm,"[""crm_partners""]",Số đối tác hết hạn theo quý,,"SELECT date_trunc('quarter', expiration_date) q, COUNT(*) 
FROM hive.bi_silver.crm_partners 
GROUP BY 1 
ORDER BY 1"
1119,73,Tốc độ tăng trưởng số đối tác theo năm,,,crm,"[""crm_partners""]",Tốc độ tăng trưởng số đối tác theo năm,,"SELECT year(effective_date) y, COUNT(*) FROM hive.bi_silver.crm_partners GROUP BY 1 ORDER BY 1"
1120,75,Chỉ số diversification loại đối tác,,,crm,"[""crm_partners""]",Chỉ số diversification loại đối tác,,"WITH base AS (
    SELECT partner_type, COUNT(*) cnt
    FROM hive.bi_silver.crm_partners
    GROUP BY partner_type
), total AS (
    SELECT SUM(cnt) total_cnt
    FROM base
), hhi AS (
    SELECT SUM(POWER(CAST(cnt AS DOUBLE) / NULLIF(total_cnt, 0), 2)) h
    FROM base CROSS JOIN total
)
SELECT 1 - h FROM hhi"
1121,76,Tỷ lệ top 10 đối tác theo quốc gia,,,crm,"[""crm_partners""]",Tỷ lệ top 10 đối tác theo quốc gia,,"WITH base AS (
    SELECT country, COUNT(*) cnt
    FROM hive.bi_silver.crm_partners
    GROUP BY country
    ORDER BY cnt DESC
    LIMIT 10
),
total AS (
    SELECT COUNT(*) total_cnt
    FROM hive.bi_silver.crm_partners
)
SELECT
    CAST(SUM(cnt) AS DOUBLE) / NULLIF(MAX(total_cnt), 0)
FROM base
CROSS JOIN total"
1122,78,Phát hiện quốc gia có tăng trưởng đối tác bất thường,,,crm,"[""crm_partners""]",Phát hiện quốc gia có tăng trưởng đối tác bất thường,,"WITH base AS (
    SELECT country, COUNT(*) cnt
    FROM hive.bi_silver.crm_partners
    GROUP BY country
), stats AS (
    SELECT AVG(cnt) m, STDDEV(cnt) s
    FROM base
)
SELECT b.country,
       (CAST(b.cnt AS DOUBLE) - m) / NULLIF(s, 0) zscore
FROM base b
CROSS JOIN stats
WHERE ABS((CAST(b.cnt AS DOUBLE) - m) / NULLIF(s, 0)) > 3"
1123,79,Tỷ lệ hợp đồng kéo dài hơn 5 năm,,,crm,"[""crm_partners""]",Tỷ lệ hợp đồng kéo dài hơn 5 năm,,"WITH base AS (
    SELECT COUNT(*) cnt
    FROM hive.bi_silver.crm_partners
    WHERE date_diff('year', effective_date, expiration_date) >= 5
), total AS (
    SELECT COUNT(*) total_cnt
    FROM hive.bi_silver.crm_partners
)
SELECT CAST(cnt AS DOUBLE) / NULLIF(total_cnt, 0)
FROM base
CROSS JOIN total"
1124,80,Tỷ lệ hợp đồng dưới 1 năm,,,crm,"[""crm_partners""]",Tỷ lệ hợp đồng dưới 1 năm,,"WITH base AS (
    SELECT COUNT(*) cnt
    FROM hive.bi_silver.crm_partners
    WHERE date_diff('year', effective_date, expiration_date) < 1
), total AS (
    SELECT COUNT(*) total_cnt
    FROM hive.bi_silver.crm_partners
)
SELECT CAST(cnt AS DOUBLE) / NULLIF(total_cnt, 0)
FROM base
CROSS JOIN total"
1125,1,Tổng giá trị thanh toán dự báo theo VND trong hệ thống,,,crm,"[""crm_expected_revenue""]",Tổng giá trị thanh toán dự báo theo VND trong hệ thống,,"SELECT SUM(vnd_amount) AS total_forecast_vnd
FROM hive.bi_silver.crm_expected_revenue"
1126,2,Tổng giá trị thanh toán dự báo theo loại tiền tệ,,,crm,"[""crm_expected_revenue""]",Tổng giá trị thanh toán dự báo theo loại tiền tệ,,"SELECT currency_code, SUM(currency_amount) AS total_currency_amount 
FROM hive.bi_silver.crm_expected_revenue 
GROUP BY currency_code"
1127,3,Số lượng khoản thanh toán dự báo theo giai đoạn giao dịch,,,crm,"[""crm_expected_revenue""]",Số lượng khoản thanh toán dự báo theo giai đoạn giao dịch,,"SELECT deal_stage_name, COUNT(*) AS total_payments 
FROM hive.bi_silver.crm_expected_revenue 
GROUP BY deal_stage_name"
1128,4,Tổng giá trị thanh toán dự báo theo danh mục sản phẩm,,,crm,"[""crm_expected_revenue""]",Tổng giá trị thanh toán dự báo theo danh mục sản phẩm,,"SELECT product_category, SUM(vnd_amount) AS total_vnd_amount 
FROM hive.bi_silver.crm_expected_revenue 
GROUP BY product_category 
ORDER BY total_vnd_amount DESC"
1129,5,Top 10 khách hàng có tổng giá trị thanh toán dự báo cao nhất,,,crm,"[""crm_expected_revenue""]",Top 10 khách hàng có tổng giá trị thanh toán dự báo cao nhất,,"SELECT customer_name, SUM(vnd_amount) AS total_vnd_amount
FROM hive.bi_silver.crm_expected_revenue
GROUP BY customer_name
ORDER BY total_vnd_amount DESC
LIMIT 10"
1130,6,Tổng giá trị thanh toán dự báo theo khu vực territory,,,crm,"[""crm_expected_revenue""]",Tổng giá trị thanh toán dự báo theo khu vực territory,,"SELECT territory_name, SUM(vnd_amount) AS total_vnd_amount 
FROM hive.bi_silver.crm_expected_revenue 
GROUP BY territory_name"
1131,7,Tỷ trọng giá trị thanh toán dự báo theo danh mục sản phẩm,,,crm,"[""crm_expected_revenue""]",Tỷ trọng giá trị thanh toán dự báo theo danh mục sản phẩm,,"WITH base AS (
    SELECT
        product_category,
        SUM(vnd_amount) AS amount
    FROM hive.bi_silver.crm_expected_revenue
    GROUP BY product_category
),
total AS (
    SELECT
        SUM(amount) AS total_amount
    FROM base
)
SELECT
    b.product_category,
    b.amount / NULLIF(t.total_amount, 0) AS payment_share
FROM base b
CROSS JOIN total t"
1132,8,Giá trị thanh toán dự báo trung bình theo loại sản phẩm,,,crm,"[""crm_expected_revenue""]",Giá trị thanh toán dự báo trung bình theo loại sản phẩm,,"SELECT product_type, AVG(vnd_amount) AS avg_payment_vnd
FROM hive.bi_silver.crm_expected_revenue
GROUP BY product_type"
1133,9,Xu hướng tổng giá trị thanh toán dự báo theo tháng,,,crm,"[""crm_expected_revenue""]",Xu hướng tổng giá trị thanh toán dự báo theo tháng,,"SELECT date_trunc('month', due_date) AS month, SUM(vnd_amount) AS total_vnd_amount FROM hive.bi_silver.crm_expected_revenue GROUP BY date_trunc('month', due_date) ORDER BY month"
1134,10,Số lượng khoản thanh toán dự báo theo account manager,,,crm,"[""crm_expected_revenue""]",Số lượng khoản thanh toán dự báo theo account manager,,"SELECT am_username, COUNT(*) AS total_payments FROM hive.bi_silver.crm_expected_revenue GROUP BY am_username ORDER BY total_payments DESC"
1135,11,So sánh tổng thanh toán dự báo và thanh toán thực tế,,,crm,"[""crm_expected_revenue""]",So sánh tổng thanh toán dự báo và thanh toán thực tế,,"SELECT is_actual, SUM(vnd_amount) AS total_vnd_amount 
FROM hive.bi_silver.crm_expected_revenue 
GROUP BY is_actual"
1136,12,Số lượng khoản thanh toán định kỳ và không định kỳ,,,crm,"[""crm_expected_revenue""]",Số lượng khoản thanh toán định kỳ và không định kỳ,,"SELECT is_recurring, COUNT(*) AS total_payments 
FROM hive.bi_silver.crm_expected_revenue 
GROUP BY is_recurring"
1137,13,Top 10 hợp đồng có tổng giá trị thanh toán dự báo cao nhất,,,crm,"[""crm_expected_revenue""]",Top 10 hợp đồng có tổng giá trị thanh toán dự báo cao nhất,,"SELECT contract_id, SUM(vnd_amount) AS total_vnd_amount 
FROM hive.bi_silver.crm_expected_revenue 
GROUP BY contract_id 
ORDER BY total_vnd_amount DESC 
LIMIT 10"
1138,15,Giá trị thanh toán dự báo lớn nhất trong hệ thống,,,crm,"[""crm_expected_revenue""]",Giá trị thanh toán dự báo lớn nhất trong hệ thống,,"SELECT contract_id, customer_name, vnd_amount 
FROM hive.bi_silver.crm_expected_revenue 
ORDER BY vnd_amount DESC 
LIMIT 1"
1139,16,Giá trị thanh toán dự báo nhỏ nhất trong hệ thống,,,crm,"[""crm_expected_revenue""]",Giá trị thanh toán dự báo nhỏ nhất trong hệ thống,,"SELECT contract_id, customer_name, vnd_amount 
FROM hive.bi_silver.crm_expected_revenue 
ORDER BY vnd_amount ASC 
LIMIT 1"
1140,17,Số khoản thanh toán dự báo theo phân khúc khách hàng cấp 1,,,crm,"[""crm_expected_revenue""]",Số khoản thanh toán dự báo theo phân khúc khách hàng cấp 1,,"SELECT customer_segment_l1, COUNT(*) AS total_payments FROM hive.bi_silver.crm_expected_revenue GROUP BY customer_segment_l1"
1141,18,Tổng giá trị thanh toán dự báo theo loại triển khai,,,crm,"[""crm_expected_revenue""]",Tổng giá trị thanh toán dự báo theo loại triển khai,,"SELECT deployment_type, SUM(vnd_amount) AS total_vnd_amount
FROM hive.bi_silver.crm_expected_revenue
GROUP BY deployment_type"
1142,19,Phát hiện khoản thanh toán dự báo có giá trị VND lớn bất thường (>10 tỷ),,,crm,"[""crm_expected_revenue""]",Phát hiện khoản thanh toán dự báo có giá trị VND lớn bất thường (>10 tỷ),,"SELECT contract_id, customer_name, vnd_amount 
FROM hive.bi_silver.crm_expected_revenue 
WHERE vnd_amount > 10000000000 
ORDER BY vnd_amount DESC"
1143,20,Số khoản thanh toán có ngày thanh toán thực tế sau ngày đến hạn,,,crm,"[""crm_expected_revenue""]",Số khoản thanh toán có ngày thanh toán thực tế sau ngày đến hạn,,"SELECT COUNT(*) AS late_payments 
FROM hive.bi_silver.crm_expected_revenue 
WHERE payment_date > due_date 
  AND payment_date IS NOT NULL 
  AND due_date IS NOT NULL"
1144,21,Tổng giá trị thanh toán dự báo theo account manager,,,crm,"[""crm_expected_revenue""]",Tổng giá trị thanh toán dự báo theo account manager,,"SELECT am_username, SUM(vnd_amount) AS total_vnd_amount
FROM hive.bi_silver.crm_expected_revenue
GROUP BY am_username
ORDER BY total_vnd_amount DESC"
1145,22,Tỷ trọng giá trị thanh toán dự báo theo account manager,,,crm,"[""crm_expected_revenue""]",Tỷ trọng giá trị thanh toán dự báo theo account manager,,"WITH base AS (
    SELECT am_username, SUM(vnd_amount) AS amount
    FROM hive.bi_silver.crm_expected_revenue
    GROUP BY am_username
), total AS (
    SELECT SUM(amount) AS total_amount
    FROM base
)
SELECT am_username,
       amount / NULLIF(total_amount, 0) AS amount_share
FROM base
CROSS JOIN total
ORDER BY amount_share DESC"
1146,23,Xu hướng tổng giá trị thanh toán thực tế theo tháng,,,crm,"[""crm_expected_revenue""]",Xu hướng tổng giá trị thanh toán thực tế theo tháng,,"SELECT date_trunc('month', payment_date) AS month,
       SUM(vnd_amount) AS total_vnd_amount
FROM hive.bi_silver.crm_expected_revenue
WHERE is_actual = true
GROUP BY date_trunc('month', payment_date)
ORDER BY month"
1147,24,So sánh tổng giá trị thanh toán dự báo và thực tế theo tháng,,,crm,"[""crm_expected_revenue""]",So sánh tổng giá trị thanh toán dự báo và thực tế theo tháng,,"SELECT date_trunc('month', due_date) AS month,
       is_actual,
       SUM(vnd_amount) AS total_vnd_amount
FROM hive.bi_silver.crm_expected_revenue
GROUP BY date_trunc('month', due_date), is_actual
ORDER BY month"
1148,25,Top 10 deal có tổng giá trị thanh toán dự báo cao nhất,,,crm,"[""crm_expected_revenue""]",Top 10 deal có tổng giá trị thanh toán dự báo cao nhất,,"SELECT deal_id, SUM(vnd_amount) AS total_vnd_amount
FROM hive.bi_silver.crm_expected_revenue
GROUP BY deal_id
ORDER BY total_vnd_amount DESC
LIMIT 10"
1149,26,Phân bố số lượng khoản thanh toán theo payment_index,,,crm,"[""crm_expected_revenue""]",Phân bố số lượng khoản thanh toán theo payment_index,,"SELECT payment_index, COUNT(*) AS total_payments FROM hive.bi_silver.crm_expected_revenue GROUP BY payment_index ORDER BY payment_index"
1150,27,Giá trị thanh toán trung bình theo khu vực,,,crm,"[""crm_expected_revenue""]",Giá trị thanh toán trung bình theo khu vực,,"SELECT territory_name, AVG(vnd_amount) AS avg_payment_vnd
FROM hive.bi_silver.crm_expected_revenue
GROUP BY territory_name"
1151,28,Tổng giá trị thanh toán dự báo theo phân khúc khách hàng cấp 2,,,crm,"[""crm_expected_revenue""]",Tổng giá trị thanh toán dự báo theo phân khúc khách hàng cấp 2,,"SELECT customer_segment_l2, SUM(vnd_amount) AS total_vnd_amount
FROM hive.bi_silver.crm_expected_revenue
GROUP BY customer_segment_l2
ORDER BY total_vnd_amount DESC"
1152,29,Tổng giá trị thanh toán dự báo theo phân khúc khách hàng cấp 3,,,crm,"[""crm_expected_revenue""]",Tổng giá trị thanh toán dự báo theo phân khúc khách hàng cấp 3,,"SELECT customer_segment_l3, SUM(vnd_amount) AS total_vnd_amount
FROM hive.bi_silver.crm_expected_revenue
GROUP BY customer_segment_l3
ORDER BY total_vnd_amount DESC"
1153,30,Top 10 sản phẩm có tổng giá trị thanh toán dự báo cao nhất,,,crm,"[""crm_expected_revenue""]",Top 10 sản phẩm có tổng giá trị thanh toán dự báo cao nhất,,"SELECT product_category, SUM(vnd_amount) AS total_vnd_amount 
FROM hive.bi_silver.crm_expected_revenue 
GROUP BY product_category 
ORDER BY total_vnd_amount DESC 
LIMIT 10"
1154,31,Tỷ trọng thanh toán dự báo theo khu vực,,,crm,"[""crm_expected_revenue""]",Tỷ trọng thanh toán dự báo theo khu vực,,"WITH base AS (SELECT territory_name, SUM(vnd_amount) AS amount FROM hive.bi_silver.crm_expected_revenue GROUP BY territory_name), total AS (SELECT SUM(amount) AS total_amount FROM base) SELECT territory_name, amount / NULLIF(total_amount,0) AS amount_share FROM base CROSS JOIN total ORDER BY amount_share DESC"
1155,33,Tổng giá trị thanh toán dự báo theo loại sản phẩm,,,crm,"[""crm_expected_revenue""]",Tổng giá trị thanh toán dự báo theo loại sản phẩm,,"SELECT product_type, SUM(vnd_amount) AS total_vnd_amount
FROM hive.bi_silver.crm_expected_revenue
GROUP BY product_type
ORDER BY total_vnd_amount DESC"
1156,34,Phân bố giá trị thanh toán dự báo theo tiền tệ,,,crm,"[""crm_expected_revenue""]",Phân bố giá trị thanh toán dự báo theo tiền tệ,,"SELECT currency_code, COUNT(*) AS total_payments, SUM(currency_amount) AS total_currency_amount 
FROM hive.bi_silver.crm_expected_revenue 
GROUP BY currency_code"
1157,35,Số lượng khoản thanh toán dự báo theo danh mục sản phẩm và khu vực,,,crm,"[""crm_expected_revenue""]",Số lượng khoản thanh toán dự báo theo danh mục sản phẩm và khu vực,,"SELECT product_category, territory_name, COUNT(*) AS total_payments 
FROM hive.bi_silver.crm_expected_revenue 
GROUP BY product_category, territory_name"
1158,36,Giá trị thanh toán trung bình theo account manager,,,crm,"[""crm_expected_revenue""]",Giá trị thanh toán trung bình theo account manager,,"SELECT am_username, AVG(vnd_amount) AS avg_payment_vnd 
FROM hive.bi_silver.crm_expected_revenue 
GROUP BY am_username 
ORDER BY avg_payment_vnd DESC"
1159,37,Phát hiện khoản thanh toán dự báo bất thường nhỏ (< 1 triệu VND),,,crm,"[""crm_expected_revenue""]",Phát hiện khoản thanh toán dự báo bất thường nhỏ (< 1 triệu VND),,"SELECT contract_id, customer_name, vnd_amount 
FROM hive.bi_silver.crm_expected_revenue 
WHERE vnd_amount < 1000000 
ORDER BY vnd_amount ASC"
1160,38,Số lượng khoản thanh toán dự báo theo năm đến hạn,,,crm,"[""crm_expected_revenue""]",Số lượng khoản thanh toán dự báo theo năm đến hạn,,"SELECT year(due_date) AS year, COUNT(*) AS total_payments FROM hive.bi_silver.crm_expected_revenue GROUP BY year(due_date) ORDER BY year"
1161,39,Tổng giá trị thanh toán dự báo theo năm đến hạn,,,crm,"[""crm_expected_revenue""]",Tổng giá trị thanh toán dự báo theo năm đến hạn,,"SELECT year(due_date) AS year, SUM(vnd_amount) AS total_vnd_amount 
FROM hive.bi_silver.crm_expected_revenue 
GROUP BY year(due_date) 
ORDER BY year"
1162,40,Số lượng khoản thanh toán được cập nhật theo tháng,,,crm,"[""crm_expected_revenue""]",Số lượng khoản thanh toán được cập nhật theo tháng,,"SELECT date_trunc('month', update_at) AS month, COUNT(*) AS total_updates FROM hive.bi_silver.crm_expected_revenue GROUP BY date_trunc('month', update_at) ORDER BY month"
1163,41,Forecast accuracy tổng thể giữa thanh toán dự báo và thanh toán thực tế,,,crm,"[""crm_expected_revenue""]",Forecast accuracy tổng thể giữa thanh toán dự báo và thanh toán thực tế,,"WITH base AS (
    SELECT is_actual, SUM(vnd_amount) AS amount
    FROM hive.bi_silver.crm_expected_revenue
    GROUP BY is_actual
)
SELECT
    SUM(CASE WHEN is_actual = true THEN amount ELSE 0 END) / NULLIF(SUM(amount), 0) AS actual_payment_ratio
FROM base"
1164,42,Forecast accuracy theo tháng giữa thanh toán dự báo và thực tế,,,crm,"[""crm_expected_revenue""]",Forecast accuracy theo tháng giữa thanh toán dự báo và thực tế,,"SELECT date_trunc('month', due_date) AS month, is_actual, SUM(vnd_amount) AS total_vnd 
FROM hive.bi_silver.crm_expected_revenue 
GROUP BY date_trunc('month', due_date), is_actual 
ORDER BY month"
1165,43,Tỷ lệ thanh toán trễ hạn trong toàn hệ thống,,,crm,"[""crm_expected_revenue""]",Tỷ lệ thanh toán trễ hạn trong toàn hệ thống,,"SELECT CAST(COUNT(CASE WHEN payment_date > due_date THEN 1 END) AS DOUBLE) / NULLIF(CAST(COUNT(*) AS DOUBLE), 0) AS late_payment_rate FROM hive.bi_silver.crm_expected_revenue WHERE payment_date IS NOT NULL AND due_date IS NOT NULL"
1166,44,Thời gian trễ thanh toán trung bình (ngày),,,crm,"[""crm_expected_revenue""]",Thời gian trễ thanh toán trung bình (ngày),,"SELECT AVG(date_diff('day', due_date, payment_date)) AS avg_payment_delay_days FROM hive.bi_silver.crm_expected_revenue WHERE payment_date IS NOT NULL AND due_date IS NOT NULL"
1167,45,Top 10 khách hàng có tổng giá trị thanh toán thực tế cao nhất,,,crm,"[""crm_expected_revenue""]",Top 10 khách hàng có tổng giá trị thanh toán thực tế cao nhất,,"SELECT customer_name, SUM(vnd_amount) AS total_actual_payment 
FROM hive.bi_silver.crm_expected_revenue 
WHERE is_actual = true 
GROUP BY customer_name 
ORDER BY total_actual_payment DESC 
LIMIT 10"
1168,46,Sales amount concentration index (HHI) theo khách hàng,,,crm,"[""crm_expected_revenue""]",Revenue concentration index (HHI) theo khách hàng,,"WITH base AS (
    SELECT
        customer_id,
        SUM(vnd_amount) AS amount
    FROM hive.bi_silver.crm_expected_revenue
    GROUP BY customer_id
),
total AS (
    SELECT
        SUM(amount) AS total_amount
    FROM base
)
SELECT
    SUM(POWER(amount / NULLIF(total_amount, 0), 2)) AS amount_hhi
FROM base
CROSS JOIN total"
1169,47,Cashflow volatility theo tháng,,,crm,"[""crm_expected_revenue""]",Cashflow volatility theo tháng,,"SELECT date_trunc('month', due_date) AS month, SUM(vnd_amount) AS monthly_amount FROM hive.bi_silver.crm_expected_revenue GROUP BY date_trunc('month', due_date) ORDER BY month"
1170,48,Top 10 account manager có tổng forecast amount cao nhất,,,crm,"[""crm_expected_revenue""]",Top 10 account manager có tổng forecast amount cao nhất,,"SELECT am_username, SUM(vnd_amount) AS total_forecast_amount
FROM hive.bi_silver.crm_expected_revenue
GROUP BY am_username
ORDER BY total_forecast_amount DESC
LIMIT 10"
1171,49,Phát hiện deal có giá trị thanh toán vượt quá 3 lần trung bình,,,crm,"[""crm_expected_revenue""]",Phát hiện deal có giá trị thanh toán vượt quá 3 lần trung bình,,"WITH stats AS (
    SELECT AVG(vnd_amount) AS avg_value
    FROM hive.bi_silver.crm_expected_revenue
)
SELECT
    deal_id,
    vnd_amount
FROM hive.bi_silver.crm_expected_revenue
CROSS JOIN stats
WHERE vnd_amount > 3 * avg_value
ORDER BY vnd_amount DESC"
1172,50,Tổng forecast amount theo territory và tháng,,,crm,"[""crm_expected_revenue""]",Tổng forecast amount theo territory và tháng,,"SELECT territory_name, date_trunc('month', due_date) AS month, SUM(vnd_amount) AS amount 
FROM hive.bi_silver.crm_expected_revenue 
GROUP BY territory_name, date_trunc('month', due_date)"
1173,51,Chỉ số phụ thuộc giá trị thanh toán theo khách hàng (customer dependency),,,crm,"[""crm_expected_revenue""]",Chỉ số phụ thuộc giá trị thanh toán theo khách hàng (customer dependency),,"WITH base AS (
    SELECT
        customer_id,
        SUM(vnd_amount) AS amount
    FROM hive.bi_silver.crm_expected_revenue
    GROUP BY customer_id
),
total AS (
    SELECT
        SUM(amount) AS total_rev
    FROM base
)
SELECT
    MAX(amount / NULLIF(total_rev, 0)) AS max_customer_dependency
FROM base
CROSS JOIN total"
1174,52,Tỷ lệ thanh toán định kỳ trên tổng forecast amount,,,crm,"[""crm_expected_revenue""]",Tỷ lệ thanh toán định kỳ trên tổng forecast amount,,"SELECT SUM(CASE WHEN is_recurring = true THEN vnd_amount ELSE 0 END) / NULLIF(SUM(vnd_amount),0) AS recurring_amount_ratio FROM hive.bi_silver.crm_expected_revenue"
1175,53,Tổng forecast amount theo product_category và territory,,,crm,"[""crm_expected_revenue""]",Tổng forecast amount theo product_category và territory,,"SELECT product_category, territory_name, SUM(vnd_amount) AS amount
FROM hive.bi_silver.crm_expected_revenue
GROUP BY product_category, territory_name"
1176,54,Top 10 deal có số lượng payment schedule nhiều nhất,,,crm,"[""crm_expected_revenue""]",Top 10 deal có số lượng payment schedule nhiều nhất,,"SELECT deal_id, COUNT(*) AS payment_count 
FROM hive.bi_silver.crm_expected_revenue 
GROUP BY deal_id 
ORDER BY payment_count DESC 
LIMIT 10"
1177,55,Payment schedule imbalance theo deal (max-min payment),,,crm,"[""crm_expected_revenue""]",Payment schedule imbalance theo deal (max-min payment),,"WITH base AS (
    SELECT deal_id,
           MAX(vnd_amount) AS max_payment,
           MIN(vnd_amount) AS min_payment
    FROM hive.bi_silver.crm_expected_revenue
    GROUP BY deal_id
)
SELECT deal_id,
       max_payment - min_payment AS payment_range
FROM base
ORDER BY payment_range DESC"
1178,56,Tỷ lệ forecast amount theo customer_segment_l1,,,crm,"[""crm_expected_revenue""]",Tỷ lệ forecast amount theo customer_segment_l1,,"WITH base AS (
    SELECT
        customer_segment_l1,
        SUM(vnd_amount) AS amount
    FROM hive.bi_silver.crm_expected_revenue
    GROUP BY customer_segment_l1
),
total AS (
    SELECT
        SUM(amount) AS total_rev
    FROM base
)
SELECT
    customer_segment_l1,
    amount / NULLIF(total_rev, 0) AS amount_share
FROM base
CROSS JOIN total"
1179,57,giá trị thanh toán forecast theo product_type và tháng,,,crm,"[""crm_expected_revenue""]",giá trị thanh toán forecast theo product_type và tháng,,"SELECT product_type, date_trunc('month', due_date) AS month, SUM(vnd_amount) AS amount FROM hive.bi_silver.crm_expected_revenue GROUP BY product_type, date_trunc('month', due_date)"
1180,58,Phát hiện deal có payment delay lớn hơn 60 ngày,,,crm,"[""crm_expected_revenue""]",Phát hiện deal có payment delay lớn hơn 60 ngày,,"SELECT deal_id, customer_name, date_diff('day', due_date, payment_date) AS delay_days 
FROM hive.bi_silver.crm_expected_revenue 
WHERE payment_date IS NOT NULL 
  AND due_date IS NOT NULL 
  AND date_diff('day', due_date, payment_date) > 60 
ORDER BY delay_days DESC"
1181,59,Cashflow concentration theo territory (HHI),,,crm,"[""crm_expected_revenue""]",Cashflow concentration theo territory (HHI),,"WITH base AS (
    SELECT
        territory_name,
        SUM(vnd_amount) AS amount
    FROM hive.bi_silver.crm_expected_revenue
    GROUP BY territory_name
),
total AS (
    SELECT
        SUM(amount) AS total_rev
    FROM base
)
SELECT
    SUM(POWER(amount / NULLIF(total_rev, 0), 2)) AS territory_amount_hhi
FROM base
CROSS JOIN total"
1182,60,Phát hiện khách hàng có forecast amount tăng bất thường (>5 lần trung bình),,,crm,"[""crm_expected_revenue""]",Phát hiện khách hàng có forecast amount tăng bất thường (>5 lần trung bình),,"WITH stats AS (
    SELECT AVG(vnd_amount) AS avg_value
    FROM hive.bi_silver.crm_expected_revenue
)
SELECT
    customer_name,
    vnd_amount
FROM hive.bi_silver.crm_expected_revenue
CROSS JOIN stats
WHERE vnd_amount > 5 * avg_value
ORDER BY vnd_amount DESC"
1183,61,Cashflow forecast theo tháng và territory,,,crm,"[""crm_expected_revenue""]",Cashflow forecast theo tháng và territory,,"SELECT territory_name, date_trunc('month', due_date) AS month, SUM(vnd_amount) AS forecast_cashflow
FROM hive.bi_silver.crm_expected_revenue
GROUP BY territory_name, date_trunc('month', due_date)"
1184,62,Cashflow forecast theo account manager và tháng,,,crm,"[""crm_expected_revenue""]",Cashflow forecast theo account manager và tháng,,"SELECT am_username, date_trunc('month', due_date) AS month, SUM(vnd_amount) AS forecast_cashflow 
FROM hive.bi_silver.crm_expected_revenue 
GROUP BY am_username, date_trunc('month', due_date)"
1185,63,Top 10 territory có forecast amount cao nhất,,,crm,"[""crm_expected_revenue""]",Top 10 territory có forecast amount cao nhất,,"SELECT territory_name, SUM(vnd_amount) AS amount 
FROM hive.bi_silver.crm_expected_revenue 
GROUP BY territory_name 
ORDER BY amount DESC 
LIMIT 10"
1186,64,Top 10 account manager có cashflow forecast cao nhất,,,crm,"[""crm_expected_revenue""]",Top 10 account manager có cashflow forecast cao nhất,,"SELECT am_username, SUM(vnd_amount) AS amount FROM hive.bi_silver.crm_expected_revenue GROUP BY am_username ORDER BY amount DESC LIMIT 10"
1187,65,Tỷ lệ giá trị thanh toán forecast theo deal stage,,,crm,"[""crm_expected_revenue""]",Tỷ lệ giá trị thanh toán forecast theo deal stage,,"WITH base AS (
    SELECT deal_stage_name, SUM(vnd_amount) AS amount
    FROM hive.bi_silver.crm_expected_revenue
    GROUP BY deal_stage_name
), total AS (
    SELECT SUM(amount) AS total_rev
    FROM base
)
SELECT deal_stage_name,
       amount / NULLIF(total_rev, 0) AS amount_share
FROM base
CROSS JOIN total"
1188,66,Top 10 sản phẩm có cashflow forecast cao nhất,,,crm,"[""crm_expected_revenue""]",Top 10 sản phẩm có cashflow forecast cao nhất,,"SELECT product_category, SUM(vnd_amount) AS amount 
FROM hive.bi_silver.crm_expected_revenue 
GROUP BY product_category 
ORDER BY amount DESC 
LIMIT 10"
1189,67,Forecast amount trung bình theo customer segment L1,,,crm,"[""crm_expected_revenue""]",Forecast amount trung bình theo customer segment L1,,"SELECT customer_segment_l1, AVG(vnd_amount) AS avg_amount 
FROM hive.bi_silver.crm_expected_revenue 
GROUP BY customer_segment_l1"
1190,68,Forecast amount trung bình theo customer segment L2,,,crm,"[""crm_expected_revenue""]",Forecast amount trung bình theo customer segment L2,,"SELECT customer_segment_l2, AVG(vnd_amount) AS avg_amount
FROM hive.bi_silver.crm_expected_revenue
GROUP BY customer_segment_l2"
1191,69,Forecast amount trung bình theo customer segment L3,,,crm,"[""crm_expected_revenue""]",Forecast amount trung bình theo customer segment L3,,"SELECT customer_segment_l3, AVG(vnd_amount) AS avg_amount
FROM hive.bi_silver.crm_expected_revenue
GROUP BY customer_segment_l3"
1192,70,Tổng forecast amount theo deal stage và territory,,,crm,"[""crm_expected_revenue""]",Tổng forecast amount theo deal stage và territory,,"SELECT deal_stage_name, territory_name, SUM(vnd_amount) AS amount 
FROM hive.bi_silver.crm_expected_revenue 
GROUP BY deal_stage_name, territory_name"
1193,71,Forecast amount theo loại triển khai,,,crm,"[""crm_expected_revenue""]",Forecast amount theo loại triển khai,,"SELECT deployment_type, SUM(vnd_amount) AS amount
FROM hive.bi_silver.crm_expected_revenue
GROUP BY deployment_type"
1194,72,Tỷ trọng giá trị thanh toán forecast theo product_type,,,crm,"[""crm_expected_revenue""]",Tỷ trọng giá trị thanh toán forecast theo product_type,,"WITH base AS (
    SELECT
        product_type,
        SUM(vnd_amount) amount
    FROM hive.bi_silver.crm_expected_revenue
    GROUP BY product_type
),
total AS (
    SELECT
        SUM(amount) total_rev
    FROM base
)
SELECT
    product_type,
    amount / NULLIF(total_rev, 0) share
FROM base
CROSS JOIN total"
1195,73,Top 10 khách hàng có số lượng deal forecast nhiều nhất,,,crm,"[""crm_expected_revenue""]",Top 10 khách hàng có số lượng deal forecast nhiều nhất,,"SELECT customer_name, COUNT(DISTINCT deal_id) deals FROM hive.bi_silver.crm_expected_revenue GROUP BY customer_name ORDER BY deals DESC LIMIT 10"
1196,74,Số lượng deal theo territory,,,crm,"[""crm_expected_revenue""]",Số lượng deal theo territory,,"SELECT territory_name, COUNT(DISTINCT deal_id) deal_count FROM hive.bi_silver.crm_expected_revenue GROUP BY territory_name"
1197,77,Top 10 deal có forecast amount cao nhất,,,crm,"[""crm_expected_revenue""]",Top 10 deal có forecast amount cao nhất,,"SELECT deal_id, SUM(vnd_amount) amount
FROM hive.bi_silver.crm_expected_revenue
GROUP BY deal_id
ORDER BY amount DESC
LIMIT 10"
1198,78,Top 10 hợp đồng có forecast amount cao nhất,,,crm,"[""crm_expected_revenue""]",Top 10 hợp đồng có forecast amount cao nhất,,"SELECT contract_id, SUM(vnd_amount) amount 
FROM hive.bi_silver.crm_expected_revenue 
GROUP BY contract_id 
ORDER BY amount DESC 
LIMIT 10"
1199,79,Sales amount forecast theo product_category và segment L1,,,crm,"[""crm_expected_revenue""]",Revenue forecast theo product_category và segment L1,,"SELECT product_category, customer_segment_l1, SUM(vnd_amount) amount 
FROM hive.bi_silver.crm_expected_revenue 
GROUP BY product_category, customer_segment_l1"
1200,80,Sales amount forecast theo product_category và segment L2,,,crm,"[""crm_expected_revenue""]",Revenue forecast theo product_category và segment L2,,"SELECT product_category, customer_segment_l2, SUM(vnd_amount) amount 
FROM hive.bi_silver.crm_expected_revenue 
GROUP BY product_category, customer_segment_l2"
1201,81,Sales amount forecast theo product_category và segment L3,,,crm,"[""crm_expected_revenue""]",Revenue forecast theo product_category và segment L3,,"SELECT product_category, customer_segment_l3, SUM(vnd_amount) amount
FROM hive.bi_silver.crm_expected_revenue
GROUP BY product_category, customer_segment_l3"
1202,82,Tổng forecast amount theo tháng,,,crm,"[""crm_expected_revenue""]",Tổng forecast amount theo tháng,,"SELECT date_trunc('month', due_date) month, SUM(vnd_amount) amount 
FROM hive.bi_silver.crm_expected_revenue 
GROUP BY date_trunc('month', due_date) 
ORDER BY month"
1203,83,Tổng forecast amount theo quý,,,crm,"[""crm_expected_revenue""]",Tổng forecast amount theo quý,,"SELECT date_trunc('quarter', due_date) quarter, SUM(vnd_amount) amount 
FROM hive.bi_silver.crm_expected_revenue 
GROUP BY date_trunc('quarter', due_date) 
ORDER BY quarter"
1204,84,Tổng forecast amount theo năm,,,crm,"[""crm_expected_revenue""]",Tổng forecast amount theo năm,,"SELECT YEAR(due_date) AS year, SUM(vnd_amount) AS amount 
FROM hive.bi_silver.crm_expected_revenue 
GROUP BY YEAR(due_date) 
ORDER BY year"
1205,85,Cashflow forecast theo payment_index,,,crm,"[""crm_expected_revenue""]",Cashflow forecast theo payment_index,,"SELECT payment_index, SUM(vnd_amount) amount 
FROM hive.bi_silver.crm_expected_revenue 
GROUP BY payment_index 
ORDER BY payment_index"
1206,86,Số payment schedule trung bình theo deal,,,crm,"[""crm_expected_revenue""]",Số payment schedule trung bình theo deal,,"SELECT AVG(cnt) avg_payment_schedule FROM (SELECT deal_id, COUNT(*) cnt FROM hive.bi_silver.crm_expected_revenue GROUP BY deal_id) t"
1207,87,Deal có số payment schedule nhiều nhất,,,crm,"[""crm_expected_revenue""]",Deal có số payment schedule nhiều nhất,,"SELECT deal_id, COUNT(*) payment_count FROM hive.bi_silver.crm_expected_revenue GROUP BY deal_id ORDER BY payment_count DESC LIMIT 10"
1208,88,Forecast amount trung bình theo deal,,,crm,"[""crm_expected_revenue""]",Forecast amount trung bình theo deal,,"SELECT AVG(total_rev) avg_deal_amount 
FROM (
    SELECT deal_id, SUM(vnd_amount) total_rev 
    FROM hive.bi_silver.crm_expected_revenue 
    GROUP BY deal_id
) t"
1209,89,Forecast amount trung bình theo hợp đồng,,,crm,"[""crm_expected_revenue""]",Forecast amount trung bình theo hợp đồng,,"SELECT AVG(total_rev) avg_contract_amount 
FROM (
    SELECT contract_id, SUM(vnd_amount) total_rev 
    FROM hive.bi_silver.crm_expected_revenue 
    GROUP BY contract_id
) t"
1210,90,Số lượng payment forecast theo product_category,,,crm,"[""crm_expected_revenue""]",Số lượng payment forecast theo product_category,,"SELECT product_category, COUNT(*) payments
FROM hive.bi_silver.crm_expected_revenue
GROUP BY product_category"
1211,91,Số lượng payment forecast theo territory,,,crm,"[""crm_expected_revenue""]",Số lượng payment forecast theo territory,,"SELECT territory_name, COUNT(*) payments FROM hive.bi_silver.crm_expected_revenue GROUP BY territory_name"
1212,92,Số lượng payment forecast theo account manager,,,crm,"[""crm_expected_revenue""]",Số lượng payment forecast theo account manager,,"SELECT am_username, COUNT(*) payments FROM hive.bi_silver.crm_expected_revenue GROUP BY am_username"
1213,93,Tổng forecast amount theo currency,,,crm,"[""crm_expected_revenue""]",Tổng forecast amount theo currency,,"SELECT currency_code, SUM(currency_amount) amount 
FROM hive.bi_silver.crm_expected_revenue 
GROUP BY currency_code"
1214,94,Tổng forecast amount theo deployment type và territory,,,crm,"[""crm_expected_revenue""]",Tổng forecast amount theo deployment type và territory,,"SELECT deployment_type, territory_name, SUM(vnd_amount) amount 
FROM hive.bi_silver.crm_expected_revenue 
GROUP BY deployment_type, territory_name"
1215,95,Deal có giá trị forecast trung bình cao nhất,,,crm,"[""crm_expected_revenue""]",Deal có giá trị forecast trung bình cao nhất,,"SELECT deal_id, AVG(vnd_amount) avg_value 
FROM hive.bi_silver.crm_expected_revenue 
GROUP BY deal_id 
ORDER BY avg_value DESC 
LIMIT 10"
1216,96,Customer có forecast amount trung bình cao nhất,,,crm,"[""crm_expected_revenue""]",Customer có forecast amount trung bình cao nhất,,"SELECT customer_name, AVG(vnd_amount) avg_value 
FROM hive.bi_silver.crm_expected_revenue 
GROUP BY customer_name 
ORDER BY avg_value DESC 
LIMIT 10"
1217,97,Customer có nhiều hợp đồng forecast nhất,,,crm,"[""crm_expected_revenue""]",Customer có nhiều hợp đồng forecast nhất,,"SELECT customer_name, COUNT(DISTINCT contract_id) contracts FROM hive.bi_silver.crm_expected_revenue GROUP BY customer_name ORDER BY contracts DESC LIMIT 10"
1218,98,Số lượng khách hàng theo territory,,,crm,"[""crm_expected_revenue""]",Số lượng khách hàng theo territory,,"SELECT territory_name, COUNT(DISTINCT customer_id) customers 
FROM hive.bi_silver.crm_expected_revenue 
GROUP BY territory_name"
1219,99,Số lượng khách hàng theo segment L1,,,crm,"[""crm_expected_revenue""]",Số lượng khách hàng theo segment L1,,"SELECT customer_segment_l1, COUNT(DISTINCT customer_id) customers FROM hive.bi_silver.crm_expected_revenue GROUP BY customer_segment_l1"
1220,100,Số lượng khách hàng theo segment L2,,,crm,"[""crm_expected_revenue""]",Số lượng khách hàng theo segment L2,,"SELECT customer_segment_l2, COUNT(DISTINCT customer_id) customers FROM hive.bi_silver.crm_expected_revenue GROUP BY customer_segment_l2"
1221,101,Số lượng khách hàng theo segment L3,,,crm,"[""crm_expected_revenue""]",Số lượng khách hàng theo segment L3,,"SELECT customer_segment_l3, COUNT(DISTINCT customer_id) customers FROM hive.bi_silver.crm_expected_revenue GROUP BY customer_segment_l3"
1222,102,Top 10 territory có nhiều khách hàng nhất,,,crm,"[""crm_expected_revenue""]",Top 10 territory có nhiều khách hàng nhất,,"SELECT territory_name, COUNT(DISTINCT customer_id) customers
FROM hive.bi_silver.crm_expected_revenue
GROUP BY territory_name
ORDER BY customers DESC
LIMIT 10"
1223,103,Top 10 product_category có nhiều deal nhất,,,crm,"[""crm_expected_revenue""]",Top 10 product_category có nhiều deal nhất,,"SELECT product_category, COUNT(DISTINCT deal_id) deals FROM hive.bi_silver.crm_expected_revenue GROUP BY product_category ORDER BY deals DESC LIMIT 10"
1224,104,Top 10 account manager có nhiều khách hàng nhất,,,crm,"[""crm_expected_revenue""]",Top 10 account manager có nhiều khách hàng nhất,,"SELECT am_username, COUNT(DISTINCT customer_id) customers
FROM hive.bi_silver.crm_expected_revenue
GROUP BY am_username
ORDER BY customers DESC
LIMIT 10"
1225,105,Số lượng deal theo product_type,,,crm,"[""crm_expected_revenue""]",Số lượng deal theo product_type,,"SELECT product_type, COUNT(DISTINCT deal_id) deals FROM hive.bi_silver.crm_expected_revenue GROUP BY product_type"
1226,106,Số lượng hợp đồng theo territory,,,crm,"[""crm_expected_revenue""]",Số lượng hợp đồng theo territory,,"SELECT territory_name, COUNT(DISTINCT contract_id) contracts 
FROM hive.bi_silver.crm_expected_revenue 
GROUP BY territory_name"
1227,108,Top 10 khách hàng có nhiều payment forecast nhất,,,crm,"[""crm_expected_revenue""]",Top 10 khách hàng có nhiều payment forecast nhất,,"SELECT customer_name, COUNT(*) payments FROM hive.bi_silver.crm_expected_revenue GROUP BY customer_name ORDER BY payments DESC LIMIT 10"
1228,109,Top 10 territory có nhiều payment forecast nhất,,,crm,"[""crm_expected_revenue""]",Top 10 territory có nhiều payment forecast nhất,,"SELECT territory_name, COUNT(*) payments FROM hive.bi_silver.crm_expected_revenue GROUP BY territory_name ORDER BY payments DESC LIMIT 10"
1229,110,Top 10 account manager có nhiều payment forecast nhất,,,crm,"[""crm_expected_revenue""]",Top 10 account manager có nhiều payment forecast nhất,,"SELECT am_username, COUNT(*) payments FROM hive.bi_silver.crm_expected_revenue GROUP BY am_username ORDER BY payments DESC LIMIT 10"
1230,111,Top 10 product_category có nhiều payment forecast nhất,,,crm,"[""crm_expected_revenue""]",Top 10 product_category có nhiều payment forecast nhất,,"SELECT product_category, COUNT(*) payments FROM hive.bi_silver.crm_expected_revenue GROUP BY product_category ORDER BY payments DESC LIMIT 10"
1231,112,Số lượng payment forecast theo deployment_type,,,crm,"[""crm_expected_revenue""]",Số lượng payment forecast theo deployment_type,,"SELECT deployment_type, COUNT(*) payments FROM hive.bi_silver.crm_expected_revenue GROUP BY deployment_type"
1232,113,Số lượng payment forecast theo product_type,,,crm,"[""crm_expected_revenue""]",Số lượng payment forecast theo product_type,,"SELECT product_type, COUNT(*) payments FROM hive.bi_silver.crm_expected_revenue GROUP BY product_type"
1233,115,Top 10 khách hàng có nhiều deal nhất,,,crm,"[""crm_expected_revenue""]",Top 10 khách hàng có nhiều deal nhất,,"SELECT customer_name, COUNT(DISTINCT deal_id) deals FROM hive.bi_silver.crm_expected_revenue GROUP BY customer_name ORDER BY deals DESC LIMIT 10"
1234,116,Top 10 account manager có nhiều deal nhất,,,crm,"[""crm_expected_revenue""]",Top 10 account manager có nhiều deal nhất,,"SELECT am_username, COUNT(DISTINCT deal_id) deals FROM hive.bi_silver.crm_expected_revenue GROUP BY am_username ORDER BY deals DESC LIMIT 10"
1235,117,Top 10 territory có nhiều deal nhất,,,crm,"[""crm_expected_revenue""]",Top 10 territory có nhiều deal nhất,,"SELECT territory_name, COUNT(DISTINCT deal_id) deals FROM hive.bi_silver.crm_expected_revenue GROUP BY territory_name ORDER BY deals DESC LIMIT 10"
1236,118,Số lượng deal theo segment L1,,,crm,"[""crm_expected_revenue""]",Số lượng deal theo segment L1,,"SELECT customer_segment_l1, COUNT(DISTINCT deal_id) deals FROM hive.bi_silver.crm_expected_revenue GROUP BY customer_segment_l1"
1237,119,Số lượng deal theo segment L2,,,crm,"[""crm_expected_revenue""]",Số lượng deal theo segment L2,,"SELECT customer_segment_l2, COUNT(DISTINCT deal_id) deals FROM hive.bi_silver.crm_expected_revenue GROUP BY customer_segment_l2"
1238,120,Số lượng deal theo segment L3,,,crm,"[""crm_expected_revenue""]",Số lượng deal theo segment L3,,"SELECT customer_segment_l3, COUNT(DISTINCT deal_id) deals FROM hive.bi_silver.crm_expected_revenue GROUP BY customer_segment_l3"
1239,121,Sales amount concentration index (HHI) theo account manager,,,crm,"[""crm_expected_revenue""]",Revenue concentration index (HHI) theo account manager,,"WITH base AS (
    SELECT am_username, SUM(vnd_amount) amount
    FROM hive.bi_silver.crm_expected_revenue
    GROUP BY am_username
), total AS (
    SELECT SUM(amount) total_rev
    FROM base
)
SELECT SUM(POWER(amount / NULLIF(total_rev, 0), 2)) AS am_amount_hhi
FROM base
CROSS JOIN total"
1240,122,Sales amount concentration index (HHI) theo product_category,,,crm,"[""crm_expected_revenue""]",Revenue concentration index (HHI) theo product_category,,"WITH base AS (
    SELECT
        product_category,
        SUM(vnd_amount) amount
    FROM hive.bi_silver.crm_expected_revenue
    GROUP BY product_category
), total AS (
    SELECT
        SUM(amount) total_rev
    FROM base
)
SELECT
    SUM(POWER(amount / NULLIF(total_rev, 0), 2)) AS product_amount_hhi
FROM base
CROSS JOIN total"
1241,123,Sales amount concentration index (HHI) theo territory,,,crm,"[""crm_expected_revenue""]",Revenue concentration index (HHI) theo territory,,"WITH base AS (
    SELECT
        territory_name,
        SUM(vnd_amount) amount
    FROM hive.bi_silver.crm_expected_revenue
    GROUP BY territory_name
),
total AS (
    SELECT
        SUM(amount) total_rev
    FROM base
)
SELECT
    SUM(POWER(amount / NULLIF(total_rev, 0), 2)) AS territory_amount_hhi
FROM base
CROSS JOIN total"
1242,124,Sales amount entropy theo product_category,,,crm,"[""crm_expected_revenue""]",Revenue entropy theo product_category,,"WITH base AS (
    SELECT
        product_category,
        SUM(vnd_amount) amount
    FROM hive.bi_silver.crm_expected_revenue
    GROUP BY product_category
), total AS (
    SELECT
        SUM(amount) total_rev
    FROM base
)
SELECT
    -SUM((amount / NULLIF(total_rev, 0)) * LN(amount / NULLIF(total_rev, 0))) AS amount_entropy
FROM base
CROSS JOIN total"
1243,125,Sales amount entropy theo territory,,,crm,"[""crm_expected_revenue""]",Revenue entropy theo territory,,"WITH base AS (
    SELECT
        territory_name,
        SUM(vnd_amount) amount
    FROM hive.bi_silver.crm_expected_revenue
    GROUP BY territory_name
),
total AS (
    SELECT
        SUM(amount) total_rev
    FROM base
)
SELECT
    -SUM((amount / NULLIF(total_rev, 0)) * LN(amount / NULLIF(total_rev, 0))) AS amount_entropy
FROM base
CROSS JOIN total"
1244,126,Customer amount dependency risk score,,,crm,"[""crm_expected_revenue""]",Customer amount dependency risk score,,"WITH base AS (
    SELECT
        customer_id,
        SUM(vnd_amount) amount
    FROM hive.bi_silver.crm_expected_revenue
    GROUP BY customer_id
),
total AS (
    SELECT
        SUM(amount) total_rev
    FROM base
)
SELECT
    MAX(amount / NULLIF(total_rev, 0)) AS max_customer_dependency
FROM base
CROSS JOIN total"
1245,127,Top 10 khách hàng chiếm tỷ trọng amount lớn nhất,,,crm,"[""crm_expected_revenue""]",Top 10 khách hàng chiếm tỷ trọng amount lớn nhất,,"WITH base AS (
    SELECT
        customer_name,
        SUM(vnd_amount) amount
    FROM hive.bi_silver.crm_expected_revenue
    GROUP BY customer_name
), total AS (
    SELECT
        SUM(amount) total_rev
    FROM base
)
SELECT
    customer_name,
    amount / NULLIF(total_rev, 0) amount_share
FROM base
CROSS JOIN total
ORDER BY amount_share DESC
LIMIT 10"
1246,128,Sales amount volatility theo tháng (stddev),,,crm,"[""crm_expected_revenue""]",Revenue volatility theo tháng (stddev),,"SELECT stddev(monthly_rev) AS amount_volatility 
FROM (
    SELECT date_trunc('month', due_date) m, SUM(vnd_amount) monthly_rev 
    FROM hive.bi_silver.crm_expected_revenue 
    GROUP BY date_trunc('month', due_date)
) t"
1247,129,Sales amount volatility theo territory,,,crm,"[""crm_expected_revenue""]",Revenue volatility theo territory,,"SELECT territory_name, stddev(vnd_amount) AS volatility
FROM hive.bi_silver.crm_expected_revenue
GROUP BY territory_name"
1248,130,Deal size power-law detection (top deals vs total amount),,,crm,"[""crm_expected_revenue""]",Deal size power-law detection (top deals vs total amount),,"WITH base AS (
    SELECT deal_id, SUM(vnd_amount) amount
    FROM hive.bi_silver.crm_expected_revenue
    GROUP BY deal_id
),
total AS (
    SELECT SUM(amount) total_rev
    FROM base
)
SELECT
    SUM(amount) / NULLIF(MAX(total_rev),0) AS top_deal_amount_share
FROM (
    SELECT amount
    FROM base
    ORDER BY amount DESC
    LIMIT 10
) t
CROSS JOIN total"
1249,131,Top 1% deal amount share,,,crm,"[""crm_expected_revenue""]",Top 1% deal amount share,,"WITH base AS (
    SELECT deal_id, SUM(vnd_amount) amount
    FROM hive.bi_silver.crm_expected_revenue
    GROUP BY deal_id
),
ranked AS (
    SELECT amount,
           NTILE(100) OVER (ORDER BY amount DESC) tile
    FROM base
),
total AS (
    SELECT SUM(amount) total_rev
    FROM base
)
SELECT
    SUM(amount) / NULLIF(MAX(total_rev),0)
FROM ranked
CROSS JOIN total
WHERE tile = 1"
1250,132,Payment schedule inequality (max vs avg payment per deal),,,crm,"[""crm_expected_revenue""]",Payment schedule inequality (max vs avg payment per deal),,"WITH base AS (
    SELECT
        deal_id,
        MAX(vnd_amount) AS max_p,
        AVG(vnd_amount) AS avg_p
    FROM hive.bi_silver.crm_expected_revenue
    GROUP BY deal_id
)
SELECT AVG(max_p / NULLIF(avg_p, 0))
FROM base"
1251,133,Deal amount variance,,,crm,"[""crm_expected_revenue""]",Deal amount variance,,"SELECT variance(total_rev) FROM (SELECT deal_id, SUM(vnd_amount) total_rev FROM hive.bi_silver.crm_expected_revenue GROUP BY deal_id) t"
1252,134,Contract amount variance,,,crm,"[""crm_expected_revenue""]",Contract amount variance,,"SELECT variance(total_rev) FROM (SELECT contract_id, SUM(vnd_amount) total_rev FROM hive.bi_silver.crm_expected_revenue GROUP BY contract_id) t"
1253,135,Account manager amount inequality index,,,crm,"[""crm_expected_revenue""]",Account manager amount inequality index,,"WITH base AS (
    SELECT am_username, SUM(vnd_amount) amount
    FROM hive.bi_silver.crm_expected_revenue
    GROUP BY am_username
)
SELECT MAX(amount) / NULLIF(MIN(amount), 0) AS inequality_ratio
FROM base"
1254,136,Average payment delay volatility,,,crm,"[""crm_expected_revenue""]",Average payment delay volatility,,"SELECT stddev(date_diff('day', due_date, payment_date)) FROM hive.bi_silver.crm_expected_revenue WHERE payment_date IS NOT NULL AND due_date IS NOT NULL"
1255,137,Tỷ lệ deal có nhiều hơn 5 payment schedule,,,crm,"[""crm_expected_revenue""]",Tỷ lệ deal có nhiều hơn 5 payment schedule,,"SELECT CAST(COUNT(CASE WHEN payment_count>5 THEN 1 END) AS DOUBLE) / NULLIF(COUNT(*),0) FROM (SELECT deal_id, COUNT(*) payment_count FROM hive.bi_silver.crm_expected_revenue GROUP BY deal_id) t"
1256,138,Customer concentration risk theo territory,,,crm,"[""crm_expected_revenue""]",Customer concentration risk theo territory,,"WITH base AS (
    SELECT territory_name, customer_id, SUM(vnd_amount) amount
    FROM hive.bi_silver.crm_expected_revenue
    GROUP BY territory_name, customer_id
), total AS (
    SELECT territory_name, SUM(amount) total_rev
    FROM base
    GROUP BY territory_name
)
SELECT b.territory_name, MAX(b.amount/NULLIF(t.total_rev,0))
FROM base b
JOIN total t ON b.territory_name = t.territory_name
GROUP BY b.territory_name"
1257,139,Sales amount diversification index theo product_category,,,crm,"[""crm_expected_revenue""]",Revenue diversification index theo product_category,,"WITH base AS (
    SELECT
        product_category,
        SUM(vnd_amount) amount
    FROM hive.bi_silver.crm_expected_revenue
    GROUP BY product_category
),
total AS (
    SELECT
        SUM(amount) total_rev
    FROM base
)
SELECT
    CAST(COUNT(*) AS DOUBLE) / NULLIF(SUM(POWER(amount / NULLIF(total_rev, 0), 2)), 0)
FROM base
CROSS JOIN total"
1258,140,Payment schedule entropy theo deal,,,crm,"[""crm_expected_revenue""]",Payment schedule entropy theo deal,,"WITH base AS (
    SELECT deal_id, vnd_amount
    FROM hive.bi_silver.crm_expected_revenue
), deal_total AS (
    SELECT deal_id, SUM(vnd_amount) total_rev
    FROM base
    GROUP BY deal_id
)
SELECT
    deal_id,
    -SUM((vnd_amount / NULLIF(total_rev, 0)) * LN(vnd_amount / NULLIF(total_rev, 0))) AS entropy
FROM base
JOIN deal_total USING (deal_id)
GROUP BY deal_id"
1259,141,Sales amount anomaly detection (>3 stddev),,,crm,"[""crm_expected_revenue""]",Revenue anomaly detection (>3 stddev),,"WITH stats AS (
    SELECT AVG(vnd_amount) avg_v,
           stddev(vnd_amount) sd_v
    FROM hive.bi_silver.crm_expected_revenue
)
SELECT deal_id,
       vnd_amount
FROM hive.bi_silver.crm_expected_revenue
CROSS JOIN stats
WHERE vnd_amount > avg_v + 3 * sd_v"
1260,142,Customer amount anomaly detection,,,crm,"[""crm_expected_revenue""]",Customer amount anomaly detection,,"WITH stats AS (
    SELECT
        AVG(total_rev) AS avg_v,
        stddev(total_rev) AS sd_v
    FROM (
        SELECT
            customer_id,
            SUM(vnd_amount) AS total_rev
        FROM hive.bi_silver.crm_expected_revenue
        GROUP BY customer_id
    ) t
)
SELECT *
FROM (
    SELECT
        customer_id,
        SUM(vnd_amount) AS total_rev
    FROM hive.bi_silver.crm_expected_revenue
    GROUP BY customer_id
) c
CROSS JOIN stats
WHERE total_rev > avg_v + 3 * sd_v"
1261,143,Forecast drift detection theo tháng,,,crm,"[""crm_expected_revenue""]",Forecast drift detection theo tháng,,"SELECT date_trunc('month', update_at) month,
       SUM(vnd_amount) amount
FROM hive.bi_silver.crm_expected_revenue
GROUP BY date_trunc('month', update_at)
ORDER BY month"
1262,144,Cashflow skewness theo tháng,,,crm,"[""crm_expected_revenue""]",Cashflow skewness theo tháng,,"SELECT skewness(month_rev) 
FROM (
    SELECT date_trunc('month', due_date) AS m, 
           SUM(vnd_amount) AS month_rev 
    FROM hive.bi_silver.crm_expected_revenue 
    GROUP BY date_trunc('month', due_date)
) t"
1263,145,Top 5% customer amount share,,,crm,"[""crm_expected_revenue""]",Top 5% customer amount share,,"WITH base AS (
    SELECT customer_id, SUM(vnd_amount) amount
    FROM hive.bi_silver.crm_expected_revenue
    GROUP BY customer_id
),
ranked AS (
    SELECT amount, NTILE(20) OVER (ORDER BY amount DESC) tile
    FROM base
)

SELECT
    SUM(amount) /
    NULLIF((SELECT SUM(amount) FROM base), 0) AS top5pct_share
FROM ranked
WHERE tile = 1"
1264,146,Deal amount entropy,,,crm,"[""crm_expected_revenue""]",Deal amount entropy,,"WITH base AS (
    SELECT deal_id, SUM(vnd_amount) amount
    FROM hive.bi_silver.crm_expected_revenue
    GROUP BY deal_id
), total AS (
    SELECT SUM(amount) total_rev
    FROM base
)
SELECT -SUM((amount / NULLIF(total_rev, 0)) * LN(amount / NULLIF(total_rev, 0)))
FROM base
CROSS JOIN total"
1265,147,Contract amount entropy,,,crm,"[""crm_expected_revenue""]",Contract amount entropy,,"WITH base AS (
    SELECT contract_id, SUM(vnd_amount) amount
    FROM hive.bi_silver.crm_expected_revenue
    GROUP BY contract_id
), total AS (
    SELECT SUM(amount) total_rev
    FROM base
)
SELECT -SUM((amount/NULLIF(total_rev,0))*ln(amount/NULLIF(total_rev,0)))
FROM base
CROSS JOIN total"
1266,148,Tỷ lệ amount từ top 10 account manager,,,crm,"[""crm_expected_revenue""]",Tỷ lệ amount từ top 10 account manager,,"WITH base AS (
    SELECT 
        am_username,
        SUM(vnd_amount) amount
    FROM hive.bi_silver.crm_expected_revenue
    GROUP BY am_username
)

SELECT
    SUM(amount) /
    NULLIF(SUM(SUM(amount)) OVER (),0) AS top10_share
FROM (
    SELECT *
    FROM base
    ORDER BY amount DESC
    LIMIT 10
)"
1267,149,Forecast amount inequality theo territory,,,crm,"[""crm_expected_revenue""]",Forecast amount inequality theo territory,,"WITH base AS (
    SELECT territory_name, SUM(vnd_amount) amount
    FROM hive.bi_silver.crm_expected_revenue
    GROUP BY territory_name
)
SELECT MAX(amount) / NULLIF(MIN(amount), 0)
FROM base"
1268,150,Sales amount risk score (top customer share * volatility),,,crm,"[""crm_expected_revenue""]",Revenue risk score (top customer share * volatility),,"WITH base AS (
    SELECT customer_id, SUM(vnd_amount) amount
    FROM hive.bi_silver.crm_expected_revenue
    GROUP BY customer_id
)

SELECT
    MAX(amount) /
    NULLIF(SUM(amount), 0) *
    (SELECT stddev(vnd_amount) FROM hive.bi_silver.crm_expected_revenue) AS metric
FROM base"
1269,1,Tổng số sản phẩm trong bảng giá,,,crm,"[""crm_pricebook""]",Tổng số sản phẩm trong bảng giá,,"SELECT COUNT(DISTINCT product_id) AS total_products
FROM hive.bi_silver.crm_pricebook"
1270,2,Số lượng sản phẩm theo danh mục sản phẩm,,,crm,"[""crm_pricebook""]",Số lượng sản phẩm theo danh mục sản phẩm,,"SELECT product_category, COUNT(DISTINCT product_id) AS total_products FROM hive.bi_silver.crm_pricebook GROUP BY product_category ORDER BY total_products DESC"
1271,3,Giá trung bình của sản phẩm theo danh mục,,,crm,"[""crm_pricebook""]",Giá trung bình của sản phẩm theo danh mục,,"SELECT product_category, AVG(price) AS avg_price 
FROM hive.bi_silver.crm_pricebook 
GROUP BY product_category 
ORDER BY avg_price DESC"
1272,4,Số lượng sản phẩm theo loại giấy phép,,,crm,"[""crm_pricebook""]",Số lượng sản phẩm theo loại giấy phép,,"SELECT product_license, COUNT(DISTINCT product_id) AS total_products FROM hive.bi_silver.crm_pricebook GROUP BY product_license ORDER BY total_products DESC"
1273,5,Top 10 sản phẩm có giá cao nhất,,,crm,"[""crm_pricebook""]",Top 10 sản phẩm có giá cao nhất,,"SELECT product_name, MAX(price) AS max_price FROM hive.bi_silver.crm_pricebook GROUP BY product_name ORDER BY max_price DESC LIMIT 10"
1274,6,Top 10 sản phẩm có giá thấp nhất,,,crm,"[""crm_pricebook""]",Top 10 sản phẩm có giá thấp nhất,,"SELECT product_name, MIN(price) AS min_price FROM hive.bi_silver.crm_pricebook GROUP BY product_name ORDER BY min_price ASC LIMIT 10"
1275,7,Số lượng sản phẩm theo đơn vị tính giá,,,crm,"[""crm_pricebook""]",Số lượng sản phẩm theo đơn vị tính giá,,"SELECT price_unit, COUNT(*) AS total_items 
FROM hive.bi_silver.crm_pricebook 
GROUP BY price_unit 
ORDER BY total_items DESC"
1276,8,Tỷ lệ sản phẩm đang active trong bảng giá,,,crm,"[""crm_pricebook""]",Tỷ lệ sản phẩm đang active trong bảng giá,,"WITH stats AS (
    SELECT
        COUNT(*) AS total_items,
        SUM(CASE WHEN is_active = TRUE THEN 1 ELSE 0 END) AS active_items
    FROM hive.bi_silver.crm_pricebook
)
SELECT
    active_items * 1.0 / NULLIF(CAST(total_items AS DOUBLE), 0) AS active_ratio
FROM stats"
1277,9,Phân bố số lượng sản phẩm theo loại giá,,,crm,"[""crm_pricebook""]",Phân bố số lượng sản phẩm theo loại giá,,"SELECT price_type, COUNT(*) AS total_items 
FROM hive.bi_silver.crm_pricebook 
GROUP BY price_type 
ORDER BY total_items DESC"
1278,10,Giá trung bình theo loại sản phẩm,,,crm,"[""crm_pricebook""]",Giá trung bình theo loại sản phẩm,,"SELECT product_type, AVG(price) AS avg_price FROM hive.bi_silver.crm_pricebook GROUP BY product_type ORDER BY avg_price DESC"
1279,11,Tổng số sản phẩm có pricing theo số lượng,,,crm,"[""crm_pricebook""]",Tổng số sản phẩm có pricing theo số lượng,,"SELECT is_quantity_based, COUNT(*) AS total_items 
FROM hive.bi_silver.crm_pricebook 
GROUP BY is_quantity_based"
1280,12,Tỷ lệ sản phẩm liên quan đến chương trình CSMP,,,crm,"[""crm_pricebook""]",Tỷ lệ sản phẩm liên quan đến chương trình CSMP,,"WITH stats AS (
    SELECT COUNT(*) AS total_items,
           SUM(CASE WHEN is_related_csmp = TRUE THEN 1 ELSE 0 END) AS csmp_items
    FROM hive.bi_silver.crm_pricebook
)
SELECT csmp_items * 1.0 / NULLIF(CAST(total_items AS DOUBLE), 0) AS csmp_ratio
FROM stats"
1281,13,Số lượng sản phẩm theo package,,,crm,"[""crm_pricebook""]",Số lượng sản phẩm theo package,,"SELECT package, COUNT(*) AS total_items 
FROM hive.bi_silver.crm_pricebook 
GROUP BY package 
ORDER BY total_items DESC"
1282,14,Giá trung bình theo package sản phẩm,,,crm,"[""crm_pricebook""]",Giá trung bình theo package sản phẩm,,"SELECT package, AVG(price) AS avg_price
FROM hive.bi_silver.crm_pricebook
GROUP BY package
ORDER BY avg_price DESC"
1283,15,Số lượng sản phẩm theo loại item,,,crm,"[""crm_pricebook""]",Số lượng sản phẩm theo loại item,,"SELECT item_type, COUNT(*) AS total_items 
FROM hive.bi_silver.crm_pricebook 
GROUP BY item_type 
ORDER BY total_items DESC"
1284,16,Top 10 sản phẩm có khoảng giá lớn nhất giữa price_max và price_min,,,crm,"[""crm_pricebook""]",Top 10 sản phẩm có khoảng giá lớn nhất giữa price_max và price_min,,"SELECT product_name, MAX(price_max - price_min) AS price_range FROM hive.bi_silver.crm_pricebook GROUP BY product_name ORDER BY price_range DESC LIMIT 10"
1285,17,Phân bố sản phẩm theo tiền tệ,,,crm,"[""crm_pricebook""]",Phân bố sản phẩm theo tiền tệ,,"SELECT currency_code, COUNT(*) AS total_items 
FROM hive.bi_silver.crm_pricebook 
GROUP BY currency_code 
ORDER BY total_items DESC"
1286,18,Xu hướng số lượng bản ghi pricebook được tạo theo năm,,,crm,"[""crm_pricebook""]",Xu hướng số lượng bản ghi pricebook được tạo theo năm,,"SELECT YEAR(created_at) AS year, COUNT(*) AS total_records FROM hive.bi_silver.crm_pricebook GROUP BY YEAR(created_at) ORDER BY year"
1287,19,Số lượng sản phẩm theo subtype,,,crm,"[""crm_pricebook""]",Số lượng sản phẩm theo subtype,,"SELECT sub_type, COUNT(*) AS total_items 
FROM hive.bi_silver.crm_pricebook 
GROUP BY sub_type 
ORDER BY total_items DESC"
1288,20,Phát hiện sản phẩm có giá vượt quá price_max hoặc thấp hơn price_min (anomaly),,,crm,"[""crm_pricebook""]",Phát hiện sản phẩm có giá vượt quá price_max hoặc thấp hơn price_min (anomaly),,"SELECT product_name, price, price_min, price_max
FROM hive.bi_silver.crm_pricebook
WHERE price > price_max OR price < price_min"
1289,21,Giá trung bình theo danh mục sản phẩm và loại giấy phép,,,crm,"[""crm_pricebook""]",Giá trung bình theo danh mục sản phẩm và loại giấy phép,,"SELECT product_category, product_license, AVG(price) AS avg_price FROM hive.bi_silver.crm_pricebook GROUP BY product_category, product_license ORDER BY avg_price DESC"
1290,22,Tỷ lệ sản phẩm active theo danh mục sản phẩm,,,crm,"[""crm_pricebook""]",Tỷ lệ sản phẩm active theo danh mục sản phẩm,,"WITH base AS (
    SELECT
        product_category,
        CAST(COUNT(*) AS DOUBLE) total_items,
        SUM(CASE WHEN is_active THEN 1 ELSE 0 END) active_items
    FROM hive.bi_silver.crm_pricebook
    GROUP BY product_category
)
SELECT
    product_category,
    active_items / NULLIF(total_items, 0) AS active_ratio
FROM base"
1291,23,Giá trung bình theo loại package và loại license,,,crm,"[""crm_pricebook""]",Giá trung bình theo loại package và loại license,,"SELECT package, product_license, AVG(price) avg_price FROM hive.bi_silver.crm_pricebook GROUP BY package, product_license ORDER BY avg_price DESC"
1292,24,Top 10 sản phẩm có giá trung bình cao nhất,,,crm,"[""crm_pricebook""]",Top 10 sản phẩm có giá trung bình cao nhất,,"SELECT product_name, AVG(price) avg_price 
FROM hive.bi_silver.crm_pricebook 
GROUP BY product_name 
ORDER BY avg_price DESC 
LIMIT 10"
1293,25,Top 10 sản phẩm có giá trung bình thấp nhất,,,crm,"[""crm_pricebook""]",Top 10 sản phẩm có giá trung bình thấp nhất,,"SELECT product_name, AVG(price) avg_price FROM hive.bi_silver.crm_pricebook GROUP BY product_name ORDER BY avg_price ASC LIMIT 10"
1294,26,Độ biến động giá giữa price_max và price_min theo danh mục,,,crm,"[""crm_pricebook""]",Độ biến động giá giữa price_max và price_min theo danh mục,,"SELECT product_category, AVG(price_max - price_min) avg_price_range 
FROM hive.bi_silver.crm_pricebook 
GROUP BY product_category 
ORDER BY avg_price_range DESC"
1295,27,Tỷ lệ sản phẩm có khoảng giá lớn hơn giá trung bình toàn hệ thống,,,crm,"[""crm_pricebook""]",Tỷ lệ sản phẩm có khoảng giá lớn hơn giá trung bình toàn hệ thống,,"WITH stats AS (
    SELECT AVG(price_max - price_min) global_range
    FROM hive.bi_silver.crm_pricebook
)
SELECT CAST(COUNT(*) AS DOUBLE) / NULLIF((SELECT COUNT(*) FROM hive.bi_silver.crm_pricebook), 0) ratio
FROM hive.bi_silver.crm_pricebook, stats
WHERE price_max - price_min > global_range"
1296,28,Số lượng sản phẩm theo loại price_type và package,,,crm,"[""crm_pricebook""]",Số lượng sản phẩm theo loại price_type và package,,"SELECT price_type, package, COUNT(*) total_items 
FROM hive.bi_silver.crm_pricebook 
GROUP BY price_type, package 
ORDER BY total_items DESC"
1297,29,Giá trung bình theo currency_code,,,crm,"[""crm_pricebook""]",Giá trung bình theo currency_code,,"SELECT currency_code, AVG(price) avg_price
FROM hive.bi_silver.crm_pricebook
GROUP BY currency_code
ORDER BY avg_price DESC"
1298,30,Số lượng sản phẩm theo product_category và currency_code,,,crm,"[""crm_pricebook""]",Số lượng sản phẩm theo product_category và currency_code,,"SELECT product_category, currency_code, COUNT(*) total_items 
FROM hive.bi_silver.crm_pricebook 
GROUP BY product_category, currency_code 
ORDER BY total_items DESC"
1299,31,Top danh mục có giá trung bình cao nhất,,,crm,"[""crm_pricebook""]",Top danh mục có giá trung bình cao nhất,,"SELECT product_category, AVG(price) avg_price FROM hive.bi_silver.crm_pricebook GROUP BY product_category ORDER BY avg_price DESC LIMIT 5"
1300,32,Danh mục sản phẩm có mức chiết khấu CSMP trung bình cao nhất,,,crm,"[""crm_pricebook""]",Danh mục sản phẩm có mức chiết khấu CSMP trung bình cao nhất,,"SELECT product_category, AVG(csmp_discount) avg_discount 
FROM hive.bi_silver.crm_pricebook 
GROUP BY product_category 
ORDER BY avg_discount DESC"
1301,33,So sánh chiết khấu trung bình giữa Silver Gold Diamond,,,crm,"[""crm_pricebook""]",So sánh chiết khấu trung bình giữa Silver Gold Diamond,,"SELECT AVG(csmp_discount_silver) avg_silver, AVG(csmp_discount_gold) avg_gold, AVG(csmp_discount_diamond) avg_diamond FROM hive.bi_silver.crm_pricebook"
1302,34,Tỷ lệ sản phẩm có chiết khấu diamond lớn hơn gold,,,crm,"[""crm_pricebook""]",Tỷ lệ sản phẩm có chiết khấu diamond lớn hơn gold,,"SELECT CAST(COUNT(*) AS DOUBLE) / NULLIF((SELECT CAST(COUNT(*) AS DOUBLE) FROM hive.bi_silver.crm_pricebook), 0) ratio
FROM hive.bi_silver.crm_pricebook
WHERE csmp_discount_diamond > csmp_discount_gold"
1303,35,Giá trung bình của sản phẩm CSMP và non-CSMP,,,crm,"[""crm_pricebook""]",Giá trung bình của sản phẩm CSMP và non-CSMP,,"SELECT is_related_csmp, AVG(price) avg_price 
FROM hive.bi_silver.crm_pricebook 
GROUP BY is_related_csmp"
1304,36,Số lượng sản phẩm theo license và package,,,crm,"[""crm_pricebook""]",Số lượng sản phẩm theo license và package,,"SELECT product_license, package, COUNT(*) total_items FROM hive.bi_silver.crm_pricebook GROUP BY product_license, package ORDER BY total_items DESC"
1305,37,Giá trung bình theo price_unit,,,crm,"[""crm_pricebook""]",Giá trung bình theo price_unit,,"SELECT price_unit, AVG(price) avg_price 
FROM hive.bi_silver.crm_pricebook 
GROUP BY price_unit 
ORDER BY avg_price DESC"
1306,38,Top 10 product_category có số lượng SKU nhiều nhất,,,crm,"[""crm_pricebook""]",Top 10 product_category có số lượng SKU nhiều nhất,,"SELECT product_category, COUNT(DISTINCT sku) sku_count FROM hive.bi_silver.crm_pricebook GROUP BY product_category ORDER BY sku_count DESC LIMIT 10"
1307,39,Số lượng SKU theo product_license,,,crm,"[""crm_pricebook""]",Số lượng SKU theo product_license,,"SELECT product_license, COUNT(DISTINCT sku) sku_count FROM hive.bi_silver.crm_pricebook GROUP BY product_license ORDER BY sku_count DESC"
1308,40,Giá trung bình theo product_version,,,crm,"[""crm_pricebook""]",Giá trung bình theo product_version,,"SELECT product_version, AVG(price) avg_price FROM hive.bi_silver.crm_pricebook GROUP BY product_version ORDER BY avg_price DESC"
1309,41,Top sản phẩm có price_max cao nhất,,,crm,"[""crm_pricebook""]",Top sản phẩm có price_max cao nhất,,"SELECT product_name, MAX(price_max) max_price 
FROM hive.bi_silver.crm_pricebook 
GROUP BY product_name 
ORDER BY max_price DESC 
LIMIT 10"
1310,42,Sản phẩm có price_min thấp nhất,,,crm,"[""crm_pricebook""]",Sản phẩm có price_min thấp nhất,,"SELECT product_name, MIN(price_min) min_price 
FROM hive.bi_silver.crm_pricebook 
GROUP BY product_name 
ORDER BY min_price ASC 
LIMIT 10"
1311,43,Số lượng sản phẩm theo product_type,,,crm,"[""crm_pricebook""]",Số lượng sản phẩm theo product_type,,"SELECT product_type, COUNT(*) total_items FROM hive.bi_silver.crm_pricebook GROUP BY product_type ORDER BY total_items DESC"
1312,44,Giá trung bình theo product_type và package,,,crm,"[""crm_pricebook""]",Giá trung bình theo product_type và package,,"SELECT product_type, package, AVG(price) avg_price 
FROM hive.bi_silver.crm_pricebook 
GROUP BY product_type, package 
ORDER BY avg_price DESC"
1313,45,Số lượng pricebook theo năm cập nhật,,,crm,"[""crm_pricebook""]",Số lượng pricebook theo năm cập nhật,,"SELECT YEAR(updated_at) year, COUNT(*) total_records 
FROM hive.bi_silver.crm_pricebook 
GROUP BY YEAR(updated_at) 
ORDER BY year"
1314,46,Chênh lệch trung bình giữa price và price_min,,,crm,"[""crm_pricebook""]",Chênh lệch trung bình giữa price và price_min,,SELECT AVG(price - price_min) avg_gap FROM hive.bi_silver.crm_pricebook
1315,47,Chênh lệch trung bình giữa price_max và price,,,crm,"[""crm_pricebook""]",Chênh lệch trung bình giữa price_max và price,,SELECT AVG(price_max - price) avg_gap FROM hive.bi_silver.crm_pricebook
1316,48,Top danh mục có khoảng giá trung bình lớn nhất,,,crm,"[""crm_pricebook""]",Top danh mục có khoảng giá trung bình lớn nhất,,"SELECT product_category, AVG(price_max - price_min) avg_range 
FROM hive.bi_silver.crm_pricebook 
GROUP BY product_category 
ORDER BY avg_range DESC 
LIMIT 10"
1317,49,Tỷ lệ sản phẩm pricing theo số lượng theo danh mục,,,crm,"[""crm_pricebook""]",Tỷ lệ sản phẩm pricing theo số lượng theo danh mục,,"WITH base AS (
    SELECT
        product_category,
        COUNT(*) total_items,
        SUM(CASE WHEN is_quantity_based THEN 1 ELSE 0 END) qty_items
    FROM hive.bi_silver.crm_pricebook
    GROUP BY product_category
)
SELECT
    product_category,
    qty_items / NULLIF(CAST(total_items AS DOUBLE), 0) ratio
FROM base"
1318,50,Số lượng sản phẩm inactive theo danh mục,,,crm,"[""crm_pricebook""]",Số lượng sản phẩm inactive theo danh mục,,"SELECT product_category, COUNT(*) total_items 
FROM hive.bi_silver.crm_pricebook 
WHERE is_active = FALSE 
GROUP BY product_category 
ORDER BY total_items DESC"
1319,51,Top sản phẩm có khoảng giá price_max price_min lớn nhất,,,crm,"[""crm_pricebook""]",Top sản phẩm có khoảng giá price_max price_min lớn nhất,,"SELECT product_name, MAX(price_max - price_min) price_range
FROM hive.bi_silver.crm_pricebook
GROUP BY product_name
ORDER BY price_range DESC
LIMIT 10"
1320,52,Số lượng sản phẩm theo item_type và product_category,,,crm,"[""crm_pricebook""]",Số lượng sản phẩm theo item_type và product_category,,"SELECT item_type, product_category, COUNT(*) total_items 
FROM hive.bi_silver.crm_pricebook 
GROUP BY item_type, product_category 
ORDER BY total_items DESC"
1321,53,Giá trung bình của sản phẩm có quantity based pricing,,,crm,"[""crm_pricebook""]",Giá trung bình của sản phẩm có quantity based pricing,,SELECT AVG(price) avg_price FROM hive.bi_silver.crm_pricebook WHERE is_quantity_based = TRUE
1322,54,Giá trung bình của sản phẩm không quantity based,,,crm,"[""crm_pricebook""]",Giá trung bình của sản phẩm không quantity based,,"SELECT AVG(price) avg_price
FROM hive.bi_silver.crm_pricebook
WHERE is_quantity_based = FALSE"
1323,55,Số lượng sản phẩm theo currency và package,,,crm,"[""crm_pricebook""]",Số lượng sản phẩm theo currency và package,,"SELECT currency_code, package, COUNT(*) total_items FROM hive.bi_silver.crm_pricebook GROUP BY currency_code, package ORDER BY total_items DESC"
1324,56,Tỷ lệ sản phẩm active theo package,,,crm,"[""crm_pricebook""]",Tỷ lệ sản phẩm active theo package,,"WITH base AS (
    SELECT
        package,
        COUNT(*) total_items,
        SUM(CASE WHEN is_active THEN 1 ELSE 0 END) active_items
    FROM hive.bi_silver.crm_pricebook
    GROUP BY package
)
SELECT
    package,
    active_items * 1.0 / NULLIF(CAST(total_items AS DOUBLE), 0) AS active_ratio
FROM base"
1325,57,Giá trung bình theo product_category và price_type,,,crm,"[""crm_pricebook""]",Giá trung bình theo product_category và price_type,,"SELECT product_category, price_type, AVG(price) avg_price 
FROM hive.bi_silver.crm_pricebook 
GROUP BY product_category, price_type 
ORDER BY avg_price DESC"
1326,58,Top 10 package có giá trung bình cao nhất,,,crm,"[""crm_pricebook""]",Top 10 package có giá trung bình cao nhất,,"SELECT package, AVG(price) avg_price FROM hive.bi_silver.crm_pricebook GROUP BY package ORDER BY avg_price DESC LIMIT 10"
1327,59,Top 10 product_category có giá trung bình thấp nhất,,,crm,"[""crm_pricebook""]",Top 10 product_category có giá trung bình thấp nhất,,"SELECT product_category, AVG(price) avg_price
FROM hive.bi_silver.crm_pricebook
GROUP BY product_category
ORDER BY avg_price ASC
LIMIT 10"
1328,60,Phát hiện sản phẩm có price thấp hơn price_min,,,crm,"[""crm_pricebook""]",Phát hiện sản phẩm có price thấp hơn price_min,,"SELECT product_name, price, price_min
FROM hive.bi_silver.crm_pricebook
WHERE price < price_min"
1329,1,Tổng số tài khoản khách hàng trong hệ thống CRM,,,crm,"[""crm_sales_accounts""]",Tổng số tài khoản khách hàng trong hệ thống CRM,,"SELECT COUNT(DISTINCT id) AS total_accounts
FROM hive.bi_silver.crm_sales_accounts"
1330,2,Số lượng tài khoản theo quốc gia,,,crm,"[""crm_sales_accounts""]",Số lượng tài khoản theo quốc gia,,"SELECT country, COUNT(*) AS total_accounts
FROM hive.bi_silver.crm_sales_accounts
GROUP BY country
ORDER BY total_accounts DESC"
1331,3,Số lượng tài khoản theo ngành nghề,,,crm,"[""crm_sales_accounts""]",Số lượng tài khoản theo ngành nghề,,"SELECT industry_type, COUNT(*) AS total_accounts FROM hive.bi_silver.crm_sales_accounts GROUP BY industry_type ORDER BY total_accounts DESC"
1332,4,Số lượng tài khoản theo phân khúc khách hàng cấp 1,,,crm,"[""crm_sales_accounts""]",Số lượng tài khoản theo phân khúc khách hàng cấp 1,,"SELECT customer_segment_l1, COUNT(*) AS total_accounts FROM hive.bi_silver.crm_sales_accounts GROUP BY customer_segment_l1 ORDER BY total_accounts DESC"
1333,6,Top 10 tài khoản có giá trị deal thắng cao nhất,,,crm,"[""crm_sales_accounts""]",Top 10 tài khoản có giá trị deal thắng cao nhất,,"SELECT name, won_deals_amount
FROM hive.bi_silver.crm_sales_accounts
ORDER BY won_deals_amount DESC
LIMIT 10"
1334,7,Top 10 tài khoản có số lượng deal thắng nhiều nhất,,,crm,"[""crm_sales_accounts""]",Top 10 tài khoản có số lượng deal thắng nhiều nhất,,"SELECT name, won_deals_count 
FROM hive.bi_silver.crm_sales_accounts 
ORDER BY won_deals_count DESC 
LIMIT 10"
1335,8,Tổng giá trị deal thắng theo ngành nghề,,,crm,"[""crm_sales_accounts""]",Tổng giá trị deal thắng theo ngành nghề,,"SELECT industry_type, SUM(won_deals_amount) AS total_won_amount
FROM hive.bi_silver.crm_sales_accounts
GROUP BY industry_type
ORDER BY total_won_amount DESC"
1336,9,Số lượng deal đang mở theo ngành nghề,,,crm,"[""crm_sales_accounts""]",Số lượng deal đang mở theo ngành nghề,,"SELECT industry_type, SUM(open_deals_count) AS total_open_deals 
FROM hive.bi_silver.crm_sales_accounts 
GROUP BY industry_type 
ORDER BY total_open_deals DESC"
1337,10,Giá trị deal đang mở trung bình theo phân khúc khách hàng,,,crm,"[""crm_sales_accounts""]",Giá trị deal đang mở trung bình theo phân khúc khách hàng,,"SELECT customer_segment_l1, AVG(open_deals_amount) AS avg_open_deal_value FROM hive.bi_silver.crm_sales_accounts GROUP BY customer_segment_l1 ORDER BY avg_open_deal_value DESC"
1338,11,Số lượng tài khoản theo nguồn tiếp cận ban đầu,,,crm,"[""crm_sales_accounts""]",Số lượng tài khoản theo nguồn tiếp cận ban đầu,,"SELECT initial_source, COUNT(*) AS total_accounts FROM hive.bi_silver.crm_sales_accounts GROUP BY initial_source ORDER BY total_accounts DESC"
1339,12,Xu hướng số lượng tài khoản được tạo theo năm,,,crm,"[""crm_sales_accounts""]",Xu hướng số lượng tài khoản được tạo theo năm,,"SELECT YEAR(created_at) AS year, COUNT(*) AS total_accounts FROM hive.bi_silver.crm_sales_accounts GROUP BY YEAR(created_at) ORDER BY year"
1340,13,Số lượng tài khoản theo thành phố,,,crm,"[""crm_sales_accounts""]",Số lượng tài khoản theo thành phố,,"SELECT city, COUNT(*) AS total_accounts 
FROM hive.bi_silver.crm_sales_accounts 
GROUP BY city 
ORDER BY total_accounts DESC"
1341,14,Top 10 tài khoản có số lượng nhân viên lớn nhất,,,crm,"[""crm_sales_accounts""]",Top 10 tài khoản có số lượng nhân viên lớn nhất,,"SELECT name, number_of_employees 
FROM hive.bi_silver.crm_sales_accounts 
ORDER BY number_of_employees DESC 
LIMIT 10"
1342,15,Tổng giá trị deal thắng theo account manager,,,crm,"[""crm_sales_accounts""]",Tổng giá trị deal thắng theo account manager,,"SELECT am_username, SUM(won_deals_amount) AS total_won_amount
FROM hive.bi_silver.crm_sales_accounts
GROUP BY am_username
ORDER BY total_won_amount DESC"
1343,16,Tỷ lệ tài khoản có deal đang mở,,,crm,"[""crm_sales_accounts""]",Tỷ lệ tài khoản có deal đang mở,,"WITH base AS (
    SELECT COUNT(*) total_accounts,
           SUM(CASE WHEN open_deals_count > 0 THEN 1 ELSE 0 END) accounts_with_open_deals
    FROM hive.bi_silver.crm_sales_accounts
)
SELECT accounts_with_open_deals * 1.0 / NULLIF(CAST(total_accounts AS DOUBLE), 0) AS open_deal_ratio
FROM base"
1344,17,Số lượng tài khoản theo thương hiệu SOC,,,crm,"[""crm_sales_accounts""]",Số lượng tài khoản theo thương hiệu SOC,,"SELECT soc_brand, COUNT(*) AS total_accounts 
FROM hive.bi_silver.crm_sales_accounts 
GROUP BY soc_brand 
ORDER BY total_accounts DESC"
1345,18,Tỷ lệ tài khoản đang sử dụng SOC,,,crm,"[""crm_sales_accounts""]",Tỷ lệ tài khoản đang sử dụng SOC,,"WITH base AS (
    SELECT
        COUNT(*) total_accounts,
        SUM(CASE WHEN LOWER(using_soc) = LOWER('Yes') THEN 1 ELSE 0 END) soc_accounts
    FROM hive.bi_silver.crm_sales_accounts
)
SELECT
    soc_accounts * 1.0 / NULLIF(CAST(total_accounts AS DOUBLE), 0) AS soc_usage_ratio
FROM base"
1346,19,Phát hiện tài khoản có giá trị deal thắng bất thường cao,,,crm,"[""crm_sales_accounts""]",Phát hiện tài khoản có giá trị deal thắng bất thường cao,,"WITH stats AS (
    SELECT
        AVG(won_deals_amount) AS avg_value,
        STDDEV(won_deals_amount) AS std_value
    FROM hive.bi_silver.crm_sales_accounts
)
SELECT
    name,
    won_deals_amount
FROM hive.bi_silver.crm_sales_accounts,
     stats
WHERE won_deals_amount > avg_value + 3 * std_value"
1347,20,Số lượng tài khoản chưa được cập nhật trong hơn 180 ngày,,,crm,"[""crm_sales_accounts""]",Số lượng tài khoản chưa được cập nhật trong hơn 180 ngày,,"SELECT COUNT(*) AS stale_accounts 
FROM hive.bi_silver.crm_sales_accounts 
WHERE days_since_update > 180"
1348,21,Tổng số tài khoản CRM hiện có trong hệ thống,,,cx_cso,"[""crm_sales_accounts""]",Tổng số tài khoản CRM hiện có trong hệ thống,,SELECT COUNT(DISTINCT id) AS total_accounts FROM hive.bi_silver.crm_sales_accounts
1349,22,Số tài khoản mới tạo theo năm,,,cx_cso,"[""crm_sales_accounts""]",Số tài khoản mới tạo theo năm,,"SELECT year(created_at) AS year, COUNT(*) AS account_count FROM hive.bi_silver.crm_sales_accounts GROUP BY year(created_at) ORDER BY year"
1350,23,Top 10 quốc gia có nhiều tài khoản CRM nhất,,,cx_cso,"[""crm_sales_accounts""]",Top 10 quốc gia có nhiều tài khoản CRM nhất,,"SELECT country, COUNT(*) AS total_accounts 
FROM hive.bi_silver.crm_sales_accounts 
GROUP BY country 
ORDER BY total_accounts DESC 
LIMIT 10"
1351,24,Phân bố tài khoản theo ngành công nghiệp,,,cx_cso,"[""crm_sales_accounts""]",Phân bố tài khoản theo ngành công nghiệp,,"SELECT industry_type, COUNT(*) AS total_accounts 
FROM hive.bi_silver.crm_sales_accounts 
GROUP BY industry_type 
ORDER BY total_accounts DESC"
1352,27,Giá trị deal thắng trung bình trên mỗi tài khoản,,,cx_cso,"[""crm_sales_accounts""]",Giá trị deal thắng trung bình trên mỗi tài khoản,,SELECT AVG(won_deals_amount) AS avg_won_amount FROM hive.bi_silver.crm_sales_accounts
1353,28,Tỷ lệ tài khoản có deal đang mở,,,cx_cso,"[""crm_sales_accounts""]",Tỷ lệ tài khoản có deal đang mở,,"SELECT SUM(CASE WHEN open_deals_count > 0 THEN 1 ELSE 0 END) / NULLIF(CAST(COUNT(*) AS DOUBLE), 0) AS active_pipeline_ratio
FROM hive.bi_silver.crm_sales_accounts"
1354,29,Top 10 tài khoản có pipeline lớn nhất,,,cx_cso,"[""crm_sales_accounts""]",Top 10 tài khoản có pipeline lớn nhất,,"SELECT name, open_deals_amount
FROM hive.bi_silver.crm_sales_accounts
ORDER BY open_deals_amount DESC
LIMIT 10"
1355,30,Top 10 tài khoản có doanh số bán hàng thắng lớn nhất,,,cx_cso,"[""crm_sales_accounts""]",Top 10 tài khoản có doanh số bán hàng thắng lớn nhất,,"SELECT name, won_deals_amount
FROM hive.bi_silver.crm_sales_accounts
ORDER BY won_deals_amount DESC
LIMIT 10"
1356,31,Tỷ lệ chuyển đổi từ pipeline sang deal thắng theo tài khoản,,,cx_cso,"[""crm_sales_accounts""]",Tỷ lệ chuyển đổi từ pipeline sang deal thắng theo tài khoản,,"SELECT SUM(won_deals_count) / NULLIF(SUM(open_deals_count) + SUM(won_deals_count), 0) AS deal_conversion_proxy
FROM hive.bi_silver.crm_sales_accounts"
1357,32,Tỷ lệ tài khoản không cập nhật quá 180 ngày,,,cx_cso,"[""crm_sales_accounts""]",Tỷ lệ tài khoản không cập nhật quá 180 ngày,,"SELECT SUM(CASE WHEN days_since_update > 180 THEN 1 ELSE 0 END) / NULLIF(CAST(COUNT(*) AS DOUBLE), 0) AS stale_account_ratio
FROM hive.bi_silver.crm_sales_accounts"
1358,33,Top 10 account manager quản lý nhiều tài khoản nhất,,,cx_cso,"[""crm_sales_accounts""]",Top 10 account manager quản lý nhiều tài khoản nhất,,"SELECT am_username, COUNT(*) AS account_count FROM hive.bi_silver.crm_sales_accounts GROUP BY am_username ORDER BY account_count DESC LIMIT 10"
1359,34,Giá trị pipeline trung bình theo account manager,,,cx_cso,"[""crm_sales_accounts""]",Giá trị pipeline trung bình theo account manager,,"SELECT am_username, AVG(open_deals_amount) AS avg_pipeline 
FROM hive.bi_silver.crm_sales_accounts 
GROUP BY am_username 
ORDER BY avg_pipeline DESC"
1360,37,Tỷ lệ tài khoản có hợp đồng gia hạn trong 90 ngày tới,,,cx_cso,"[""crm_sales_accounts""]",Tỷ lệ tài khoản có hợp đồng gia hạn trong 90 ngày tới,,"SELECT SUM(CASE WHEN renewal_date <= date_add('day',90,current_date) THEN 1 ELSE 0 END) / NULLIF(CAST(COUNT(*) AS DOUBLE),0) AS renewal_soon_ratio FROM hive.bi_silver.crm_sales_accounts"
1361,38,Tỷ lệ tài khoản có hoạt động sales gần đây trong 30 ngày,,,cx_cso,"[""crm_sales_accounts""]",Tỷ lệ tài khoản có hoạt động sales gần đây trong 30 ngày,,"SELECT SUM(CASE WHEN last_contacted_via_sales_activity >= date_add('day',-30,current_date) THEN 1 ELSE 0 END) / NULLIF(CAST(COUNT(*) AS DOUBLE), 0) AS recent_contact_ratio FROM hive.bi_silver.crm_sales_accounts"
1362,41,Top nguồn tạo pipeline lớn nhất,,,cx_cso,"[""crm_sales_accounts""]",Top nguồn tạo pipeline lớn nhất,,"SELECT initial_source, SUM(open_deals_amount) AS pipeline_value 
FROM hive.bi_silver.crm_sales_accounts 
GROUP BY initial_source 
ORDER BY pipeline_value DESC"
1363,42,Tỷ lệ tài khoản sử dụng SOC,,,cx_cso,"[""crm_sales_accounts""]",Tỷ lệ tài khoản sử dụng SOC,,"SELECT SUM(CASE WHEN LOWER(using_soc) = LOWER('Yes') THEN 1 ELSE 0 END) / NULLIF(CAST(COUNT(*) AS DOUBLE), 0) AS soc_adoption_rate FROM hive.bi_silver.crm_sales_accounts"
1364,46,Top 10 tài khoản có số nhân viên lớn nhất,,,cx_cso,"[""crm_sales_accounts""]",Top 10 tài khoản có số nhân viên lớn nhất,,"SELECT name, number_of_employees
FROM hive.bi_silver.crm_sales_accounts
ORDER BY number_of_employees DESC
LIMIT 10"
1365,50,Top account manager có tỷ lệ pipeline lớn nhất,,,cx_cso,"[""crm_sales_accounts""]",Top account manager có tỷ lệ pipeline lớn nhất,,"SELECT am_username, SUM(open_deals_amount) AS pipeline_value
FROM hive.bi_silver.crm_sales_accounts
GROUP BY am_username
ORDER BY pipeline_value DESC
LIMIT 10"
1366,51,Chỉ số tập trung doanh số theo tài khoản (Account Amount Concentration HHI),,,cx_cso,"[""crm_sales_accounts""]",Chỉ số tập trung doanh số theo tài khoản (Account Amount Concentration HHI),,"WITH amount_share AS (
    SELECT
        id,
        COALESCE(won_deals_amount,0) AS amount,
        CAST(COALESCE(won_deals_amount,0) AS DOUBLE)
        /
        NULLIF(SUM(CAST(COALESCE(won_deals_amount,0) AS DOUBLE)) OVER(),0)
        AS share
    FROM hive.bi_silver.crm_sales_accounts
)
SELECT
    SUM(share * share) AS amount_hhi
FROM amount_share"
1367,52,Chỉ số tập trung pipeline theo tài khoản (Pipeline HHI),,,cx_cso,"[""crm_sales_accounts""]",Chỉ số tập trung pipeline theo tài khoản (Pipeline HHI),,"WITH pipeline_share AS (
    SELECT
        id,
        CAST(COALESCE(open_deals_amount,0) AS DOUBLE)
        /
        NULLIF(SUM(CAST(COALESCE(open_deals_amount,0) AS DOUBLE)) OVER(),0)
        AS share
    FROM hive.bi_silver.crm_sales_accounts
)
SELECT
    SUM(share * share) AS pipeline_hhi
FROM pipeline_share"
1368,55,Chỉ số mất cân bằng workload giữa các Account Manager,,,cx_cso,"[""crm_sales_accounts""]",Chỉ số mất cân bằng workload giữa các Account Manager,,"WITH am_load AS (
    SELECT am_username, COUNT(*) AS accounts
    FROM hive.bi_silver.crm_sales_accounts
    GROUP BY am_username
), stats AS (
    SELECT AVG(accounts) AS avg_accounts
    FROM am_load
)
SELECT STDDEV(accounts) / NULLIF((SELECT avg_accounts FROM stats), 0) AS workload_imbalance_index
FROM am_load"
1369,56,Chỉ số rủi ro danh mục tài khoản dựa trên độ tập trung doanh số,,,cx_cso,"[""crm_sales_accounts""]",Chỉ số rủi ro danh mục tài khoản dựa trên độ tập trung doanh số,,"WITH amount AS (
    SELECT
        id,
        COALESCE(won_deals_amount, 0) AS r
    FROM hive.bi_silver.crm_sales_accounts
),
stats AS (
    SELECT
        STDDEV(r) AS std_r,
        AVG(r) AS avg_r
    FROM amount
)
SELECT
    std_r / NULLIF(avg_r, 0) AS portfolio_risk_score
FROM stats"
1370,60,Chỉ số dormancy risk của tài khoản dựa trên thời gian không cập nhật,,,cx_cso,"[""crm_sales_accounts""]",Chỉ số dormancy risk của tài khoản dựa trên thời gian không cập nhật,,SELECT AVG(days_since_update) AS avg_account_dormancy_risk FROM hive.bi_silver.crm_sales_accounts
1371,61,Tỷ lệ tài khoản có nguy cơ dormancy cao (>365 ngày không cập nhật),,,cx_cso,"[""crm_sales_accounts""]",Tỷ lệ tài khoản có nguy cơ dormancy cao (>365 ngày không cập nhật),,"SELECT SUM(CASE WHEN days_since_update > 365 THEN 1 ELSE 0 END) / NULLIF(CAST(COUNT(*) AS DOUBLE), 0) AS dormancy_high_risk_ratio
FROM hive.bi_silver.crm_sales_accounts"
1372,62,Tốc độ vòng đời tài khoản từ ngày thành lập đến khi tạo account CRM,,,cx_cso,"[""crm_sales_accounts""]",Tốc độ vòng đời tài khoản từ ngày thành lập đến khi tạo account CRM,,"SELECT AVG(date_diff('day', incorporation_date, created_at)) AS avg_account_lifecycle_velocity 
FROM hive.bi_silver.crm_sales_accounts 
WHERE incorporation_date IS NOT NULL"
1373,63,Thời gian trung bình từ tạo account đến lần contact sales đầu tiên,,,cx_cso,"[""crm_sales_accounts""]",Thời gian trung bình từ tạo account đến lần contact sales đầu tiên,,"SELECT AVG(date_diff('day', created_at, last_contacted_via_sales_activity)) AS avg_time_to_first_contact 
FROM hive.bi_silver.crm_sales_accounts 
WHERE last_contacted_via_sales_activity IS NOT NULL"
1374,64,Tỷ lệ tài khoản chưa từng được contact sales,,,cx_cso,"[""crm_sales_accounts""]",Tỷ lệ tài khoản chưa từng được contact sales,,"SELECT SUM(CASE WHEN last_contacted_via_sales_activity IS NULL THEN 1 ELSE 0 END) / NULLIF(CAST(COUNT(*) AS DOUBLE), 0) AS never_contacted_ratio FROM hive.bi_silver.crm_sales_accounts"
1375,65,Opportunity expansion score dựa trên quy mô nhân sự và pipeline,,,cx_cso,"[""crm_sales_accounts""]",Opportunity expansion score dựa trên quy mô nhân sự và pipeline,,"SELECT AVG(number_of_employees * COALESCE(open_deals_amount,0)) AS expansion_opportunity_score 
FROM hive.bi_silver.crm_sales_accounts"
1376,66,Tỷ lệ tài khoản lớn (top 20% nhân sự) nhưng pipeline thấp,,,cx_cso,"[""crm_sales_accounts""]",Tỷ lệ tài khoản lớn (top 20% nhân sự) nhưng pipeline thấp,,"WITH ranked AS (
    SELECT
        id,
        number_of_employees,
        open_deals_amount,
        NTILE(5) OVER (ORDER BY number_of_employees DESC) AS size_bucket
    FROM hive.bi_silver.crm_sales_accounts
)
SELECT
    SUM(CASE WHEN size_bucket = 1 AND open_deals_amount = 0 THEN 1 ELSE 0 END) / NULLIF(CAST(COUNT(*) AS DOUBLE), 0) AS underpenetrated_large_accounts
FROM ranked"
1377,67,Tỷ lệ tài khoản có doanh số bán hàng thắng nhưng không còn pipeline,,,cx_cso,"[""crm_sales_accounts""]",Tỷ lệ tài khoản có doanh số bán hàng thắng nhưng không còn pipeline,,"SELECT SUM(CASE WHEN won_deals_amount > 0 AND open_deals_amount = 0 THEN 1 ELSE 0 END) / NULLIF(CAST(COUNT(*) AS DOUBLE), 0) AS expansion_risk_ratio
FROM hive.bi_silver.crm_sales_accounts"
1378,68,Chỉ số đa dạng hóa pipeline theo ngành,,,cx_cso,"[""crm_sales_accounts""]",Chỉ số đa dạng hóa pipeline theo ngành,,"WITH dist AS (
    SELECT
        industry_type,
        SUM(open_deals_amount) AS pipeline
    FROM hive.bi_silver.crm_sales_accounts
    GROUP BY industry_type
), share AS (
    SELECT
        pipeline / NULLIF(SUM(pipeline) OVER (), 0) AS p
    FROM dist
)
SELECT
    -SUM(p * LN(NULLIF(p, 0))) AS industry_pipeline_entropy
FROM share"
1379,69,Tỷ lệ tài khoản có pipeline nhưng chưa có deal thắng,,,cx_cso,"[""crm_sales_accounts""]",Tỷ lệ tài khoản có pipeline nhưng chưa có deal thắng,,"SELECT SUM(CASE WHEN open_deals_amount > 0 AND won_deals_amount = 0 THEN 1 ELSE 0 END) / NULLIF(CAST(COUNT(*) AS DOUBLE), 0) AS pipeline_no_amount_ratio
FROM hive.bi_silver.crm_sales_accounts"
1380,70,Chỉ số hiệu quả pipeline (pipeline so với amount đã thắng),,,cx_cso,"[""crm_sales_accounts""]",Chỉ số hiệu quả pipeline (pipeline so với amount đã thắng),,"SELECT SUM(open_deals_amount) / NULLIF(SUM(won_deals_amount), 0) AS pipeline_efficiency_ratio
FROM hive.bi_silver.crm_sales_accounts"
1381,71,Chỉ số tiềm năng tăng trưởng tài khoản dựa trên quy mô nhân sự và pipeline hiện tại,,,cx_cso,"[""crm_sales_accounts""]",Chỉ số tiềm năng tăng trưởng tài khoản dựa trên quy mô nhân sự và pipeline hiện tại,,"SELECT AVG(number_of_employees * COALESCE(open_deals_amount,0)) AS account_growth_potential_index 
FROM hive.bi_silver.crm_sales_accounts"
1382,72,Chỉ số mở rộng doanh số bán hàng vòng đời khách hàng (Customer Lifetime Expansion Score),,,cx_cso,"[""crm_sales_accounts""]",Chỉ số mở rộng doanh số bán hàng vòng đời khách hàng (Customer Lifetime Expansion Score),,"SELECT SUM(open_deals_amount) / NULLIF(SUM(won_deals_amount),0) AS customer_lifetime_expansion_score FROM hive.bi_silver.crm_sales_accounts"
1383,73,Chỉ số bão hòa pipeline so với quy mô doanh nghiệp,,,cx_cso,"[""crm_sales_accounts""]",Chỉ số bão hòa pipeline so với quy mô doanh nghiệp,,"SELECT AVG(open_deals_amount / NULLIF(number_of_employees,0)) AS pipeline_saturation_index FROM hive.bi_silver.crm_sales_accounts"
1384,74,Chỉ số tập trung doanh số theo quốc gia (Sales Territory Sales amount HHI),,,cx_cso,"[""crm_sales_accounts""]",Chỉ số tập trung doanh số theo quốc gia (Sales Territory Revenue HHI),,"WITH dist AS (
    SELECT country, SUM(won_deals_amount) AS amount
    FROM hive.bi_silver.crm_sales_accounts
    GROUP BY country
), share AS (
    SELECT amount / NULLIF(SUM(amount) OVER(), 0) AS p
    FROM dist
)
SELECT SUM(p * p) AS territory_amount_hhi
FROM share"
1385,75,Chỉ số tập trung pipeline theo quốc gia,,,cx_cso,"[""crm_sales_accounts""]",Chỉ số tập trung pipeline theo quốc gia,,"WITH dist AS (
    SELECT
        country,
        SUM(open_deals_amount) AS pipeline
    FROM hive.bi_silver.crm_sales_accounts
    GROUP BY country
), share AS (
    SELECT
        pipeline / NULLIF(SUM(pipeline) OVER (), 0) AS p
    FROM dist
)
SELECT
    SUM(p * p) AS territory_pipeline_hhi
FROM share"
1386,76,Chỉ số suy giảm tương tác tài khoản dựa trên ngày contact cuối,,,cx_cso,"[""crm_sales_accounts""]",Chỉ số suy giảm tương tác tài khoản dựa trên ngày contact cuối,,"SELECT AVG(date_diff('day', last_contacted_via_sales_activity, current_date)) AS account_engagement_decay_score FROM hive.bi_silver.crm_sales_accounts WHERE last_contacted_via_sales_activity IS NOT NULL"
1387,77,Tỷ lệ tài khoản có nguy cơ suy giảm tương tác cao (>180 ngày không contact),,,cx_cso,"[""crm_sales_accounts""]",Tỷ lệ tài khoản có nguy cơ suy giảm tương tác cao (>180 ngày không contact),,"SELECT SUM(CASE WHEN date_diff('day', last_contacted_via_sales_activity, current_date) > 180 THEN 1 ELSE 0 END) / NULLIF(CAST(COUNT(*) AS DOUBLE), 0) AS engagement_decay_high_risk_ratio FROM hive.bi_silver.crm_sales_accounts"
1388,80,Chỉ số đa dạng hóa danh mục tài khoản theo ngành,,,cx_cso,"[""crm_sales_accounts""]",Chỉ số đa dạng hóa danh mục tài khoản theo ngành,,"WITH dist AS (
    SELECT industry_type, COUNT(*) AS accounts
    FROM hive.bi_silver.crm_sales_accounts
    GROUP BY industry_type
), share AS (
    SELECT CAST(accounts AS DOUBLE) / NULLIF(SUM(accounts) OVER(), 0) AS p
    FROM dist
)
SELECT -SUM(p * LN(NULLIF(p, 0))) AS portfolio_diversification_entropy
FROM share"
1389,81,Chỉ số đa dạng hóa doanh số theo ngành,,,cx_cso,"[""crm_sales_accounts""]",Chỉ số đa dạng hóa doanh số theo ngành,,"WITH dist AS (
    SELECT industry_type, SUM(won_deals_amount) AS amount
    FROM hive.bi_silver.crm_sales_accounts
    GROUP BY industry_type
), share AS (
    SELECT amount / NULLIF(SUM(amount) OVER(), 0) AS p
    FROM dist
)
SELECT -SUM(p * LN(NULLIF(p, 0))) AS amount_diversification_entropy
FROM share"
1390,84,Tỷ lệ tài khoản có tiềm năng mở rộng cao (pipeline lớn hơn doanh số đã thắng),,,cx_cso,"[""crm_sales_accounts""]",Tỷ lệ tài khoản có tiềm năng mở rộng cao (pipeline lớn hơn doanh số đã thắng),,"SELECT SUM(CASE WHEN open_deals_amount > won_deals_amount THEN 1 ELSE 0 END) / NULLIF(CAST(COUNT(*) AS DOUBLE), 0) AS expansion_potential_ratio
FROM hive.bi_silver.crm_sales_accounts"
1391,85,Chỉ số hiệu quả pipeline theo account manager,,,cx_cso,"[""crm_sales_accounts""]",Chỉ số hiệu quả pipeline theo account manager,,"SELECT am_username, SUM(open_deals_amount)/NULLIF(SUM(won_deals_amount),0) AS pipeline_efficiency_ratio FROM hive.bi_silver.crm_sales_accounts GROUP BY am_username ORDER BY pipeline_efficiency_ratio DESC"
1392,86,Chỉ số tập trung tài khoản theo account manager (HHI),,,cx_cso,"[""crm_sales_accounts""]",Chỉ số tập trung tài khoản theo account manager (HHI),,"WITH dist AS (
    SELECT am_username, COUNT(*) AS accounts
    FROM hive.bi_silver.crm_sales_accounts
    GROUP BY am_username
), share AS (
    SELECT CAST(accounts AS DOUBLE) / NULLIF(SUM(accounts) OVER(), 0) AS p
    FROM dist
)
SELECT SUM(p * p) AS am_account_concentration
FROM share"
1393,87,Tỷ lệ tài khoản không có pipeline và không có doanh số,,,cx_cso,"[""crm_sales_accounts""]",Tỷ lệ tài khoản không có pipeline và không có doanh số,,"SELECT SUM(CASE WHEN COALESCE(open_deals_amount,0)=0 AND COALESCE(won_deals_amount,0)=0 THEN 1 ELSE 0 END) / NULLIF(CAST(COUNT(*) AS DOUBLE),0) AS inactive_account_ratio FROM hive.bi_silver.crm_sales_accounts"
1394,88,Chỉ số độ già của pipeline theo thời gian cập nhật,,,cx_cso,"[""crm_sales_accounts""]",Chỉ số độ già của pipeline theo thời gian cập nhật,,"SELECT AVG(days_since_update * COALESCE(open_deals_amount,0)) AS pipeline_age_risk_score FROM hive.bi_silver.crm_sales_accounts"
1395,89,Chỉ số tăng trưởng tài khoản mới theo năm,,,cx_cso,"[""crm_sales_accounts""]",Chỉ số tăng trưởng tài khoản mới theo năm,,"SELECT year(created_at) AS year, COUNT(*) AS accounts_created FROM hive.bi_silver.crm_sales_accounts GROUP BY year(created_at) ORDER BY year"
1396,90,Chỉ số giá trị pipeline trung bình trên mỗi tài khoản,,,cx_cso,"[""crm_sales_accounts""]",Chỉ số giá trị pipeline trung bình trên mỗi tài khoản,,"SELECT AVG(open_deals_amount) AS avg_pipeline_per_account
FROM hive.bi_silver.crm_sales_accounts"
1397,16,Số quotation trung bình trên mỗi deal,,,crm,"[""crm_deal_quotations""]",Số quotation trung bình trên mỗi deal,,"SELECT AVG(q_count) FROM (SELECT deal_id, COUNT(*) AS q_count FROM hive.bi_silver.crm_deal_quotations GROUP BY deal_id) t"
1398,17,Số sản phẩm báo giá trung bình trên mỗi quotation,,,crm,"[""crm_deal_quotation_products""]",Số sản phẩm báo giá trung bình trên mỗi quotation,,"SELECT AVG(p_count) FROM (SELECT quotation_id, COUNT(product_id) AS p_count FROM hive.bi_silver.crm_deal_quotation_products GROUP BY quotation_id) t"
1399,18,Số deal trung bình trên mỗi account,,,crm,"[""crm_deals""]",Số deal trung bình trên mỗi account,,"SELECT AVG(deal_count) FROM (SELECT company_id, COUNT(*) AS deal_count FROM hive.bi_silver.crm_deals GROUP BY company_id) t"
1400,25,Số lượng deal có product quan tâm,,,crm,"[""crm_deal_interested_products""]",Số lượng deal có product quan tâm,,"SELECT COUNT(DISTINCT ip.deal_id) AS deals_with_interest
FROM hive.bi_silver.crm_deal_interested_products ip"
1401,26,Số lượng deal có quotation,,,crm,"[""crm_deal_quotations""]",Số lượng deal có quotation,,SELECT COUNT(DISTINCT deal_id) FROM hive.bi_silver.crm_deal_quotations
1402,27,Số lượng quotation có product,,,crm,"[""crm_deal_quotation_products""]",Số lượng quotation có product,,SELECT COUNT(DISTINCT quotation_id) FROM hive.bi_silver.crm_deal_quotation_products
1403,30,Tỷ lệ account có deal,,,crm,"[""crm_sales_accounts"",""crm_deals""]",Tỷ lệ account có deal,,"SELECT CAST(COUNT(DISTINCT d.company_id) AS DOUBLE) / NULLIF(CAST(COUNT(DISTINCT a.company_id) AS DOUBLE), 0) FROM hive.bi_silver.crm_sales_accounts a LEFT JOIN hive.bi_silver.crm_deals d ON a.company_id = d.company_id"
1420,1,Tổng số lần gắn nhãn cho ticket hỗ trợ khách hàng,,,cx_cso,"[""cx_cso_ticket_tags""]",Tổng số lần gắn nhãn cho ticket hỗ trợ khách hàng,,SELECT COUNT(*) AS total_ticket_tag_records FROM hive.bi_silver.cx_cso_ticket_tags
1421,2,Số lượng ticket duy nhất đã được gắn ít nhất một nhãn,,,cx_cso,"[""cx_cso_ticket_tags""]",Số lượng ticket duy nhất đã được gắn ít nhất một nhãn,,SELECT COUNT(DISTINCT ticket_id) AS unique_ticket_count FROM hive.bi_silver.cx_cso_ticket_tags
1422,3,Số lượng ticket được gắn theo từng loại nhãn,,,cx_cso,"[""cx_cso_ticket_tags""]",Số lượng ticket được gắn theo từng loại nhãn,,"SELECT tag, COUNT(DISTINCT ticket_id) AS ticket_count 
FROM hive.bi_silver.cx_cso_ticket_tags 
GROUP BY tag 
ORDER BY ticket_count DESC"
1423,4,Xu hướng số lần gắn nhãn ticket theo tháng,,,cx_cso,"[""cx_cso_ticket_tags""]",Xu hướng số lần gắn nhãn ticket theo tháng,,"SELECT DATE_TRUNC('month', created_at) AS month,
       COUNT(*) AS tag_events
FROM hive.bi_silver.cx_cso_ticket_tags
GROUP BY DATE_TRUNC('month', created_at)
ORDER BY month"
1424,5,Top 10 nhãn ticket được sử dụng nhiều nhất,,,cx_cso,"[""cx_cso_ticket_tags""]",Top 10 nhãn ticket được sử dụng nhiều nhất,,"SELECT tag, COUNT(*) AS tag_usage_count FROM hive.bi_silver.cx_cso_ticket_tags GROUP BY tag ORDER BY tag_usage_count DESC LIMIT 10"
1425,6,Phân bố số lần gắn nhãn theo từng ngày,,,cx_cso,"[""cx_cso_ticket_tags""]",Phân bố số lần gắn nhãn theo từng ngày,,"SELECT DATE_TRUNC('day', created_at) AS day,
       COUNT(*) AS tag_events
FROM hive.bi_silver.cx_cso_ticket_tags
GROUP BY DATE_TRUNC('day', created_at)
ORDER BY day"
1426,7,Tỷ trọng sử dụng của từng nhãn trong tổng số lần gắn nhãn,,,cx_cso,"[""cx_cso_ticket_tags""]",Tỷ trọng sử dụng của từng nhãn trong tổng số lần gắn nhãn,,"WITH total_tags AS (
    SELECT COUNT(*) AS total
    FROM hive.bi_silver.cx_cso_ticket_tags
)
SELECT
    t.tag,
    COUNT(*) AS tag_count,
    CAST(COUNT(*) AS DOUBLE) / NULLIF(total_tags.total, 0) AS tag_share
FROM hive.bi_silver.cx_cso_ticket_tags t
CROSS JOIN total_tags
GROUP BY t.tag, total_tags.total
ORDER BY tag_share DESC"
1427,8,Nhãn ticket nào có số lượng ticket gắn nhiều nhất,,,cx_cso,"[""cx_cso_ticket_tags""]",Nhãn ticket nào có số lượng ticket gắn nhiều nhất,,"SELECT tag, COUNT(DISTINCT ticket_id) AS ticket_count 
FROM hive.bi_silver.cx_cso_ticket_tags 
GROUP BY tag 
ORDER BY ticket_count DESC 
LIMIT 1"
1428,9,Nhãn ticket nào có số lượng ticket gắn ít nhất,,,cx_cso,"[""cx_cso_ticket_tags""]",Nhãn ticket nào có số lượng ticket gắn ít nhất,,"SELECT tag, COUNT(DISTINCT ticket_id) AS ticket_count
FROM hive.bi_silver.cx_cso_ticket_tags
GROUP BY tag
ORDER BY ticket_count ASC
LIMIT 1"
1429,10,Số lượng nhãn trung bình trên mỗi ticket,,,cx_cso,"[""cx_cso_ticket_tags""]",Số lượng nhãn trung bình trên mỗi ticket,,"WITH ticket_tag_count AS (
    SELECT
        ticket_id,
        COUNT(*) AS tag_count
    FROM hive.bi_silver.cx_cso_ticket_tags
    GROUP BY ticket_id
)
SELECT
    AVG(tag_count) AS avg_tags_per_ticket
FROM ticket_tag_count"
1430,11,Phân bố số lượng nhãn trên mỗi ticket,,,cx_cso,"[""cx_cso_ticket_tags""]",Phân bố số lượng nhãn trên mỗi ticket,,"WITH ticket_tag_count AS (
    SELECT
        ticket_id,
        COUNT(*) AS tag_count
    FROM hive.bi_silver.cx_cso_ticket_tags
    GROUP BY ticket_id
)
SELECT
    tag_count,
    COUNT(*) AS ticket_count
FROM ticket_tag_count
GROUP BY tag_count
ORDER BY tag_count"
1431,12,Số lượng nhãn được tạo mới theo từng tháng,,,cx_cso,"[""cx_cso_ticket_tags""]",Số lượng nhãn được tạo mới theo từng tháng,,"SELECT DATE_TRUNC('month', created_at) AS month, COUNT(DISTINCT tag) AS unique_tags_created FROM hive.bi_silver.cx_cso_ticket_tags GROUP BY DATE_TRUNC('month', created_at) ORDER BY month"
1432,13,So sánh số lượng ticket được gắn nhãn giữa các tháng,,,cx_cso,"[""cx_cso_ticket_tags""]",So sánh số lượng ticket được gắn nhãn giữa các tháng,,"SELECT DATE_TRUNC('month', created_at) AS month, COUNT(DISTINCT ticket_id) AS ticket_count FROM hive.bi_silver.cx_cso_ticket_tags GROUP BY DATE_TRUNC('month', created_at) ORDER BY month"
1433,14,Số lượng ticket được gắn nhãn trong 30 ngày gần nhất,,,cx_cso,"[""cx_cso_ticket_tags""]",Số lượng ticket được gắn nhãn trong 30 ngày gần nhất,,"SELECT COUNT(DISTINCT ticket_id) AS ticket_count_last_30_days 
FROM hive.bi_silver.cx_cso_ticket_tags 
WHERE created_at >= CURRENT_DATE - INTERVAL '30' DAY"
1434,15,Số lượng lần cập nhật nhãn ticket theo tháng,,,cx_cso,"[""cx_cso_ticket_tags""]",Số lượng lần cập nhật nhãn ticket theo tháng,,"SELECT DATE_TRUNC('month', updated_at) AS month, COUNT(*) AS update_events 
FROM hive.bi_silver.cx_cso_ticket_tags 
GROUP BY DATE_TRUNC('month', updated_at) 
ORDER BY month"
1435,16,Tỷ lệ ticket có nhiều hơn 3 nhãn,,,cx_cso,"[""cx_cso_ticket_tags""]",Tỷ lệ ticket có nhiều hơn 3 nhãn,,"WITH ticket_tag_count AS (
    SELECT ticket_id, COUNT(*) AS tag_count
    FROM hive.bi_silver.cx_cso_ticket_tags
    GROUP BY ticket_id
),
total AS (
    SELECT COUNT(*) AS total_tickets
    FROM ticket_tag_count
)
SELECT
    CAST(COUNT(*) AS DOUBLE) / NULLIF(MAX(total.total_tickets), 0) AS ratio_ticket_more_than_3_tags
FROM ticket_tag_count
CROSS JOIN total
WHERE tag_count > 3"
1436,17,Nhãn ticket nào có xu hướng tăng mạnh nhất theo tháng,,,cx_cso,"[""cx_cso_ticket_tags""]",Nhãn ticket nào có xu hướng tăng mạnh nhất theo tháng,,"WITH monthly_tag AS (
    SELECT
        DATE_TRUNC('month', created_at) AS month,
        tag,
        COUNT(*) AS tag_count
    FROM hive.bi_silver.cx_cso_ticket_tags
    GROUP BY DATE_TRUNC('month', created_at), tag
)
SELECT
    tag,
    MAX(tag_count) AS peak_monthly_usage
FROM monthly_tag
GROUP BY tag
ORDER BY peak_monthly_usage DESC
LIMIT 10"
1437,18,Các nhãn có số lượng ticket bất thường cao trong một tháng,,,cx_cso,"[""cx_cso_ticket_tags""]",Các nhãn có số lượng ticket bất thường cao trong một tháng,,"WITH monthly_tag AS (
    SELECT
        DATE_TRUNC('month', created_at) AS month,
        tag,
        COUNT(*) AS tag_count
    FROM hive.bi_silver.cx_cso_ticket_tags
    GROUP BY DATE_TRUNC('month', created_at), tag
)
SELECT *
FROM monthly_tag
ORDER BY tag_count DESC
LIMIT 20"
1438,19,Tỷ lệ số lần gắn nhãn so với số ticket duy nhất,,,cx_cso,"[""cx_cso_ticket_tags""]",Tỷ lệ số lần gắn nhãn so với số ticket duy nhất,,"WITH base AS (
    SELECT
        COUNT(*) AS total_tags,
        COUNT(DISTINCT ticket_id) AS total_tickets
    FROM hive.bi_silver.cx_cso_ticket_tags
)
SELECT
    CAST(total_tags AS DOUBLE) / NULLIF(total_tickets, 0) AS avg_tags_per_ticket
FROM base"
1439,20,Số lượng nhãn khác nhau được sử dụng trong hệ thống hỗ trợ khách hàng,,,cx_cso,"[""cx_cso_ticket_tags""]",Số lượng nhãn khác nhau được sử dụng trong hệ thống hỗ trợ khách hàng,,"SELECT COUNT(DISTINCT tag) AS total_unique_tags
FROM hive.bi_silver.cx_cso_ticket_tags"
1440,21,Chỉ số tập trung nhãn ticket (HHI) để đánh giá mức độ tập trung chủ đề hỗ trợ,,,cx_cso,"[""cx_cso_ticket_tags""]",Chỉ số tập trung nhãn ticket (HHI) để đánh giá mức độ tập trung chủ đề hỗ trợ,,"WITH tag_counts AS (
    SELECT tag, COUNT(*) AS cnt
    FROM hive.bi_silver.cx_cso_ticket_tags
    GROUP BY tag
), total AS (
    SELECT SUM(cnt) AS total_cnt
    FROM tag_counts
)
SELECT SUM(POWER(CAST(cnt AS DOUBLE) / NULLIF(total_cnt, 0), 2)) AS tag_hhi_index
FROM tag_counts
CROSS JOIN total"
1441,22,Nhãn ticket nào có tốc độ tăng trưởng số ticket cao nhất theo tháng,,,cx_cso,"[""cx_cso_ticket_tags""]",Nhãn ticket nào có tốc độ tăng trưởng số ticket cao nhất theo tháng,,"WITH m AS (
    SELECT DATE_TRUNC('month', created_at) AS month,
           tag,
           COUNT(*) AS c
    FROM hive.bi_silver.cx_cso_ticket_tags
    GROUP BY 1, 2
)
SELECT tag,
       MAX(c) AS peak_month_usage
FROM m
GROUP BY tag
ORDER BY peak_month_usage DESC
LIMIT 10"
1442,23,Xu hướng rolling 3 tháng của số lần gắn nhãn ticket,,,cx_cso,"[""cx_cso_ticket_tags""]",Xu hướng rolling 3 tháng của số lần gắn nhãn ticket,,"WITH m AS (
    SELECT
        DATE_TRUNC('month', created_at) AS month,
        COUNT(*) AS c
    FROM hive.bi_silver.cx_cso_ticket_tags
    GROUP BY 1
)
SELECT
    month,
    AVG(c) OVER (
        ORDER BY month
        ROWS BETWEEN 2 PRECEDING AND CURRENT ROW
    ) AS rolling_3m_tags
FROM m
ORDER BY month"
1443,24,Nhãn ticket có mức biến động sử dụng cao nhất theo tháng,,,cx_cso,"[""cx_cso_ticket_tags""]",Nhãn ticket có mức biến động sử dụng cao nhất theo tháng,,"WITH m AS (
    SELECT DATE_TRUNC('month', created_at) AS month,
           tag,
           COUNT(*) AS c
    FROM hive.bi_silver.cx_cso_ticket_tags
    GROUP BY 1, 2
)
SELECT tag,
       STDDEV(c) AS volatility
FROM m
GROUP BY tag
ORDER BY volatility DESC
LIMIT 10"
1444,25,Tỷ trọng của 5 nhãn phổ biến nhất trong tổng số lần gắn nhãn,,,cx_cso,"[""cx_cso_ticket_tags""]",Tỷ trọng của 5 nhãn phổ biến nhất trong tổng số lần gắn nhãn,,"WITH tag_counts AS (
    SELECT tag, COUNT(*) AS cnt
    FROM hive.bi_silver.cx_cso_ticket_tags
    GROUP BY tag
),
total AS (
    SELECT SUM(cnt) AS total_cnt
    FROM tag_counts
)
SELECT
    SUM(cnt) * 1.0 / NULLIF(MAX(total_cnt),0) AS top5_share
FROM (
    SELECT cnt
    FROM tag_counts
    ORDER BY cnt DESC
    LIMIT 5
) t
CROSS JOIN total"
1445,26,Nhãn ticket nào có số ticket duy nhất cao nhất,,,cx_cso,"[""cx_cso_ticket_tags""]",Nhãn ticket nào có số ticket duy nhất cao nhất,,"SELECT tag, COUNT(DISTINCT ticket_id) AS unique_tickets 
FROM hive.bi_silver.cx_cso_ticket_tags 
GROUP BY tag 
ORDER BY unique_tickets DESC 
LIMIT 10"
1446,27,Tỷ lệ ticket có nhiều hơn 5 nhãn,,,cx_cso,"[""cx_cso_ticket_tags""]",Tỷ lệ ticket có nhiều hơn 5 nhãn,,"WITH c AS (
    SELECT ticket_id, COUNT(*) AS tag_count
    FROM hive.bi_silver.cx_cso_ticket_tags
    GROUP BY ticket_id
),
t AS (
    SELECT COUNT(*) AS total
    FROM c
)
SELECT
    CAST(COUNT(*) AS DOUBLE) / NULLIF(MAX(total), 0)
FROM c
CROSS JOIN t
WHERE tag_count > 5"
1447,28,Phát hiện nhãn ticket xuất hiện lần đầu theo tháng,,,cx_cso,"[""cx_cso_ticket_tags""]",Phát hiện nhãn ticket xuất hiện lần đầu theo tháng,,"SELECT DATE_TRUNC('month', created_at) AS month, COUNT(DISTINCT tag) AS new_tags FROM hive.bi_silver.cx_cso_ticket_tags GROUP BY 1 ORDER BY 1"
1448,29,Nhãn ticket nào có vòng đời dài nhất (từ lần xuất hiện đầu đến cuối),,,cx_cso,"[""cx_cso_ticket_tags""]",Nhãn ticket nào có vòng đời dài nhất (từ lần xuất hiện đầu đến cuối),,"SELECT tag, DATE_DIFF('day', MIN(created_at), MAX(created_at)) AS tag_lifecycle_days
FROM hive.bi_silver.cx_cso_ticket_tags
GROUP BY tag
ORDER BY tag_lifecycle_days DESC
LIMIT 10"
1449,30,Tốc độ tăng trưởng số ticket gắn nhãn theo tháng,,,cx_cso,"[""cx_cso_ticket_tags""]",Tốc độ tăng trưởng số ticket gắn nhãn theo tháng,,"WITH m AS (
    SELECT
        DATE_TRUNC('month', created_at) AS month,
        COUNT(DISTINCT ticket_id) AS c
    FROM hive.bi_silver.cx_cso_ticket_tags
    GROUP BY 1
)
SELECT
    month,
    c,
    c - LAG(c) OVER (ORDER BY month) AS growth
FROM m
ORDER BY month"
1450,31,Phát hiện tháng có số lần gắn nhãn ticket bất thường cao,,,cx_cso,"[""cx_cso_ticket_tags""]",Phát hiện tháng có số lần gắn nhãn ticket bất thường cao,,"WITH m AS (
    SELECT DATE_TRUNC('month', created_at) AS month,
           COUNT(*) AS c
    FROM hive.bi_silver.cx_cso_ticket_tags
    GROUP BY 1
)
SELECT *
FROM m
ORDER BY c DESC
LIMIT 5"
1451,32,Số nhãn trung bình trên mỗi ticket theo tháng,,,cx_cso,"[""cx_cso_ticket_tags""]",Số nhãn trung bình trên mỗi ticket theo tháng,,"WITH c AS (
    SELECT DATE_TRUNC('month', created_at) AS month,
           ticket_id,
           COUNT(*) AS tag_count
    FROM hive.bi_silver.cx_cso_ticket_tags
    GROUP BY 1, 2
)
SELECT month,
       AVG(tag_count) AS avg_tags
FROM c
GROUP BY month
ORDER BY month"
1452,33,Nhãn ticket có xu hướng giảm mạnh nhất theo tháng,,,cx_cso,"[""cx_cso_ticket_tags""]",Nhãn ticket có xu hướng giảm mạnh nhất theo tháng,,"WITH m AS (
    SELECT DATE_TRUNC('month', created_at) AS month,
           tag,
           COUNT(*) AS c
    FROM hive.bi_silver.cx_cso_ticket_tags
    GROUP BY 1, 2
)
SELECT tag,
       MIN(c) AS min_usage
FROM m
GROUP BY tag
ORDER BY min_usage ASC
LIMIT 10"
1453,34,Số lượng ticket mới được gắn nhãn mỗi tháng,,,cx_cso,"[""cx_cso_ticket_tags""]",Số lượng ticket mới được gắn nhãn mỗi tháng,,"SELECT DATE_TRUNC('month', created_at) AS month, COUNT(DISTINCT ticket_id) AS new_ticket_count FROM hive.bi_silver.cx_cso_ticket_tags GROUP BY 1 ORDER BY 1"
1454,35,Tỷ lệ nhãn hiếm (xuất hiện dưới 10 lần) trong hệ thống,,,cx_cso,"[""cx_cso_ticket_tags""]",Tỷ lệ nhãn hiếm (xuất hiện dưới 10 lần) trong hệ thống,,"WITH tag_counts AS (
    SELECT tag, COUNT(*) AS cnt
    FROM hive.bi_silver.cx_cso_ticket_tags
    GROUP BY tag
),
t AS (
    SELECT COUNT(*) AS total_tags
    FROM tag_counts
)
SELECT
    CAST(COUNT(*) AS DOUBLE) / NULLIF(MAX(total_tags),0)
FROM tag_counts
CROSS JOIN t
WHERE cnt < 10"
1455,36,Số ticket có nhãn duy nhất (chỉ 1 tag),,,cx_cso,"[""cx_cso_ticket_tags""]",Số ticket có nhãn duy nhất (chỉ 1 tag),,"WITH c AS (
    SELECT ticket_id, COUNT(*) AS tag_count
    FROM hive.bi_silver.cx_cso_ticket_tags
    GROUP BY ticket_id
)
SELECT COUNT(*)
FROM c
WHERE tag_count = 1"
1456,37,Top 10 ticket có số lượng nhãn nhiều nhất,,,cx_cso,"[""cx_cso_ticket_tags""]",Top 10 ticket có số lượng nhãn nhiều nhất,,"SELECT ticket_id, COUNT(*) AS tag_count FROM hive.bi_silver.cx_cso_ticket_tags GROUP BY ticket_id ORDER BY tag_count DESC LIMIT 10"
1457,38,Số lượng nhãn trung bình được thêm mỗi ngày,,,cx_cso,"[""cx_cso_ticket_tags""]",Số lượng nhãn trung bình được thêm mỗi ngày,,"SELECT DATE_TRUNC('day', created_at) AS day, COUNT(*) AS tag_events 
FROM hive.bi_silver.cx_cso_ticket_tags 
GROUP BY 1 
ORDER BY 1"
1458,39,Độ phân tán số lần sử dụng nhãn trong hệ thống,,,cx_cso,"[""cx_cso_ticket_tags""]",Độ phân tán số lần sử dụng nhãn trong hệ thống,,"SELECT STDDEV(tag_count) FROM (SELECT tag, COUNT(*) AS tag_count FROM hive.bi_silver.cx_cso_ticket_tags GROUP BY tag) t"
1459,40,Số lượng nhãn mới xuất hiện trong 90 ngày gần nhất,,,cx_cso,"[""cx_cso_ticket_tags""]",Số lượng nhãn mới xuất hiện trong 90 ngày gần nhất,,SELECT COUNT(DISTINCT tag) FROM hive.bi_silver.cx_cso_ticket_tags WHERE created_at >= CURRENT_DATE - INTERVAL '90' DAY
1460,41,Nhãn nào có tỷ lệ ticket duy nhất cao nhất so với tổng usage,,,cx_cso,"[""cx_cso_ticket_tags""]",Nhãn nào có tỷ lệ ticket duy nhất cao nhất so với tổng usage,,"WITH tag_usage AS (
    SELECT
        tag,
        COUNT(*) AS total_usage,
        COUNT(DISTINCT ticket_id) AS unique_tickets
    FROM hive.bi_silver.cx_cso_ticket_tags
    GROUP BY tag
)
SELECT
    tag,
    CAST(unique_tickets AS DOUBLE) / NULLIF(total_usage, 0) AS uniqueness_ratio
FROM tag_usage
ORDER BY uniqueness_ratio DESC
LIMIT 10"
1461,42,Số ticket được gắn nhãn trong 7 ngày gần nhất,,,cx_cso,"[""cx_cso_ticket_tags""]",Số ticket được gắn nhãn trong 7 ngày gần nhất,,SELECT COUNT(DISTINCT ticket_id) FROM hive.bi_silver.cx_cso_ticket_tags WHERE created_at >= CURRENT_DATE - INTERVAL '7' DAY
1462,43,Nhãn có mức tăng trưởng lớn nhất trong 3 tháng gần nhất,,,cx_cso,"[""cx_cso_ticket_tags""]",Nhãn có mức tăng trưởng lớn nhất trong 3 tháng gần nhất,,"WITH m AS (
    SELECT DATE_TRUNC('month', created_at) AS month,
           tag,
           COUNT(*) AS c
    FROM hive.bi_silver.cx_cso_ticket_tags
    GROUP BY 1, 2
)
SELECT tag,
       MAX(c) AS max_usage
FROM m
GROUP BY tag
ORDER BY max_usage DESC
LIMIT 10"
1463,44,Số lượng nhãn được cập nhật theo tháng,,,cx_cso,"[""cx_cso_ticket_tags""]",Số lượng nhãn được cập nhật theo tháng,,"SELECT DATE_TRUNC('month', updated_at) AS month, COUNT(*) AS update_events FROM hive.bi_silver.cx_cso_ticket_tags GROUP BY 1 ORDER BY 1"
1464,45,Tỷ lệ ticket được gắn hơn 2 nhãn,,,cx_cso,"[""cx_cso_ticket_tags""]",Tỷ lệ ticket được gắn hơn 2 nhãn,,"WITH c AS (
    SELECT ticket_id, COUNT(*) AS tag_count
    FROM hive.bi_silver.cx_cso_ticket_tags
    GROUP BY ticket_id
),
t AS (
    SELECT COUNT(*) AS total
    FROM c
)
SELECT
    CAST(COUNT(*) AS DOUBLE) / NULLIF(MAX(total), 0)
FROM c
CROSS JOIN t
WHERE tag_count > 2"
1465,46,Tháng có số lượng nhãn khác nhau nhiều nhất,,,cx_cso,"[""cx_cso_ticket_tags""]",Tháng có số lượng nhãn khác nhau nhiều nhất,,"SELECT DATE_TRUNC('month', created_at) AS month, COUNT(DISTINCT tag) AS unique_tags FROM hive.bi_silver.cx_cso_ticket_tags GROUP BY 1 ORDER BY unique_tags DESC LIMIT 5"
1466,47,Số ticket trung bình được gắn cho mỗi nhãn,,,cx_cso,"[""cx_cso_ticket_tags""]",Số ticket trung bình được gắn cho mỗi nhãn,,"WITH c AS (
    SELECT
        tag,
        COUNT(DISTINCT ticket_id) AS ticket_count
    FROM hive.bi_silver.cx_cso_ticket_tags
    GROUP BY tag
)
SELECT AVG(ticket_count) FROM c"
1467,48,Số nhãn trung bình được thêm trên mỗi ngày trong 30 ngày gần nhất,,,cx_cso,"[""cx_cso_ticket_tags""]",Số nhãn trung bình được thêm trên mỗi ngày trong 30 ngày gần nhất,,"SELECT AVG(daily_count) FROM (SELECT DATE_TRUNC('day', created_at) AS d, COUNT(*) AS daily_count FROM hive.bi_silver.cx_cso_ticket_tags WHERE created_at >= CURRENT_DATE - INTERVAL '30' DAY GROUP BY 1) t"
1468,49,Top 10 nhãn có độ biến động sử dụng lớn nhất,,,cx_cso,"[""cx_cso_ticket_tags""]",Top 10 nhãn có độ biến động sử dụng lớn nhất,,"WITH m AS (
    SELECT DATE_TRUNC('month', created_at) AS month,
           tag,
           COUNT(*) AS c
    FROM hive.bi_silver.cx_cso_ticket_tags
    GROUP BY 1, 2
)
SELECT tag,
       STDDEV(c) AS volatility
FROM m
GROUP BY tag
ORDER BY volatility DESC
LIMIT 10"
1469,50,Tổng số lần gắn nhãn ticket trong 1 năm gần nhất,,,cx_cso,"[""cx_cso_ticket_tags""]",Tổng số lần gắn nhãn ticket trong 1 năm gần nhất,,SELECT COUNT(*) FROM hive.bi_silver.cx_cso_ticket_tags WHERE created_at >= CURRENT_DATE - INTERVAL '365' DAY
1470,1,Tổng số ticket hỗ trợ khách hàng trong hệ thống,,,cx_cso,"[""cx_cso_support_tickets""]",Tổng số ticket hỗ trợ khách hàng trong hệ thống,,SELECT COUNT(*) AS total_tickets FROM hive.bi_silver.cx_cso_support_tickets
1471,2,Số lượng ticket theo trạng thái xử lý,,,cx_cso,"[""cx_cso_support_tickets""]",Số lượng ticket theo trạng thái xử lý,,"SELECT status_name, COUNT(*) AS total_tickets FROM hive.bi_silver.cx_cso_support_tickets GROUP BY status_name ORDER BY total_tickets DESC"
1472,3,Số lượng ticket theo mức độ ưu tiên,,,cx_cso,"[""cx_cso_support_tickets""]",Số lượng ticket theo mức độ ưu tiên,,"SELECT priority_level, COUNT(*) AS ticket_count 
FROM hive.bi_silver.cx_cso_support_tickets 
GROUP BY priority_level 
ORDER BY ticket_count DESC"
1473,4,Số lượng ticket theo mức độ nghiêm trọng,,,cx_cso,"[""cx_cso_support_tickets""]",Số lượng ticket theo mức độ nghiêm trọng,,"SELECT severity_level, COUNT(*) AS ticket_count FROM hive.bi_silver.cx_cso_support_tickets GROUP BY severity_level ORDER BY ticket_count DESC"
1474,5,Xu hướng số lượng ticket được tạo theo tháng,,,cx_cso,"[""cx_cso_support_tickets""]",Xu hướng số lượng ticket được tạo theo tháng,,"SELECT DATE_TRUNC('month', created_at) AS month, COUNT(*) AS ticket_count 
FROM hive.bi_silver.cx_cso_support_tickets 
GROUP BY DATE_TRUNC('month', created_at) 
ORDER BY month"
1475,6,Số lượng ticket theo kênh khách hàng tạo yêu cầu,,,cx_cso,"[""cx_cso_support_tickets""]",Số lượng ticket theo kênh khách hàng tạo yêu cầu,,"SELECT customer_entry_channel, COUNT(*) AS ticket_count 
FROM hive.bi_silver.cx_cso_support_tickets 
GROUP BY customer_entry_channel 
ORDER BY ticket_count DESC"
1476,7,Tỷ trọng ticket theo từng kênh tiếp nhận khách hàng,,,cx_cso,"[""cx_cso_support_tickets""]",Tỷ trọng ticket theo từng kênh tiếp nhận khách hàng,,"WITH total AS (
    SELECT COUNT(*) AS total_tickets
    FROM hive.bi_silver.cx_cso_support_tickets
)
SELECT
    customer_entry_channel,
    COUNT(*) AS ticket_count,
    CAST(COUNT(*) AS DOUBLE) / NULLIF(total.total_tickets, 0) AS ticket_share
FROM hive.bi_silver.cx_cso_support_tickets
CROSS JOIN total
GROUP BY customer_entry_channel, total.total_tickets
ORDER BY ticket_share DESC"
1477,8,Top 10 công ty có số lượng ticket hỗ trợ nhiều nhất,,,cx_cso,"[""cx_cso_support_tickets""]",Top 10 công ty có số lượng ticket hỗ trợ nhiều nhất,,"SELECT company_name, COUNT(*) AS ticket_count 
FROM hive.bi_silver.cx_cso_support_tickets 
GROUP BY company_name 
ORDER BY ticket_count DESC 
LIMIT 10"
1478,9,Số lượng ticket theo loại vấn đề (issue type),,,cx_cso,"[""cx_cso_support_tickets""]",Số lượng ticket theo loại vấn đề (issue type),,"SELECT issues_type, COUNT(*) AS ticket_count FROM hive.bi_silver.cx_cso_support_tickets GROUP BY issues_type ORDER BY ticket_count DESC"
1479,10,Thời gian phản hồi đầu tiên trung bình của ticket (phút),,,cx_cso,"[""cx_cso_support_tickets""]",Thời gian phản hồi đầu tiên trung bình của ticket (giờ),,"SELECT AVG(first_response_time_minutes) AS avg_first_response_time_minutes
FROM hive.bi_silver.cx_cso_support_tickets"
1480,11,Thời gian giải quyết ticket trung bình (phút),,,cx_cso,"[""cx_cso_support_tickets""]",Thời gian giải quyết ticket trung bình (giờ),,SELECT AVG(resolution_time_minutes) AS avg_resolution_time_minutes FROM hive.bi_silver.cx_cso_support_tickets
1481,12,Phân bố số lượng ticket theo mức độ hài lòng của khách hàng,,,cx_cso,"[""cx_cso_support_tickets""]",Phân bố số lượng ticket theo mức độ hài lòng của khách hàng,,"SELECT customer_satisfaction_rating, COUNT(*) AS ticket_count 
FROM hive.bi_silver.cx_cso_support_tickets 
GROUP BY customer_satisfaction_rating 
ORDER BY customer_satisfaction_rating"
1482,13,Số lượng ticket quá hạn xử lý,,,cx_cso,"[""cx_cso_support_tickets""]",Số lượng ticket quá hạn xử lý,,SELECT COUNT(*) AS overdue_ticket_count FROM hive.bi_silver.cx_cso_support_tickets WHERE is_overdue = TRUE
1483,14,Tỷ lệ ticket quá hạn xử lý so với tổng số ticket,,,cx_cso,"[""cx_cso_support_tickets""]",Tỷ lệ ticket quá hạn xử lý so với tổng số ticket,,"WITH total AS (
    SELECT COUNT(*) AS total_tickets
    FROM hive.bi_silver.cx_cso_support_tickets
)
SELECT
    CAST(COUNT(*) AS DOUBLE) / NULLIF(MAX(total.total_tickets), 0) AS overdue_rate
FROM hive.bi_silver.cx_cso_support_tickets
CROSS JOIN total
WHERE is_overdue = TRUE"
1484,15,Số lượng ticket theo mức độ cảm xúc của khách hàng,,,cx_cso,"[""cx_cso_support_tickets""]",Số lượng ticket theo mức độ cảm xúc của khách hàng,,"SELECT sentiment, COUNT(*) AS ticket_count FROM hive.bi_silver.cx_cso_support_tickets GROUP BY sentiment ORDER BY ticket_count DESC"
1485,16,Số lượng ticket theo phân khúc khách hàng l1,,,cx_cso,"[""cx_cso_support_tickets""]",Số lượng ticket theo phân khúc khách hàng,,"SELECT customer_segment_l1, COUNT(*) AS ticket_count 
FROM hive.bi_silver.cx_cso_support_tickets 
GROUP BY customer_segment_l1 
ORDER BY ticket_count DESC"
1486,17,Ticket có thời gian giải quyết dài nhất,,,cx_cso,"[""cx_cso_support_tickets""]",Ticket có thời gian giải quyết dài nhất,,"SELECT ticket_id, resolution_time_minutes
FROM hive.bi_silver.cx_cso_support_tickets
ORDER BY resolution_time_minutes DESC
LIMIT 1"
1487,18,Ticket có thời gian phản hồi đầu tiên nhanh nhất,,,cx_cso,"[""cx_cso_support_tickets""]",Ticket có thời gian phản hồi đầu tiên nhanh nhất,,"SELECT ticket_id, first_response_time_minutes
FROM hive.bi_silver.cx_cso_support_tickets
WHERE first_response_time_minutes IS NOT NULL
ORDER BY first_response_time_minutes ASC
LIMIT 1"
1488,19,Số lượng ticket được tạo trong 30 ngày gần nhất,,,cx_cso,"[""cx_cso_support_tickets""]",Số lượng ticket được tạo trong 30 ngày gần nhất,,"SELECT COUNT(*) AS tickets_last_30_days
FROM hive.bi_silver.cx_cso_support_tickets
WHERE created_at >= CURRENT_DATE - INTERVAL '30' DAY"
1489,20,Số lượng ticket vi phạm SLA phản hồi cấp L1,,,cx_cso,"[""cx_cso_support_tickets""]",Số lượng ticket vi phạm SLA phản hồi cấp L1,,SELECT COUNT(*) AS l1_sla_violations FROM hive.bi_silver.cx_cso_support_tickets WHERE l1_violated = TRUE
1490,22,Xu hướng số lượng ticket được đóng theo tháng,,,cx_cso,"[""cx_cso_support_tickets""]",Xu hướng số lượng ticket được đóng theo tháng,,"SELECT DATE_TRUNC('month', closed_at) AS month, COUNT(*) AS closed_ticket_count 
FROM hive.bi_silver.cx_cso_support_tickets 
WHERE closed_at IS NOT NULL 
GROUP BY DATE_TRUNC('month', closed_at) 
ORDER BY month"
1491,23,Số lượng ticket được escalated lên L2,,,cx_cso,"[""cx_cso_support_tickets""]",Số lượng ticket được escalated lên L2,,"SELECT COUNT(*) AS l2_escalated_tickets 
FROM hive.bi_silver.cx_cso_support_tickets 
WHERE l2 = TRUE"
1492,24,Tỷ lệ ticket escalated lên L2 so với tổng số ticket,,,cx_cso,"[""cx_cso_support_tickets""]",Tỷ lệ ticket escalated lên L2 so với tổng số ticket,,"WITH total AS (
    SELECT COUNT(*) AS total_tickets
    FROM hive.bi_silver.cx_cso_support_tickets
)
SELECT
    CAST(COUNT(*) AS DOUBLE) / NULLIF(MAX(total.total_tickets), 0) AS l2_escalation_rate
FROM hive.bi_silver.cx_cso_support_tickets
CROSS JOIN total
WHERE l2 = TRUE"
1493,25,Số lượng ticket escalated lên L3,,,cx_cso,"[""cx_cso_support_tickets""]",Số lượng ticket escalated lên L3,,"SELECT COUNT(*) AS l3_escalated_tickets 
FROM hive.bi_silver.cx_cso_support_tickets 
WHERE l3 = TRUE"
1494,26,Tỷ lệ ticket escalated lên L3 so với tổng số ticket,,,cx_cso,"[""cx_cso_support_tickets""]",Tỷ lệ ticket escalated lên L3 so với tổng số ticket,,"WITH total AS (
    SELECT COUNT(*) AS total_tickets
    FROM hive.bi_silver.cx_cso_support_tickets
)
SELECT
    CAST(COUNT(*) AS DOUBLE) / NULLIF(MAX(total.total_tickets),0) AS l3_escalation_rate
FROM hive.bi_silver.cx_cso_support_tickets
CROSS JOIN total
WHERE l3 = TRUE"
1495,27,Số lượng ticket theo mức độ khẩn cấp,,,cx_cso,"[""cx_cso_support_tickets""]",Số lượng ticket theo mức độ khẩn cấp,,"SELECT urgency_level, COUNT(*) AS ticket_count 
FROM hive.bi_silver.cx_cso_support_tickets 
GROUP BY urgency_level 
ORDER BY ticket_count DESC"
1496,28,Số lượng ticket theo nguyên nhân gốc của sự cố,,,cx_cso,"[""cx_cso_support_tickets""]",Số lượng ticket theo nguyên nhân gốc của sự cố,,"SELECT incident_root_cause, COUNT(*) AS ticket_count FROM hive.bi_silver.cx_cso_support_tickets GROUP BY incident_root_cause ORDER BY ticket_count DESC"
1497,29,Tỷ lệ ticket trùng lặp trong hệ thống,,,cx_cso,"[""cx_cso_support_tickets""]",Tỷ lệ ticket trùng lặp trong hệ thống,,"WITH total AS (
    SELECT COUNT(*) AS total_tickets
    FROM hive.bi_silver.cx_cso_support_tickets
)
SELECT
    CAST(COUNT(*) AS DOUBLE) / NULLIF(MAX(total.total_tickets), 0) AS duplicate_ticket_rate
FROM hive.bi_silver.cx_cso_support_tickets
CROSS JOIN total
WHERE is_duplicated_ticket = TRUE"
1498,30,Số lượng ticket theo agent hỗ trợ cấp L1,,,cx_cso,"[""cx_cso_support_tickets""]",Số lượng ticket theo agent hỗ trợ cấp L1,,"SELECT assigned_to, COUNT(*) AS ticket_count FROM hive.bi_silver.cx_cso_support_tickets GROUP BY assigned_to ORDER BY ticket_count DESC"
1499,31,Top 10 agent L1 xử lý nhiều ticket nhất,,,cx_cso,"[""cx_cso_support_tickets""]",Top 10 agent L1 xử lý nhiều ticket nhất,,"SELECT assigned_to, COUNT(*) AS ticket_count FROM hive.bi_silver.cx_cso_support_tickets GROUP BY assigned_to ORDER BY ticket_count DESC LIMIT 10"
1500,32,Thời gian xử lý trung bình của L1 theo phút,,,cx_cso,"[""cx_cso_support_tickets""]",Thời gian xử lý trung bình của L1 theo phút,,SELECT AVG(l1_time_actual_minutes) AS avg_l1_processing_time FROM hive.bi_silver.cx_cso_support_tickets
1501,33,So sánh thời gian xử lý thực tế và thời gian cho phép của L1,,,cx_cso,"[""cx_cso_support_tickets""]",So sánh thời gian xử lý thực tế và thời gian cho phép của L1,,"SELECT AVG(l1_time_actual_minutes) AS avg_actual, AVG(l1_time_allowed_minutes) AS avg_allowed FROM hive.bi_silver.cx_cso_support_tickets"
1502,34,Tỷ lệ ticket vi phạm SLA L2,,,cx_cso,"[""cx_cso_support_tickets""]",Tỷ lệ ticket vi phạm SLA L2,,"WITH total AS (
    SELECT COUNT(*) AS total_tickets
    FROM hive.bi_silver.cx_cso_support_tickets
    WHERE l2 = TRUE
)
SELECT
    CAST(COUNT(*) AS DOUBLE) / NULLIF(MAX(total.total_tickets), 0) AS l2_violation_rate
FROM hive.bi_silver.cx_cso_support_tickets
CROSS JOIN total
WHERE l2_violated = TRUE"
1503,35,Tỷ lệ ticket vi phạm SLA L3,,,cx_cso,"[""cx_cso_support_tickets""]",Tỷ lệ ticket vi phạm SLA L3,,"WITH total AS (
    SELECT COUNT(*) AS total_tickets
    FROM hive.bi_silver.cx_cso_support_tickets
    WHERE l3 = TRUE
)
SELECT
    CAST(COUNT(*) AS DOUBLE) / NULLIF(CAST(MAX(total.total_tickets) AS DOUBLE), 0) AS l3_violation_rate
FROM hive.bi_silver.cx_cso_support_tickets
CROSS JOIN total
WHERE l3_violated = TRUE"
1504,36,Tỷ lệ ticket vi phạm SLA L4,,,cx_cso,"[""cx_cso_support_tickets""]",Tỷ lệ ticket vi phạm SLA L4,,"WITH total AS (
    SELECT COUNT(*) AS total_tickets
    FROM hive.bi_silver.cx_cso_support_tickets
    WHERE l4 = TRUE
)
SELECT
    CAST(COUNT(*) AS DOUBLE) / NULLIF(MAX(total.total_tickets), 0) AS l4_violation_rate
FROM hive.bi_silver.cx_cso_support_tickets
CROSS JOIN total
WHERE l4_violated = TRUE"
1505,37,Thời gian xử lý trung bình của L2 theo phút,,,cx_cso,"[""cx_cso_support_tickets""]",Thời gian xử lý trung bình của L2 theo phút,,"SELECT AVG(l2_time_actual_minutes) AS avg_l2_processing_time
FROM hive.bi_silver.cx_cso_support_tickets
WHERE l2 = TRUE"
1506,38,Thời gian xử lý trung bình của L3 theo phút,,,cx_cso,"[""cx_cso_support_tickets""]",Thời gian xử lý trung bình của L3 theo phút,,"SELECT AVG(l3_time_actual_minutes) AS avg_l3_processing_time
FROM hive.bi_silver.cx_cso_support_tickets
WHERE l3 = TRUE"
1507,39,Số lượng ticket có cảnh báo 1 ngày trước hạn,,,cx_cso,"[""cx_cso_support_tickets""]",Số lượng ticket có cảnh báo 1 ngày trước hạn,,SELECT COUNT(*) AS tickets_one_day_before_due FROM hive.bi_silver.cx_cso_support_tickets WHERE is_one_day_before_due = TRUE
1508,40,Số lượng ticket có cảnh báo 1 giờ trước hạn,,,cx_cso,"[""cx_cso_support_tickets""]",Số lượng ticket có cảnh báo 1 giờ trước hạn,,"SELECT COUNT(*) AS tickets_one_hour_before_due
FROM hive.bi_silver.cx_cso_support_tickets
WHERE is_one_hour_before_due = TRUE"
1509,41,Phân bố số lần thay đổi ngày đáo hạn của ticket,,,cx_cso,"[""cx_cso_support_tickets""]",Phân bố số lần thay đổi ngày đáo hạn của ticket,,"SELECT number_of_due_date_changes, COUNT(*) AS ticket_count FROM hive.bi_silver.cx_cso_support_tickets GROUP BY number_of_due_date_changes ORDER BY number_of_due_date_changes"
1510,42,Top 10 ticket có nhiều lần thay đổi ngày đáo hạn nhất,,,cx_cso,"[""cx_cso_support_tickets""]",Top 10 ticket có nhiều lần thay đổi ngày đáo hạn nhất,,"SELECT ticket_id, number_of_due_date_changes 
FROM hive.bi_silver.cx_cso_support_tickets 
ORDER BY number_of_due_date_changes DESC 
LIMIT 10"
1511,43,Số lượng ticket theo phân loại spam,,,cx_cso,"[""cx_cso_support_tickets""]",Số lượng ticket theo phân loại spam,,"SELECT spam_type, COUNT(*) AS ticket_count 
FROM hive.bi_silver.cx_cso_support_tickets 
GROUP BY spam_type 
ORDER BY ticket_count DESC"
1512,44,Tỷ lệ ticket spam trong hệ thống,,,cx_cso,"[""cx_cso_support_tickets""]",Tỷ lệ ticket spam trong hệ thống,,"WITH total AS (
    SELECT COUNT(*) AS total_tickets
    FROM hive.bi_silver.cx_cso_support_tickets
)
SELECT
    CAST(COUNT(*) AS DOUBLE) / NULLIF(MAX(total.total_tickets), 0) AS spam_ticket_rate
FROM hive.bi_silver.cx_cso_support_tickets
CROSS JOIN total
WHERE spam_type IS NOT NULL
  AND LOWER(spam_type) <> LOWER('None')"
1513,45,Số lượng ticket được tạo từ kênh VCS,,,cx_cso,"[""cx_cso_support_tickets""]",Số lượng ticket được tạo từ kênh VCS,,"SELECT COUNT(*) AS vcs_ticket_count
FROM hive.bi_silver.cx_cso_support_tickets
WHERE is_vcs = TRUE"
1514,46,Tỷ lệ ticket từ kênh VCS so với tổng số ticket,,,cx_cso,"[""cx_cso_support_tickets""]",Tỷ lệ ticket từ kênh VCS so với tổng số ticket,,"WITH total AS (
    SELECT COUNT(*) AS total_tickets
    FROM hive.bi_silver.cx_cso_support_tickets
)
SELECT
    CAST(COUNT(*) AS DOUBLE) / NULLIF(MAX(total.total_tickets), 0) AS vcs_ticket_rate
FROM hive.bi_silver.cx_cso_support_tickets
CROSS JOIN total
WHERE is_vcs = TRUE"
1515,47,Số lượng ticket được đưa vào báo cáo trải nghiệm khách hàng (CX report),,,cx_cso,"[""cx_cso_support_tickets""]",Số lượng ticket được đưa vào báo cáo trải nghiệm khách hàng (CX report),,"SELECT COUNT(*) AS cx_report_tickets
FROM hive.bi_silver.cx_cso_support_tickets
WHERE is_reopened_by_cx = TRUE"
1516,48,Tỷ lệ ticket có sentiment tiêu cực,,,cx_cso,"[""cx_cso_support_tickets""]",Tỷ lệ ticket có sentiment tiêu cực,,"WITH total AS (
    SELECT COUNT(*) AS total_tickets
    FROM hive.bi_silver.cx_cso_support_tickets
)
SELECT
    CAST(COUNT(*) AS DOUBLE) / NULLIF(MAX(total.total_tickets),0) AS negative_sentiment_rate
FROM hive.bi_silver.cx_cso_support_tickets
CROSS JOIN total
WHERE LOWER(sentiment) IN (LOWER('Negative'), LOWER('Very Negative'))"
1517,49,Số lượng ticket được cập nhật trong 7 ngày gần nhất,,,cx_cso,"[""cx_cso_support_tickets""]",Số lượng ticket được cập nhật trong 7 ngày gần nhất,,"SELECT COUNT(*) AS updated_tickets_last_7_days 
FROM hive.bi_silver.cx_cso_support_tickets 
WHERE updated_at >= CURRENT_DATE - INTERVAL '7' DAY"
1518,50,Ticket có thời gian phản hồi khách hàng lâu nhất,,,cx_cso,"[""cx_cso_support_tickets""]",Ticket có thời gian phản hồi khách hàng lâu nhất,,"SELECT ticket_id, response_time_minutes
FROM hive.bi_silver.cx_cso_support_tickets
ORDER BY response_time_minutes DESC
LIMIT 1"
1519,51,Xu hướng số lượng ticket theo tuần,,,cx_cso,"[""cx_cso_support_tickets""]",Xu hướng số lượng ticket theo tuần,,"SELECT DATE_TRUNC('week', created_at) AS week, COUNT(*) AS ticket_count FROM hive.bi_silver.cx_cso_support_tickets GROUP BY DATE_TRUNC('week', created_at) ORDER BY week"
1520,52,Xu hướng ticket theo ngày trong tuần,,,cx_cso,"[""cx_cso_support_tickets""]",Xu hướng ticket theo ngày trong tuần,,"SELECT DAY_OF_WEEK(created_at) AS day_of_week, COUNT(*) AS ticket_count 
FROM hive.bi_silver.cx_cso_support_tickets 
GROUP BY DAY_OF_WEEK(created_at) 
ORDER BY day_of_week"
1521,53,Xu hướng ticket theo giờ trong ngày,,,cx_cso,"[""cx_cso_support_tickets""]",Xu hướng ticket theo giờ trong ngày,,"SELECT HOUR(created_at) AS hour_of_day, COUNT(*) AS ticket_count FROM hive.bi_silver.cx_cso_support_tickets GROUP BY HOUR(created_at) ORDER BY hour_of_day"
1522,54,Tỷ lệ ticket đóng thành công theo tháng,,,cx_cso,"[""cx_cso_support_tickets""]",Tỷ lệ ticket đóng thành công theo tháng,,"WITH m AS (
    SELECT DATE_TRUNC('month', created_at) AS m,
           COUNT(*) AS total,
           COUNT_IF(LOWER(status_name) = LOWER('Closed')) AS closed
    FROM hive.bi_silver.cx_cso_support_tickets
    GROUP BY DATE_TRUNC('month', created_at)
)
SELECT m,
       CAST(closed AS DOUBLE) / NULLIF(total, 0) AS close_rate
FROM m
ORDER BY m"
1523,55,Số lượng ticket backlog hiện tại,,,cx_cso,"[""cx_cso_support_tickets""]",Số lượng ticket backlog hiện tại,,"SELECT COUNT(*) AS backlog_tickets
FROM hive.bi_silver.cx_cso_support_tickets
WHERE LOWER(status_name) NOT IN (LOWER('Closed'), LOWER('Resolved'))"
1524,56,Tuổi trung bình của ticket backlog (giờ),,,cx_cso,"[""cx_cso_support_tickets""]",Tuổi trung bình của ticket backlog (giờ),,"SELECT AVG(DATE_DIFF('hour', created_at, CURRENT_TIMESTAMP)) AS avg_backlog_age_hours
FROM hive.bi_silver.cx_cso_support_tickets
WHERE LOWER(status_name) NOT IN (LOWER('Closed'), LOWER('Resolved'))"
1525,57,Top 10 loại vấn đề có thời gian xử lý trung bình lâu nhất,,,cx_cso,"[""cx_cso_support_tickets""]",Top 10 loại vấn đề có thời gian xử lý trung bình lâu nhất,,"SELECT issues_type, AVG(resolution_time_minutes) avg_resolution
FROM hive.bi_silver.cx_cso_support_tickets
GROUP BY issues_type
ORDER BY avg_resolution DESC
LIMIT 10"
1526,58,Thời gian phản hồi đầu tiên trung bình theo kênh khách hàng,,,cx_cso,"[""cx_cso_support_tickets""]",Thời gian phản hồi đầu tiên trung bình theo kênh khách hàng,,"SELECT customer_entry_channel, AVG(first_response_time_minutes) avg_response 
FROM hive.bi_silver.cx_cso_support_tickets 
GROUP BY customer_entry_channel 
ORDER BY avg_response DESC"
1527,59,Điểm hài lòng khách hàng trung bình theo agent L1,,,cx_cso,"[""cx_cso_support_tickets""]",Điểm hài lòng khách hàng trung bình theo agent L1,,"SELECT assigned_to, AVG(customer_satisfaction_rating) avg_csat 
FROM hive.bi_silver.cx_cso_support_tickets 
GROUP BY assigned_to 
ORDER BY avg_csat DESC"
1528,60,Tỷ lệ ticket sentiment tiêu cực theo loại vấn đề,,,cx_cso,"[""cx_cso_support_tickets""]",Tỷ lệ ticket sentiment tiêu cực theo loại vấn đề,,"WITH t AS (
    SELECT
        issues_type,
        COUNT(*) total,
        COUNT_IF(LOWER(sentiment) = LOWER('Negative')) neg
    FROM hive.bi_silver.cx_cso_support_tickets
    GROUP BY issues_type
)
SELECT
    issues_type,
    CAST(neg AS DOUBLE) / NULLIF(total, 0) AS neg_rate
FROM t
ORDER BY neg_rate DESC"
1529,61,Số lượng ticket theo severity và priority,,,cx_cso,"[""cx_cso_support_tickets""]",Số lượng ticket theo severity và priority,,"SELECT severity_level, priority_level, COUNT(*) ticket_count 
FROM hive.bi_silver.cx_cso_support_tickets 
GROUP BY severity_level, priority_level 
ORDER BY ticket_count DESC"
1530,62,Tỷ lệ vi phạm SLA L1 theo mức độ ưu tiên,,,cx_cso,"[""cx_cso_support_tickets""]",Tỷ lệ vi phạm SLA L1 theo mức độ ưu tiên,,"WITH t AS (
    SELECT
        priority_level,
        COUNT(*) total,
        COUNT_IF(l1_violated) violated
    FROM hive.bi_silver.cx_cso_support_tickets
    GROUP BY priority_level
)
SELECT
    priority_level,
    CAST(violated AS DOUBLE) / NULLIF(total, 0) AS violation_rate
FROM t
ORDER BY violation_rate DESC"
1531,63,Tỷ lệ vi phạm SLA theo severity,,,cx_cso,"[""cx_cso_support_tickets""]",Tỷ lệ vi phạm SLA theo severity,,"WITH t AS (
    SELECT
        severity_level,
        COUNT(*) total,
        COUNT_IF(l1_violated OR l2_violated OR l3_violated) violated
    FROM hive.bi_silver.cx_cso_support_tickets
    GROUP BY severity_level
)
SELECT
    severity_level,
    CAST(violated AS DOUBLE) / NULLIF(total, 0) violation_rate
FROM t
ORDER BY violation_rate DESC"
1532,64,Top 10 công ty có thời gian giải quyết ticket trung bình lâu nhất,,,cx_cso,"[""cx_cso_support_tickets""]",Top 10 công ty có thời gian giải quyết ticket trung bình lâu nhất,,"SELECT company_name, AVG(resolution_time_minutes) avg_resolution
FROM hive.bi_silver.cx_cso_support_tickets
GROUP BY company_name
ORDER BY avg_resolution DESC
LIMIT 10"
1533,65,Tỷ lệ ticket escalated theo loại vấn đề,,,cx_cso,"[""cx_cso_support_tickets""]",Tỷ lệ ticket escalated theo loại vấn đề,,"WITH t AS (
    SELECT
        issues_type,
        COUNT(*) total,
        COUNT_IF(l2 OR l3 OR l4) escalated
    FROM hive.bi_silver.cx_cso_support_tickets
    GROUP BY issues_type
)
SELECT
    issues_type,
    CAST(escalated AS DOUBLE) / NULLIF(total, 0) escalation_rate
FROM t
ORDER BY escalation_rate DESC"
1534,68,Tỷ lệ ticket reopen theo tháng,,,cx_cso,"[""cx_cso_support_tickets""]",Tỷ lệ ticket reopen theo tháng,,"WITH m AS (
    SELECT DATE_TRUNC('month', created_at) AS m,
           COUNT(*) AS total,
           COUNT_IF(number_of_due_date_changes > 0) AS reopen
    FROM hive.bi_silver.cx_cso_support_tickets
    GROUP BY DATE_TRUNC('month', created_at)
)
SELECT m,
       CAST(reopen AS DOUBLE) / NULLIF(CAST(total AS DOUBLE), 0) AS reopen_rate
FROM m
ORDER BY m"
1535,69,Thời gian giải quyết ticket trung bình theo severity,,,cx_cso,"[""cx_cso_support_tickets""]",Thời gian giải quyết ticket trung bình theo severity,,"SELECT severity_level, AVG(resolution_time_minutes) avg_resolution FROM hive.bi_silver.cx_cso_support_tickets GROUP BY severity_level ORDER BY avg_resolution DESC"
1536,70,Thời gian giải quyết ticket trung bình theo priority,,,cx_cso,"[""cx_cso_support_tickets""]",Thời gian giải quyết ticket trung bình theo priority,,"SELECT priority_level, AVG(resolution_time_minutes) avg_resolution FROM hive.bi_silver.cx_cso_support_tickets GROUP BY priority_level ORDER BY avg_resolution DESC"
1537,71,Top 10 loại vấn đề có nhiều ticket nhất,,,cx_cso,"[""cx_cso_support_tickets""]",Top 10 loại vấn đề có nhiều ticket nhất,,"SELECT issues_type, COUNT(*) ticket_count FROM hive.bi_silver.cx_cso_support_tickets GROUP BY issues_type ORDER BY ticket_count DESC LIMIT 10"
1538,72,Tỷ trọng ticket của top 5 loại vấn đề lớn nhất,,,cx_cso,"[""cx_cso_support_tickets""]",Tỷ trọng ticket của top 5 loại vấn đề lớn nhất,,"WITH t AS (
    SELECT issues_type, COUNT(*) c
    FROM hive.bi_silver.cx_cso_support_tickets
    GROUP BY issues_type
), s AS (
    SELECT SUM(c) total
    FROM t
)
SELECT issues_type,
       CAST(c AS DOUBLE) / NULLIF(total, 0) AS share
FROM t
CROSS JOIN s
ORDER BY c DESC
LIMIT 5"
1539,73,Số lượng ticket theo phân khúc khách hàng l1 và kênh,,,cx_cso,"[""cx_cso_support_tickets""]",Số lượng ticket theo phân khúc khách hàng và kênh,,"SELECT customer_segment_l1, customer_entry_channel, COUNT(*) ticket_count 
FROM hive.bi_silver.cx_cso_support_tickets 
GROUP BY customer_segment_l1, customer_entry_channel 
ORDER BY ticket_count DESC"
1540,74,Tỷ lệ ticket quá hạn theo tháng,,,cx_cso,"[""cx_cso_support_tickets""]",Tỷ lệ ticket quá hạn theo tháng,,"WITH m AS (
    SELECT DATE_TRUNC('month', created_at) AS m,
           COUNT(*) AS total,
           COUNT_IF(is_overdue) AS overdue
    FROM hive.bi_silver.cx_cso_support_tickets
    GROUP BY DATE_TRUNC('month', created_at)
)
SELECT m,
       CAST(overdue AS DOUBLE) / NULLIF(total, 0) AS overdue_rate
FROM m
ORDER BY m"
1541,75,Số lượng ticket có sentiment tiêu cực theo tháng,,,cx_cso,"[""cx_cso_support_tickets""]",Số lượng ticket có sentiment tiêu cực theo tháng,,"SELECT DATE_TRUNC('month', created_at) m,
       COUNT(*) negative_tickets
FROM hive.bi_silver.cx_cso_support_tickets
WHERE LOWER(sentiment) = LOWER('Negative')
GROUP BY DATE_TRUNC('month', created_at)
ORDER BY m"
1542,76,Tỷ lệ ticket sentiment tiêu cực theo agent L1,,,cx_cso,"[""cx_cso_support_tickets""]",Tỷ lệ ticket sentiment tiêu cực theo agent L1,,"WITH t AS (
    SELECT
        assigned_to,
        COUNT(*) total,
        COUNT_IF(LOWER(sentiment) = LOWER('Negative')) neg
    FROM hive.bi_silver.cx_cso_support_tickets
    GROUP BY assigned_to
)
SELECT
    assigned_to,
    CAST(neg AS DOUBLE) / NULLIF(total, 0) AS neg_rate
FROM t
ORDER BY neg_rate DESC"
1543,79,Tỷ lệ ticket escalated theo agent L1,,,cx_cso,"[""cx_cso_support_tickets""]",Tỷ lệ ticket escalated theo agent L1,,"WITH t AS (
    SELECT
        assigned_to,
        COUNT(*) total,
        COUNT_IF(l2 OR l3 OR l4) escalated
    FROM hive.bi_silver.cx_cso_support_tickets
    GROUP BY assigned_to
)
SELECT
    assigned_to,
    CAST(escalated AS DOUBLE) / NULLIF(total, 0) AS escalation_rate
FROM t
ORDER BY escalation_rate DESC"
1544,80,Số lượng ticket theo trạng thái và severity,,,cx_cso,"[""cx_cso_support_tickets""]",Số lượng ticket theo trạng thái và severity,,"SELECT status_name, severity_level, COUNT(*) ticket_count FROM hive.bi_silver.cx_cso_support_tickets GROUP BY status_name, severity_level ORDER BY ticket_count DESC"
1545,81,Tỷ lệ ticket xử lý trong SLA theo tháng,,,cx_cso,"[""cx_cso_support_tickets""]",Tỷ lệ ticket xử lý trong SLA theo tháng,,"WITH m AS (
    SELECT DATE_TRUNC('month', created_at) AS m,
           COUNT(*) AS total,
           COUNT_IF(NOT l1_violated AND NOT l2_violated AND NOT l3_violated AND NOT l4_violated) AS ok
    FROM hive.bi_silver.cx_cso_support_tickets
    GROUP BY DATE_TRUNC('month', created_at)
)
SELECT m,
       CAST(ok AS DOUBLE) / NULLIF(total, 0) AS sla_success_rate
FROM m
ORDER BY m"
1546,84,Số lượng ticket theo loại spam và kênh,,,cx_cso,"[""cx_cso_support_tickets""]",Số lượng ticket theo loại spam và kênh,,"SELECT spam_type, customer_entry_channel, COUNT(*) ticket_count FROM hive.bi_silver.cx_cso_support_tickets GROUP BY spam_type, customer_entry_channel ORDER BY ticket_count DESC"
1547,87,Số lượng ticket theo mức độ khẩn cấp và severity,,,cx_cso,"[""cx_cso_support_tickets""]",Số lượng ticket theo mức độ khẩn cấp và severity,,"SELECT urgency_level, severity_level, COUNT(*) ticket_count 
FROM hive.bi_silver.cx_cso_support_tickets 
GROUP BY urgency_level, severity_level 
ORDER BY ticket_count DESC"
1548,88,Tỷ lệ ticket quá hạn theo agent L1,,,cx_cso,"[""cx_cso_support_tickets""]",Tỷ lệ ticket quá hạn theo agent L1,,"WITH t AS (
    SELECT
        assigned_to,
        COUNT(*) total,
        COUNT_IF(is_overdue) overdue
    FROM hive.bi_silver.cx_cso_support_tickets
    GROUP BY assigned_to
)
SELECT
    assigned_to,
    CAST(overdue AS DOUBLE) / NULLIF(total, 0) AS overdue_rate
FROM t
ORDER BY overdue_rate DESC"
1549,89,Tỷ lệ ticket bị trùng lặp theo loại vấn đề,,,cx_cso,"[""cx_cso_support_tickets""]",Tỷ lệ ticket bị trùng lặp theo loại vấn đề,,"WITH t AS (
    SELECT
        issues_type,
        COUNT(*) total,
        COUNT_IF(is_duplicated_ticket) dup
    FROM hive.bi_silver.cx_cso_support_tickets
    GROUP BY issues_type
)
SELECT
    issues_type,
    CAST(dup AS DOUBLE) / NULLIF(total, 0) duplicate_rate
FROM t
ORDER BY duplicate_rate DESC"
1550,90,Top 10 ticket có thời gian xử lý lâu nhất,,,cx_cso,"[""cx_cso_support_tickets""]",Top 10 ticket có thời gian xử lý lâu nhất,,"SELECT ticket_id, resolution_time_minutes 
FROM hive.bi_silver.cx_cso_support_tickets 
ORDER BY resolution_time_minutes DESC 
LIMIT 10"
1551,91,Xu hướng trung bình động 7 ngày của số lượng ticket,,,cx_cso,"[""cx_cso_support_tickets""]",Xu hướng trung bình động 7 ngày của số lượng ticket,,"SELECT d, AVG(ticket_count) OVER (ORDER BY d ROWS BETWEEN 6 PRECEDING AND CURRENT ROW) AS rolling_7d_avg
FROM (
    SELECT DATE(created_at) d, COUNT(*) ticket_count
    FROM hive.bi_silver.cx_cso_support_tickets
    GROUP BY DATE(created_at)
) t
ORDER BY d"
1552,92,Xác định ngày có số lượng ticket bất thường cao hơn trung bình 30 ngày,,,cx_cso,"[""cx_cso_support_tickets""]",Xác định ngày có số lượng ticket bất thường cao hơn trung bình 30 ngày,,"WITH d AS (
    SELECT DATE(created_at) dt,
           COUNT(*) c
    FROM hive.bi_silver.cx_cso_support_tickets
    GROUP BY DATE(created_at)
)
SELECT dt,
       c
FROM d
WHERE c > (
    SELECT AVG(c) * 1.5
    FROM d
)
ORDER BY c DESC"
1553,93,Chỉ số tập trung ticket theo loại vấn đề (HHI),,,cx_cso,"[""cx_cso_support_tickets""]",Chỉ số tập trung ticket theo loại vấn đề (HHI),,"WITH t AS (
    SELECT issues_type, COUNT(*) c
    FROM hive.bi_silver.cx_cso_support_tickets
    GROUP BY issues_type
), s AS (
    SELECT SUM(c) total
    FROM t
)
SELECT SUM(POWER(CAST(c AS DOUBLE) / NULLIF(total, 0), 2)) AS issue_concentration_hhi
FROM t
CROSS JOIN s"
1554,94,Chỉ số tập trung ticket theo công ty khách hàng (HHI),,,cx_cso,"[""cx_cso_support_tickets""]",Chỉ số tập trung ticket theo công ty khách hàng (HHI),,"WITH t AS (
    SELECT company_name, COUNT(*) c
    FROM hive.bi_silver.cx_cso_support_tickets
    GROUP BY company_name
), s AS (
    SELECT SUM(c) total
    FROM t
)
SELECT SUM(POWER(CAST(c AS DOUBLE) / NULLIF(total, 0), 2)) AS company_ticket_hhi
FROM t
CROSS JOIN s"
1555,95,Tuổi backlog trung vị của ticket chưa đóng,,,cx_cso,"[""cx_cso_support_tickets""]",Tuổi backlog trung vị của ticket chưa đóng,,"SELECT APPROX_PERCENTILE(DATE_DIFF('hour', created_at, CURRENT_TIMESTAMP), 0.5) AS median_backlog_age_hours
FROM hive.bi_silver.cx_cso_support_tickets
WHERE LOWER(status_name) NOT IN (LOWER('Closed'), LOWER('Resolved'))"
1556,96,Tỷ lệ ticket backlog trên tổng ticket theo ngày,,,cx_cso,"[""cx_cso_support_tickets""]",Tỷ lệ ticket backlog trên tổng ticket theo ngày,,"WITH t AS (
    SELECT DATE(created_at) d,
           COUNT(*) total,
           COUNT_IF(LOWER(status_name) NOT IN (LOWER('Closed'), LOWER('Resolved'))) backlog
    FROM hive.bi_silver.cx_cso_support_tickets
    GROUP BY DATE(created_at)
)
SELECT d,
       CAST(backlog AS DOUBLE) / NULLIF(total, 0) AS backlog_rate
FROM t
ORDER BY d"
1557,97,Số lượng ticket backlog theo severity,,,cx_cso,"[""cx_cso_support_tickets""]",Số lượng ticket backlog theo severity,,"SELECT severity_level, COUNT(*) backlog_count
FROM hive.bi_silver.cx_cso_support_tickets
WHERE LOWER(status_name) NOT IN (LOWER('Closed'), LOWER('Resolved'))
GROUP BY severity_level
ORDER BY backlog_count DESC"
1558,98,Tỷ lệ ticket backlog có severity cao,,,cx_cso,"[""cx_cso_support_tickets""]",Tỷ lệ ticket backlog có severity cao,,"WITH t AS (
    SELECT
        COUNT(*) total,
        COUNT_IF(
            LOWER(status_name) NOT IN (LOWER('Closed'), LOWER('Resolved'))
            AND LOWER(severity_level) = LOWER('High')
        ) high_backlog
    FROM hive.bi_silver.cx_cso_support_tickets
)
SELECT
    CAST(high_backlog AS DOUBLE) / NULLIF(total, 0) AS high_severity_backlog_rate
FROM t"
1559,99,Tuổi backlog trung bình theo severity,,,cx_cso,"[""cx_cso_support_tickets""]",Tuổi backlog trung bình theo severity,,"SELECT severity_level,
       AVG(DATE_DIFF('hour', created_at, CURRENT_TIMESTAMP)) AS avg_backlog_age
FROM hive.bi_silver.cx_cso_support_tickets
WHERE LOWER(status_name) NOT IN (LOWER('Closed'), LOWER('Resolved'))
GROUP BY severity_level
ORDER BY avg_backlog_age DESC"
1560,100,Số lượng ticket vượt quá SLA tổng thể,,,cx_cso,"[""cx_cso_support_tickets""]",Số lượng ticket vượt quá SLA tổng thể,,"SELECT COUNT(*) AS sla_breached
FROM hive.bi_silver.cx_cso_support_tickets
WHERE l1_violated OR l2_violated OR l3_violated OR l4_violated"
1561,101,Tỷ lệ ticket vượt SLA tổng thể,,,cx_cso,"[""cx_cso_support_tickets""]",Tỷ lệ ticket vượt SLA tổng thể,,"WITH t AS (
    SELECT COUNT(*) total,
           COUNT_IF(l1_violated OR l2_violated OR l3_violated OR l4_violated) violated
    FROM hive.bi_silver.cx_cso_support_tickets
)
SELECT CAST(violated AS DOUBLE) / NULLIF(total, 0) AS violation_rate
FROM t"
1562,102,Xu hướng vi phạm SLA theo tháng,,,cx_cso,"[""cx_cso_support_tickets""]",Xu hướng vi phạm SLA theo tháng,,"SELECT DATE_TRUNC('month', created_at) m, COUNT_IF(l1_violated OR l2_violated OR l3_violated OR l4_violated) violated FROM hive.bi_silver.cx_cso_support_tickets GROUP BY DATE_TRUNC('month', created_at) ORDER BY m"
1563,103,Top 10 agent L1 có tỷ lệ vi phạm SLA cao nhất,,,cx_cso,"[""cx_cso_support_tickets""]",Top 10 agent L1 có tỷ lệ vi phạm SLA cao nhất,,"WITH t AS (
    SELECT
        assigned_to,
        COUNT(*) total,
        COUNT_IF(l1_violated) v
    FROM hive.bi_silver.cx_cso_support_tickets
    GROUP BY assigned_to
)
SELECT
    assigned_to,
    CAST(v AS DOUBLE) / NULLIF(total, 0) AS violation_rate
FROM t
ORDER BY violation_rate DESC
LIMIT 10"
1564,104,Top 10 loại vấn đề có tỷ lệ vi phạm SLA cao nhất,,,cx_cso,"[""cx_cso_support_tickets""]",Top 10 loại vấn đề có tỷ lệ vi phạm SLA cao nhất,,"WITH t AS (
    SELECT
        issues_type,
        COUNT(*) total,
        COUNT_IF(l1_violated OR l2_violated) v
    FROM hive.bi_silver.cx_cso_support_tickets
    GROUP BY issues_type
)
SELECT
    issues_type,
    CAST(v AS DOUBLE) / NULLIF(CAST(total AS DOUBLE), 0) AS violation_rate
FROM t
ORDER BY violation_rate DESC
LIMIT 10"
1565,105,Tỷ lệ ticket escalated trong backlog,,,cx_cso,"[""cx_cso_support_tickets""]",Tỷ lệ ticket escalated trong backlog,,"WITH t AS (
    SELECT
        COUNT(*) backlog,
        COUNT_IF((l2 OR l3 OR l4) AND LOWER(status_name) NOT IN (LOWER('Closed'), LOWER('Resolved'))) esc
    FROM hive.bi_silver.cx_cso_support_tickets
    WHERE LOWER(status_name) NOT IN (LOWER('Closed'), LOWER('Resolved'))
)
SELECT CAST(esc AS DOUBLE) / NULLIF(backlog, 0) AS escalation_backlog_rate
FROM t"
1566,106,Thời gian phản hồi đầu tiên trung vị,,,cx_cso,"[""cx_cso_support_tickets""]",Thời gian phản hồi đầu tiên trung vị,,"SELECT APPROX_PERCENTILE(first_response_time_minutes,0.5) median_first_response 
FROM hive.bi_silver.cx_cso_support_tickets"
1567,107,Thời gian giải quyết ticket trung vị,,,cx_cso,"[""cx_cso_support_tickets""]",Thời gian giải quyết ticket trung vị,,"SELECT APPROX_PERCENTILE(resolution_time_minutes, 0.5) median_resolution
FROM hive.bi_silver.cx_cso_support_tickets"
1568,108,Phân vị 90 của thời gian giải quyết ticket,,,cx_cso,"[""cx_cso_support_tickets""]",Phân vị 90 của thời gian giải quyết ticket,,"SELECT APPROX_PERCENTILE(resolution_time_minutes,0.9) p90_resolution_time 
FROM hive.bi_silver.cx_cso_support_tickets"
1569,109,Phân vị 95 của thời gian giải quyết ticket,,,cx_cso,"[""cx_cso_support_tickets""]",Phân vị 95 của thời gian giải quyết ticket,,"SELECT APPROX_PERCENTILE(resolution_time_minutes,0.95) p95_resolution_time 
FROM hive.bi_silver.cx_cso_support_tickets"
1570,110,Tỷ lệ ticket xử lý trong vòng 24 giờ,,,cx_cso,"[""cx_cso_support_tickets""]",Tỷ lệ ticket xử lý trong vòng 24 giờ,,"WITH t AS (
    SELECT
        COUNT(*) total,
        COUNT_IF(resolution_time_minutes <= 24) fast
    FROM hive.bi_silver.cx_cso_support_tickets
)
SELECT
    CAST(fast AS DOUBLE) / NULLIF(total, 0) AS resolution_24h_rate
FROM t"
1571,111,Tỷ lệ ticket xử lý trong vòng 48 giờ,,,cx_cso,"[""cx_cso_support_tickets""]",Tỷ lệ ticket xử lý trong vòng 48 giờ,,"WITH t AS (
    SELECT
        CAST(COUNT(*) AS DOUBLE) AS total,
        CAST(COUNT_IF(resolution_time_minutes <= 48) AS DOUBLE) AS fast
    FROM hive.bi_silver.cx_cso_support_tickets
)
SELECT fast / NULLIF(total, 0) AS resolution_48h_rate
FROM t"
1572,112,Tỷ lệ ticket có thời gian phản hồi dưới 1 giờ,,,cx_cso,"[""cx_cso_support_tickets""]",Tỷ lệ ticket có thời gian phản hồi dưới 1 giờ,,"WITH t AS (
    SELECT COUNT(*) total,
           COUNT_IF((first_response_time_minutes / 60) <= 1) fast
    FROM hive.bi_silver.cx_cso_support_tickets
)
SELECT CAST(fast AS DOUBLE) / NULLIF(total, 0) response_under_1h_rate
FROM t"
1573,113,Chỉ số workload trung bình của agent L1 (ticket/ngày),,,cx_cso,"[""cx_cso_support_tickets""]",Chỉ số workload trung bình của agent L1 (ticket/ngày),,"SELECT assigned_to,
       CAST(COUNT(*) AS DOUBLE) / NULLIF(CAST(COUNT(DISTINCT DATE(created_at)) AS DOUBLE), 0) AS workload_per_day
FROM hive.bi_silver.cx_cso_support_tickets
GROUP BY assigned_to
ORDER BY workload_per_day DESC"
1574,114,Top 10 agent có workload cao nhất,,,cx_cso,"[""cx_cso_support_tickets""]",Top 10 agent có workload cao nhất,,"SELECT assigned_to, COUNT(*) ticket_count FROM hive.bi_silver.cx_cso_support_tickets GROUP BY assigned_to ORDER BY ticket_count DESC LIMIT 10"
1575,115,Tỷ lệ ticket sentiment tiêu cực trong backlog,,,cx_cso,"[""cx_cso_support_tickets""]",Tỷ lệ ticket sentiment tiêu cực trong backlog,,"WITH t AS (
    SELECT
        COUNT(*) AS backlog,
        COUNT_IF(
            LOWER(sentiment) = LOWER('Negative')
            AND LOWER(status_name) NOT IN (LOWER('Closed'), LOWER('Resolved'))
        ) AS neg
    FROM hive.bi_silver.cx_cso_support_tickets
    WHERE LOWER(status_name) NOT IN (LOWER('Closed'), LOWER('Resolved'))
)
SELECT CAST(neg AS DOUBLE) / NULLIF(backlog, 0) AS negative_backlog_rate
FROM t"
1576,116,Xu hướng ticket sentiment tiêu cực theo tháng,,,cx_cso,"[""cx_cso_support_tickets""]",Xu hướng ticket sentiment tiêu cực theo tháng,,"SELECT DATE_TRUNC('month', created_at) AS m,
       COUNT_IF(LOWER(sentiment) = LOWER('Negative')) AS negative_tickets
FROM hive.bi_silver.cx_cso_support_tickets
GROUP BY DATE_TRUNC('month', created_at)
ORDER BY m"
1577,117,Tỷ lệ ticket sentiment tiêu cực theo severity,,,cx_cso,"[""cx_cso_support_tickets""]",Tỷ lệ ticket sentiment tiêu cực theo severity,,"WITH t AS (
    SELECT
        severity_level,
        COUNT(*) total,
        COUNT_IF(LOWER(sentiment) = LOWER('Negative')) neg
    FROM hive.bi_silver.cx_cso_support_tickets
    GROUP BY severity_level
)
SELECT
    severity_level,
    CAST(neg AS DOUBLE) / NULLIF(total, 0) AS neg_rate
FROM t
ORDER BY neg_rate DESC"
1578,118,Tỷ lệ ticket sentiment tiêu cực theo kênh,,,cx_cso,"[""cx_cso_support_tickets""]",Tỷ lệ ticket sentiment tiêu cực theo kênh,,"WITH t AS (
    SELECT
        customer_entry_channel,
        COUNT(*) total,
        COUNT_IF(LOWER(sentiment) = LOWER('Negative')) neg
    FROM hive.bi_silver.cx_cso_support_tickets
    GROUP BY customer_entry_channel
)
SELECT
    customer_entry_channel,
    CAST(neg AS DOUBLE) / NULLIF(total, 0) AS neg_rate
FROM t
ORDER BY neg_rate DESC"
1579,119,Top 10 công ty có tỷ lệ sentiment tiêu cực cao nhất,,,cx_cso,"[""cx_cso_support_tickets""]",Top 10 công ty có tỷ lệ sentiment tiêu cực cao nhất,,"WITH t AS (
    SELECT
        company_name,
        COUNT(*) total,
        COUNT_IF(LOWER(sentiment) = LOWER('Negative')) neg
    FROM hive.bi_silver.cx_cso_support_tickets
    GROUP BY company_name
)
SELECT
    company_name,
    CAST(neg AS DOUBLE) / NULLIF(total, 0) AS neg_rate
FROM t
ORDER BY neg_rate DESC
LIMIT 10"
1580,120,Tỷ lệ ticket duplicate theo tháng,,,cx_cso,"[""cx_cso_support_tickets""]",Tỷ lệ ticket duplicate theo tháng,,"WITH t AS (
    SELECT DATE_TRUNC('month', created_at) m,
           COUNT(*) total,
           COUNT_IF(is_duplicated_ticket) dup
    FROM hive.bi_silver.cx_cso_support_tickets
    GROUP BY DATE_TRUNC('month', created_at)
)
SELECT m,
       CAST(dup AS DOUBLE) / NULLIF(total, 0) dup_rate
FROM t
ORDER BY m"
1581,140,Tỷ lệ ticket quá hạn có severity cao,,,cx_cso,"[""cx_cso_support_tickets""]",Tỷ lệ ticket quá hạn có severity cao,,"WITH t AS (
    SELECT
        COUNT(*) total,
        COUNT_IF(is_overdue AND LOWER(severity_level) = LOWER('High')) high_overdue
    FROM hive.bi_silver.cx_cso_support_tickets
)
SELECT
    CAST(high_overdue AS DOUBLE) / NULLIF(total, 0) AS high_severity_overdue_rate
FROM t"
1582,1,Tổng số câu trả lời khảo sát khách hàng đã ghi nhận,,,cx_cso,"[""cx_sur_question_response""]",Tổng số câu trả lời khảo sát khách hàng đã ghi nhận,,"SELECT COUNT(*) AS total_answers 
FROM hive.bi_silver.cx_sur_question_response"
1583,2,Số lượng câu trả lời theo nhóm KPI khảo sát,,,cx_cso,"[""cx_sur_question_response""]",Số lượng câu trả lời theo nhóm KPI khảo sát,,"SELECT kpi_group, COUNT(*) AS answer_count FROM hive.bi_silver.cx_sur_question_response GROUP BY kpi_group ORDER BY answer_count DESC"
1584,3,Số lượng câu trả lời theo loại KPI,,,cx_cso,"[""cx_sur_question_response""]",Số lượng câu trả lời theo loại KPI,,"SELECT kpi_type, COUNT(*) AS answer_count FROM hive.bi_silver.cx_sur_question_response GROUP BY kpi_type ORDER BY answer_count DESC"
1585,4,Xu hướng số lượng câu trả lời khảo sát theo tháng,,,cx_cso,"[""cx_sur_question_response""]",Xu hướng số lượng câu trả lời khảo sát theo tháng,,"SELECT DATE_TRUNC('month', collected_date) AS month,
       COUNT(*) AS answer_count
FROM hive.bi_silver.cx_sur_question_response
GROUP BY DATE_TRUNC('month', collected_date)
ORDER BY month"
1586,5,Số lượng câu trả lời theo danh mục sản phẩm,,,cx_cso,"[""cx_sur_question_response""]",Số lượng câu trả lời theo danh mục sản phẩm,,"SELECT product_category, COUNT(*) AS answer_count 
FROM hive.bi_silver.cx_sur_question_response 
GROUP BY product_category 
ORDER BY answer_count DESC"
1587,6,Số lượng câu trả lời theo giai đoạn hành trình khách hàng,,,cx_cso,"[""cx_sur_question_response""]",Số lượng câu trả lời theo giai đoạn hành trình khách hàng,,"SELECT journey, COUNT(*) AS answer_count 
FROM hive.bi_silver.cx_sur_question_response 
GROUP BY journey 
ORDER BY answer_count DESC"
1588,7,Phân bố số lượng câu trả lời theo loại câu hỏi khảo sát,,,cx_cso,"[""cx_sur_question_response""]",Phân bố số lượng câu trả lời theo loại câu hỏi khảo sát,,"SELECT question_type, COUNT(*) AS answer_count FROM hive.bi_silver.cx_sur_question_response GROUP BY question_type ORDER BY answer_count DESC"
1589,8,Số lượng câu trả lời theo điểm tiếp xúc khách hàng,,,cx_cso,"[""cx_sur_question_response""]",Số lượng câu trả lời theo điểm tiếp xúc khách hàng,,"SELECT customer_touchpoint, COUNT(*) AS answer_count
FROM hive.bi_silver.cx_sur_question_response
GROUP BY customer_touchpoint
ORDER BY answer_count DESC"
1590,9,Tỷ trọng câu trả lời theo nhóm KPI khảo sát,,,cx_cso,"[""cx_sur_question_response""]",Tỷ trọng câu trả lời theo nhóm KPI khảo sát,,"WITH total AS (
    SELECT COUNT(*) AS total_answers
    FROM hive.bi_silver.cx_sur_question_response
)
SELECT
    kpi_group,
    COUNT(*) AS answer_count,
    CAST(COUNT(*) AS DOUBLE) / NULLIF(total.total_answers, 0) AS answer_share
FROM hive.bi_silver.cx_sur_question_response
CROSS JOIN total
GROUP BY kpi_group, total.total_answers
ORDER BY answer_share DESC"
1591,10,Top 10 danh mục sản phẩm có nhiều câu trả lời khảo sát nhất,,,cx_cso,"[""cx_sur_question_response""]",Top 10 danh mục sản phẩm có nhiều câu trả lời khảo sát nhất,,"SELECT product_category, COUNT(*) AS answer_count 
FROM hive.bi_silver.cx_sur_question_response 
GROUP BY product_category 
ORDER BY answer_count DESC 
LIMIT 10"
1592,11,Số lượng người trả lời khảo sát duy nhất,,,cx_cso,"[""cx_sur_question_response""]",Số lượng người trả lời khảo sát duy nhất,,SELECT COUNT(DISTINCT respondent_uuid) AS unique_respondents FROM hive.bi_silver.cx_sur_question_response
1593,12,Số lượng khảo sát khác nhau được ghi nhận,,,cx_cso,"[""cx_sur_question_response""]",Số lượng khảo sát khác nhau được ghi nhận,,SELECT COUNT(DISTINCT survey_id) AS total_surveys FROM hive.bi_silver.cx_sur_question_response
1594,13,Phân bố số lượng câu trả lời theo nhãn đánh giá NPS,,,cx_cso,"[""cx_sur_question_response""]",Phân bố số lượng câu trả lời theo nhãn đánh giá NPS,,"SELECT answer_tag, COUNT(*) AS answer_count 
FROM hive.bi_silver.cx_sur_question_response 
GROUP BY answer_tag 
ORDER BY answer_count DESC"
1595,14,Tỷ lệ câu trả lời thuộc nhóm promoter trong khảo sát,,,cx_cso,"[""cx_sur_question_response""]",Tỷ lệ câu trả lời thuộc nhóm promoter trong khảo sát,,"WITH total AS (
    SELECT COUNT(*) AS total_answers
    FROM hive.bi_silver.cx_sur_question_response
)
SELECT
    CAST(COUNT(*) AS DOUBLE) / NULLIF(MAX(total.total_answers), 0) AS promoter_rate
FROM hive.bi_silver.cx_sur_question_response
CROSS JOIN total
WHERE LOWER(answer_tag) = LOWER('promoter')"
1596,15,Tỷ lệ câu trả lời thuộc nhóm detractor trong khảo sát,,,cx_cso,"[""cx_sur_question_response""]",Tỷ lệ câu trả lời thuộc nhóm detractor trong khảo sát,,"WITH total AS (
    SELECT COUNT(*) AS total_answers
    FROM hive.bi_silver.cx_sur_question_response
)
SELECT
    CAST(COUNT(*) AS DOUBLE) / NULLIF(MAX(total.total_answers), 0) AS detractor_rate
FROM hive.bi_silver.cx_sur_question_response
CROSS JOIN total
WHERE LOWER(answer_tag) = LOWER('detractor')"
1597,16,Số lượng câu trả lời khảo sát theo ngày thu thập,,,cx_cso,"[""cx_sur_question_response""]",Số lượng câu trả lời khảo sát theo ngày thu thập,,"SELECT DATE(collected_date) AS collected_day, COUNT(*) AS answer_count 
FROM hive.bi_silver.cx_sur_question_response 
GROUP BY DATE(collected_date) 
ORDER BY collected_day"
1598,17,Câu hỏi khảo sát có nhiều câu trả lời nhất,,,cx_cso,"[""cx_sur_question_response""]",Câu hỏi khảo sát có nhiều câu trả lời nhất,,"SELECT question_id, COUNT(*) AS answer_count 
FROM hive.bi_silver.cx_sur_question_response 
GROUP BY question_id 
ORDER BY answer_count DESC 
LIMIT 1"
1599,18,Người trả lời khảo sát có nhiều phản hồi nhất,,,cx_cso,"[""cx_sur_question_response""]",Người trả lời khảo sát có nhiều phản hồi nhất,,"SELECT respondent_uuid, COUNT(*) AS answer_count FROM hive.bi_silver.cx_sur_question_response GROUP BY respondent_uuid ORDER BY answer_count DESC LIMIT 1"
1600,19,Số lượng câu trả lời khảo sát trong 30 ngày gần nhất,,,cx_cso,"[""cx_sur_question_response""]",Số lượng câu trả lời khảo sát trong 30 ngày gần nhất,,"SELECT COUNT(*) AS answers_last_30_days
FROM hive.bi_silver.cx_sur_question_response
WHERE collected_date >= CURRENT_DATE - INTERVAL '30' DAY"
1601,20,Ngày có số lượng câu trả lời khảo sát cao nhất,,,cx_cso,"[""cx_sur_question_response""]",Ngày có số lượng câu trả lời khảo sát cao nhất,,"SELECT DATE(collected_date) AS collected_day, COUNT(*) AS answer_count 
FROM hive.bi_silver.cx_sur_question_response 
GROUP BY DATE(collected_date) 
ORDER BY answer_count DESC 
LIMIT 1"
1602,21,Tính chỉ số NPS tổng thể từ kết quả khảo sát,,,cx_cso,"[""cx_sur_question_response""]",Tính chỉ số NPS tổng thể từ kết quả khảo sát,,"WITH t AS (
    SELECT
        COUNT(*) total,
        COUNT_IF(LOWER(answer_tag) = LOWER('promoter')) promoter,
        COUNT_IF(LOWER(answer_tag) = LOWER('detractor')) detractor
    FROM hive.bi_silver.cx_sur_question_response
)
SELECT
    (CAST(promoter AS DOUBLE) / NULLIF(total, 0)) - (CAST(detractor AS DOUBLE) / NULLIF(total, 0)) AS nps_score
FROM t"
1603,22,Xu hướng chỉ số NPS theo tháng,,,cx_cso,"[""cx_sur_question_response""]",Xu hướng chỉ số NPS theo tháng,,"WITH m AS (
    SELECT
        DATE_TRUNC('month', collected_date) AS m,
        COUNT(*) AS total,
        COUNT_IF(LOWER(answer_tag) = LOWER('promoter')) AS promoter,
        COUNT_IF(LOWER(answer_tag) = LOWER('detractor')) AS detractor
    FROM hive.bi_silver.cx_sur_question_response
    GROUP BY DATE_TRUNC('month', collected_date)
)
SELECT
    m,
    (CAST(promoter AS DOUBLE) / NULLIF(total, 0)) - (CAST(detractor AS DOUBLE) / NULLIF(total, 0)) AS nps_score
FROM m
ORDER BY m"
1604,23,Chỉ số NPS theo danh mục sản phẩm,,,cx_cso,"[""cx_sur_question_response""]",Chỉ số NPS theo danh mục sản phẩm,,"WITH t AS (
    SELECT
        product_category,
        COUNT(*) total,
        COUNT_IF(LOWER(answer_tag) = LOWER('promoter')) promoter,
        COUNT_IF(LOWER(answer_tag) = LOWER('detractor')) detractor
    FROM hive.bi_silver.cx_sur_question_response
    GROUP BY product_category
)
SELECT
    product_category,
    (CAST(promoter AS DOUBLE) / NULLIF(total, 0)) - (CAST(detractor AS DOUBLE) / NULLIF(total, 0)) AS nps_score
FROM t
ORDER BY nps_score DESC"
1605,24,Chỉ số NPS theo điểm tiếp xúc khách hàng,,,cx_cso,"[""cx_sur_question_response""]",Chỉ số NPS theo điểm tiếp xúc khách hàng,,"WITH t AS (
    SELECT
        customer_touchpoint,
        COUNT(*) total,
        COUNT_IF(LOWER(answer_tag) = LOWER('promoter')) promoter,
        COUNT_IF(LOWER(answer_tag) = LOWER('detractor')) detractor
    FROM hive.bi_silver.cx_sur_question_response
    GROUP BY customer_touchpoint
)
SELECT
    customer_touchpoint,
    (CAST(promoter AS DOUBLE) / NULLIF(total, 0)) - (CAST(detractor AS DOUBLE) / NULLIF(total, 0)) AS nps_score
FROM t
ORDER BY nps_score DESC"
1606,25,Tỷ lệ promoter theo danh mục sản phẩm,,,cx_cso,"[""cx_sur_question_response""]",Tỷ lệ promoter theo danh mục sản phẩm,,"WITH t AS (
    SELECT
        product_category,
        COUNT(*) total,
        COUNT_IF(LOWER(answer_tag) = LOWER('promoter')) promoter
    FROM hive.bi_silver.cx_sur_question_response
    GROUP BY product_category
)
SELECT
    product_category,
    CAST(promoter AS DOUBLE) / NULLIF(total, 0) AS promoter_rate
FROM t
ORDER BY promoter_rate DESC"
1607,26,Tỷ lệ detractor theo danh mục sản phẩm,,,cx_cso,"[""cx_sur_question_response""]",Tỷ lệ detractor theo danh mục sản phẩm,,"WITH t AS (
    SELECT
        product_category,
        COUNT(*) AS total,
        COUNT_IF(LOWER(answer_tag) = LOWER('detractor')) AS detractor
    FROM hive.bi_silver.cx_sur_question_response
    GROUP BY product_category
)
SELECT
    product_category,
    CAST(detractor AS DOUBLE) / NULLIF(CAST(total AS DOUBLE), 0) AS detractor_rate
FROM t
ORDER BY detractor_rate DESC"
1608,27,Số lượng câu trả lời theo item_content (nội dung câu hỏi khảo sát),,,cx_cso,"[""cx_sur_question_response""]",Số lượng câu trả lời theo item_content (nội dung câu hỏi khảo sát),,"SELECT item_content, COUNT(*) answer_count 
FROM hive.bi_silver.cx_sur_question_response 
GROUP BY item_content 
ORDER BY answer_count DESC"
1609,28,Top 10 câu hỏi khảo sát có nhiều câu trả lời nhất,,,cx_cso,"[""cx_sur_question_response""]",Top 10 câu hỏi khảo sát có nhiều câu trả lời nhất,,"SELECT item_content, COUNT(*) answer_count FROM hive.bi_silver.cx_sur_question_response GROUP BY item_content ORDER BY answer_count DESC LIMIT 10"
1610,29,Tỷ trọng câu trả lời theo giai đoạn hành trình khách hàng,,,cx_cso,"[""cx_sur_question_response""]",Tỷ trọng câu trả lời theo giai đoạn hành trình khách hàng,,"WITH t AS (
    SELECT journey, COUNT(*) c
    FROM hive.bi_silver.cx_sur_question_response
    GROUP BY journey
), s AS (
    SELECT SUM(c) total
    FROM t
)
SELECT journey,
       CAST(c AS DOUBLE) / NULLIF(total, 0) AS share
FROM t
CROSS JOIN s
ORDER BY share DESC"
1611,30,Số lượng phản hồi khảo sát theo loại câu hỏi và danh mục sản phẩm,,,cx_cso,"[""cx_sur_question_response""]",Số lượng phản hồi khảo sát theo loại câu hỏi và danh mục sản phẩm,,"SELECT question_type, product_category, COUNT(*) answer_count 
FROM hive.bi_silver.cx_sur_question_response 
GROUP BY question_type, product_category 
ORDER BY answer_count DESC"
1612,31,Số lượng phản hồi khảo sát theo journey và product_category,,,cx_cso,"[""cx_sur_question_response""]",Số lượng phản hồi khảo sát theo journey và product_category,,"SELECT journey, product_category, COUNT(*) answer_count FROM hive.bi_silver.cx_sur_question_response GROUP BY journey, product_category ORDER BY answer_count DESC"
1613,32,Tỷ lệ phản hồi khảo sát có comment,,,cx_cso,"[""cx_sur_question_response""]",Tỷ lệ phản hồi khảo sát có comment,,"WITH t AS (
    SELECT
        COUNT(*) total,
        COUNT_IF(comment IS NOT NULL AND LOWER(comment) <> LOWER('')) comment_answers
    FROM hive.bi_silver.cx_sur_question_response
)
SELECT
    CAST(comment_answers AS DOUBLE) / NULLIF(CAST(total AS DOUBLE), 0) comment_rate
FROM t"
1614,33,Top 10 danh mục sản phẩm có nhiều comment nhất,,,cx_cso,"[""cx_sur_question_response""]",Top 10 danh mục sản phẩm có nhiều comment nhất,,"SELECT product_category, COUNT(*) comment_count
FROM hive.bi_silver.cx_sur_question_response
WHERE comment IS NOT NULL
  AND LOWER(comment) <> LOWER('')
GROUP BY product_category
ORDER BY comment_count DESC
LIMIT 10"
1615,34,Số lượng câu trả lời theo collected_date và journey,,,cx_cso,"[""cx_sur_question_response""]",Số lượng câu trả lời theo collected_date và journey,,"SELECT DATE(collected_date) d, journey, COUNT(*) answer_count 
FROM hive.bi_silver.cx_sur_question_response 
GROUP BY DATE(collected_date), journey 
ORDER BY d"
1616,35,Số lượng câu trả lời theo kpi_group và product_category,,,cx_cso,"[""cx_sur_question_response""]",Số lượng câu trả lời theo kpi_group và product_category,,"SELECT kpi_group, product_category, COUNT(*) answer_count 
FROM hive.bi_silver.cx_sur_question_response 
GROUP BY kpi_group, product_category 
ORDER BY answer_count DESC"
1617,36,Số lượng người trả lời khảo sát theo tháng,,,cx_cso,"[""cx_sur_question_response""]",Số lượng người trả lời khảo sát theo tháng,,"SELECT DATE_TRUNC('month', collected_date) m, COUNT(DISTINCT respondent_uuid) respondents FROM hive.bi_silver.cx_sur_question_response GROUP BY DATE_TRUNC('month', collected_date) ORDER BY m"
1618,37,Top 10 người trả lời khảo sát có nhiều phản hồi nhất,,,cx_cso,"[""cx_sur_question_response""]",Top 10 người trả lời khảo sát có nhiều phản hồi nhất,,"SELECT respondent_uuid, COUNT(*) answer_count 
FROM hive.bi_silver.cx_sur_question_response 
GROUP BY respondent_uuid 
ORDER BY answer_count DESC 
LIMIT 10"
1619,38,Số lượng khảo sát theo survey_id,,,cx_cso,"[""cx_sur_question_response""]",Số lượng khảo sát theo survey_id,,"SELECT survey_id, COUNT(*) answer_count FROM hive.bi_silver.cx_sur_question_response GROUP BY survey_id ORDER BY answer_count DESC"
1620,39,Top 10 survey có nhiều phản hồi nhất,,,cx_cso,"[""cx_sur_question_response""]",Top 10 survey có nhiều phản hồi nhất,,"SELECT survey_id, COUNT(*) answer_count FROM hive.bi_silver.cx_sur_question_response GROUP BY survey_id ORDER BY answer_count DESC LIMIT 10"
1621,40,Xu hướng phản hồi khảo sát theo danh mục sản phẩm theo tháng,,,cx_cso,"[""cx_sur_question_response""]",Xu hướng phản hồi khảo sát theo danh mục sản phẩm theo tháng,,"SELECT DATE_TRUNC('month', collected_date) m, product_category, COUNT(*) answer_count 
FROM hive.bi_silver.cx_sur_question_response 
GROUP BY DATE_TRUNC('month', collected_date), product_category 
ORDER BY m"
1622,41,Tỷ lệ phản hồi khảo sát thuộc nhóm KPI NPS,,,cx_cso,"[""cx_sur_question_response""]",Tỷ lệ phản hồi khảo sát thuộc nhóm KPI NPS,,"WITH t AS (
    SELECT
        COUNT(*) total,
        COUNT_IF(LOWER(kpi_group) = LOWER('NPS')) nps_answers
    FROM hive.bi_silver.cx_sur_question_response
)
SELECT
    CAST(nps_answers AS DOUBLE) / NULLIF(total, 0) AS nps_answer_rate
FROM t"
1623,42,Số lượng câu trả lời theo choice_content,,,cx_cso,"[""cx_sur_question_response""]",Số lượng câu trả lời theo choice_content,,"SELECT choice_content, COUNT(*) answer_count FROM hive.bi_silver.cx_sur_question_response GROUP BY choice_content ORDER BY answer_count DESC"
1624,43,Top 10 lựa chọn câu trả lời phổ biến nhất,,,cx_cso,"[""cx_sur_question_response""]",Top 10 lựa chọn câu trả lời phổ biến nhất,,"SELECT choice_content, COUNT(*) answer_count FROM hive.bi_silver.cx_sur_question_response GROUP BY choice_content ORDER BY answer_count DESC LIMIT 10"
1625,44,Tỷ lệ câu trả lời khảo sát theo loại question_type,,,cx_cso,"[""cx_sur_question_response""]",Tỷ lệ câu trả lời khảo sát theo loại question_type,,"WITH t AS (
    SELECT question_type, COUNT(*) c
    FROM hive.bi_silver.cx_sur_question_response
    GROUP BY question_type
), s AS (
    SELECT SUM(c) total
    FROM t
)
SELECT
    question_type,
    CAST(c AS DOUBLE) / NULLIF(total, 0) AS share
FROM t
CROSS JOIN s
ORDER BY share DESC"
1626,45,Số lượng câu trả lời khảo sát theo journey và kpi_group,,,cx_cso,"[""cx_sur_question_response""]",Số lượng câu trả lời khảo sát theo journey và kpi_group,,"SELECT journey, kpi_group, COUNT(*) answer_count 
FROM hive.bi_silver.cx_sur_question_response 
GROUP BY journey, kpi_group 
ORDER BY answer_count DESC"
1627,46,Số lượng phản hồi khảo sát theo customer_touchpoint và product_category,,,cx_cso,"[""cx_sur_question_response""]",Số lượng phản hồi khảo sát theo customer_touchpoint và product_category,,"SELECT customer_touchpoint, product_category, COUNT(*) answer_count 
FROM hive.bi_silver.cx_sur_question_response 
GROUP BY customer_touchpoint, product_category 
ORDER BY answer_count DESC"
1628,47,Top 10 câu hỏi có nhiều comment nhất,,,cx_cso,"[""cx_sur_question_response""]",Top 10 câu hỏi có nhiều comment nhất,,"SELECT item_content, COUNT(*) comment_count
FROM hive.bi_silver.cx_sur_question_response
WHERE comment IS NOT NULL
  AND LOWER(comment) <> LOWER('')
GROUP BY item_content
ORDER BY comment_count DESC
LIMIT 10"
1629,48,Tỷ lệ phản hồi khảo sát theo product_category,,,cx_cso,"[""cx_sur_question_response""]",Tỷ lệ phản hồi khảo sát theo product_category,,"WITH t AS (
    SELECT product_category, COUNT(*) c
    FROM hive.bi_silver.cx_sur_question_response
    GROUP BY product_category
), s AS (
    SELECT SUM(c) total
    FROM t
)
SELECT
    product_category,
    CAST(c AS DOUBLE) / NULLIF(total, 0) AS share
FROM t
CROSS JOIN s
ORDER BY share DESC"
1630,49,Số lượng phản hồi khảo sát theo journey và question_type,,,cx_cso,"[""cx_sur_question_response""]",Số lượng phản hồi khảo sát theo journey và question_type,,"SELECT journey, question_type, COUNT(*) answer_count 
FROM hive.bi_silver.cx_sur_question_response 
GROUP BY journey, question_type 
ORDER BY answer_count DESC"
1631,50,Top 10 danh mục sản phẩm có nhiều phản hồi khảo sát nhất,,,cx_cso,"[""cx_sur_question_response""]",Top 10 danh mục sản phẩm có nhiều phản hồi khảo sát nhất,,"SELECT product_category, COUNT(*) answer_count FROM hive.bi_silver.cx_sur_question_response GROUP BY product_category ORDER BY answer_count DESC LIMIT 10"
1632,60,Ngày có số lượng phản hồi khảo sát cao nhất,,,cx_cso,"[""cx_sur_question_response""]",Ngày có số lượng phản hồi khảo sát cao nhất,,"SELECT DATE(collected_date) d, COUNT(*) answer_count 
FROM hive.bi_silver.cx_sur_question_response 
GROUP BY DATE(collected_date) 
ORDER BY answer_count DESC 
LIMIT 1"
1633,1,Tổng số lựa chọn trả lời khảo sát trong hệ thống,,,cx_cso,"[""cx_sur_question_answer_choices""]",Tổng số lựa chọn trả lời khảo sát trong hệ thống,,SELECT COUNT(*) AS total_answer_choices FROM hive.bi_silver.cx_sur_question_answer_choices
1634,2,Số lượng lựa chọn trả lời theo loại câu hỏi khảo sát,,,cx_cso,"[""cx_sur_question_answer_choices""]",Số lượng lựa chọn trả lời theo loại câu hỏi khảo sát,,"SELECT question_type, COUNT(*) AS answer_choice_count 
FROM hive.bi_silver.cx_sur_question_answer_choices 
GROUP BY question_type 
ORDER BY answer_choice_count DESC"
1635,3,Số lượng lựa chọn trả lời theo danh mục sản phẩm,,,cx_cso,"[""cx_sur_question_answer_choices""]",Số lượng lựa chọn trả lời theo danh mục sản phẩm,,"SELECT product_category, COUNT(*) AS answer_choice_count 
FROM hive.bi_silver.cx_sur_question_answer_choices 
GROUP BY product_category 
ORDER BY answer_choice_count DESC"
1636,4,Số lượng lựa chọn trả lời theo điểm tiếp xúc khách hàng,,,cx_cso,"[""cx_sur_question_answer_choices""]",Số lượng lựa chọn trả lời theo điểm tiếp xúc khách hàng,,"SELECT customer_touchpoint, COUNT(*) AS answer_choice_count 
FROM hive.bi_silver.cx_sur_question_answer_choices 
GROUP BY customer_touchpoint 
ORDER BY answer_choice_count DESC"
1637,5,Số lượng lựa chọn trả lời theo giai đoạn hành trình khách hàng,,,cx_cso,"[""cx_sur_question_answer_choices""]",Số lượng lựa chọn trả lời theo giai đoạn hành trình khách hàng,,"SELECT journey, COUNT(*) AS answer_choice_count 
FROM hive.bi_silver.cx_sur_question_answer_choices 
GROUP BY journey 
ORDER BY answer_choice_count DESC"
1638,6,Top 10 nội dung lựa chọn trả lời xuất hiện nhiều nhất,,,cx_cso,"[""cx_sur_question_answer_choices""]",Top 10 nội dung lựa chọn trả lời xuất hiện nhiều nhất,,"SELECT answer_choice_content, COUNT(*) AS answer_choice_count FROM hive.bi_silver.cx_sur_question_answer_choices GROUP BY answer_choice_content ORDER BY answer_choice_count DESC LIMIT 10"
1639,7,Tỷ trọng lựa chọn trả lời theo loại câu hỏi khảo sát,,,cx_cso,"[""cx_sur_question_answer_choices""]",Tỷ trọng lựa chọn trả lời theo loại câu hỏi khảo sát,,"WITH t AS (
    SELECT question_type, COUNT(*) c
    FROM hive.bi_silver.cx_sur_question_answer_choices
    GROUP BY question_type
), s AS (
    SELECT SUM(c) total
    FROM t
)
SELECT
    question_type,
    CAST(c AS DOUBLE) / NULLIF(total, 0) AS answer_choice_share
FROM t
CROSS JOIN s
ORDER BY answer_choice_share DESC"
1640,8,Tỷ trọng lựa chọn trả lời theo danh mục sản phẩm,,,cx_cso,"[""cx_sur_question_answer_choices""]",Tỷ trọng lựa chọn trả lời theo danh mục sản phẩm,,"WITH t AS (
    SELECT product_category, COUNT(*) c
    FROM hive.bi_silver.cx_sur_question_answer_choices
    GROUP BY product_category
), s AS (
    SELECT SUM(c) total
    FROM t
)
SELECT
    product_category,
    CAST(c AS DOUBLE) / NULLIF(total, 0) AS answer_choice_share
FROM t
CROSS JOIN s
ORDER BY answer_choice_share DESC"
1641,9,Top 10 câu hỏi khảo sát có nhiều lựa chọn trả lời nhất,,,cx_cso,"[""cx_sur_question_answer_choices""]",Top 10 câu hỏi khảo sát có nhiều lựa chọn trả lời nhất,,"SELECT question_id, COUNT(*) AS answer_choice_count 
FROM hive.bi_silver.cx_sur_question_answer_choices 
GROUP BY question_id 
ORDER BY answer_choice_count DESC 
LIMIT 10"
1642,10,Số lượng câu hỏi khảo sát theo loại câu hỏi,,,cx_cso,"[""cx_sur_question_answer_choices""]",Số lượng câu hỏi khảo sát theo loại câu hỏi,,"SELECT question_type, COUNT(DISTINCT question_id) AS total_questions 
FROM hive.bi_silver.cx_sur_question_answer_choices 
GROUP BY question_type 
ORDER BY total_questions DESC"
1643,11,Số lượng khảo sát theo survey_id,,,cx_cso,"[""cx_sur_question_answer_choices""]",Số lượng khảo sát theo survey_id,,"SELECT survey_id, COUNT(DISTINCT question_id) AS total_questions 
FROM hive.bi_silver.cx_sur_question_answer_choices 
GROUP BY survey_id 
ORDER BY total_questions DESC"
1644,12,Top 10 khảo sát có nhiều câu hỏi nhất,,,cx_cso,"[""cx_sur_question_answer_choices""]",Top 10 khảo sát có nhiều câu hỏi nhất,,"SELECT survey_id, COUNT(DISTINCT question_id) AS total_questions FROM hive.bi_silver.cx_sur_question_answer_choices GROUP BY survey_id ORDER BY total_questions DESC LIMIT 10"
1645,13,Số lượng lựa chọn trả lời theo KPI type,,,cx_cso,"[""cx_sur_question_answer_choices""]",Số lượng lựa chọn trả lời theo KPI type,,"SELECT kpi_type, COUNT(*) AS answer_choice_count
FROM hive.bi_silver.cx_sur_question_answer_choices
GROUP BY kpi_type
ORDER BY answer_choice_count DESC"
1646,14,Phân bố lựa chọn trả lời theo loại câu hỏi và danh mục sản phẩm,,,cx_cso,"[""cx_sur_question_answer_choices""]",Phân bố lựa chọn trả lời theo loại câu hỏi và danh mục sản phẩm,,"SELECT question_type, product_category, COUNT(*) AS answer_choice_count 
FROM hive.bi_silver.cx_sur_question_answer_choices 
GROUP BY question_type, product_category 
ORDER BY answer_choice_count DESC"
1647,15,Số lượng lựa chọn trả lời theo hành trình khách hàng và loại KPI,,,cx_cso,"[""cx_sur_question_answer_choices""]",Số lượng lựa chọn trả lời theo hành trình khách hàng và loại KPI,,"SELECT journey, kpi_type, COUNT(*) AS answer_choice_count 
FROM hive.bi_silver.cx_sur_question_answer_choices 
GROUP BY journey, kpi_type 
ORDER BY answer_choice_count DESC"
1648,16,Danh mục sản phẩm có nhiều lựa chọn trả lời khảo sát nhất,,,cx_cso,"[""cx_sur_question_answer_choices""]",Danh mục sản phẩm có nhiều lựa chọn trả lời khảo sát nhất,,"SELECT product_category, COUNT(*) AS answer_choice_count FROM hive.bi_silver.cx_sur_question_answer_choices GROUP BY product_category ORDER BY answer_choice_count DESC LIMIT 1"
1649,17,Điểm tiếp xúc khách hàng có nhiều lựa chọn trả lời khảo sát nhất,,,cx_cso,"[""cx_sur_question_answer_choices""]",Điểm tiếp xúc khách hàng có nhiều lựa chọn trả lời khảo sát nhất,,"SELECT customer_touchpoint, COUNT(*) AS answer_choice_count 
FROM hive.bi_silver.cx_sur_question_answer_choices 
GROUP BY customer_touchpoint 
ORDER BY answer_choice_count DESC 
LIMIT 1"
1650,18,Loại câu hỏi khảo sát có nhiều lựa chọn trả lời nhất,,,cx_cso,"[""cx_sur_question_answer_choices""]",Loại câu hỏi khảo sát có nhiều lựa chọn trả lời nhất,,"SELECT question_type, COUNT(*) AS answer_choice_count 
FROM hive.bi_silver.cx_sur_question_answer_choices 
GROUP BY question_type 
ORDER BY answer_choice_count DESC 
LIMIT 1"
1651,19,Số lượng lựa chọn trả lời trung bình trên mỗi câu hỏi khảo sát,,,cx_cso,"[""cx_sur_question_answer_choices""]",Số lượng lựa chọn trả lời trung bình trên mỗi câu hỏi khảo sát,,"WITH t AS (
    SELECT question_id, COUNT(*) c
    FROM hive.bi_silver.cx_sur_question_answer_choices
    GROUP BY question_id
)
SELECT AVG(c) AS avg_answer_choices_per_question
FROM t"
1652,20,Phát hiện các câu hỏi khảo sát có số lượng lựa chọn trả lời cao bất thường (top 5),,,cx_cso,"[""cx_sur_question_answer_choices""]",Phát hiện các câu hỏi khảo sát có số lượng lựa chọn trả lời cao bất thường (top 5),,"WITH t AS (
    SELECT
        question_id,
        COUNT(*) c
    FROM hive.bi_silver.cx_sur_question_answer_choices
    GROUP BY question_id
)
SELECT
    question_id,
    c AS answer_choice_count
FROM t
ORDER BY answer_choice_count DESC
LIMIT 5"
1653,21,Số lượng lựa chọn trả lời trung bình theo loại câu hỏi,,,cx_cso,"[""cx_sur_question_answer_choices""]",Số lượng lựa chọn trả lời trung bình theo loại câu hỏi,,"WITH q AS (
    SELECT
        question_id,
        question_type,
        COUNT(*) choice_count
    FROM hive.bi_silver.cx_sur_question_answer_choices
    GROUP BY question_id, question_type
)
SELECT
    question_type,
    AVG(choice_count) AS avg_choices_per_question
FROM q
GROUP BY question_type
ORDER BY avg_choices_per_question DESC"
1654,22,Số lượng lựa chọn trả lời trung bình theo danh mục sản phẩm,,,cx_cso,"[""cx_sur_question_answer_choices""]",Số lượng lựa chọn trả lời trung bình theo danh mục sản phẩm,,"WITH q AS (
    SELECT
        question_id,
        product_category,
        COUNT(*) choice_count
    FROM hive.bi_silver.cx_sur_question_answer_choices
    GROUP BY question_id, product_category
)
SELECT
    product_category,
    AVG(choice_count) AS avg_choices_per_question
FROM q
GROUP BY product_category
ORDER BY avg_choices_per_question DESC"
1655,23,Số lượng câu hỏi khảo sát theo danh mục sản phẩm,,,cx_cso,"[""cx_sur_question_answer_choices""]",Số lượng câu hỏi khảo sát theo danh mục sản phẩm,,"SELECT product_category, COUNT(DISTINCT question_id) AS total_questions 
FROM hive.bi_silver.cx_sur_question_answer_choices 
GROUP BY product_category 
ORDER BY total_questions DESC"
1656,24,Tỷ trọng câu hỏi khảo sát theo danh mục sản phẩm,,,cx_cso,"[""cx_sur_question_answer_choices""]",Tỷ trọng câu hỏi khảo sát theo danh mục sản phẩm,,"WITH q AS (
    SELECT product_category, COUNT(DISTINCT question_id) c
    FROM hive.bi_silver.cx_sur_question_answer_choices
    GROUP BY product_category
), t AS (
    SELECT SUM(c) total
    FROM q
)
SELECT
    product_category,
    CAST(c AS DOUBLE) / NULLIF(total, 0) AS question_share
FROM q
CROSS JOIN t
ORDER BY question_share DESC"
1657,25,Số lượng câu hỏi khảo sát theo điểm tiếp xúc khách hàng,,,cx_cso,"[""cx_sur_question_answer_choices""]",Số lượng câu hỏi khảo sát theo điểm tiếp xúc khách hàng,,"SELECT customer_touchpoint, COUNT(DISTINCT question_id) AS total_questions 
FROM hive.bi_silver.cx_sur_question_answer_choices 
GROUP BY customer_touchpoint 
ORDER BY total_questions DESC"
1658,26,Tỷ trọng câu hỏi khảo sát theo điểm tiếp xúc khách hàng,,,cx_cso,"[""cx_sur_question_answer_choices""]",Tỷ trọng câu hỏi khảo sát theo điểm tiếp xúc khách hàng,,"WITH q AS (
    SELECT customer_touchpoint, COUNT(DISTINCT question_id) c
    FROM hive.bi_silver.cx_sur_question_answer_choices
    GROUP BY customer_touchpoint
), t AS (
    SELECT SUM(c) total
    FROM q
)
SELECT
    customer_touchpoint,
    CAST(c AS DOUBLE) / NULLIF(total, 0) AS question_share
FROM q
CROSS JOIN t
ORDER BY question_share DESC"
1659,27,Số lượng câu hỏi khảo sát theo hành trình khách hàng,,,cx_cso,"[""cx_sur_question_answer_choices""]",Số lượng câu hỏi khảo sát theo hành trình khách hàng,,"SELECT journey, COUNT(DISTINCT question_id) AS total_questions
FROM hive.bi_silver.cx_sur_question_answer_choices
GROUP BY journey
ORDER BY total_questions DESC"
1660,28,Tỷ trọng câu hỏi khảo sát theo hành trình khách hàng,,,cx_cso,"[""cx_sur_question_answer_choices""]",Tỷ trọng câu hỏi khảo sát theo hành trình khách hàng,,"WITH q AS (
    SELECT journey, COUNT(DISTINCT question_id) c
    FROM hive.bi_silver.cx_sur_question_answer_choices
    GROUP BY journey
), t AS (
    SELECT SUM(c) total
    FROM q
)
SELECT
    journey,
    CAST(c AS DOUBLE) / NULLIF(total, 0) AS question_share
FROM q
CROSS JOIN t
ORDER BY question_share DESC"
1661,29,Top 10 danh mục sản phẩm có nhiều câu hỏi khảo sát nhất,,,cx_cso,"[""cx_sur_question_answer_choices""]",Top 10 danh mục sản phẩm có nhiều câu hỏi khảo sát nhất,,"SELECT product_category, COUNT(DISTINCT question_id) AS total_questions FROM hive.bi_silver.cx_sur_question_answer_choices GROUP BY product_category ORDER BY total_questions DESC LIMIT 10"
1662,30,Số lượng loại câu hỏi khác nhau theo mỗi khảo sát,,,cx_cso,"[""cx_sur_question_answer_choices""]",Số lượng loại câu hỏi khác nhau theo mỗi khảo sát,,"SELECT survey_id, COUNT(DISTINCT question_type) AS distinct_question_types 
FROM hive.bi_silver.cx_sur_question_answer_choices 
GROUP BY survey_id 
ORDER BY distinct_question_types DESC"
1663,31,Top 10 khảo sát có nhiều loại câu hỏi khác nhau nhất,,,cx_cso,"[""cx_sur_question_answer_choices""]",Top 10 khảo sát có nhiều loại câu hỏi khác nhau nhất,,"SELECT survey_id, COUNT(DISTINCT question_type) AS distinct_question_types 
FROM hive.bi_silver.cx_sur_question_answer_choices 
GROUP BY survey_id 
ORDER BY distinct_question_types DESC 
LIMIT 10"
1664,32,Số lượng lựa chọn trả lời theo loại KPI và danh mục sản phẩm,,,cx_cso,"[""cx_sur_question_answer_choices""]",Số lượng lựa chọn trả lời theo loại KPI và danh mục sản phẩm,,"SELECT kpi_type, product_category, COUNT(*) AS answer_choice_count 
FROM hive.bi_silver.cx_sur_question_answer_choices 
GROUP BY kpi_type, product_category 
ORDER BY answer_choice_count DESC"
1665,33,Số lượng câu hỏi khảo sát theo loại KPI,,,cx_cso,"[""cx_sur_question_answer_choices""]",Số lượng câu hỏi khảo sát theo loại KPI,,"SELECT kpi_type, COUNT(DISTINCT question_id) AS total_questions 
FROM hive.bi_silver.cx_sur_question_answer_choices 
GROUP BY kpi_type 
ORDER BY total_questions DESC"
1666,34,Tỷ trọng câu hỏi khảo sát theo loại KPI,,,cx_cso,"[""cx_sur_question_answer_choices""]",Tỷ trọng câu hỏi khảo sát theo loại KPI,,"WITH q AS (
    SELECT kpi_type, COUNT(DISTINCT question_id) c
    FROM hive.bi_silver.cx_sur_question_answer_choices
    GROUP BY kpi_type
), t AS (
    SELECT SUM(c) total
    FROM q
)
SELECT kpi_type,
       CAST(c AS DOUBLE) / NULLIF(total, 0) AS question_share
FROM q
CROSS JOIN t
ORDER BY question_share DESC"
1667,35,Số lượng câu hỏi khảo sát theo loại câu hỏi và hành trình khách hàng,,,cx_cso,"[""cx_sur_question_answer_choices""]",Số lượng câu hỏi khảo sát theo loại câu hỏi và hành trình khách hàng,,"SELECT question_type, journey, COUNT(DISTINCT question_id) AS total_questions
FROM hive.bi_silver.cx_sur_question_answer_choices
GROUP BY question_type, journey
ORDER BY total_questions DESC"
1668,36,Số lượng lựa chọn trả lời theo loại câu hỏi và hành trình khách hàng,,,cx_cso,"[""cx_sur_question_answer_choices""]",Số lượng lựa chọn trả lời theo loại câu hỏi và hành trình khách hàng,,"SELECT question_type, journey, COUNT(*) AS answer_choice_count 
FROM hive.bi_silver.cx_sur_question_answer_choices 
GROUP BY question_type, journey 
ORDER BY answer_choice_count DESC"
1669,37,Số lượng lựa chọn trả lời theo touchpoint và danh mục sản phẩm,,,cx_cso,"[""cx_sur_question_answer_choices""]",Số lượng lựa chọn trả lời theo touchpoint và danh mục sản phẩm,,"SELECT customer_touchpoint, product_category, COUNT(*) AS answer_choice_count 
FROM hive.bi_silver.cx_sur_question_answer_choices 
GROUP BY customer_touchpoint, product_category 
ORDER BY answer_choice_count DESC"
1670,38,Số lượng lựa chọn trả lời trung bình theo mỗi khảo sát,,,cx_cso,"[""cx_sur_question_answer_choices""]",Số lượng lựa chọn trả lời trung bình theo mỗi khảo sát,,"WITH q AS (
    SELECT
        survey_id,
        question_id,
        COUNT(*) choice_count
    FROM hive.bi_silver.cx_sur_question_answer_choices
    GROUP BY survey_id, question_id
), s AS (
    SELECT
        survey_id,
        AVG(choice_count) avg_choices
    FROM q
    GROUP BY survey_id
)
SELECT
    survey_id,
    avg_choices
FROM s
ORDER BY avg_choices DESC"
1671,39,Top 10 khảo sát có câu hỏi nhiều lựa chọn nhất,,,cx_cso,"[""cx_sur_question_answer_choices""]",Top 10 khảo sát có câu hỏi nhiều lựa chọn nhất,,"WITH q AS (
    SELECT
        survey_id,
        question_id,
        COUNT(*) AS choice_count
    FROM hive.bi_silver.cx_sur_question_answer_choices
    GROUP BY survey_id, question_id
)
SELECT
    survey_id,
    MAX(choice_count) AS max_choices_per_question
FROM q
GROUP BY survey_id
ORDER BY max_choices_per_question DESC
LIMIT 10"
1672,40,Số lượng câu hỏi khảo sát theo loại câu hỏi và danh mục sản phẩm,,,cx_cso,"[""cx_sur_question_answer_choices""]",Số lượng câu hỏi khảo sát theo loại câu hỏi và danh mục sản phẩm,,"SELECT question_type, product_category, COUNT(DISTINCT question_id) AS total_questions
FROM hive.bi_silver.cx_sur_question_answer_choices
GROUP BY question_type, product_category
ORDER BY total_questions DESC"
1673,41,Số lượng lựa chọn trả lời theo loại KPI và touchpoint,,,cx_cso,"[""cx_sur_question_answer_choices""]",Số lượng lựa chọn trả lời theo loại KPI và touchpoint,,"SELECT kpi_type, customer_touchpoint, COUNT(*) AS answer_choice_count 
FROM hive.bi_silver.cx_sur_question_answer_choices 
GROUP BY kpi_type, customer_touchpoint 
ORDER BY answer_choice_count DESC"
1674,42,Số lượng câu hỏi khảo sát theo hành trình và danh mục sản phẩm,,,cx_cso,"[""cx_sur_question_answer_choices""]",Số lượng câu hỏi khảo sát theo hành trình và danh mục sản phẩm,,"SELECT journey, product_category, COUNT(DISTINCT question_id) AS total_questions
FROM hive.bi_silver.cx_sur_question_answer_choices
GROUP BY journey, product_category
ORDER BY total_questions DESC"
1675,43,Số lượng loại KPI khác nhau theo mỗi khảo sát,,,cx_cso,"[""cx_sur_question_answer_choices""]",Số lượng loại KPI khác nhau theo mỗi khảo sát,,"SELECT survey_id, COUNT(DISTINCT kpi_type) AS distinct_kpi_types FROM hive.bi_silver.cx_sur_question_answer_choices GROUP BY survey_id ORDER BY distinct_kpi_types DESC"
1676,44,Top 10 khảo sát có nhiều loại KPI khác nhau nhất,,,cx_cso,"[""cx_sur_question_answer_choices""]",Top 10 khảo sát có nhiều loại KPI khác nhau nhất,,"SELECT survey_id, COUNT(DISTINCT kpi_type) AS distinct_kpi_types FROM hive.bi_silver.cx_sur_question_answer_choices GROUP BY survey_id ORDER BY distinct_kpi_types DESC LIMIT 10"
1677,45,Số lượng câu hỏi khảo sát theo loại câu hỏi và KPI,,,cx_cso,"[""cx_sur_question_answer_choices""]",Số lượng câu hỏi khảo sát theo loại câu hỏi và KPI,,"SELECT question_type, kpi_type, COUNT(DISTINCT question_id) AS total_questions
FROM hive.bi_silver.cx_sur_question_answer_choices
GROUP BY question_type, kpi_type
ORDER BY total_questions DESC"
1678,46,Danh mục sản phẩm có nhiều lựa chọn trả lời trung bình mỗi câu hỏi cao nhất,,,cx_cso,"[""cx_sur_question_answer_choices""]",Danh mục sản phẩm có nhiều lựa chọn trả lời trung bình mỗi câu hỏi cao nhất,,"WITH q AS (
    SELECT
        product_category,
        question_id,
        COUNT(*) choice_count
    FROM hive.bi_silver.cx_sur_question_answer_choices
    GROUP BY product_category, question_id
)
SELECT
    product_category,
    AVG(choice_count) avg_choices
FROM q
GROUP BY product_category
ORDER BY avg_choices DESC
LIMIT 1"
1679,47,Điểm tiếp xúc khách hàng có nhiều câu hỏi khảo sát nhất,,,cx_cso,"[""cx_sur_question_answer_choices""]",Điểm tiếp xúc khách hàng có nhiều câu hỏi khảo sát nhất,,"SELECT customer_touchpoint, COUNT(DISTINCT question_id) total_questions 
FROM hive.bi_silver.cx_sur_question_answer_choices 
GROUP BY customer_touchpoint 
ORDER BY total_questions DESC 
LIMIT 1"
1680,48,Hành trình khách hàng có nhiều câu hỏi khảo sát nhất,,,cx_cso,"[""cx_sur_question_answer_choices""]",Hành trình khách hàng có nhiều câu hỏi khảo sát nhất,,"SELECT journey, COUNT(DISTINCT question_id) total_questions 
FROM hive.bi_silver.cx_sur_question_answer_choices 
GROUP BY journey 
ORDER BY total_questions DESC 
LIMIT 1"
1681,49,Loại câu hỏi khảo sát có nhiều câu hỏi nhất,,,cx_cso,"[""cx_sur_question_answer_choices""]",Loại câu hỏi khảo sát có nhiều câu hỏi nhất,,"SELECT question_type, COUNT(DISTINCT question_id) total_questions FROM hive.bi_silver.cx_sur_question_answer_choices GROUP BY question_type ORDER BY total_questions DESC LIMIT 1"
1682,50,Câu hỏi khảo sát có số lượng lựa chọn trả lời cao bất thường nhất,,,cx_cso,"[""cx_sur_question_answer_choices""]",Câu hỏi khảo sát có số lượng lựa chọn trả lời cao bất thường nhất,,"WITH q AS (
    SELECT
        question_id,
        COUNT(*) choice_count
    FROM hive.bi_silver.cx_sur_question_answer_choices
    GROUP BY question_id
)
SELECT
    question_id,
    choice_count
FROM q
ORDER BY choice_count DESC
LIMIT 1"
1683,101,Chỉ số Customer Satisfaction Index theo danh mục sản phẩm,,,cx_cso,"[""cx_sur_question_answer_choices""]",Chỉ số Customer Satisfaction Index theo danh mục sản phẩm,,"SELECT product_category, COUNT(DISTINCT question_id) AS satisfaction_question_count
FROM hive.bi_silver.cx_sur_question_answer_choices
WHERE LOWER(kpi_type) LIKE LOWER('%CSAT%')
GROUP BY product_category
ORDER BY satisfaction_question_count DESC"
1684,102,Xếp hạng trải nghiệm sản phẩm theo số lượng câu hỏi CSAT,,,cx_cso,"[""cx_sur_question_answer_choices""]",Xếp hạng trải nghiệm sản phẩm theo số lượng câu hỏi CSAT,,"SELECT product_category, COUNT(DISTINCT question_id) AS csat_question_count
FROM hive.bi_silver.cx_sur_question_answer_choices
WHERE LOWER(kpi_type) LIKE LOWER('%CSAT%')
GROUP BY product_category
ORDER BY csat_question_count DESC"
1685,103,Mức độ bao phủ khảo sát theo hành trình khách hàng,,,cx_cso,"[""cx_sur_question_answer_choices""]",Mức độ bao phủ khảo sát theo hành trình khách hàng,,"SELECT journey, COUNT(DISTINCT question_id) AS survey_coverage
FROM hive.bi_silver.cx_sur_question_answer_choices
GROUP BY journey
ORDER BY survey_coverage DESC"
1686,104,Mức độ bao phủ khảo sát theo touchpoint khách hàng,,,cx_cso,"[""cx_sur_question_answer_choices""]",Mức độ bao phủ khảo sát theo touchpoint khách hàng,,"SELECT customer_touchpoint, COUNT(DISTINCT question_id) AS survey_coverage
FROM hive.bi_silver.cx_sur_question_answer_choices
GROUP BY customer_touchpoint
ORDER BY survey_coverage DESC"
1687,105,Chỉ số cường độ Voice of Customer theo danh mục sản phẩm,,,cx_cso,"[""cx_sur_question_answer_choices""]",Chỉ số cường độ Voice of Customer theo danh mục sản phẩm,,"SELECT product_category, COUNT(*) AS voc_intensity 
FROM hive.bi_silver.cx_sur_question_answer_choices 
GROUP BY product_category 
ORDER BY voc_intensity DESC"
1688,106,Cường độ khảo sát theo hành trình khách hàng,,,cx_cso,"[""cx_sur_question_answer_choices""]",Cường độ khảo sát theo hành trình khách hàng,,"SELECT journey, COUNT(*) AS survey_intensity 
FROM hive.bi_silver.cx_sur_question_answer_choices 
GROUP BY journey 
ORDER BY survey_intensity DESC"
1689,107,Cường độ phản hồi theo touchpoint khách hàng,,,cx_cso,"[""cx_sur_question_answer_choices""]",Cường độ phản hồi theo touchpoint khách hàng,,"SELECT customer_touchpoint, COUNT(*) AS response_intensity 
FROM hive.bi_silver.cx_sur_question_answer_choices 
GROUP BY customer_touchpoint 
ORDER BY response_intensity DESC"
1690,108,Top 10 sản phẩm có cường độ voice of customer cao nhất,,,cx_cso,"[""cx_sur_question_answer_choices""]",Top 10 sản phẩm có cường độ voice of customer cao nhất,,"SELECT product_category, COUNT(*) AS voc_intensity 
FROM hive.bi_silver.cx_sur_question_answer_choices 
GROUP BY product_category 
ORDER BY voc_intensity DESC 
LIMIT 10"
1691,109,Top 10 touchpoint có nhiều câu hỏi khảo sát nhất,,,cx_cso,"[""cx_sur_question_answer_choices""]",Top 10 touchpoint có nhiều câu hỏi khảo sát nhất,,"SELECT customer_touchpoint, COUNT(DISTINCT question_id) AS survey_questions FROM hive.bi_silver.cx_sur_question_answer_choices GROUP BY customer_touchpoint ORDER BY survey_questions DESC LIMIT 10"
1692,110,Top 10 hành trình khách hàng có nhiều câu hỏi khảo sát nhất,,,cx_cso,"[""cx_sur_question_answer_choices""]",Top 10 hành trình khách hàng có nhiều câu hỏi khảo sát nhất,,"SELECT journey, COUNT(DISTINCT question_id) AS survey_questions 
FROM hive.bi_silver.cx_sur_question_answer_choices 
GROUP BY journey 
ORDER BY survey_questions DESC 
LIMIT 10"
1693,111,Chỉ số đa dạng lựa chọn trả lời theo khảo sát,,,cx_cso,"[""cx_sur_question_answer_choices""]",Chỉ số đa dạng lựa chọn trả lời theo khảo sát,,"SELECT survey_id, COUNT(DISTINCT answer_choice_content) AS diversity_index 
FROM hive.bi_silver.cx_sur_question_answer_choices 
GROUP BY survey_id 
ORDER BY diversity_index DESC"
1694,112,Top khảo sát có đa dạng lựa chọn trả lời cao nhất,,,cx_cso,"[""cx_sur_question_answer_choices""]",Top khảo sát có đa dạng lựa chọn trả lời cao nhất,,"SELECT survey_id, COUNT(DISTINCT answer_choice_content) AS diversity_index FROM hive.bi_silver.cx_sur_question_answer_choices GROUP BY survey_id ORDER BY diversity_index DESC LIMIT 10"
1695,113,Chỉ số HHI concentration của answer choices theo câu hỏi,,,cx_cso,"[""cx_sur_question_answer_choices""]",Chỉ số HHI concentration của answer choices theo câu hỏi,,"WITH c AS (
    SELECT question_id, answer_choice_content, COUNT(*) cnt
    FROM hive.bi_silver.cx_sur_question_answer_choices
    GROUP BY question_id, answer_choice_content
), t AS (
    SELECT question_id, SUM(cnt) total
    FROM c
    GROUP BY question_id
)
SELECT c.question_id,
       SUM(POWER(CAST(cnt AS DOUBLE) / NULLIF(total, 0), 2)) AS hhi_index
FROM c
JOIN t ON c.question_id = t.question_id
GROUP BY c.question_id
ORDER BY hhi_index DESC"
1696,114,Top 10 câu hỏi có concentration answer choices cao nhất,,,cx_cso,"[""cx_sur_question_answer_choices""]",Top 10 câu hỏi có concentration answer choices cao nhất,,"WITH c AS (
    SELECT question_id, answer_choice_content, COUNT(*) cnt
    FROM hive.bi_silver.cx_sur_question_answer_choices
    GROUP BY question_id, answer_choice_content
), t AS (
    SELECT question_id, SUM(cnt) total
    FROM c
    GROUP BY question_id
)
SELECT c.question_id,
       SUM(POWER(CAST(cnt AS DOUBLE) / NULLIF(total, 0), 2)) AS hhi_index
FROM c
JOIN t ON c.question_id = t.question_id
GROUP BY c.question_id
ORDER BY hhi_index DESC
LIMIT 10"
1697,115,Số lượng câu hỏi NPS theo sản phẩm,,,cx_cso,"[""cx_sur_question_answer_choices""]",Số lượng câu hỏi NPS theo sản phẩm,,"SELECT product_category, COUNT(DISTINCT question_id) AS nps_questions
FROM hive.bi_silver.cx_sur_question_answer_choices
WHERE LOWER(question_type) = LOWER('nps')
GROUP BY product_category
ORDER BY nps_questions DESC"
1698,116,Số lượng câu hỏi CSAT theo touchpoint,,,cx_cso,"[""cx_sur_question_answer_choices""]",Số lượng câu hỏi CSAT theo touchpoint,,"SELECT customer_touchpoint, COUNT(DISTINCT question_id) AS csat_questions
FROM hive.bi_silver.cx_sur_question_answer_choices
WHERE LOWER(kpi_type) LIKE LOWER('%CSAT%')
GROUP BY customer_touchpoint
ORDER BY csat_questions DESC"
1699,117,Số lượng câu hỏi CES theo hành trình khách hàng,,,cx_cso,"[""cx_sur_question_answer_choices""]",Số lượng câu hỏi CES theo hành trình khách hàng,,"SELECT journey,
       COUNT(DISTINCT question_id) AS ces_questions
FROM hive.bi_silver.cx_sur_question_answer_choices
WHERE LOWER(kpi_type) = LOWER('CES')
GROUP BY journey
ORDER BY ces_questions DESC"
1700,118,Xếp hạng sản phẩm theo số lượng câu hỏi khảo sát,,,cx_cso,"[""cx_sur_question_answer_choices""]",Xếp hạng sản phẩm theo số lượng câu hỏi khảo sát,,"SELECT product_category, COUNT(DISTINCT question_id) AS survey_questions
FROM hive.bi_silver.cx_sur_question_answer_choices
GROUP BY product_category
ORDER BY survey_questions DESC"
1701,119,Xếp hạng touchpoint theo mức độ khảo sát,,,cx_cso,"[""cx_sur_question_answer_choices""]",Xếp hạng touchpoint theo mức độ khảo sát,,"SELECT customer_touchpoint, COUNT(*) AS survey_volume 
FROM hive.bi_silver.cx_sur_question_answer_choices 
GROUP BY customer_touchpoint 
ORDER BY survey_volume DESC"
1702,120,Xếp hạng hành trình khách hàng theo mức độ khảo sát,,,cx_cso,"[""cx_sur_question_answer_choices""]",Xếp hạng hành trình khách hàng theo mức độ khảo sát,,"SELECT journey, COUNT(*) AS survey_volume 
FROM hive.bi_silver.cx_sur_question_answer_choices 
GROUP BY journey 
ORDER BY survey_volume DESC"
1703,1,"Số lượng phản hồi khảo sát theo nhãn câu trả lời promoter, passive và detractor",,,cx_cso,"[""cx_sur_question_response""]","Số lượng phản hồi khảo sát theo nhãn câu trả lời promoter, passive và detractor",,"SELECT answer_tag, COUNT(*) AS total_answers 
FROM hive.bi_silver.cx_sur_question_response 
GROUP BY answer_tag 
ORDER BY total_answers DESC"
1704,2,Tỷ lệ phản hồi promoter trong tổng số phản hồi khảo sát,,,cx_cso,"[""cx_sur_question_response""]",Tỷ lệ phản hồi promoter trong tổng số phản hồi khảo sát,,"WITH t AS (
    SELECT
        COUNT(*) total,
        COUNT_IF(LOWER(answer_tag) = LOWER('promoter')) promoter
    FROM hive.bi_silver.cx_sur_question_response
)
SELECT CAST(promoter AS DOUBLE) / NULLIF(total, 0) AS promoter_rate
FROM t"
1705,3,Tỷ lệ phản hồi detractor trong tổng số phản hồi khảo sát,,,cx_cso,"[""cx_sur_question_response""]",Tỷ lệ phản hồi detractor trong tổng số phản hồi khảo sát,,"WITH t AS (
    SELECT
        COUNT(*) total,
        COUNT_IF(LOWER(answer_tag) = LOWER('detractor')) detractor
    FROM hive.bi_silver.cx_sur_question_response
)
SELECT CAST(detractor AS DOUBLE) / NULLIF(total, 0) AS detractor_rate
FROM t"
1706,4,Số lượng phản hồi NPS theo danh mục sản phẩm,,,cx_cso,"[""cx_sur_question_response""]",Số lượng phản hồi NPS theo danh mục sản phẩm,,"SELECT product_category, COUNT(*) AS nps_answers
FROM hive.bi_silver.cx_sur_question_response
WHERE LOWER(question_type) = LOWER('nps')
GROUP BY product_category
ORDER BY nps_answers DESC"
1707,5,Số lượng phản hồi CSAT theo điểm tiếp xúc khách hàng,,,cx_cso,"[""cx_sur_question_response""]",Số lượng phản hồi CSAT theo điểm tiếp xúc khách hàng,,"SELECT customer_touchpoint, COUNT(*) AS csat_answers 
FROM hive.bi_silver.cx_sur_question_response 
WHERE LOWER(question_type) = LOWER('csat') 
GROUP BY customer_touchpoint 
ORDER BY csat_answers DESC"
1708,6,Số lượng phản hồi CES theo hành trình khách hàng,,,cx_cso,"[""cx_sur_question_response""]",Số lượng phản hồi CES theo hành trình khách hàng,,"SELECT journey, COUNT(*) AS ces_answers 
FROM hive.bi_silver.cx_sur_question_response 
WHERE LOWER(kpi_group) = LOWER('CES') 
GROUP BY journey 
ORDER BY ces_answers DESC"
1709,7,Số lượng phản hồi khảo sát theo các giai đoạn hành trình khách hàng,,,cx_cso,"[""cx_sur_question_response""]",Số lượng phản hồi khảo sát theo các giai đoạn hành trình khách hàng,,"SELECT journey, COUNT(*) AS total_answers 
FROM hive.bi_silver.cx_sur_question_response 
GROUP BY journey 
ORDER BY total_answers DESC"
1710,8,Tỷ trọng phản hồi khảo sát theo các giai đoạn hành trình khách hàng,,,cx_cso,"[""cx_sur_question_response""]",Tỷ trọng phản hồi khảo sát theo các giai đoạn hành trình khách hàng,,"WITH t AS (
    SELECT journey, COUNT(*) c
    FROM hive.bi_silver.cx_sur_question_response
    GROUP BY journey
), s AS (
    SELECT SUM(c) total
    FROM t
)
SELECT
    journey,
    CAST(c AS DOUBLE) / NULLIF(total, 0) AS journey_share
FROM t
CROSS JOIN s
ORDER BY journey_share DESC"
1711,9,Số lượng phản hồi khảo sát theo touchpoint khách hàng,,,cx_cso,"[""cx_sur_question_response""]",Số lượng phản hồi khảo sát theo touchpoint khách hàng,,"SELECT customer_touchpoint, COUNT(*) AS total_answers 
FROM hive.bi_silver.cx_sur_question_response 
GROUP BY customer_touchpoint 
ORDER BY total_answers DESC"
1712,10,Tỷ trọng phản hồi khảo sát theo touchpoint khách hàng,,,cx_cso,"[""cx_sur_question_response""]",Tỷ trọng phản hồi khảo sát theo touchpoint khách hàng,,"WITH t AS (
    SELECT customer_touchpoint, COUNT(*) c
    FROM hive.bi_silver.cx_sur_question_response
    GROUP BY customer_touchpoint
), s AS (
    SELECT SUM(c) total
    FROM t
)
SELECT
    customer_touchpoint,
    CAST(c AS DOUBLE) / NULLIF(total, 0) AS touchpoint_share
FROM t
CROSS JOIN s
ORDER BY touchpoint_share DESC"
1713,11,"Số lượng phản hồi khảo sát theo loại câu hỏi rating, text, matrix, ranking",,,cx_cso,"[""cx_sur_question_response""]","Số lượng phản hồi khảo sát theo loại câu hỏi rating, text, matrix, ranking",,"SELECT question_type, COUNT(*) AS total_answers 
FROM hive.bi_silver.cx_sur_question_response 
GROUP BY question_type 
ORDER BY total_answers DESC"
1714,12,Top 10 danh mục sản phẩm có nhiều phản hồi khảo sát nhất,,,cx_cso,"[""cx_sur_question_response""]",Top 10 danh mục sản phẩm có nhiều phản hồi khảo sát nhất,,"SELECT product_category, COUNT(*) AS total_answers
FROM hive.bi_silver.cx_sur_question_response
GROUP BY product_category
ORDER BY total_answers DESC
LIMIT 10"
1715,13,Số lượng phản hồi promoter theo danh mục sản phẩm,,,cx_cso,"[""cx_sur_question_response""]",Số lượng phản hồi promoter theo danh mục sản phẩm,,"SELECT product_category, COUNT(*) AS promoter_answers
FROM hive.bi_silver.cx_sur_question_response
WHERE LOWER(answer_tag) = LOWER('promoter')
GROUP BY product_category
ORDER BY promoter_answers DESC"
1716,14,Số lượng phản hồi detractor theo danh mục sản phẩm,,,cx_cso,"[""cx_sur_question_response""]",Số lượng phản hồi detractor theo danh mục sản phẩm,,"SELECT product_category, COUNT(*) AS detractor_answers
FROM hive.bi_silver.cx_sur_question_response
WHERE LOWER(answer_tag) = LOWER('detractor')
GROUP BY product_category
ORDER BY detractor_answers DESC"
1717,15,Tỷ lệ promoter theo danh mục sản phẩm,,,cx_cso,"[""cx_sur_question_response""]",Tỷ lệ promoter theo danh mục sản phẩm,,"WITH t AS (
    SELECT
        product_category,
        COUNT(*) total,
        COUNT_IF(LOWER(answer_tag) = LOWER('promoter')) promoter
    FROM hive.bi_silver.cx_sur_question_response
    GROUP BY product_category
)
SELECT
    product_category,
    CAST(promoter AS DOUBLE) / NULLIF(total, 0) AS promoter_rate
FROM t
ORDER BY promoter_rate DESC"
1718,16,Tỷ lệ detractor theo danh mục sản phẩm,,,cx_cso,"[""cx_sur_question_response""]",Tỷ lệ detractor theo danh mục sản phẩm,,"WITH t AS (
    SELECT
        product_category,
        COUNT(*) AS total,
        COUNT_IF(LOWER(answer_tag) = LOWER('detractor')) AS detractor
    FROM hive.bi_silver.cx_sur_question_response
    GROUP BY product_category
)
SELECT
    product_category,
    CAST(detractor AS DOUBLE) / NULLIF(total, 0) AS detractor_rate
FROM t
ORDER BY detractor_rate DESC"
1719,17,Số lượng phản hồi khảo sát tại touchpoint Ticket CSO,,,cx_cso,"[""cx_sur_question_response""]",Số lượng phản hồi khảo sát tại touchpoint Ticket CSO,,"SELECT COUNT(*) AS ticket_cso_answers
FROM hive.bi_silver.cx_sur_question_response
WHERE LOWER(customer_touchpoint) = LOWER('Ticket CSO')"
1720,18,Số lượng phản hồi khảo sát tại touchpoint Feedback,,,cx_cso,"[""cx_sur_question_response""]",Số lượng phản hồi khảo sát tại touchpoint Feedback,,"SELECT COUNT(*) AS feedback_answers
FROM hive.bi_silver.cx_sur_question_response
WHERE LOWER(customer_touchpoint) = LOWER('Feedback')"
1721,19,Số lượng phản hồi khảo sát tại touchpoint Tính năng app,,,cx_cso,"[""cx_sur_question_response""]",Số lượng phản hồi khảo sát tại touchpoint Tính năng app,,"SELECT COUNT(*) AS app_feature_answers
FROM hive.bi_silver.cx_sur_question_response
WHERE LOWER(customer_touchpoint) = LOWER('Tính năng app')"
1722,20,Số lượng phản hồi khảo sát tại touchpoint Kích hoạt,,,cx_cso,"[""cx_sur_question_response""]",Số lượng phản hồi khảo sát tại touchpoint Kích hoạt,,"SELECT COUNT(*) AS activation_answers
FROM hive.bi_silver.cx_sur_question_response
WHERE LOWER(customer_touchpoint) = LOWER('Kích hoạt')"
1723,21,Số lượng phản hồi khảo sát thuộc nhóm KPI NPS,,,cx_cso,"[""cx_sur_question_response""]",Số lượng phản hồi khảo sát thuộc nhóm KPI NPS,,"SELECT COUNT(*) AS nps_answers
FROM hive.bi_silver.cx_sur_question_response
WHERE LOWER(kpi_group) = LOWER('NPS')"
1724,22,Số lượng phản hồi khảo sát thuộc nhóm KPI CES,,,cx_cso,"[""cx_sur_question_response""]",Số lượng phản hồi khảo sát thuộc nhóm KPI CES,,"SELECT COUNT(*) AS ces_answers
FROM hive.bi_silver.cx_sur_question_response
WHERE LOWER(kpi_group) = LOWER('CES')"
1725,23,Số lượng phản hồi khảo sát thuộc nhóm CSAT_TRANSACTIONAL,,,cx_cso,"[""cx_sur_question_response""]",Số lượng phản hồi khảo sát thuộc nhóm CSAT_TRANSACTIONAL,,"SELECT COUNT(*) AS csat_transactional_answers
FROM hive.bi_silver.cx_sur_question_response
WHERE LOWER(kpi_group) = LOWER('CSAT_TRANSACTIONAL')"
1726,24,Số lượng phản hồi khảo sát thuộc nhóm CSAT_RELATIONAL,,,cx_cso,"[""cx_sur_question_response""]",Số lượng phản hồi khảo sát thuộc nhóm CSAT_RELATIONAL,,"SELECT COUNT(*) AS csat_relational_answers
FROM hive.bi_silver.cx_sur_question_response
WHERE LOWER(kpi_group) = LOWER('CSAT_RELATIONAL')"
1727,25,Số lượng phản hồi khảo sát theo điểm đánh giá item_score_label,,,cx_cso,"[""cx_sur_question_response""]",Số lượng phản hồi khảo sát theo điểm đánh giá item_score_label,,"SELECT item_score_label, COUNT(*) AS total_answers FROM hive.bi_silver.cx_sur_question_response GROUP BY item_score_label ORDER BY total_answers DESC"
1728,26,Top 10 item_score_label xuất hiện nhiều nhất trong khảo sát,,,cx_cso,"[""cx_sur_question_response""]",Top 10 item_score_label xuất hiện nhiều nhất trong khảo sát,,"SELECT item_score_label, COUNT(*) AS total_answers
FROM hive.bi_silver.cx_sur_question_response
GROUP BY item_score_label
ORDER BY total_answers DESC
LIMIT 10"
1729,27,Số lượng phản hồi khảo sát theo answer_number,,,cx_cso,"[""cx_sur_question_response""]",Số lượng phản hồi khảo sát theo answer_number,,"SELECT answer_number, COUNT(*) AS total_answers 
FROM hive.bi_silver.cx_sur_question_response 
GROUP BY answer_number 
ORDER BY total_answers DESC"
1730,28,Top 5 answer_number xuất hiện nhiều nhất,,,cx_cso,"[""cx_sur_question_response""]",Top 5 answer_number xuất hiện nhiều nhất,,"SELECT answer_number, COUNT(*) AS total_answers
FROM hive.bi_silver.cx_sur_question_response
GROUP BY answer_number
ORDER BY total_answers DESC
LIMIT 5"
1731,29,Số lượng phản hồi khảo sát theo loại KPI type,,,cx_cso,"[""cx_sur_question_response""]",Số lượng phản hồi khảo sát theo loại KPI type,,"SELECT kpi_type, COUNT(*) AS total_answers FROM hive.bi_silver.cx_sur_question_response GROUP BY kpi_type ORDER BY total_answers DESC"
1732,30,Top 10 KPI type có nhiều phản hồi khảo sát nhất,,,cx_cso,"[""cx_sur_question_response""]",Top 10 KPI type có nhiều phản hồi khảo sát nhất,,"SELECT kpi_type, COUNT(*) AS total_answers FROM hive.bi_silver.cx_sur_question_response GROUP BY kpi_type ORDER BY total_answers DESC LIMIT 10"
1733,1,Phân bố số lượng phản hồi theo answer_number trong khảo sát,,,cx_cso,"[""cx_sur_question_response""]",Phân bố số lượng phản hồi theo answer_number trong khảo sát,,"SELECT answer_number, COUNT(*) total_answers 
FROM hive.bi_silver.cx_sur_question_response 
GROUP BY answer_number 
ORDER BY answer_number"
1734,2,Giá trị answer_number trung bình của các phản hồi khảo sát,,,cx_cso,"[""cx_sur_question_response""]",Giá trị answer_number trung bình của các phản hồi khảo sát,,"SELECT AVG(CAST(answer_number AS DOUBLE)) avg_answer_number 
FROM hive.bi_silver.cx_sur_question_response 
WHERE TRY_CAST(answer_number AS DOUBLE) IS NOT NULL"
1735,3,Giá trị answer_number cao nhất và thấp nhất trong khảo sát,,,cx_cso,"[""cx_sur_question_response""]",Giá trị answer_number cao nhất và thấp nhất trong khảo sát,,"SELECT MIN(CAST(answer_number AS DOUBLE)) min_answer_number, MAX(CAST(answer_number AS DOUBLE)) max_answer_number 
FROM hive.bi_silver.cx_sur_question_response 
WHERE TRY_CAST(answer_number AS DOUBLE) IS NOT NULL"
1736,4,Top 10 answer_number xuất hiện nhiều nhất trong khảo sát,,,cx_cso,"[""cx_sur_question_response""]",Top 10 answer_number xuất hiện nhiều nhất trong khảo sát,,"SELECT answer_number, COUNT(*) total_answers FROM hive.bi_silver.cx_sur_question_response GROUP BY answer_number ORDER BY total_answers DESC LIMIT 10"
1737,5,Số lượng phản hồi có answer_number lớn hơn 5,,,cx_cso,"[""cx_sur_question_response""]",Số lượng phản hồi có answer_number lớn hơn 5,,SELECT COUNT(*) answers_gt5 FROM hive.bi_silver.cx_sur_question_response WHERE TRY_CAST(answer_number AS DOUBLE) > 5
1738,7,Phân bố item_score_label theo giá trị điểm đánh giá,,,cx_cso,"[""cx_sur_question_response""]",Phân bố item_score_label theo giá trị điểm đánh giá,,"SELECT item_score_label, COUNT(*) total_answers 
FROM hive.bi_silver.cx_sur_question_response 
GROUP BY item_score_label 
ORDER BY total_answers DESC"
1739,8,Top 10 item_score_label xuất hiện nhiều nhất trong khảo sát,,,cx_cso,"[""cx_sur_question_response""]",Top 10 item_score_label xuất hiện nhiều nhất trong khảo sát,,"SELECT item_score_label, COUNT(*) total_answers FROM hive.bi_silver.cx_sur_question_response GROUP BY item_score_label ORDER BY total_answers DESC LIMIT 10"
1740,9,Số lượng phản hồi có item_score_label dạng số,,,cx_cso,"[""cx_sur_question_response""]",Số lượng phản hồi có item_score_label dạng số,,SELECT COUNT(*) numeric_scores FROM hive.bi_silver.cx_sur_question_response WHERE TRY_CAST(item_score_value AS DOUBLE) IS NOT NULL
1741,10,Giá trị item_score_label trung bình đối với các phản hồi dạng số,,,cx_cso,"[""cx_sur_question_response""]",Giá trị item_score_label trung bình đối với các phản hồi dạng số,,"SELECT AVG(CAST(item_score_value AS DOUBLE)) avg_score 
FROM hive.bi_silver.cx_sur_question_response 
WHERE TRY_CAST(item_score_value AS DOUBLE) IS NOT NULL"
1742,11,Giá trị item_score_label cao nhất trong các phản hồi numeric,,,cx_cso,"[""cx_sur_question_response""]",Giá trị item_score_label cao nhất trong các phản hồi numeric,,"SELECT MAX(CAST(item_score_value AS DOUBLE)) max_score 
FROM hive.bi_silver.cx_sur_question_response 
WHERE TRY_CAST(item_score_value AS DOUBLE) IS NOT NULL"
1743,12,Giá trị item_score_label thấp nhất trong các phản hồi numeric,,,cx_cso,"[""cx_sur_question_response""]",Giá trị item_score_label thấp nhất trong các phản hồi numeric,,"SELECT MIN(CAST(item_score_value AS DOUBLE)) min_score 
FROM hive.bi_silver.cx_sur_question_response 
WHERE TRY_CAST(item_score_value AS DOUBLE) IS NOT NULL"
1744,13,Phân bố item_score_label numeric theo các mức điểm 1 đến 5,,,cx_cso,"[""cx_sur_question_response""]",Phân bố item_score_label numeric theo các mức điểm 1 đến 5,,"SELECT CAST(item_score_label AS INTEGER) score_level, COUNT(*) total_answers 
FROM hive.bi_silver.cx_sur_question_response 
WHERE TRY_CAST(item_score_value AS DOUBLE) BETWEEN 1 AND 5 
GROUP BY CAST(item_score_label AS INTEGER) 
ORDER BY score_level"
1745,14,Tỷ lệ phản hồi có item_score_label từ 4 trở lên,,,cx_cso,"[""cx_sur_question_response""]",Tỷ lệ phản hồi có item_score_label từ 4 trở lên,,"WITH t AS (
    SELECT
        COUNT(*) total,
        COUNT_IF(TRY_CAST(item_score_value AS DOUBLE) >= 4) high_score
    FROM hive.bi_silver.cx_sur_question_response
    WHERE TRY_CAST(item_score_value AS DOUBLE) IS NOT NULL
)
SELECT
    CAST(high_score AS DOUBLE) / NULLIF(total, 0) rate
FROM t"
1746,15,Tỷ lệ phản hồi có item_score_label nhỏ hơn hoặc bằng 2,,,cx_cso,"[""cx_sur_question_response""]",Tỷ lệ phản hồi có item_score_label nhỏ hơn hoặc bằng 2,,"WITH t AS (
    SELECT
        COUNT(*) total,
        COUNT_IF(TRY_CAST(item_score_value AS DOUBLE) <= 2) low_score
    FROM hive.bi_silver.cx_sur_question_response
    WHERE TRY_CAST(item_score_value AS DOUBLE) IS NOT NULL
)
SELECT CAST(low_score AS DOUBLE) / NULLIF(total, 0) AS rate
FROM t"
1747,16,Số lượng phản hồi có item_score_label chứa từ Hài lòng,,,cx_cso,"[""cx_sur_question_response""]",Số lượng phản hồi có item_score_label chứa từ Hài lòng,,"SELECT COUNT(*) satisfied_answers
FROM hive.bi_silver.cx_sur_question_response
WHERE LOWER(item_score_label) LIKE LOWER('%Hài lòng%')"
1748,17,Số lượng phản hồi có item_score_label chứa từ Không hài lòng,,,cx_cso,"[""cx_sur_question_response""]",Số lượng phản hồi có item_score_label chứa từ Không hài lòng,,"SELECT COUNT(*) dissatisfied_answers
FROM hive.bi_silver.cx_sur_question_response
WHERE LOWER(item_score_label) LIKE LOWER('%Không hài lòng%')"
1749,18,Số lượng phản hồi có item_score_label chứa từ Rất tốt,,,cx_cso,"[""cx_sur_question_response""]",Số lượng phản hồi có item_score_label chứa từ Rất tốt,,"SELECT COUNT(*) very_good_answers
FROM hive.bi_silver.cx_sur_question_response
WHERE LOWER(item_score_label) LIKE LOWER('%Rất tốt%')"
1750,19,Số lượng phản hồi có item_score_label chứa từ Trung lập,,,cx_cso,"[""cx_sur_question_response""]",Số lượng phản hồi có item_score_label chứa từ Trung lập,,"SELECT COUNT(*) neutral_answers
FROM hive.bi_silver.cx_sur_question_response
WHERE LOWER(item_score_label) LIKE LOWER('%Trung lập%')"
1751,21,So sánh điểm item_score_label trung bình theo danh mục sản phẩm,,,cx_cso,"[""cx_sur_question_response""]",So sánh điểm item_score_label trung bình theo danh mục sản phẩm,,"SELECT product_category, AVG(CAST(item_score_value AS DOUBLE)) avg_score FROM hive.bi_silver.cx_sur_question_response WHERE TRY_CAST(item_score_value AS DOUBLE) IS NOT NULL GROUP BY product_category ORDER BY avg_score DESC"
1752,22,So sánh điểm item_score_label trung bình theo journey khách hàng,,,cx_cso,"[""cx_sur_question_response""]",So sánh điểm item_score_label trung bình theo journey khách hàng,,"SELECT journey, AVG(CAST(item_score_value AS DOUBLE)) avg_score 
FROM hive.bi_silver.cx_sur_question_response 
WHERE TRY_CAST(item_score_value AS DOUBLE) IS NOT NULL 
GROUP BY journey 
ORDER BY avg_score DESC"
1753,23,So sánh điểm item_score_label trung bình theo customer_touchpoint,,,cx_cso,"[""cx_sur_question_response""]",So sánh điểm item_score_label trung bình theo customer_touchpoint,,"SELECT customer_touchpoint, AVG(CAST(item_score_value AS DOUBLE)) avg_score 
FROM hive.bi_silver.cx_sur_question_response 
WHERE TRY_CAST(item_score_value AS DOUBLE) IS NOT NULL 
GROUP BY customer_touchpoint 
ORDER BY avg_score DESC"
1754,24,Tỷ lệ phản hồi điểm cao theo từng product_category,,,cx_cso,"[""cx_sur_question_response""]",Tỷ lệ phản hồi điểm cao theo từng product_category,,"WITH t AS (
    SELECT
        product_category,
        COUNT(*) total,
        COUNT_IF(TRY_CAST(item_score_value AS DOUBLE) >= 4) high_score
    FROM hive.bi_silver.cx_sur_question_response
    WHERE TRY_CAST(item_score_value AS DOUBLE) IS NOT NULL
    GROUP BY product_category
)
SELECT
    product_category,
    CAST(high_score AS DOUBLE) / NULLIF(total, 0) AS high_score_rate
FROM t
ORDER BY high_score_rate DESC"
1755,25,Số lượng phản hồi có item_score_label thuộc nhóm chất lượng kỹ thuật,,,cx_cso,"[""cx_sur_question_response""]",Số lượng phản hồi có item_score_label thuộc nhóm chất lượng kỹ thuật,,"SELECT COUNT(*) technical_quality_answers
FROM hive.bi_silver.cx_sur_question_response
WHERE LOWER(item_score_label) LIKE LOWER('%Chất lượng kỹ thuật%')"
1756,26,Số lượng phản hồi có item_score_label thuộc nhóm tiến độ dự án,,,cx_cso,"[""cx_sur_question_response""]",Số lượng phản hồi có item_score_label thuộc nhóm tiến độ dự án,,"SELECT COUNT(*) schedule_answers
FROM hive.bi_silver.cx_sur_question_response
WHERE LOWER(item_score_label) LIKE LOWER('%Tiến độ%')"
1757,27,Số lượng phản hồi có item_score_label thuộc nhóm nhân sự,,,cx_cso,"[""cx_sur_question_response""]",Số lượng phản hồi có item_score_label thuộc nhóm nhân sự,,"SELECT COUNT(*) staff_answers
FROM hive.bi_silver.cx_sur_question_response
WHERE LOWER(item_score_label) LIKE LOWER('%Nhân sự%')"
1758,28,Số lượng phản hồi có item_score_label thuộc nhóm tài liệu và đào tạo,,,cx_cso,"[""cx_sur_question_response""]",Số lượng phản hồi có item_score_label thuộc nhóm tài liệu và đào tạo,,"SELECT COUNT(*) training_answers
FROM hive.bi_silver.cx_sur_question_response
WHERE LOWER(item_score_label) LIKE LOWER('%Tài liệu%')"
1759,29,Phân bố answer_number theo journey khách hàng,,,cx_cso,"[""cx_sur_question_response""]",Phân bố answer_number theo journey khách hàng,,"SELECT journey, answer_number, COUNT(*) total_answers 
FROM hive.bi_silver.cx_sur_question_response 
GROUP BY journey, answer_number 
ORDER BY journey, answer_number"
1760,30,Phân bố item_score_label theo từng journey khách hàng,,,cx_cso,"[""cx_sur_question_response""]",Phân bố item_score_label theo từng journey khách hàng,,"SELECT journey, item_score_label, COUNT(*) total_answers 
FROM hive.bi_silver.cx_sur_question_response 
GROUP BY journey, item_score_label 
ORDER BY total_answers DESC"
1761,1,Số lượng phản hồi khảo sát theo từng nhóm KPI,,,cx_cso,"[""cx_sur_question_response""]",Số lượng phản hồi khảo sát theo từng nhóm KPI,,"SELECT kpi_group, COUNT(*) total_answers 
FROM hive.bi_silver.cx_sur_question_response 
GROUP BY kpi_group 
ORDER BY total_answers DESC"
1762,2,Tỷ trọng phản hồi của từng nhóm KPI trong toàn bộ khảo sát,,,cx_cso,"[""cx_sur_question_response""]",Tỷ trọng phản hồi của từng nhóm KPI trong toàn bộ khảo sát,,"WITH t AS (
    SELECT kpi_group, COUNT(*) c
    FROM hive.bi_silver.cx_sur_question_response
    GROUP BY kpi_group
), s AS (
    SELECT SUM(c) total
    FROM t
)
SELECT
    kpi_group,
    CAST(c AS DOUBLE) / NULLIF(total, 0) kpi_share
FROM t
CROSS JOIN s
ORDER BY kpi_share DESC"
1763,3,Số lượng phản hồi NPS trong khảo sát,,,cx_cso,"[""cx_sur_question_response""]",Số lượng phản hồi NPS trong khảo sát,,"SELECT COUNT(*) nps_answers
FROM hive.bi_silver.cx_sur_question_response
WHERE LOWER(kpi_group) = LOWER('NPS')"
1764,4,Số lượng phản hồi CES trong khảo sát,,,cx_cso,"[""cx_sur_question_response""]",Số lượng phản hồi CES trong khảo sát,,"SELECT COUNT(*) ces_answers
FROM hive.bi_silver.cx_sur_question_response
WHERE LOWER(kpi_group) = LOWER('CES')"
1765,5,Số lượng phản hồi CSAT transactional,,,cx_cso,"[""cx_sur_question_response""]",Số lượng phản hồi CSAT transactional,,"SELECT COUNT(*) csat_trans_answers
FROM hive.bi_silver.cx_sur_question_response
WHERE LOWER(kpi_group) = LOWER('CSAT_TRANSACTIONAL')"
1766,6,Số lượng phản hồi CSAT relational,,,cx_cso,"[""cx_sur_question_response""]",Số lượng phản hồi CSAT relational,,"SELECT COUNT(*) csat_rel_answers
FROM hive.bi_silver.cx_sur_question_response
WHERE LOWER(kpi_group) = LOWER('CSAT_RELATIONAL')"
1767,7,Số lượng phản hồi khảo sát theo loại câu hỏi,,,cx_cso,"[""cx_sur_question_response""]",Số lượng phản hồi khảo sát theo loại câu hỏi,,"SELECT question_type, COUNT(*) total_answers 
FROM hive.bi_silver.cx_sur_question_response 
GROUP BY question_type 
ORDER BY total_answers DESC"
1768,8,Tỷ trọng phản hồi theo từng loại câu hỏi trong khảo sát,,,cx_cso,"[""cx_sur_question_response""]",Tỷ trọng phản hồi theo từng loại câu hỏi trong khảo sát,,"WITH t AS (
    SELECT question_type, COUNT(*) c
    FROM hive.bi_silver.cx_sur_question_response
    GROUP BY question_type
), s AS (
    SELECT SUM(c) total
    FROM t
)
SELECT
    question_type,
    CAST(c AS DOUBLE) / NULLIF(total, 0) AS question_share
FROM t
CROSS JOIN s
ORDER BY question_share DESC"
1769,9,Số lượng phản hồi NPS theo danh mục sản phẩm,,,cx_cso,"[""cx_sur_question_response""]",Số lượng phản hồi NPS theo danh mục sản phẩm,,"SELECT product_category, COUNT(*) nps_answers
FROM hive.bi_silver.cx_sur_question_response
WHERE LOWER(kpi_group) = LOWER('NPS')
GROUP BY product_category
ORDER BY nps_answers DESC"
1770,10,Số lượng phản hồi CES theo danh mục sản phẩm,,,cx_cso,"[""cx_sur_question_response""]",Số lượng phản hồi CES theo danh mục sản phẩm,,"SELECT product_category, COUNT(*) ces_answers FROM hive.bi_silver.cx_sur_question_response WHERE LOWER(kpi_group) = LOWER('CES') GROUP BY product_category ORDER BY ces_answers DESC"
1771,11,Số lượng phản hồi CSAT transactional theo touchpoint,,,cx_cso,"[""cx_sur_question_response""]",Số lượng phản hồi CSAT transactional theo touchpoint,,"SELECT customer_touchpoint, COUNT(*) total_answers 
FROM hive.bi_silver.cx_sur_question_response 
WHERE LOWER(kpi_group) = LOWER('CSAT_TRANSACTIONAL') 
GROUP BY customer_touchpoint 
ORDER BY total_answers DESC"
1772,12,Số lượng phản hồi CSAT relational theo touchpoint,,,cx_cso,"[""cx_sur_question_response""]",Số lượng phản hồi CSAT relational theo touchpoint,,"SELECT customer_touchpoint, COUNT(*) total_answers
FROM hive.bi_silver.cx_sur_question_response
WHERE LOWER(kpi_group) = LOWER('CSAT_RELATIONAL')
GROUP BY customer_touchpoint
ORDER BY total_answers DESC"
1773,13,Số lượng phản hồi NPS theo hành trình khách hàng,,,cx_cso,"[""cx_sur_question_response""]",Số lượng phản hồi NPS theo hành trình khách hàng,,"SELECT journey, COUNT(*) total_answers
FROM hive.bi_silver.cx_sur_question_response
WHERE LOWER(kpi_group) = LOWER('NPS')
GROUP BY journey
ORDER BY total_answers DESC"
1774,14,Số lượng phản hồi CES theo hành trình khách hàng,,,cx_cso,"[""cx_sur_question_response""]",Số lượng phản hồi CES theo hành trình khách hàng,,"SELECT journey, COUNT(*) total_answers
FROM hive.bi_silver.cx_sur_question_response
WHERE LOWER(kpi_group) = LOWER('CES')
GROUP BY journey
ORDER BY total_answers DESC"
1775,15,So sánh số lượng phản hồi theo từng nhóm KPI và question_type,,,cx_cso,"[""cx_sur_question_response""]",So sánh số lượng phản hồi theo từng nhóm KPI và question_type,,"SELECT kpi_group, question_type, COUNT(*) total_answers 
FROM hive.bi_silver.cx_sur_question_response 
GROUP BY kpi_group, question_type 
ORDER BY total_answers DESC"
1776,16,Top 10 câu hỏi có nhiều phản hồi nhất trong khảo sát,,,cx_cso,"[""cx_sur_question_response""]",Top 10 câu hỏi có nhiều phản hồi nhất trong khảo sát,,"SELECT question_id, COUNT(*) total_answers 
FROM hive.bi_silver.cx_sur_question_response 
GROUP BY question_id 
ORDER BY total_answers DESC 
LIMIT 10"
1777,17,Số lượng phản hồi dạng text trong khảo sát,,,cx_cso,"[""cx_sur_question_response""]",Số lượng phản hồi dạng text trong khảo sát,,"SELECT COUNT(*) text_answers
FROM hive.bi_silver.cx_sur_question_response
WHERE LOWER(question_type) = LOWER('text')"
1778,18,Số lượng phản hồi dạng rating trong khảo sát,,,cx_cso,"[""cx_sur_question_response""]",Số lượng phản hồi dạng rating trong khảo sát,,"SELECT COUNT(*) rating_answers
FROM hive.bi_silver.cx_sur_question_response
WHERE LOWER(question_type) = LOWER('rating')"
1779,19,Số lượng phản hồi dạng matrix trong khảo sát,,,cx_cso,"[""cx_sur_question_response""]",Số lượng phản hồi dạng matrix trong khảo sát,,"SELECT COUNT(*) matrix_answers
FROM hive.bi_silver.cx_sur_question_response
WHERE LOWER(question_type) = LOWER('matrix')"
1780,20,Số lượng phản hồi dạng ranking trong khảo sát,,,cx_cso,"[""cx_sur_question_response""]",Số lượng phản hồi dạng ranking trong khảo sát,,"SELECT COUNT(*) ranking_answers
FROM hive.bi_silver.cx_sur_question_response
WHERE LOWER(question_type) = LOWER('ranking')"
1781,21,Top 10 danh mục sản phẩm có nhiều phản hồi NPS nhất,,,cx_cso,"[""cx_sur_question_response""]",Top 10 danh mục sản phẩm có nhiều phản hồi NPS nhất,,"SELECT product_category, COUNT(*) total_answers
FROM hive.bi_silver.cx_sur_question_response
WHERE LOWER(kpi_group) = LOWER('NPS')
GROUP BY product_category
ORDER BY total_answers DESC
LIMIT 10"
1782,22,Top 10 danh mục sản phẩm có nhiều phản hồi CES nhất,,,cx_cso,"[""cx_sur_question_response""]",Top 10 danh mục sản phẩm có nhiều phản hồi CES nhất,,"SELECT product_category, COUNT(*) total_answers
FROM hive.bi_silver.cx_sur_question_response
WHERE LOWER(kpi_group) = LOWER('CES')
GROUP BY product_category
ORDER BY total_answers DESC
LIMIT 10"
1783,23,So sánh số lượng phản hồi NPS và CES theo product_category,,,cx_cso,"[""cx_sur_question_response""]",So sánh số lượng phản hồi NPS và CES theo product_category,,"SELECT product_category,
       COUNT_IF(LOWER(kpi_group) = LOWER('NPS')) nps_answers,
       COUNT_IF(LOWER(kpi_group) = LOWER('CES')) ces_answers
FROM hive.bi_silver.cx_sur_question_response
GROUP BY product_category
ORDER BY nps_answers DESC"
1784,24,So sánh số lượng phản hồi CSAT transactional và relational theo product_category,,,cx_cso,"[""cx_sur_question_response""]",So sánh số lượng phản hồi CSAT transactional và relational theo product_category,,"SELECT product_category,
       COUNT_IF(LOWER(kpi_group) = LOWER('CSAT_TRANSACTIONAL')) csat_trans,
       COUNT_IF(LOWER(kpi_group) = LOWER('CSAT_RELATIONAL')) csat_rel
FROM hive.bi_silver.cx_sur_question_response
GROUP BY product_category
ORDER BY csat_trans DESC"
1785,25,Tỷ lệ phản hồi dạng text trong toàn bộ khảo sát,,,cx_cso,"[""cx_sur_question_response""]",Tỷ lệ phản hồi dạng text trong toàn bộ khảo sát,,"WITH t AS (
    SELECT
        COUNT(*) total,
        COUNT_IF(LOWER(question_type) = LOWER('text')) text_cnt
    FROM hive.bi_silver.cx_sur_question_response
)
SELECT
    CAST(text_cnt AS DOUBLE) / NULLIF(total, 0) AS text_rate
FROM t"
1786,26,Tỷ lệ phản hồi dạng rating trong khảo sát,,,cx_cso,"[""cx_sur_question_response""]",Tỷ lệ phản hồi dạng rating trong khảo sát,,"WITH t AS (
    SELECT
        COUNT(*) total,
        COUNT_IF(LOWER(question_type) = LOWER('rating')) rating_cnt
    FROM hive.bi_silver.cx_sur_question_response
)
SELECT
    CAST(rating_cnt AS DOUBLE) / NULLIF(total, 0) rating_rate
FROM t"
1787,27,Tỷ lệ phản hồi dạng matrix trong khảo sát,,,cx_cso,"[""cx_sur_question_response""]",Tỷ lệ phản hồi dạng matrix trong khảo sát,,"WITH t AS (
    SELECT
        COUNT(*) total,
        COUNT_IF(LOWER(question_type) = LOWER('matrix')) matrix_cnt
    FROM hive.bi_silver.cx_sur_question_response
)
SELECT CAST(matrix_cnt AS DOUBLE) / NULLIF(total, 0) AS matrix_rate
FROM t"
1788,28,Tỷ lệ phản hồi dạng ranking trong khảo sát,,,cx_cso,"[""cx_sur_question_response""]",Tỷ lệ phản hồi dạng ranking trong khảo sát,,"WITH t AS (
    SELECT
        COUNT(*) total,
        COUNT_IF(LOWER(question_type) = LOWER('ranking')) ranking_cnt
    FROM hive.bi_silver.cx_sur_question_response
)
SELECT CAST(ranking_cnt AS DOUBLE) / NULLIF(total, 0) AS ranking_rate
FROM t"
1789,29,Số lượng phản hồi NPS theo tháng,,,cx_cso,"[""cx_sur_question_response""]",Số lượng phản hồi NPS theo tháng,,"SELECT DATE_TRUNC('month', collected_date) month,
       COUNT(*) total_answers
FROM hive.bi_silver.cx_sur_question_response
WHERE LOWER(kpi_group) = LOWER('NPS')
GROUP BY 1
ORDER BY 1"
1790,30,Số lượng phản hồi CES theo tháng,,,cx_cso,"[""cx_sur_question_response""]",Số lượng phản hồi CES theo tháng,,"SELECT DATE_TRUNC('month', collected_date) month,
       COUNT(*) total_answers
FROM hive.bi_silver.cx_sur_question_response
WHERE LOWER(kpi_group) = LOWER('CES')
GROUP BY 1
ORDER BY 1"
1791,31,Số lượng phản hồi CSAT transactional theo tháng,,,cx_cso,"[""cx_sur_question_response""]",Số lượng phản hồi CSAT transactional theo tháng,,"SELECT DATE_TRUNC('month', collected_date) month,
       COUNT(*) total_answers
FROM hive.bi_silver.cx_sur_question_response
WHERE LOWER(kpi_group) = LOWER('CSAT_TRANSACTIONAL')
GROUP BY 1
ORDER BY 1"
1792,32,Số lượng phản hồi CSAT relational theo tháng,,,cx_cso,"[""cx_sur_question_response""]",Số lượng phản hồi CSAT relational theo tháng,,"SELECT DATE_TRUNC('month', collected_date) month,
       COUNT(*) total_answers
FROM hive.bi_silver.cx_sur_question_response
WHERE LOWER(kpi_group) = LOWER('CSAT_RELATIONAL')
GROUP BY 1
ORDER BY 1"
1793,33,So sánh số lượng phản hồi theo từng kpi_group và journey,,,cx_cso,"[""cx_sur_question_response""]",So sánh số lượng phản hồi theo từng kpi_group và journey,,"SELECT kpi_group, journey, COUNT(*) total_answers 
FROM hive.bi_silver.cx_sur_question_response 
GROUP BY kpi_group, journey 
ORDER BY total_answers DESC"
1794,34,So sánh số lượng phản hồi theo từng question_type và journey,,,cx_cso,"[""cx_sur_question_response""]",So sánh số lượng phản hồi theo từng question_type và journey,,"SELECT question_type, journey, COUNT(*) total_answers 
FROM hive.bi_silver.cx_sur_question_response 
GROUP BY question_type, journey 
ORDER BY total_answers DESC"
1795,35,Số lượng phản hồi text theo product_category,,,cx_cso,"[""cx_sur_question_response""]",Số lượng phản hồi text theo product_category,,"SELECT product_category, COUNT(*) text_answers
FROM hive.bi_silver.cx_sur_question_response
WHERE LOWER(question_type) = LOWER('text')
GROUP BY product_category
ORDER BY text_answers DESC"
1796,36,Top 10 touchpoint có nhiều phản hồi NPS nhất,,,cx_cso,"[""cx_sur_question_response""]",Top 10 touchpoint có nhiều phản hồi NPS nhất,,"SELECT customer_touchpoint, COUNT(*) total_answers
FROM hive.bi_silver.cx_sur_question_response
WHERE LOWER(kpi_group) = LOWER('NPS')
GROUP BY customer_touchpoint
ORDER BY total_answers DESC
LIMIT 10"
1797,37,Top 10 touchpoint có nhiều phản hồi CES nhất,,,cx_cso,"[""cx_sur_question_response""]",Top 10 touchpoint có nhiều phản hồi CES nhất,,"SELECT customer_touchpoint, COUNT(*) total_answers 
FROM hive.bi_silver.cx_sur_question_response 
WHERE LOWER(kpi_group) = LOWER('CES') 
GROUP BY customer_touchpoint 
ORDER BY total_answers DESC 
LIMIT 10"
1798,38,Top 10 touchpoint có nhiều phản hồi CSAT transactional nhất,,,cx_cso,"[""cx_sur_question_response""]",Top 10 touchpoint có nhiều phản hồi CSAT transactional nhất,,"SELECT customer_touchpoint, COUNT(*) total_answers
FROM hive.bi_silver.cx_sur_question_response
WHERE LOWER(kpi_group) = LOWER('CSAT_TRANSACTIONAL')
GROUP BY customer_touchpoint
ORDER BY total_answers DESC
LIMIT 10"
1799,39,Top 10 touchpoint có nhiều phản hồi CSAT relational nhất,,,cx_cso,"[""cx_sur_question_response""]",Top 10 touchpoint có nhiều phản hồi CSAT relational nhất,,"SELECT customer_touchpoint, COUNT(*) total_answers 
FROM hive.bi_silver.cx_sur_question_response 
WHERE LOWER(kpi_group) = LOWER('CSAT_RELATIONAL') 
GROUP BY customer_touchpoint 
ORDER BY total_answers DESC 
LIMIT 10"
1800,40,So sánh phân bố question_type giữa các nhóm KPI,,,cx_cso,"[""cx_sur_question_response""]",So sánh phân bố question_type giữa các nhóm KPI,,"SELECT kpi_group, question_type, COUNT(*) total_answers 
FROM hive.bi_silver.cx_sur_question_response 
GROUP BY kpi_group, question_type 
ORDER BY kpi_group, total_answers DESC"
1801,1,Xu hướng số lượng phản hồi khảo sát theo tháng dựa trên collected_date,-,-,cx_cso,"[""cx_sur_question_response""]",Xu hướng số lượng phản hồi khảo sát theo tháng dựa trên collected_date,,"SELECT date_trunc('month', collected_date) AS month, COUNT(*) AS total_answers 
FROM hive.bi_silver.cx_sur_question_response 
GROUP BY 1 
ORDER BY 1"
1802,2,Xu hướng số lượng phản hồi khảo sát theo năm dựa trên collected_date,-,-,cx_cso,"[""cx_sur_question_response""]",Xu hướng số lượng phản hồi khảo sát theo năm dựa trên collected_date,,"SELECT date_trunc('year', collected_date) AS year, COUNT(*) AS total_answers FROM hive.bi_silver.cx_sur_question_response GROUP BY 1 ORDER BY 1"
1803,3,Xu hướng số lượng phản hồi NPS theo tháng dựa trên collected_date,-,-,cx_cso,"[""cx_sur_question_response""]",Xu hướng số lượng phản hồi NPS theo tháng dựa trên collected_date,,"SELECT date_trunc('month', collected_date) AS month, COUNT(*) 
FROM hive.bi_silver.cx_sur_question_response 
WHERE LOWER(kpi_group) = LOWER('NPS') 
GROUP BY 1 
ORDER BY 1"
1804,4,Xu hướng số lượng phản hồi CES theo tháng dựa trên collected_date,-,-,cx_cso,"[""cx_sur_question_response""]",Xu hướng số lượng phản hồi CES theo tháng dựa trên collected_date,,"SELECT date_trunc('month', collected_date) AS month, COUNT(*) 
FROM hive.bi_silver.cx_sur_question_response 
WHERE LOWER(kpi_group) = LOWER('CES') 
GROUP BY 1 
ORDER BY 1"
1805,5,Xu hướng số lượng phản hồi CSAT transactional theo tháng dựa trên collected_date,-,-,cx_cso,"[""cx_sur_question_response""]",Xu hướng số lượng phản hồi CSAT transactional theo tháng dựa trên collected_date,,"SELECT date_trunc('month', collected_date) AS month, COUNT(*) 
FROM hive.bi_silver.cx_sur_question_response 
WHERE LOWER(kpi_group) = LOWER('CSAT_TRANSACTIONAL') 
GROUP BY 1 
ORDER BY 1"
1806,6,Xu hướng số lượng phản hồi CSAT relational theo tháng dựa trên collected_date,-,-,cx_cso,"[""cx_sur_question_response""]",Xu hướng số lượng phản hồi CSAT relational theo tháng dựa trên collected_date,,"SELECT date_trunc('month', collected_date) AS month, COUNT(*) 
FROM hive.bi_silver.cx_sur_question_response 
WHERE LOWER(kpi_group) = LOWER('CSAT_RELATIONAL') 
GROUP BY 1 
ORDER BY 1"
1807,7,Xu hướng phản hồi theo question_type theo tháng dựa trên collected_date,-,-,cx_cso,"[""cx_sur_question_response""]",Xu hướng phản hồi theo question_type theo tháng dựa trên collected_date,,"SELECT date_trunc('month', collected_date) AS month,
       question_type,
       COUNT(*)
FROM hive.bi_silver.cx_sur_question_response
GROUP BY 1, 2
ORDER BY 1"
1808,8,Xu hướng phản hồi text feedback theo tháng dựa trên collected_date,-,-,cx_cso,"[""cx_sur_question_response""]",Xu hướng phản hồi text feedback theo tháng dựa trên collected_date,,"SELECT date_trunc('month', collected_date) AS month, COUNT(*) 
FROM hive.bi_silver.cx_sur_question_response 
WHERE LOWER(question_type) = LOWER('text') 
GROUP BY 1 
ORDER BY 1"
1809,9,Xu hướng phản hồi rating theo tháng dựa trên collected_date,-,-,cx_cso,"[""cx_sur_question_response""]",Xu hướng phản hồi rating theo tháng dựa trên collected_date,,"SELECT date_trunc('month', collected_date) AS month, COUNT(*) 
FROM hive.bi_silver.cx_sur_question_response 
WHERE LOWER(question_type) = LOWER('rating') 
GROUP BY 1 
ORDER BY 1"
1810,10,Xu hướng phản hồi matrix theo tháng dựa trên collected_date,-,-,cx_cso,"[""cx_sur_question_response""]",Xu hướng phản hồi matrix theo tháng dựa trên collected_date,,"SELECT date_trunc('month', collected_date) AS month, COUNT(*) 
FROM hive.bi_silver.cx_sur_question_response 
WHERE LOWER(question_type) = LOWER('matrix') 
GROUP BY 1 
ORDER BY 1"
1811,11,Xu hướng phản hồi theo product_category theo tháng dựa trên collected_date,-,-,cx_cso,"[""cx_sur_question_response""]",Xu hướng phản hồi theo product_category theo tháng dựa trên collected_date,,"SELECT date_trunc('month', collected_date) AS month, product_category, COUNT(*) 
FROM hive.bi_silver.cx_sur_question_response 
GROUP BY 1, 2 
ORDER BY 1"
1812,12,Xu hướng phản hồi theo customer_touchpoint theo tháng dựa trên collected_date,-,-,cx_cso,"[""cx_sur_question_response""]",Xu hướng phản hồi theo customer_touchpoint theo tháng dựa trên collected_date,,"SELECT date_trunc('month', collected_date) AS month, customer_touchpoint, COUNT(*) 
FROM hive.bi_silver.cx_sur_question_response 
GROUP BY 1,2 
ORDER BY 1"
1813,13,Xu hướng phản hồi theo journey theo tháng dựa trên collected_date,-,-,cx_cso,"[""cx_sur_question_response""]",Xu hướng phản hồi theo journey theo tháng dựa trên collected_date,,"SELECT date_trunc('month', collected_date) AS month,
       journey,
       COUNT(*)
FROM hive.bi_silver.cx_sur_question_response
GROUP BY 1, 2
ORDER BY 1"
1814,14,So sánh số lượng phản hồi giữa các kpi_group theo tháng dựa trên collected_date,-,-,cx_cso,"[""cx_sur_question_response""]",So sánh số lượng phản hồi giữa các kpi_group theo tháng dựa trên collected_date,,"SELECT date_trunc('month', collected_date) AS month, kpi_group, COUNT(*) 
FROM hive.bi_silver.cx_sur_question_response 
GROUP BY 1,2 
ORDER BY 1"
1815,15,Tỷ trọng phản hồi NPS trong tổng phản hồi theo tháng dựa trên collected_date,-,-,cx_cso,"[""cx_sur_question_response""]",Tỷ trọng phản hồi NPS trong tổng phản hồi theo tháng dựa trên collected_date,,"SELECT month,
       CAST(nps_cnt AS DOUBLE) / NULLIF(total_cnt, 0)
FROM (
    SELECT date_trunc('month', collected_date) AS month,
           COUNT(*) total_cnt,
           COUNT_IF(LOWER(kpi_group) = LOWER('NPS')) nps_cnt
    FROM hive.bi_silver.cx_sur_question_response
    GROUP BY 1
) t
ORDER BY month"
1816,16,Tỷ trọng phản hồi CES theo tháng dựa trên collected_date,-,-,cx_cso,"[""cx_sur_question_response""]",Tỷ trọng phản hồi CES theo tháng dựa trên collected_date,,"SELECT month, CAST(ces_cnt AS DOUBLE) / NULLIF(total_cnt, 0) 
FROM (
    SELECT 
        date_trunc('month', collected_date) AS month,
        COUNT(*) total_cnt,
        COUNT_IF(LOWER(kpi_group) = LOWER('CES')) ces_cnt
    FROM hive.bi_silver.cx_sur_question_response
    GROUP BY 1
) t
ORDER BY month"
1817,17,Tỷ trọng phản hồi text feedback theo tháng dựa trên collected_date,-,-,cx_cso,"[""cx_sur_question_response""]",Tỷ trọng phản hồi text feedback theo tháng dựa trên collected_date,,"SELECT month,
       CAST(text_cnt AS DOUBLE) / NULLIF(total_cnt, 0)
FROM (
    SELECT date_trunc('month', collected_date) AS month,
           COUNT(*) AS total_cnt,
           COUNT_IF(LOWER(question_type) = LOWER('text')) AS text_cnt
    FROM hive.bi_silver.cx_sur_question_response
    GROUP BY 1
) t
ORDER BY month"
1818,18,Số lượng người trả lời khảo sát theo tháng dựa trên collected_date,-,-,cx_cso,"[""cx_sur_question_response""]",Số lượng người trả lời khảo sát theo tháng dựa trên collected_date,,"SELECT date_trunc('month', collected_date) AS month, COUNT(DISTINCT respondent_uuid) respondents FROM hive.bi_silver.cx_sur_question_response GROUP BY 1 ORDER BY 1"
1819,19,Số lượng phản hồi trung bình trên mỗi respondent theo tháng,-,-,cx_cso,"[""cx_sur_question_response""]",Số lượng phản hồi trung bình trên mỗi respondent theo tháng,,"SELECT date_trunc('month', collected_date) AS month,
       CAST(COUNT(*) AS DOUBLE) / NULLIF(COUNT(DISTINCT respondent_uuid), 0) AS avg_answers_per_user
FROM hive.bi_silver.cx_sur_question_response
GROUP BY 1
ORDER BY 1"
1820,20,Xu hướng số lượng survey_id theo tháng dựa trên collected_date,-,-,cx_cso,"[""cx_sur_question_response""]",Xu hướng số lượng survey_id theo tháng dựa trên collected_date,,"SELECT date_trunc('month', collected_date) AS month, COUNT(DISTINCT survey_id) surveys
FROM hive.bi_silver.cx_sur_question_response
GROUP BY 1
ORDER BY 1"
1821,21,Xu hướng số lượng question_id được trả lời theo tháng,-,-,cx_cso,"[""cx_sur_question_response""]",Xu hướng số lượng question_id được trả lời theo tháng,,"SELECT date_trunc('month', collected_date) AS month, COUNT(DISTINCT question_id) questions FROM hive.bi_silver.cx_sur_question_response GROUP BY 1 ORDER BY 1"
1822,22,Tháng có nhiều phản hồi khảo sát nhất,-,-,cx_cso,"[""cx_sur_question_response""]",Tháng có nhiều phản hồi khảo sát nhất,,"SELECT date_trunc('month', collected_date) AS month, COUNT(*) total_answers FROM hive.bi_silver.cx_sur_question_response GROUP BY 1 ORDER BY total_answers DESC LIMIT 1"
1823,23,Tháng có nhiều phản hồi NPS nhất,-,-,cx_cso,"[""cx_sur_question_response""]",Tháng có nhiều phản hồi NPS nhất,,"SELECT date_trunc('month', collected_date) AS month,
       COUNT(*) total_answers
FROM hive.bi_silver.cx_sur_question_response
WHERE LOWER(kpi_group) = LOWER('NPS')
GROUP BY 1
ORDER BY total_answers DESC
LIMIT 1"
1824,24,Tháng có nhiều phản hồi CES nhất,-,-,cx_cso,"[""cx_sur_question_response""]",Tháng có nhiều phản hồi CES nhất,,"SELECT date_trunc('month', collected_date) AS month, COUNT(*) total_answers FROM hive.bi_silver.cx_sur_question_response WHERE LOWER(kpi_group) = LOWER('CES') GROUP BY 1 ORDER BY total_answers DESC LIMIT 1"
1825,25,Xu hướng phản hồi khảo sát theo quý dựa trên collected_date,-,-,cx_cso,"[""cx_sur_question_response""]",Xu hướng phản hồi khảo sát theo quý dựa trên collected_date,,"SELECT date_trunc('quarter', collected_date) AS quarter, COUNT(*) total_answers FROM hive.bi_silver.cx_sur_question_response GROUP BY 1 ORDER BY 1"
1826,26,So sánh số lượng phản hồi giữa các năm dựa trên collected_date,-,-,cx_cso,"[""cx_sur_question_response""]",So sánh số lượng phản hồi giữa các năm dựa trên collected_date,,"SELECT date_trunc('year', collected_date) AS year,
       COUNT(*) total_answers
FROM hive.bi_silver.cx_sur_question_response
GROUP BY 1
ORDER BY 1"
1827,27,Xu hướng phản hồi theo ngày dựa trên collected_date,-,-,cx_cso,"[""cx_sur_question_response""]",Xu hướng phản hồi theo ngày dựa trên collected_date,,"SELECT date_trunc('day', collected_date) AS day, COUNT(*) total_answers FROM hive.bi_silver.cx_sur_question_response GROUP BY 1 ORDER BY 1"
1828,28,Xu hướng phản hồi theo tuần dựa trên collected_date,-,-,cx_cso,"[""cx_sur_question_response""]",Xu hướng phản hồi theo tuần dựa trên collected_date,,"SELECT date_trunc('week', collected_date) AS week,
       COUNT(*) total_answers
FROM hive.bi_silver.cx_sur_question_response
GROUP BY 1
ORDER BY 1"
1829,29,Xu hướng phản hồi NPS theo tuần dựa trên collected_date,-,-,cx_cso,"[""cx_sur_question_response""]",Xu hướng phản hồi NPS theo tuần dựa trên collected_date,,"SELECT date_trunc('week', collected_date) AS week,
       COUNT(*) total_answers
FROM hive.bi_silver.cx_sur_question_response
WHERE LOWER(kpi_group) = LOWER('NPS')
GROUP BY 1
ORDER BY 1"
1830,30,Xu hướng phản hồi CES theo tuần dựa trên collected_date,-,-,cx_cso,"[""cx_sur_question_response""]",Xu hướng phản hồi CES theo tuần dựa trên collected_date,,"SELECT date_trunc('week', collected_date) AS week,
       COUNT(*) total_answers
FROM hive.bi_silver.cx_sur_question_response
WHERE LOWER(kpi_group) = LOWER('CES')
GROUP BY 1
ORDER BY 1"
1831,1,Xu hướng số lượng phản hồi khảo sát theo tháng dựa trên collected_date,-,-,cx_cso,"[""cx_sur_question_response""]",Xu hướng số lượng phản hồi khảo sát theo tháng dựa trên collected_date,,"SELECT date_trunc('month', collected_date) AS month, COUNT(*) AS total_answers 
FROM hive.bi_silver.cx_sur_question_response 
GROUP BY 1 
ORDER BY 1"
1832,2,Xu hướng số lượng phản hồi khảo sát theo quý dựa trên collected_date,-,-,cx_cso,"[""cx_sur_question_response""]",Xu hướng số lượng phản hồi khảo sát theo quý dựa trên collected_date,,"SELECT date_trunc('quarter', collected_date) AS quarter,
       COUNT(*) AS total_answers
FROM hive.bi_silver.cx_sur_question_response
GROUP BY 1
ORDER BY 1"
1833,3,Xu hướng số lượng phản hồi khảo sát theo năm dựa trên collected_date,-,-,cx_cso,"[""cx_sur_question_response""]",Xu hướng số lượng phản hồi khảo sát theo năm dựa trên collected_date,,"SELECT date_trunc('year', collected_date) AS year, COUNT(*) AS total_answers 
FROM hive.bi_silver.cx_sur_question_response 
GROUP BY 1 
ORDER BY 1"
1834,4,Xu hướng số phản hồi NPS theo tháng,-,-,cx_cso,"[""cx_sur_question_response""]",Xu hướng số phản hồi NPS theo tháng,,"SELECT date_trunc('month', collected_date) AS month,
       COUNT(*) AS nps_answers
FROM hive.bi_silver.cx_sur_question_response
WHERE LOWER(kpi_group) = LOWER('NPS')
GROUP BY 1
ORDER BY 1"
1835,5,Xu hướng số phản hồi CES theo tháng,-,-,cx_cso,"[""cx_sur_question_response""]",Xu hướng số phản hồi CES theo tháng,,"SELECT date_trunc('month', collected_date) AS month,
       COUNT(*) AS ces_answers
FROM hive.bi_silver.cx_sur_question_response
WHERE LOWER(kpi_group) = LOWER('CES')
GROUP BY 1
ORDER BY 1"
1836,6,Xu hướng số phản hồi CSAT transactional theo tháng,-,-,cx_cso,"[""cx_sur_question_response""]",Xu hướng số phản hồi CSAT transactional theo tháng,,"SELECT date_trunc('month', collected_date) AS month, COUNT(*) AS csat_answers FROM hive.bi_silver.cx_sur_question_response WHERE LOWER(kpi_group) = LOWER('CSAT_TRANSACTIONAL') GROUP BY 1 ORDER BY 1"
1837,7,Xu hướng số phản hồi CSAT relational theo tháng,-,-,cx_cso,"[""cx_sur_question_response""]",Xu hướng số phản hồi CSAT relational theo tháng,,"SELECT date_trunc('month', collected_date) AS month, COUNT(*) AS csat_answers FROM hive.bi_silver.cx_sur_question_response WHERE LOWER(kpi_group) = LOWER('CSAT_RELATIONAL') GROUP BY 1 ORDER BY 1"
1838,8,Số lượng người trả lời khảo sát theo tháng,-,-,cx_cso,"[""cx_sur_question_response""]",Số lượng người trả lời khảo sát theo tháng,,"SELECT date_trunc('month', collected_date) AS month, COUNT(DISTINCT respondent_uuid) AS respondents FROM hive.bi_silver.cx_sur_question_response GROUP BY 1 ORDER BY 1"
1839,9,Số survey được thực hiện theo tháng,-,-,cx_cso,"[""cx_sur_question_response""]",Số survey được thực hiện theo tháng,,"SELECT date_trunc('month', collected_date) AS month, COUNT(DISTINCT survey_id) AS surveys FROM hive.bi_silver.cx_sur_question_response GROUP BY 1 ORDER BY 1"
1840,10,Số lượng câu hỏi được trả lời theo tháng,-,-,cx_cso,"[""cx_sur_question_response""]",Số lượng câu hỏi được trả lời theo tháng,,"SELECT date_trunc('month', collected_date) AS month, COUNT(DISTINCT question_id) AS questions FROM hive.bi_silver.cx_sur_question_response GROUP BY 1 ORDER BY 1"
1841,11,Tỷ trọng phản hồi NPS trong tổng phản hồi theo tháng,-,-,cx_cso,"[""cx_sur_question_response""]",Tỷ trọng phản hồi NPS trong tổng phản hồi theo tháng,,"WITH m AS (
    SELECT
        date_trunc('month', collected_date) AS month,
        COUNT(*) total_cnt,
        COUNT_IF(LOWER(kpi_group) = LOWER('NPS')) nps_cnt
    FROM hive.bi_silver.cx_sur_question_response
    GROUP BY 1
)
SELECT
    month,
    CAST(nps_cnt AS DOUBLE) / NULLIF(total_cnt, 0) AS nps_share
FROM m
ORDER BY month"
1842,12,Tỷ trọng phản hồi CES trong tổng phản hồi theo tháng,-,-,cx_cso,"[""cx_sur_question_response""]",Tỷ trọng phản hồi CES trong tổng phản hồi theo tháng,,"WITH m AS (
    SELECT
        date_trunc('month', collected_date) AS month,
        COUNT(*) total_cnt,
        COUNT_IF(LOWER(kpi_group) = LOWER('CES')) ces_cnt
    FROM hive.bi_silver.cx_sur_question_response
    GROUP BY 1
)
SELECT
    month,
    CAST(ces_cnt AS DOUBLE) / NULLIF(total_cnt, 0) AS ces_share
FROM m
ORDER BY month"
1843,13,Tỷ trọng phản hồi text feedback theo tháng,-,-,cx_cso,"[""cx_sur_question_response""]",Tỷ trọng phản hồi text feedback theo tháng,,"WITH m AS (
    SELECT
        date_trunc('month', collected_date) AS month,
        COUNT(*) total_cnt,
        COUNT_IF(LOWER(question_type) = LOWER('text')) text_cnt
    FROM hive.bi_silver.cx_sur_question_response
    GROUP BY 1
)
SELECT
    month,
    CAST(text_cnt AS DOUBLE) / NULLIF(total_cnt, 0) AS text_share
FROM m
ORDER BY month"
1844,14,Tốc độ tăng trưởng MoM của tổng phản hồi khảo sát,-,-,cx_cso,"[""cx_sur_question_response""]",Tốc độ tăng trưởng MoM của tổng phản hồi khảo sát,,"WITH m AS (
    SELECT
        date_trunc('month', collected_date) AS month,
        COUNT(*) total_answers
    FROM hive.bi_silver.cx_sur_question_response
    GROUP BY 1
)
SELECT
    month,
    CAST(total_answers - LAG(total_answers) OVER (ORDER BY month) AS DOUBLE) /
    NULLIF(CAST(LAG(total_answers) OVER (ORDER BY month) AS DOUBLE), 0) AS mom_growth
FROM m
ORDER BY month"
1845,15,Tốc độ tăng trưởng MoM của phản hồi NPS,-,-,cx_cso,"[""cx_sur_question_response""]",Tốc độ tăng trưởng MoM của phản hồi NPS,,"WITH m AS (
    SELECT
        date_trunc('month', collected_date) AS month,
        COUNT(*) total_answers
    FROM hive.bi_silver.cx_sur_question_response
    WHERE LOWER(kpi_group) = LOWER('NPS')
    GROUP BY 1
)
SELECT
    month,
    CAST(total_answers - LAG(total_answers) OVER (ORDER BY month) AS DOUBLE) /
    NULLIF(CAST(LAG(total_answers) OVER (ORDER BY month) AS DOUBLE), 0) AS mom_growth
FROM m
ORDER BY month"
1846,16,Tốc độ tăng trưởng MoM của phản hồi CES,-,-,cx_cso,"[""cx_sur_question_response""]",Tốc độ tăng trưởng MoM của phản hồi CES,,"WITH m AS (
    SELECT
        date_trunc('month', collected_date) AS month,
        COUNT(*) total_answers
    FROM hive.bi_silver.cx_sur_question_response
    WHERE LOWER(kpi_group) = LOWER('CES')
    GROUP BY 1
)
SELECT
    month,
    CAST((total_answers - LAG(total_answers) OVER (ORDER BY month)) AS DOUBLE) / NULLIF(LAG(total_answers) OVER (ORDER BY month), 0) AS mom_growth
FROM m
ORDER BY month"
1847,17,Trung bình phản hồi trên mỗi respondent theo tháng,-,-,cx_cso,"[""cx_sur_question_response""]",Trung bình phản hồi trên mỗi respondent theo tháng,,"SELECT date_trunc('month', collected_date) AS month,
       CAST(COUNT(*) AS DOUBLE) / NULLIF(COUNT(DISTINCT respondent_uuid), 0) AS avg_answers_per_user
FROM hive.bi_silver.cx_sur_question_response
GROUP BY 1
ORDER BY 1"
1848,18,Rolling 3 tháng số lượng phản hồi khảo sát,-,-,cx_cso,"[""cx_sur_question_response""]",Rolling 3 tháng số lượng phản hồi khảo sát,,"WITH m AS (
    SELECT
        date_trunc('month', collected_date) AS month,
        COUNT(*) total_answers
    FROM hive.bi_silver.cx_sur_question_response
    GROUP BY 1
)
SELECT
    month,
    AVG(total_answers) OVER (
        ORDER BY month
        ROWS BETWEEN 2 PRECEDING AND CURRENT ROW
    ) AS rolling_3m
FROM m
ORDER BY month"
1849,19,Rolling 6 tháng số lượng phản hồi khảo sát,-,-,cx_cso,"[""cx_sur_question_response""]",Rolling 6 tháng số lượng phản hồi khảo sát,,"WITH m AS (
    SELECT
        date_trunc('month', collected_date) AS month,
        COUNT(*) total_answers
    FROM hive.bi_silver.cx_sur_question_response
    GROUP BY 1
)
SELECT
    month,
    AVG(total_answers) OVER (
        ORDER BY month
        ROWS BETWEEN 5 PRECEDING AND CURRENT ROW
    ) AS rolling_6m
FROM m
ORDER BY month"
1850,20,Rolling 12 tháng số lượng phản hồi khảo sát,-,-,cx_cso,"[""cx_sur_question_response""]",Rolling 12 tháng số lượng phản hồi khảo sát,,"WITH m AS (
    SELECT
        date_trunc('month', collected_date) AS month,
        COUNT(*) total_answers
    FROM hive.bi_silver.cx_sur_question_response
    GROUP BY 1
)
SELECT
    month,
    AVG(total_answers) OVER (
        ORDER BY month
        ROWS BETWEEN 11 PRECEDING AND CURRENT ROW
    ) AS rolling_12m
FROM m
ORDER BY month"
1851,21,Tháng có nhiều phản hồi khảo sát nhất,-,-,cx_cso,"[""cx_sur_question_response""]",Tháng có nhiều phản hồi khảo sát nhất,,"SELECT date_trunc('month', collected_date) AS month, COUNT(*) total_answers FROM hive.bi_silver.cx_sur_question_response GROUP BY 1 ORDER BY total_answers DESC LIMIT 1"
1852,22,Tháng có ít phản hồi khảo sát nhất,-,-,cx_cso,"[""cx_sur_question_response""]",Tháng có ít phản hồi khảo sát nhất,,"SELECT date_trunc('month', collected_date) AS month, COUNT(*) total_answers FROM hive.bi_silver.cx_sur_question_response GROUP BY 1 ORDER BY total_answers ASC LIMIT 1"
1853,24,Xu hướng phản hồi khảo sát theo tuần,-,-,cx_cso,"[""cx_sur_question_response""]",Xu hướng phản hồi khảo sát theo tuần,,"SELECT date_trunc('week', collected_date) AS week,
       COUNT(*) total_answers
FROM hive.bi_silver.cx_sur_question_response
GROUP BY 1
ORDER BY 1"
1854,25,Xu hướng phản hồi NPS theo tuần,-,-,cx_cso,"[""cx_sur_question_response""]",Xu hướng phản hồi NPS theo tuần,,"SELECT date_trunc('week', collected_date) AS week,
       COUNT(*) total_answers
FROM hive.bi_silver.cx_sur_question_response
WHERE LOWER(kpi_group) = LOWER('NPS')
GROUP BY 1
ORDER BY 1"
1855,26,Xu hướng phản hồi CES theo tuần,-,-,cx_cso,"[""cx_sur_question_response""]",Xu hướng phản hồi CES theo tuần,,"SELECT date_trunc('week', collected_date) AS week, COUNT(*) total_answers FROM hive.bi_silver.cx_sur_question_response WHERE LOWER(kpi_group) = LOWER('CES') GROUP BY 1 ORDER BY 1"
1856,27,Phát hiện tháng có phản hồi tăng đột biến so với tháng trước,-,-,cx_cso,"[""cx_sur_question_response""]",Phát hiện tháng có phản hồi tăng đột biến so với tháng trước,,"WITH m AS (
    SELECT 
        date_trunc('month', collected_date) AS month,
        COUNT(*) AS total_answers
    FROM hive.bi_silver.cx_sur_question_response
    GROUP BY 1
),
w AS (
    SELECT
        month,
        total_answers,
        LAG(total_answers) OVER (ORDER BY month) AS prev_month
    FROM m
)
SELECT *
FROM w
WHERE total_answers > 1.5 * prev_month"
1857,28,Phát hiện tháng có phản hồi giảm mạnh so với tháng trước,-,-,cx_cso,"[""cx_sur_question_response""]",Phát hiện tháng có phản hồi giảm mạnh so với tháng trước,,"WITH m AS (
    SELECT 
        date_trunc('month', collected_date) AS month,
        COUNT(*) AS total_answers
    FROM hive.bi_silver.cx_sur_question_response
    GROUP BY 1
),
w AS (
    SELECT
        month,
        total_answers,
        LAG(total_answers) OVER (ORDER BY month) AS prev_month
    FROM m
)
SELECT *
FROM w
WHERE total_answers < 0.5 * prev_month"
1858,29,Xu hướng số lượng phản hồi theo question_type theo tháng,-,-,cx_cso,"[""cx_sur_question_response""]",Xu hướng số lượng phản hồi theo question_type theo tháng,,"SELECT date_trunc('month', collected_date) AS month, question_type, COUNT(*) total_answers 
FROM hive.bi_silver.cx_sur_question_response 
GROUP BY 1,2 
ORDER BY 1"
1859,30,Xu hướng số lượng phản hồi theo kpi_group theo tháng,-,-,cx_cso,"[""cx_sur_question_response""]",Xu hướng số lượng phản hồi theo kpi_group theo tháng,,"SELECT date_trunc('month', collected_date) AS month, kpi_group, COUNT(*) total_answers FROM hive.bi_silver.cx_sur_question_response GROUP BY 1,2 ORDER BY 1"
1860,1,Tổng số khảo sát trong hệ thống,-,-,cx_cso,"[""cx_sur_surveys""]",Tổng số khảo sát trong hệ thống,,SELECT COUNT(*) AS total_surveys FROM hive.bi_silver.cx_sur_surveys
1861,2,Số lượng khảo sát theo loại khảo sát,-,-,cx_cso,"[""cx_sur_surveys""]",Số lượng khảo sát theo loại khảo sát,,"SELECT survey_type, COUNT(*) AS total_surveys
FROM hive.bi_silver.cx_sur_surveys
GROUP BY survey_type
ORDER BY total_surveys DESC"
1862,3,Số lượng khảo sát theo danh mục sản phẩm,-,-,cx_cso,"[""cx_sur_surveys""]",Số lượng khảo sát theo danh mục sản phẩm,,"SELECT product_category, COUNT(*) AS total_surveys 
FROM hive.bi_silver.cx_sur_surveys 
GROUP BY product_category 
ORDER BY total_surveys DESC"
1863,4,Số lượng khảo sát theo giai đoạn hành trình khách hàng,-,-,cx_cso,"[""cx_sur_surveys""]",Số lượng khảo sát theo giai đoạn hành trình khách hàng,,"SELECT journey, COUNT(*) AS total_surveys
FROM hive.bi_silver.cx_sur_surveys
GROUP BY journey
ORDER BY total_surveys DESC"
1864,5,Số lượng khảo sát theo điểm tiếp xúc khách hàng,-,-,cx_cso,"[""cx_sur_surveys""]",Số lượng khảo sát theo điểm tiếp xúc khách hàng,,"SELECT customer_touchpoint, COUNT(*) AS total_surveys FROM hive.bi_silver.cx_sur_surveys GROUP BY customer_touchpoint ORDER BY total_surveys DESC"
1865,6,Xu hướng số lượng khảo sát được tạo theo tháng,-,-,cx_cso,"[""cx_sur_surveys""]",Xu hướng số lượng khảo sát được tạo theo tháng,,"SELECT date_trunc('month', created_at) AS month,
       COUNT(*) AS total_surveys
FROM hive.bi_silver.cx_sur_surveys
GROUP BY 1
ORDER BY 1"
1866,7,Xu hướng số lượng khảo sát được tạo theo năm,-,-,cx_cso,"[""cx_sur_surveys""]",Xu hướng số lượng khảo sát được tạo theo năm,,"SELECT date_trunc('year', created_at) AS year,
       COUNT(*) AS total_surveys
FROM hive.bi_silver.cx_sur_surveys
GROUP BY 1
ORDER BY 1"
1867,8,Xếp hạng các danh mục sản phẩm có nhiều khảo sát nhất,-,-,cx_cso,"[""cx_sur_surveys""]",Xếp hạng các danh mục sản phẩm có nhiều khảo sát nhất,,"SELECT product_category, COUNT(*) AS total_surveys FROM hive.bi_silver.cx_sur_surveys GROUP BY product_category ORDER BY total_surveys DESC LIMIT 10"
1868,9,Xếp hạng các điểm tiếp xúc khách hàng có nhiều khảo sát nhất,-,-,cx_cso,"[""cx_sur_surveys""]",Xếp hạng các điểm tiếp xúc khách hàng có nhiều khảo sát nhất,,"SELECT customer_touchpoint, COUNT(*) AS total_surveys 
FROM hive.bi_silver.cx_sur_surveys 
GROUP BY customer_touchpoint 
ORDER BY total_surveys DESC 
LIMIT 10"
1869,10,Tỷ trọng khảo sát theo loại khảo sát,-,-,cx_cso,"[""cx_sur_surveys""]",Tỷ trọng khảo sát theo loại khảo sát,,"WITH t AS (
    SELECT COUNT(*) AS total_surveys
    FROM hive.bi_silver.cx_sur_surveys
)
SELECT
    survey_type,
    CAST(COUNT(*) AS DOUBLE) / NULLIF((SELECT total_surveys FROM t), 0) AS survey_share
FROM hive.bi_silver.cx_sur_surveys
GROUP BY survey_type
ORDER BY survey_share DESC"
1870,11,Tỷ trọng khảo sát theo danh mục sản phẩm,-,-,cx_cso,"[""cx_sur_surveys""]",Tỷ trọng khảo sát theo danh mục sản phẩm,,"WITH t AS (
    SELECT COUNT(*) AS total_surveys
    FROM hive.bi_silver.cx_sur_surveys
)
SELECT
    product_category,
    CAST(COUNT(*) AS DOUBLE) / NULLIF((SELECT total_surveys FROM t), 0) AS survey_share
FROM hive.bi_silver.cx_sur_surveys
GROUP BY product_category
ORDER BY survey_share DESC"
1871,12,Số lượng khảo sát đang hoạt động và không hoạt động,-,-,cx_cso,"[""cx_sur_surveys""]",Số lượng khảo sát đang hoạt động và không hoạt động,,"SELECT enabled, COUNT(*) AS total_surveys FROM hive.bi_silver.cx_sur_surveys GROUP BY enabled"
1872,13,Tỷ lệ khảo sát đang hoạt động trong hệ thống,-,-,cx_cso,"[""cx_sur_surveys""]",Tỷ lệ khảo sát đang hoạt động trong hệ thống,,"WITH t AS (
    SELECT COUNT(*) total_cnt,
           COUNT_IF(enabled = TRUE) active_cnt
    FROM hive.bi_silver.cx_sur_surveys
)
SELECT CAST(active_cnt AS DOUBLE) / NULLIF(total_cnt, 0) AS active_rate
FROM t"
1873,14,Số lượng khảo sát theo thư mục lưu trữ,-,-,cx_cso,"[""cx_sur_surveys""]",Số lượng khảo sát theo thư mục lưu trữ,,"SELECT folder_name, COUNT(*) AS total_surveys 
FROM hive.bi_silver.cx_sur_surveys 
GROUP BY folder_name 
ORDER BY total_surveys DESC"
1874,15,Xếp hạng các thư mục có nhiều khảo sát nhất,-,-,cx_cso,"[""cx_sur_surveys""]",Xếp hạng các thư mục có nhiều khảo sát nhất,,"SELECT folder_name, COUNT(*) AS total_surveys 
FROM hive.bi_silver.cx_sur_surveys 
GROUP BY folder_name 
ORDER BY total_surveys DESC 
LIMIT 10"
1875,16,Phân bố khảo sát theo loại khảo sát và danh mục sản phẩm,-,-,cx_cso,"[""cx_sur_surveys""]",Phân bố khảo sát theo loại khảo sát và danh mục sản phẩm,,"SELECT survey_type, product_category, COUNT(*) AS total_surveys 
FROM hive.bi_silver.cx_sur_surveys 
GROUP BY survey_type, product_category 
ORDER BY total_surveys DESC"
1876,17,Phân bố khảo sát theo hành trình khách hàng và loại khảo sát,-,-,cx_cso,"[""cx_sur_surveys""]",Phân bố khảo sát theo hành trình khách hàng và loại khảo sát,,"SELECT journey, survey_type, COUNT(*) AS total_surveys 
FROM hive.bi_silver.cx_sur_surveys 
GROUP BY journey, survey_type 
ORDER BY total_surveys DESC"
1877,18,Danh mục sản phẩm có ít khảo sát nhất,-,-,cx_cso,"[""cx_sur_surveys""]",Danh mục sản phẩm có ít khảo sát nhất,,"SELECT product_category, COUNT(*) AS total_surveys 
FROM hive.bi_silver.cx_sur_surveys 
GROUP BY product_category 
ORDER BY total_surveys ASC 
LIMIT 5"
1878,19,Điểm tiếp xúc khách hàng có ít khảo sát nhất,-,-,cx_cso,"[""cx_sur_surveys""]",Điểm tiếp xúc khách hàng có ít khảo sát nhất,,"SELECT customer_touchpoint, COUNT(*) AS total_surveys FROM hive.bi_silver.cx_sur_surveys GROUP BY customer_touchpoint ORDER BY total_surveys ASC LIMIT 5"
1879,20,Phát hiện các tháng có số khảo sát tạo bất thường cao hơn trung bình,-,-,cx_cso,"[""cx_sur_surveys""]",Phát hiện các tháng có số khảo sát tạo bất thường cao hơn trung bình,,"WITH monthly AS (
    SELECT
        date_trunc('month', created_at) AS month,
        COUNT(*) AS total_surveys
    FROM hive.bi_silver.cx_sur_surveys
    GROUP BY 1
),
stats AS (
    SELECT AVG(total_surveys) avg_cnt
    FROM monthly
)
SELECT
    m.month,
    m.total_surveys
FROM monthly m
CROSS JOIN stats s
WHERE m.total_surveys > s.avg_cnt * 2
ORDER BY m.month"
1880,21,Xu hướng số lượng khảo sát theo loại khảo sát theo tháng,-,-,cx_cso,"[""cx_sur_surveys""]",Xu hướng số lượng khảo sát theo loại khảo sát theo tháng,,"SELECT date_trunc('month', created_at) month, survey_type, COUNT(*) total_surveys 
FROM hive.bi_silver.cx_sur_surveys 
GROUP BY 1,2 
ORDER BY 1"
1881,22,Xu hướng số lượng khảo sát theo danh mục sản phẩm theo tháng,-,-,cx_cso,"[""cx_sur_surveys""]",Xu hướng số lượng khảo sát theo danh mục sản phẩm theo tháng,,"SELECT date_trunc('month', created_at) month,
       product_category,
       COUNT(*) total_surveys
FROM hive.bi_silver.cx_sur_surveys
GROUP BY 1, 2
ORDER BY 1"
1882,23,Xu hướng số lượng khảo sát theo hành trình khách hàng theo tháng,-,-,cx_cso,"[""cx_sur_surveys""]",Xu hướng số lượng khảo sát theo hành trình khách hàng theo tháng,,"SELECT date_trunc('month', created_at) month,
       journey,
       COUNT(*) total_surveys
FROM hive.bi_silver.cx_sur_surveys
GROUP BY 1, 2
ORDER BY 1"
1883,24,Xu hướng số lượng khảo sát theo touchpoint theo tháng,-,-,cx_cso,"[""cx_sur_surveys""]",Xu hướng số lượng khảo sát theo touchpoint theo tháng,,"SELECT date_trunc('month', created_at) month,
       customer_touchpoint,
       COUNT(*) total_surveys
FROM hive.bi_silver.cx_sur_surveys
GROUP BY 1, 2
ORDER BY 1"
1884,25,Tỷ trọng khảo sát theo hành trình khách hàng,-,-,cx_cso,"[""cx_sur_surveys""]",Tỷ trọng khảo sát theo hành trình khách hàng,,"WITH t AS (
    SELECT COUNT(*) total_cnt
    FROM hive.bi_silver.cx_sur_surveys
)
SELECT
    journey,
    CAST(COUNT(*) AS DOUBLE) / NULLIF((SELECT total_cnt FROM t), 0) AS share
FROM hive.bi_silver.cx_sur_surveys
GROUP BY journey
ORDER BY share DESC"
1885,26,Tỷ trọng khảo sát theo touchpoint khách hàng,-,-,cx_cso,"[""cx_sur_surveys""]",Tỷ trọng khảo sát theo touchpoint khách hàng,,"WITH t AS (
    SELECT COUNT(*) total_cnt
    FROM hive.bi_silver.cx_sur_surveys
)
SELECT
    customer_touchpoint,
    CAST(COUNT(*) AS DOUBLE) / NULLIF((SELECT total_cnt FROM t), 0) share
FROM hive.bi_silver.cx_sur_surveys
GROUP BY customer_touchpoint
ORDER BY share DESC"
1886,27,Xếp hạng các hành trình khách hàng có nhiều khảo sát nhất,-,-,cx_cso,"[""cx_sur_surveys""]",Xếp hạng các hành trình khách hàng có nhiều khảo sát nhất,,"SELECT journey, COUNT(*) total_surveys 
FROM hive.bi_silver.cx_sur_surveys 
GROUP BY journey 
ORDER BY total_surveys DESC"
1887,28,Xếp hạng các touchpoint có nhiều khảo sát nhất,-,-,cx_cso,"[""cx_sur_surveys""]",Xếp hạng các touchpoint có nhiều khảo sát nhất,,"SELECT customer_touchpoint, COUNT(*) total_surveys 
FROM hive.bi_silver.cx_sur_surveys 
GROUP BY customer_touchpoint 
ORDER BY total_surveys DESC"
1888,29,Số lượng khảo sát trung bình mỗi danh mục sản phẩm,-,-,cx_cso,"[""cx_sur_surveys""]",Số lượng khảo sát trung bình mỗi danh mục sản phẩm,,"SELECT AVG(cnt) avg_surveys_per_product FROM (SELECT product_category, COUNT(*) cnt FROM hive.bi_silver.cx_sur_surveys GROUP BY product_category) t"
1889,30,Số lượng khảo sát trung bình mỗi hành trình khách hàng,-,-,cx_cso,"[""cx_sur_surveys""]",Số lượng khảo sát trung bình mỗi hành trình khách hàng,,"SELECT AVG(cnt) avg_surveys_per_journey FROM (SELECT journey, COUNT(*) cnt FROM hive.bi_silver.cx_sur_surveys GROUP BY journey) t"
1890,31,Tỷ lệ khảo sát MobileSurvey trong tổng khảo sát,-,-,cx_cso,"[""cx_sur_surveys""]",Tỷ lệ khảo sát MobileSurvey trong tổng khảo sát,,"WITH t AS (
    SELECT
        COUNT(*) total_cnt,
        COUNT_IF(LOWER(survey_type) = LOWER('MobileSurvey')) mobile_cnt
    FROM hive.bi_silver.cx_sur_surveys
)
SELECT
    CAST(mobile_cnt AS DOUBLE) / NULLIF(total_cnt, 0) AS mobile_share
FROM t"
1891,32,Tỷ lệ khảo sát WidgetSurvey trong tổng khảo sát,-,-,cx_cso,"[""cx_sur_surveys""]",Tỷ lệ khảo sát WidgetSurvey trong tổng khảo sát,,"WITH t AS (
    SELECT
        COUNT(*) AS total_cnt,
        COUNT_IF(LOWER(survey_type) = LOWER('WidgetSurvey')) AS widget_cnt
    FROM hive.bi_silver.cx_sur_surveys
)
SELECT
    CAST(widget_cnt AS DOUBLE) / NULLIF(total_cnt, 0) AS widget_share
FROM t"
1892,33,Tỷ lệ khảo sát PageSurvey trong tổng khảo sát,-,-,cx_cso,"[""cx_sur_surveys""]",Tỷ lệ khảo sát PageSurvey trong tổng khảo sát,,"WITH t AS (
    SELECT
        COUNT(*) total_cnt,
        COUNT_IF(LOWER(survey_type) = LOWER('PageSurvey')) page_cnt
    FROM hive.bi_silver.cx_sur_surveys
)
SELECT CAST(page_cnt AS DOUBLE) / NULLIF(total_cnt, 0) page_share
FROM t"
1893,34,Xu hướng tỷ lệ khảo sát đang hoạt động theo tháng,-,-,cx_cso,"[""cx_sur_surveys""]",Xu hướng tỷ lệ khảo sát đang hoạt động theo tháng,,"SELECT date_trunc('month', created_at) month,
       CAST(COUNT_IF(enabled=TRUE) AS DOUBLE) / NULLIF(COUNT(*),0) active_rate
FROM hive.bi_silver.cx_sur_surveys
GROUP BY 1
ORDER BY 1"
1894,35,Số lượng khảo sát mới tạo theo tuần,-,-,cx_cso,"[""cx_sur_surveys""]",Số lượng khảo sát mới tạo theo tuần,,"SELECT date_trunc('week', created_at) week,
       COUNT(*) total_surveys
FROM hive.bi_silver.cx_sur_surveys
GROUP BY 1
ORDER BY 1"
1895,36,Số lượng khảo sát theo thư mục và loại khảo sát,-,-,cx_cso,"[""cx_sur_surveys""]",Số lượng khảo sát theo thư mục và loại khảo sát,,"SELECT folder_name, survey_type, COUNT(*) total_surveys FROM hive.bi_silver.cx_sur_surveys GROUP BY 1,2 ORDER BY total_surveys DESC"
1896,37,Phân bố khảo sát theo hành trình và danh mục sản phẩm,-,-,cx_cso,"[""cx_sur_surveys""]",Phân bố khảo sát theo hành trình và danh mục sản phẩm,,"SELECT journey, product_category, COUNT(*) total_surveys 
FROM hive.bi_silver.cx_sur_surveys 
GROUP BY 1,2 
ORDER BY total_surveys DESC"
1897,38,Top 5 danh mục sản phẩm có nhiều khảo sát nhất,-,-,cx_cso,"[""cx_sur_surveys""]",Top 5 danh mục sản phẩm có nhiều khảo sát nhất,,"SELECT product_category, COUNT(*) total_surveys 
FROM hive.bi_silver.cx_sur_surveys 
GROUP BY product_category 
ORDER BY total_surveys DESC 
LIMIT 5"
1898,39,Top 5 touchpoint có nhiều khảo sát nhất,-,-,cx_cso,"[""cx_sur_surveys""]",Top 5 touchpoint có nhiều khảo sát nhất,,"SELECT customer_touchpoint, COUNT(*) total_surveys 
FROM hive.bi_silver.cx_sur_surveys 
GROUP BY customer_touchpoint 
ORDER BY total_surveys DESC 
LIMIT 5"
1899,40,Top 5 hành trình khách hàng có nhiều khảo sát nhất,-,-,cx_cso,"[""cx_sur_surveys""]",Top 5 hành trình khách hàng có nhiều khảo sát nhất,,"SELECT journey, COUNT(*) total_surveys FROM hive.bi_silver.cx_sur_surveys GROUP BY journey ORDER BY total_surveys DESC LIMIT 5"
1900,41,Danh mục sản phẩm chưa có khảo sát hoạt động,-,-,cx_cso,"[""cx_sur_surveys""]",Danh mục sản phẩm chưa có khảo sát hoạt động,,SELECT product_category FROM hive.bi_silver.cx_sur_surveys GROUP BY product_category HAVING COUNT_IF(enabled=TRUE)=0
1901,42,Hành trình khách hàng chưa có khảo sát hoạt động,-,-,cx_cso,"[""cx_sur_surveys""]",Hành trình khách hàng chưa có khảo sát hoạt động,,"SELECT journey
FROM hive.bi_silver.cx_sur_surveys
GROUP BY journey
HAVING COUNT_IF(enabled = TRUE) = 0"
1902,43,Touchpoint chưa có khảo sát hoạt động,-,-,cx_cso,"[""cx_sur_surveys""]",Touchpoint chưa có khảo sát hoạt động,,"SELECT customer_touchpoint 
FROM hive.bi_silver.cx_sur_surveys 
GROUP BY customer_touchpoint 
HAVING COUNT_IF(enabled=TRUE)=0"
1903,44,Số lượng khảo sát đang hoạt động theo danh mục sản phẩm,-,-,cx_cso,"[""cx_sur_surveys""]",Số lượng khảo sát đang hoạt động theo danh mục sản phẩm,,"SELECT product_category, COUNT_IF(enabled=TRUE) active_surveys FROM hive.bi_silver.cx_sur_surveys GROUP BY product_category ORDER BY active_surveys DESC"
1904,45,Số lượng khảo sát đang hoạt động theo touchpoint,-,-,cx_cso,"[""cx_sur_surveys""]",Số lượng khảo sát đang hoạt động theo touchpoint,,"SELECT customer_touchpoint, COUNT_IF(enabled=TRUE) active_surveys FROM hive.bi_silver.cx_sur_surveys GROUP BY customer_touchpoint ORDER BY active_surveys DESC"
1905,46,Số lượng khảo sát đang hoạt động theo journey,-,-,cx_cso,"[""cx_sur_surveys""]",Số lượng khảo sát đang hoạt động theo journey,,"SELECT journey, COUNT_IF(enabled=TRUE) active_surveys FROM hive.bi_silver.cx_sur_surveys GROUP BY journey ORDER BY active_surveys DESC"
1906,47,Xu hướng số lượng khảo sát theo folder theo tháng,-,-,cx_cso,"[""cx_sur_surveys""]",Xu hướng số lượng khảo sát theo folder theo tháng,,"SELECT date_trunc('month', created_at) month,
       folder_name,
       COUNT(*) total_surveys
FROM hive.bi_silver.cx_sur_surveys
GROUP BY 1, 2
ORDER BY 1"
1907,48,Top 10 folder có nhiều khảo sát nhất,-,-,cx_cso,"[""cx_sur_surveys""]",Top 10 folder có nhiều khảo sát nhất,,"SELECT folder_name, COUNT(*) total_surveys FROM hive.bi_silver.cx_sur_surveys GROUP BY folder_name ORDER BY total_surveys DESC LIMIT 10"
1908,49,Phát hiện các tháng có số khảo sát tăng đột biến so với trung bình,-,-,cx_cso,"[""cx_sur_surveys""]",Phát hiện các tháng có số khảo sát tăng đột biến so với trung bình,,"WITH monthly AS (
    SELECT date_trunc('month', created_at) month,
           COUNT(*) cnt
    FROM hive.bi_silver.cx_sur_surveys
    GROUP BY 1
), stats AS (
    SELECT AVG(cnt) avg_cnt
    FROM monthly
)
SELECT month,
       cnt
FROM monthly
CROSS JOIN stats
WHERE cnt > avg_cnt * 2
ORDER BY month"
1909,50,Số lượng survey_type khác nhau trong hệ thống,-,-,cx_cso,"[""cx_sur_surveys""]",Số lượng survey_type khác nhau trong hệ thống,,SELECT COUNT(DISTINCT survey_type) total_types FROM hive.bi_silver.cx_sur_surveys
1910,51,Số lượng danh mục sản phẩm khác nhau được khảo sát,-,-,cx_cso,"[""cx_sur_surveys""]",Số lượng danh mục sản phẩm khác nhau được khảo sát,,"SELECT COUNT(DISTINCT product_category) total_products
FROM hive.bi_silver.cx_sur_surveys"
1911,52,Số lượng touchpoint khác nhau được khảo sát,-,-,cx_cso,"[""cx_sur_surveys""]",Số lượng touchpoint khác nhau được khảo sát,,SELECT COUNT(DISTINCT customer_touchpoint) total_touchpoints FROM hive.bi_silver.cx_sur_surveys
1912,53,Số lượng journey khác nhau được khảo sát,-,-,cx_cso,"[""cx_sur_surveys""]",Số lượng journey khác nhau được khảo sát,,SELECT COUNT(DISTINCT journey) total_journeys FROM hive.bi_silver.cx_sur_surveys
1913,54,Tỷ trọng khảo sát theo folder,-,-,cx_cso,"[""cx_sur_surveys""]",Tỷ trọng khảo sát theo folder,,"WITH t AS (
    SELECT COUNT(*) total_cnt
    FROM hive.bi_silver.cx_sur_surveys
)
SELECT
    folder_name,
    CAST(COUNT(*) AS DOUBLE) / NULLIF((SELECT total_cnt FROM t), 0) AS share
FROM hive.bi_silver.cx_sur_surveys
GROUP BY folder_name
ORDER BY share DESC"
1914,55,Folder có nhiều khảo sát MobileSurvey nhất,-,-,cx_cso,"[""cx_sur_surveys""]",Folder có nhiều khảo sát MobileSurvey nhất,,"SELECT folder_name, COUNT(*) total_mobile
FROM hive.bi_silver.cx_sur_surveys
WHERE LOWER(survey_type) = LOWER('MobileSurvey')
GROUP BY folder_name
ORDER BY total_mobile DESC"
1915,56,Folder có nhiều khảo sát WidgetSurvey nhất,-,-,cx_cso,"[""cx_sur_surveys""]",Folder có nhiều khảo sát WidgetSurvey nhất,,"SELECT folder_name, COUNT(*) total_widget
FROM hive.bi_silver.cx_sur_surveys
WHERE LOWER(survey_type) = LOWER('WidgetSurvey')
GROUP BY folder_name
ORDER BY total_widget DESC"
1916,57,Folder có nhiều khảo sát PageSurvey nhất,-,-,cx_cso,"[""cx_sur_surveys""]",Folder có nhiều khảo sát PageSurvey nhất,,"SELECT folder_name, COUNT(*) total_page
FROM hive.bi_silver.cx_sur_surveys
WHERE LOWER(survey_type) = LOWER('PageSurvey')
GROUP BY folder_name
ORDER BY total_page DESC"
1917,58,Số lượng khảo sát theo product_category và survey_type,-,-,cx_cso,"[""cx_sur_surveys""]",Số lượng khảo sát theo product_category và survey_type,,"SELECT product_category, survey_type, COUNT(*) total_surveys 
FROM hive.bi_silver.cx_sur_surveys 
GROUP BY 1, 2 
ORDER BY total_surveys DESC"
1918,59,Số lượng khảo sát theo journey và touchpoint,-,-,cx_cso,"[""cx_sur_surveys""]",Số lượng khảo sát theo journey và touchpoint,,"SELECT journey, customer_touchpoint, COUNT(*) total_surveys 
FROM hive.bi_silver.cx_sur_surveys 
GROUP BY 1,2 
ORDER BY total_surveys DESC"
1919,60,Phát hiện các danh mục sản phẩm có số khảo sát thấp bất thường so với trung bình,-,-,cx_cso,"[""cx_sur_surveys""]",Phát hiện các danh mục sản phẩm có số khảo sát thấp bất thường so với trung bình,,"WITH t AS (
    SELECT product_category, COUNT(*) cnt
    FROM hive.bi_silver.cx_sur_surveys
    GROUP BY product_category
), stats AS (
    SELECT AVG(cnt) avg_cnt
    FROM t
)
SELECT product_category, cnt
FROM t
CROSS JOIN stats
WHERE cnt < avg_cnt * 0.3
ORDER BY cnt"
1920,1,Tổng số phản hồi khảo sát theo tên khảo sát,-,-,cx_cso,"[""cx_sur_question_response"",""cx_sur_surveys""]",Tổng số phản hồi khảo sát theo tên khảo sát,,"SELECT s.survey_name, COUNT(*) total_answers
FROM hive.bi_silver.cx_sur_question_response f
JOIN hive.bi_silver.cx_sur_surveys s
  ON f.survey_id = s.survey_id
GROUP BY s.survey_name
ORDER BY total_answers DESC"
1921,2,Số lượng người trả lời khảo sát theo tên khảo sát,-,-,cx_cso,"[""cx_sur_question_response"",""cx_sur_surveys""]",Số lượng người trả lời khảo sát theo tên khảo sát,,"SELECT s.survey_name, COUNT(DISTINCT f.respondent_uuid) respondents 
FROM hive.bi_silver.cx_sur_question_response f 
JOIN hive.bi_silver.cx_sur_surveys s 
  ON f.survey_id = s.survey_id 
GROUP BY s.survey_name 
ORDER BY respondents DESC"
1922,3,Số lượng phản hồi khảo sát theo danh mục sản phẩm khảo sát,-,-,cx_cso,"[""cx_sur_question_response"",""cx_sur_surveys""]",Số lượng phản hồi khảo sát theo danh mục sản phẩm khảo sát,,"SELECT s.product_category, COUNT(*) total_answers 
FROM hive.bi_silver.cx_sur_question_response f 
JOIN hive.bi_silver.cx_sur_surveys s 
  ON f.survey_id = s.survey_id 
GROUP BY s.product_category 
ORDER BY total_answers DESC"
1923,4,Số lượng phản hồi khảo sát theo journey của survey,-,-,cx_cso,"[""cx_sur_question_response"",""cx_sur_surveys""]",Số lượng phản hồi khảo sát theo journey của survey,,"SELECT s.journey, COUNT(*) total_answers 
FROM hive.bi_silver.cx_sur_question_response f 
JOIN hive.bi_silver.cx_sur_surveys s 
  ON f.survey_id = s.survey_id 
GROUP BY s.journey 
ORDER BY total_answers DESC"
1924,5,Xu hướng số lượng phản hồi khảo sát theo tháng và loại survey,-,-,cx_cso,"[""cx_sur_question_response"",""cx_sur_surveys""]",Xu hướng số lượng phản hồi khảo sát theo tháng và loại survey,,"SELECT date_trunc('month', f.collected_date) month, s.survey_type, COUNT(*) total_answers 
FROM hive.bi_silver.cx_sur_question_response f 
JOIN hive.bi_silver.cx_sur_surveys s ON f.survey_id = s.survey_id 
GROUP BY 1,2 
ORDER BY 1"
1925,6,Tỷ lệ promoter theo danh mục sản phẩm khảo sát,-,-,cx_cso,"[""cx_sur_question_response"",""cx_sur_surveys""]",Tỷ lệ promoter theo danh mục sản phẩm khảo sát,,"SELECT s.product_category,
       CAST(COUNT_IF(LOWER(f.answer_tag) = LOWER('promoter')) AS DOUBLE) / NULLIF(COUNT(*),0) AS promoter_rate
FROM hive.bi_silver.cx_sur_question_response f
JOIN hive.bi_silver.cx_sur_surveys s ON f.survey_id = s.survey_id
GROUP BY s.product_category
ORDER BY promoter_rate DESC"
1926,7,Tỷ lệ detractor theo danh mục sản phẩm khảo sát,-,-,cx_cso,"[""cx_sur_question_response"",""cx_sur_surveys""]",Tỷ lệ detractor theo danh mục sản phẩm khảo sát,,"SELECT s.product_category,
       CAST(COUNT_IF(LOWER(f.answer_tag) = LOWER('detractor')) AS DOUBLE) / NULLIF(COUNT(*), 0) AS detractor_rate
FROM hive.bi_silver.cx_sur_question_response f
JOIN hive.bi_silver.cx_sur_surveys s ON f.survey_id = s.survey_id
GROUP BY s.product_category
ORDER BY detractor_rate DESC"
1927,11,Số lượng phản hồi theo nội dung lựa chọn câu trả lời,-,-,cx_cso,"[""cx_sur_question_response"",""cx_sur_question_answer_choices""]",Số lượng phản hồi theo nội dung lựa chọn câu trả lời,,"SELECT c.answer_choice_content, COUNT(*) total_answers 
FROM hive.bi_silver.cx_sur_question_response f 
JOIN hive.bi_silver.cx_sur_question_answer_choices c 
  ON f.choice_id = c.answer_choice_id 
GROUP BY c.answer_choice_content 
ORDER BY total_answers DESC"
1928,12,Xếp hạng các lựa chọn câu trả lời được chọn nhiều nhất,-,-,cx_cso,"[""cx_sur_question_response"",""cx_sur_question_answer_choices""]",Xếp hạng các lựa chọn câu trả lời được chọn nhiều nhất,,"SELECT c.answer_choice_content, COUNT(*) total_answers 
FROM hive.bi_silver.cx_sur_question_response f 
JOIN hive.bi_silver.cx_sur_question_answer_choices c 
  ON f.choice_id = c.answer_choice_id 
GROUP BY c.answer_choice_content 
ORDER BY total_answers DESC 
LIMIT 10"
1929,19,Số lượng respondent trung bình mỗi survey,-,-,cx_cso,"[""cx_sur_question_response""]",Số lượng respondent trung bình mỗi survey,,"SELECT AVG(cnt) avg_respondents 
FROM (
    SELECT survey_id, COUNT(DISTINCT respondent_uuid) cnt 
    FROM hive.bi_silver.cx_sur_question_response 
    GROUP BY survey_id
) t"
1930,20,Số lượng phản hồi trung bình mỗi respondent,-,-,cx_cso,"[""cx_sur_question_response""]",Số lượng phản hồi trung bình mỗi respondent,,"SELECT CAST(COUNT(*) AS DOUBLE) / NULLIF(CAST(COUNT(DISTINCT respondent_uuid) AS DOUBLE), 0) AS avg_answers_per_user
FROM hive.bi_silver.cx_sur_question_response"
1931,28,Phát hiện survey có số phản hồi bất thường cao,-,-,cx_cso,"[""cx_sur_question_response""]",Phát hiện survey có số phản hồi bất thường cao,,"WITH t AS (
    SELECT survey_id, COUNT(*) cnt
    FROM hive.bi_silver.cx_sur_question_response
    GROUP BY survey_id
), s AS (
    SELECT AVG(cnt) avg_cnt
    FROM t
)
SELECT t.survey_id, t.cnt
FROM t
CROSS JOIN s
WHERE t.cnt > s.avg_cnt * 3"
1932,1,Tỷ lệ phản hồi khảo sát theo survey_name và survey_type,,,cx_cso,"[""cx_sur_question_response"",""cx_sur_surveys""]",Tỷ lệ phản hồi khảo sát theo survey_name và survey_type,,"SELECT s.survey_name,
       s.survey_type,
       CAST(COUNT(f.response_id) AS DOUBLE) / NULLIF(CAST(SUM(COUNT(f.response_id)) OVER() AS DOUBLE), 0) AS response_rate
FROM hive.bi_silver.cx_sur_question_response f
JOIN hive.bi_silver.cx_sur_surveys s ON f.survey_id = s.survey_id
GROUP BY s.survey_name, s.survey_type"
1933,2,Số lượng người trả lời (distinct respondent_uuid) theo từng survey_name,,,cx_cso,"[""cx_sur_question_response"",""cx_sur_surveys""]",Số lượng người trả lời (distinct respondent_uuid) theo từng survey_name,,"SELECT s.survey_name, COUNT(DISTINCT f.respondent_uuid) AS respondents
FROM hive.bi_silver.cx_sur_question_response f
JOIN hive.bi_silver.cx_sur_surveys s ON f.survey_id = s.survey_id
GROUP BY s.survey_name"
1934,3,Tỷ lệ hoàn thành khảo sát theo survey_name dựa trên số câu hỏi trong survey,,,cx_cso,"[""cx_sur_question_response"",""cx_sur_surveys"",""cx_sur_question_answer_choices""]",Tỷ lệ hoàn thành khảo sát theo survey_name dựa trên số câu hỏi trong survey,,"SELECT
    s.survey_name,
    CAST(COUNT(DISTINCT f.response_id) * 1.0 AS DOUBLE) / NULLIF(COUNT(DISTINCT q.question_id), 0) AS completion_rate
FROM hive.bi_silver.cx_sur_question_response f
JOIN hive.bi_silver.cx_sur_surveys s
    ON f.survey_id = s.survey_id
JOIN hive.bi_silver.cx_sur_question_answer_choices q
    ON f.question_id = q.question_id
GROUP BY
    s.survey_name"
1935,4,Số lượng câu hỏi trung bình mỗi khảo sát theo survey_name,,,cx_cso,"[""cx_sur_surveys"",""cx_sur_question_answer_choices""]",Số lượng câu hỏi trung bình mỗi khảo sát theo survey_name,,"SELECT s.survey_name, COUNT(DISTINCT q.question_id) AS total_questions 
FROM hive.bi_silver.cx_sur_surveys s 
JOIN hive.bi_silver.cx_sur_question_answer_choices q 
  ON s.survey_id = q.survey_id 
GROUP BY s.survey_name"
1936,28,Số lượng lựa chọn trung bình cho mỗi question_id,,,cx_cso,"[""cx_sur_question_answer_choices""]",Số lượng lựa chọn trung bình cho mỗi question_id,,"SELECT AVG(choice_count) FROM (SELECT question_id, COUNT(*) AS choice_count FROM hive.bi_silver.cx_sur_question_answer_choices GROUP BY question_id) t"
1937,1,Tổng số nhân viên hiện có trong hệ thống HR,,,hr,"[""hr_employee_onboard""]",Tổng số nhân viên hiện có trong hệ thống HR,,SELECT COUNT(DISTINCT employee_code) AS total_employees FROM hive.bi_silver.hr_employee_onboard
1938,2,Số lượng nhân viên theo trạng thái hiện tại,,,hr,"[""hr_employee_onboard""]",Số lượng nhân viên theo trạng thái hiện tại,,"SELECT current_status, COUNT(DISTINCT employee_code) AS employee_count 
FROM hive.bi_silver.hr_employee_onboard 
GROUP BY current_status"
1939,3,Số lượng nhân viên theo chi nhánh,,,hr,"[""hr_employee_onboard""]",Số lượng nhân viên theo chi nhánh,,"SELECT branch, COUNT(DISTINCT employee_code) AS employee_count
FROM hive.bi_silver.hr_employee_onboard
GROUP BY branch"
1940,4,Tỷ trọng nhân viên theo giới tính,,,hr,"[""hr_employee_onboard""]",Tỷ trọng nhân viên theo giới tính,,"WITH base AS (
    SELECT gender,
           COUNT(DISTINCT employee_code) AS cnt
    FROM hive.bi_silver.hr_employee_onboard
    GROUP BY gender
), total AS (
    SELECT SUM(cnt) AS total_cnt
    FROM base
)
SELECT b.gender,
       b.cnt,
       CAST(b.cnt AS DOUBLE) / NULLIF(t.total_cnt, 0) AS gender_share
FROM base b
CROSS JOIN total t"
1941,5,Phân bố nhân viên theo nhóm độ tuổi,,,hr,"[""hr_employee_onboard""]",Phân bố nhân viên theo nhóm độ tuổi,,"SELECT age_group, COUNT(DISTINCT employee_code) AS employee_count 
FROM hive.bi_silver.hr_employee_onboard 
GROUP BY age_group"
1942,6,Top 10 đơn vị cấp 1 có nhiều nhân viên nhất,,,hr,"[""hr_employee_onboard""]",Top 10 đơn vị cấp 1 có nhiều nhân viên nhất,,"SELECT business_unit_level_1, COUNT(DISTINCT employee_code) AS employee_count FROM hive.bi_silver.hr_employee_onboard GROUP BY business_unit_level_1 ORDER BY employee_count DESC LIMIT 10"
1943,7,Số lượng nhân viên theo job level,,,hr,"[""hr_employee_onboard""]",Số lượng nhân viên theo job level,,"SELECT job_level, COUNT(DISTINCT employee_code) AS employee_count 
FROM hive.bi_silver.hr_employee_onboard 
GROUP BY job_level"
1944,10,Tỷ lệ nhân viên là key employee trong tổ chức,,,hr,"[""hr_employee_onboard""]",Tỷ lệ nhân viên là key employee trong tổ chức,,"WITH base AS (
    SELECT COUNT(*) AS total_cnt,
           SUM(CASE WHEN is_key_employee = 1 THEN 1 ELSE 0 END) AS key_cnt
    FROM hive.bi_silver.hr_employee_onboard
)
SELECT key_cnt,
       total_cnt,
       CAST(key_cnt AS DOUBLE) / NULLIF(CAST(total_cnt AS DOUBLE), 0) AS key_employee_rate
FROM base"
1945,14,Tỷ trọng nhân viên theo division,,,hr,"[""hr_employee_onboard""]",Tỷ trọng nhân viên theo division,,"WITH base AS (
    SELECT division, COUNT(DISTINCT employee_code) AS cnt
    FROM hive.bi_silver.hr_employee_onboard
    GROUP BY division
), total AS (
    SELECT SUM(cnt) AS total_cnt
    FROM base
)
SELECT b.division,
       b.cnt,
       CAST(b.cnt AS DOUBLE) / NULLIF(t.total_cnt, 0) AS division_share
FROM base b
CROSS JOIN total t"
1946,21,Tỷ lệ nhân viên nghỉ việc trên tổng nhân sự,,,hr,"[""hr_employee_onboard""]",Tỷ lệ nhân viên nghỉ việc trên tổng nhân sự,,"WITH base AS (
    SELECT
        COUNT(*) AS total_emp,
        SUM(CASE WHEN termination_date IS NOT NULL THEN 1 ELSE 0 END) AS exit_emp
    FROM hive.bi_silver.hr_employee_onboard
)
SELECT
    exit_emp,
    total_emp,
    CAST(exit_emp AS DOUBLE) / NULLIF(CAST(total_emp AS DOUBLE), 0) AS attrition_rate
FROM base"
1947,22,Tỷ lệ nghỉ việc theo division,,,hr,"[""hr_employee_onboard""]",Tỷ lệ nghỉ việc theo division,,"WITH base AS (
    SELECT division,
           COUNT(*) AS total_emp,
           SUM(CASE WHEN termination_date IS NOT NULL THEN 1 ELSE 0 END) AS exit_emp
    FROM hive.bi_silver.hr_employee_onboard
    GROUP BY division
)
SELECT division,
       exit_emp,
       total_emp,
       exit_emp / NULLIF(total_emp,0) AS attrition_rate
FROM base"
1948,23,Tỷ lệ nhân viên có hiệu suất HIGH theo division,,,hr,"[""hr_employee_onboard""]",Tỷ lệ nhân viên có hiệu suất HIGH theo division,,"WITH base AS (
    SELECT
        division,
        COUNT(*) AS total_emp,
        SUM(CASE WHEN LOWER(performance_level) = LOWER('HIGH') THEN 1 ELSE 0 END) AS high_perf
    FROM hive.bi_silver.hr_employee_onboard
    GROUP BY division
)
SELECT
    division,
    high_perf,
    total_emp,
    high_perf / NULLIF(total_emp, 0) AS high_perf_rate
FROM base"
1949,25,Chỉ số Talent Density (tỷ lệ nhân viên vừa hiệu suất cao vừa tiềm năng cao),,,hr,"[""hr_employee_onboard""]",Chỉ số Talent Density (tỷ lệ nhân viên vừa hiệu suất cao vừa tiềm năng cao),,"WITH base AS (
    SELECT
        COUNT(*) AS total_emp,
        SUM(
            CASE
                WHEN LOWER(performance_level) = LOWER('HIGH')
                 AND LOWER(potential_level) = LOWER('HIGH')
                THEN 1
                ELSE 0
            END
        ) AS star_emp
    FROM hive.bi_silver.hr_employee_onboard
)
SELECT
    star_emp,
    total_emp,
    star_emp / NULLIF(CAST(total_emp AS DOUBLE), 0) AS talent_density
FROM base"
1950,29,Phân bố nhân viên theo technical grade band,,,hr,"[""hr_employee_onboard""]",Phân bố nhân viên theo technical grade band,,"SELECT technical_grade_band, COUNT(*) AS employee_count 
FROM hive.bi_silver.hr_employee_onboard 
GROUP BY technical_grade_band"
1951,36,Top 10 đơn vị có số nhân viên chủ chốt nhiều nhất,,,hr,"[""hr_employee_onboard""]",Top 10 đơn vị có số nhân viên chủ chốt nhiều nhất,,"SELECT business_unit_level_1, SUM(CASE WHEN is_key_employee=1 THEN 1 ELSE 0 END) AS key_employee_count FROM hive.bi_silver.hr_employee_onboard GROUP BY business_unit_level_1 ORDER BY key_employee_count DESC LIMIT 10"
1952,37,Phát hiện đơn vị có tỷ lệ nghỉ việc cao bất thường (>20%),,,hr,"[""hr_employee_onboard""]",Phát hiện đơn vị có tỷ lệ nghỉ việc cao bất thường (>20%),,"WITH base AS (
    SELECT
        unit_level_1,
        CAST(COUNT(*) AS DOUBLE) AS total_emp,
        SUM(CASE WHEN termination_date IS NOT NULL THEN 1 ELSE 0 END) AS exit_emp
    FROM hive.bi_silver.hr_employee_onboard
    GROUP BY unit_level_1
)
SELECT
    unit_level_1,
    exit_emp,
    total_emp,
    exit_emp / NULLIF(total_emp, 0) AS attrition_rate
FROM base
WHERE exit_emp / NULLIF(total_emp, 0) > 0.2"
1953,38,Tỷ lệ nhân viên có high potential nhưng hiệu suất không cao,,,hr,"[""hr_employee_onboard""]",Tỷ lệ nhân viên có high potential nhưng hiệu suất không cao,,"WITH base AS (
    SELECT
        COUNT(*) AS total_emp,
        SUM(CASE WHEN LOWER(potential_level) = LOWER('HIGH') AND LOWER(performance_level) <> LOWER('HIGH') THEN 1 ELSE 0 END) AS misaligned_emp
    FROM hive.bi_silver.hr_employee_onboard
)
SELECT
    misaligned_emp,
    total_emp,
    misaligned_emp / NULLIF(CAST(total_emp AS DOUBLE), 0) AS talent_misalignment_rate
FROM base"
1954,41,Chỉ số tập trung nhân tài (Talent concentration) theo division,,,hr,"[""hr_employee_onboard""]",Chỉ số tập trung nhân tài (Talent concentration) theo division,,"WITH base AS (
    SELECT division, COUNT(*) AS emp_count
    FROM hive.bi_silver.hr_employee_onboard
    GROUP BY division
), total AS (
    SELECT SUM(emp_count) AS total_emp
    FROM base
)
SELECT
    b.division,
    b.emp_count,
    CAST(b.emp_count AS DOUBLE) / NULLIF(t.total_emp, 0) AS talent_share
FROM base b
CROSS JOIN total t"
1955,42,Top 10 đơn vị có nhiều nhân viên hiệu suất HIGH nhất,,,hr,"[""hr_employee_onboard""]",Top 10 đơn vị có nhiều nhân viên hiệu suất HIGH nhất,,"SELECT business_unit_level_1, SUM(CASE WHEN LOWER(performance_level) = LOWER('HIGH') THEN 1 ELSE 0 END) AS high_perf_count FROM hive.bi_silver.hr_employee_onboard GROUP BY business_unit_level_1 ORDER BY high_perf_count DESC LIMIT 10"
1956,43,Tỷ lệ nhân viên hiệu suất thấp theo division,,,hr,"[""hr_employee_onboard""]",Tỷ lệ nhân viên hiệu suất thấp theo division,,"WITH base AS (
    SELECT
        division,
        COUNT(*) AS total_emp,
        SUM(CASE WHEN LOWER(performance_level) = LOWER('LOW') THEN 1 ELSE 0 END) AS low_perf
    FROM hive.bi_silver.hr_employee_onboard
    GROUP BY division
)
SELECT
    division,
    low_perf,
    total_emp,
    low_perf / NULLIF(CAST(total_emp AS DOUBLE), 0) AS low_perf_rate
FROM base"
1957,44,Phân bố nhân viên theo technical grade level,,,hr,"[""hr_employee_onboard""]",Phân bố nhân viên theo technical grade level,,"SELECT technical_grade_level, COUNT(*) AS employee_count 
FROM hive.bi_silver.hr_employee_onboard 
GROUP BY technical_grade_level"
1958,48,Phân bố nhân viên theo employee type,,,hr,"[""hr_employee_onboard""]",Phân bố nhân viên theo employee type,,"SELECT employee_type, COUNT(*) AS employee_count FROM hive.bi_silver.hr_employee_onboard GROUP BY employee_type"
1959,49,Tỷ lệ nhân viên chủ chốt theo division,,,hr,"[""hr_employee_onboard""]",Tỷ lệ nhân viên chủ chốt theo division,,"WITH base AS (
    SELECT
        division,
        COUNT(*) total_emp,
        SUM(CASE WHEN is_key_employee = 1 THEN 1 ELSE 0 END) key_emp
    FROM hive.bi_silver.hr_employee_onboard
    GROUP BY division
)
SELECT
    division,
    key_emp,
    total_emp,
    key_emp / NULLIF(CAST(total_emp AS DOUBLE), 0) AS key_ratio
FROM base"
1960,56,Phân bố nhân viên theo nhóm quản lý,,,hr,"[""hr_employee_onboard""]",Phân bố nhân viên theo nhóm quản lý,,"SELECT management_level, COUNT(*) AS employee_count 
FROM hive.bi_silver.hr_employee_onboard 
GROUP BY management_level"
1961,61,Số lượng nhân viên theo unit level 1,,,hr,"[""hr_employee_onboard""]",Số lượng nhân viên theo unit level 1,,"SELECT business_unit_level_1, COUNT(*) AS employee_count 
FROM hive.bi_silver.hr_employee_onboard 
GROUP BY business_unit_level_1"
1962,62,Tỷ lệ nhân viên làm việc tại chi nhánh HN,,,hr,"[""hr_employee_onboard""]",Tỷ lệ nhân viên làm việc tại chi nhánh HN,,"WITH base AS (
    SELECT
        COUNT(*) total_emp,
        SUM(CASE WHEN LOWER(branch) = LOWER('VCS - HN') THEN 1 ELSE 0 END) hn_emp
    FROM hive.bi_silver.hr_employee_onboard
)
SELECT
    hn_emp,
    total_emp,
    hn_emp / NULLIF(CAST(total_emp AS DOUBLE), 0) AS hn_ratio
FROM base"
1963,63,Phân bố nhân viên theo division,,,hr,"[""hr_employee_onboard""]",Phân bố nhân viên theo division,,"SELECT division, COUNT(*) AS employee_count FROM hive.bi_silver.hr_employee_onboard GROUP BY division"
1964,66,Top 10 đơn vị có nhiều nhân viên HIGH potential nhất,,,hr,"[""hr_employee_onboard""]",Top 10 đơn vị có nhiều nhân viên HIGH potential nhất,,"SELECT business_unit_level_1,
       SUM(CASE WHEN LOWER(potential_level) = LOWER('HIGH') THEN 1 ELSE 0 END) AS high_potential_count
FROM hive.bi_silver.hr_employee_onboard
GROUP BY business_unit_level_1
ORDER BY high_potential_count DESC
LIMIT 10"
1965,68,Tỷ lệ nhân viên thuộc nhóm technical grade band Vùng 3,,,hr,"[""hr_employee_onboard""]",Tỷ lệ nhân viên thuộc nhóm technical grade band Vùng 3,,"WITH base AS (
    SELECT
        COUNT(*) total_emp,
        SUM(CASE WHEN LOWER(technical_grade_band) = LOWER('Vùng 3') THEN 1 ELSE 0 END) band3_emp
    FROM hive.bi_silver.hr_employee_onboard
)
SELECT
    band3_emp,
    total_emp,
    band3_emp / NULLIF(CAST(total_emp AS DOUBLE), 0) AS band3_ratio
FROM base"
1966,71,Phân bố nhân viên theo gender và division,,,hr,"[""hr_employee_onboard""]",Phân bố nhân viên theo gender và division,,"SELECT division, gender, COUNT(*) AS employee_count 
FROM hive.bi_silver.hr_employee_onboard 
GROUP BY division, gender"
1967,75,Top 10 đơn vị có nhiều nhân viên HIGH performance và HIGH potential nhất,,,hr,"[""hr_employee_onboard""]",Top 10 đơn vị có nhiều nhân viên HIGH performance và HIGH potential nhất,,"SELECT business_unit_level_1,
       SUM(CASE WHEN LOWER(performance_level) = LOWER('HIGH') AND LOWER(potential_level) = LOWER('HIGH') THEN 1 ELSE 0 END) star_talent_count
FROM hive.bi_silver.hr_employee_onboard
GROUP BY business_unit_level_1
ORDER BY star_talent_count DESC
LIMIT 10"
1968,78,Top 10 đơn vị có nhiều nhân viên HIGH performance nhất,,,hr,"[""hr_employee_onboard""]",Top 10 đơn vị có nhiều nhân viên HIGH performance nhất,,"SELECT business_unit_level_1, SUM(CASE WHEN LOWER(performance_level) = LOWER('HIGH') THEN 1 ELSE 0 END) AS high_perf_count FROM hive.bi_silver.hr_employee_onboard GROUP BY business_unit_level_1 ORDER BY high_perf_count DESC LIMIT 10"
1969,79,Tỷ lệ nhân viên có high potential nhưng hiệu suất LOW,,,hr,"[""hr_employee_onboard""]",Tỷ lệ nhân viên có high potential nhưng hiệu suất LOW,,"WITH base AS (
    SELECT
        COUNT(*) total_emp,
        SUM(CASE WHEN LOWER(potential_level) = LOWER('HIGH') AND LOWER(performance_level) = LOWER('LOW') THEN 1 ELSE 0 END) mismatch_emp
    FROM hive.bi_silver.hr_employee_onboard
)
SELECT
    mismatch_emp,
    total_emp,
    mismatch_emp / NULLIF(CAST(total_emp AS DOUBLE), 0) AS mismatch_rate
FROM base"
1970,80,Số lượng nhân viên theo role base,,,hr,"[""hr_employee_onboard""]",Số lượng nhân viên theo role base,,"SELECT role_base, COUNT(*) AS employee_count 
FROM hive.bi_silver.hr_employee_onboard 
GROUP BY role_base"
1971,1,Tổng số nhân viên đã nghỉ việc trong hệ thống,,,hr,"[""hr_employee_resigned""]",Tổng số nhân viên đã nghỉ việc trong hệ thống,,SELECT COUNT(DISTINCT employee_code) AS total_resigned_employees FROM hive.bi_silver.hr_employee_resigned
1972,2,Số lượng nhân viên nghỉ việc theo chi nhánh,,,hr,"[""hr_employee_resigned""]",Số lượng nhân viên nghỉ việc theo chi nhánh,,"SELECT branch, COUNT(DISTINCT employee_code) AS resigned_employee_count 
FROM hive.bi_silver.hr_employee_resigned 
GROUP BY branch"
1973,3,Số lượng nhân viên nghỉ việc theo division,,,hr,"[""hr_employee_resigned""]",Số lượng nhân viên nghỉ việc theo division,,"SELECT division, COUNT(DISTINCT employee_code) AS resigned_employee_count 
FROM hive.bi_silver.hr_employee_resigned 
GROUP BY division"
1974,4,Số lượng nhân viên nghỉ việc theo tháng dựa trên termination_date,,,hr,"[""hr_employee_resigned""]",Số lượng nhân viên nghỉ việc theo tháng dựa trên termination_date,,"SELECT date_trunc('month', termination_date) AS month,
       COUNT(DISTINCT employee_code) AS resigned_employee_count
FROM hive.bi_silver.hr_employee_resigned
WHERE termination_date IS NOT NULL
GROUP BY date_trunc('month', termination_date)
ORDER BY month"
1975,5,Top 10 đơn vị business_unit_level_1 có nhiều nhân viên nghỉ việc nhất,,,hr,"[""hr_employee_resigned""]",Top 10 đơn vị unit_level_1 có nhiều nhân viên nghỉ việc nhất,,"SELECT business_unit_level_1, COUNT(DISTINCT employee_code) AS resigned_employee_count
FROM hive.bi_silver.hr_employee_resigned
GROUP BY business_unit_level_1
ORDER BY resigned_employee_count DESC
LIMIT 10"
1976,6,Phân bố số nhân viên nghỉ việc theo job_level,,,hr,"[""hr_employee_resigned""]",Phân bố số nhân viên nghỉ việc theo job_level,,"SELECT job_level, COUNT(DISTINCT employee_code) AS resigned_employee_count 
FROM hive.bi_silver.hr_employee_resigned 
GROUP BY job_level"
1977,7,Tỷ lệ nhân viên nghỉ việc theo từng loại employee_type,,,hr,"[""hr_employee_resigned""]",Tỷ lệ nhân viên nghỉ việc theo từng loại employee_type,,"WITH base AS (
    SELECT employee_type,
           COUNT(DISTINCT employee_code) AS resigned_count
    FROM hive.bi_silver.hr_employee_resigned
    GROUP BY employee_type
), total AS (
    SELECT SUM(resigned_count) AS total_resigned
    FROM base
)
SELECT b.employee_type,
       b.resigned_count,
       CAST(b.resigned_count AS DOUBLE) / NULLIF(t.total_resigned, 0) AS resignation_share
FROM base b
CROSS JOIN total t"
1978,8,Số lượng nhân viên nghỉ việc theo gender,,,hr,"[""hr_employee_resigned""]",Số lượng nhân viên nghỉ việc theo gender,,"SELECT gender, COUNT(DISTINCT employee_code) AS resigned_employee_count 
FROM hive.bi_silver.hr_employee_resigned 
GROUP BY gender"
1979,9,Số lượng nhân viên nghỉ việc theo nhóm thâm niên seniority_group,,,hr,"[""hr_employee_resigned""]",Số lượng nhân viên nghỉ việc theo nhóm thâm niên seniority_group,,"SELECT seniority_group, COUNT(DISTINCT employee_code) AS resigned_employee_count 
FROM hive.bi_silver.hr_employee_resigned 
GROUP BY seniority_group"
1980,10,Top 10 bộ phận department_level_2 có nhiều nhân viên nghỉ việc nhất,,,hr,"[""hr_employee_resigned""]",Top 10 bộ phận department_level_2 có nhiều nhân viên nghỉ việc nhất,,"SELECT department_level_2, COUNT(DISTINCT employee_code) AS resigned_employee_count FROM hive.bi_silver.hr_employee_resigned GROUP BY department_level_2 ORDER BY resigned_employee_count DESC LIMIT 10"
1981,11,Số lượng nhân viên nghỉ việc theo termination_reason,,,hr,"[""hr_employee_resigned""]",Số lượng nhân viên nghỉ việc theo termination_reason,,"SELECT termination_reason, COUNT(DISTINCT employee_code) AS resigned_employee_count 
FROM hive.bi_silver.hr_employee_resigned 
GROUP BY termination_reason"
1982,13,Số lượng nhân viên nghỉ việc theo performance_level,,,hr,"[""hr_employee_resigned""]",Số lượng nhân viên nghỉ việc theo performance_level,,"SELECT performance_level, COUNT(DISTINCT employee_code) AS resigned_employee_count FROM hive.bi_silver.hr_employee_resigned GROUP BY performance_level"
1983,20,Số lượng nhân viên nghỉ việc theo năm dựa trên termination_date,,,hr,"[""hr_employee_resigned""]",Số lượng nhân viên nghỉ việc theo năm dựa trên termination_date,,"SELECT year(termination_date) AS year, COUNT(DISTINCT employee_code) AS resigned_employee_count FROM hive.bi_silver.hr_employee_resigned WHERE termination_date IS NOT NULL GROUP BY year(termination_date) ORDER BY year"
1984,21,Tỷ lệ nhân viên nghỉ việc chủ động so với tổng số nhân viên nghỉ việc,,,hr,"[""hr_employee_resigned""]",Tỷ lệ nhân viên nghỉ việc chủ động so với tổng số nhân viên nghỉ việc,,"WITH base AS (
    SELECT
        COUNT(DISTINCT employee_code) AS total_emp,
        SUM(CASE WHEN LOWER(termination_reason) = LOWER('RESIGN_VOLUNTARY') THEN 1 ELSE 0 END) AS voluntary_resign
    FROM hive.bi_silver.hr_employee_resigned
)
SELECT
    voluntary_resign,
    total_emp,
    CAST(voluntary_resign AS DOUBLE) / NULLIF(CAST(total_emp AS DOUBLE), 0) AS voluntary_resignation_rate
FROM base"
1985,24,Tỷ lệ nhân viên nghỉ việc thuộc nhóm tiềm năng HIGH,,,hr,"[""hr_employee_resigned""]",Tỷ lệ nhân viên nghỉ việc thuộc nhóm tiềm năng HIGH,,"WITH base AS (
    SELECT
        COUNT(DISTINCT employee_code) AS total_emp,
        SUM(CASE WHEN LOWER(potential_level) = LOWER('HIGH') THEN 1 ELSE 0 END) AS high_potential_resigned
    FROM hive.bi_silver.hr_employee_resigned
)
SELECT
    high_potential_resigned,
    total_emp,
    high_potential_resigned / NULLIF(CAST(total_emp AS DOUBLE), 0) AS high_potential_resignation_rate
FROM base"
1986,25,Phân bố nhân viên nghỉ việc theo management_level,,,hr,"[""hr_employee_resigned""]",Phân bố nhân viên nghỉ việc theo management_level,,"SELECT management_level, COUNT(DISTINCT employee_code) AS resigned_employee_count FROM hive.bi_silver.hr_employee_resigned GROUP BY management_level"
1987,27,Top 10 job_level có nhiều nhân viên nghỉ việc nhất,,,hr,"[""hr_employee_resigned""]",Top 10 job_level có nhiều nhân viên nghỉ việc nhất,,"SELECT job_level, COUNT(DISTINCT employee_code) AS resigned_employee_count 
FROM hive.bi_silver.hr_employee_resigned 
GROUP BY job_level 
ORDER BY resigned_employee_count DESC 
LIMIT 10"
1988,28,Tỷ lệ nhân viên nghỉ việc theo từng chi nhánh,,,hr,"[""hr_employee_resigned""]",Tỷ lệ nhân viên nghỉ việc theo từng chi nhánh,,"WITH base AS (
    SELECT 
        branch,
        COUNT(DISTINCT employee_code) AS resigned_count
    FROM hive.bi_silver.hr_employee_resigned
    GROUP BY branch
),
total AS (
    SELECT SUM(resigned_count) AS total_resigned
    FROM base
)
SELECT
    b.branch,
    b.resigned_count,
    CAST(b.resigned_count AS DOUBLE) / NULLIF(t.total_resigned, 0) AS resignation_share
FROM base b
CROSS JOIN total t"
1989,30,Số lượng nhân viên nghỉ việc theo employee_type và branch,,,hr,"[""hr_employee_resigned""]",Số lượng nhân viên nghỉ việc theo employee_type và branch,,"SELECT branch, employee_type, COUNT(DISTINCT employee_code) AS resigned_employee_count 
FROM hive.bi_silver.hr_employee_resigned 
GROUP BY branch, employee_type"
1990,33,Top 10 nhân viên nghỉ việc có điểm next_workplace_score cao nhất,,,hr,"[""hr_employee_resigned""]",Top 10 nhân viên nghỉ việc có điểm next_workplace_score cao nhất,,"SELECT employee_code, full_name, next_workplace_score
FROM hive.bi_silver.hr_employee_resigned
ORDER BY next_workplace_score DESC NULLS LAST
LIMIT 10"
1991,38,Tỷ lệ nhân viên nghỉ việc có hiệu suất HIGH,,,hr,"[""hr_employee_resigned""]",Tỷ lệ nhân viên nghỉ việc có hiệu suất HIGH,,"WITH base AS (
    SELECT
        COUNT(DISTINCT employee_code) AS total_emp,
        SUM(CASE WHEN LOWER(performance_level) = LOWER('HIGH') THEN 1 ELSE 0 END) AS high_perf_resigned
    FROM hive.bi_silver.hr_employee_resigned
)
SELECT
    high_perf_resigned,
    total_emp,
    CAST(high_perf_resigned AS DOUBLE) / NULLIF(CAST(total_emp AS DOUBLE), 0) AS high_performance_resignation_ratio
FROM base"
1992,39,Các division có số lượng nhân viên nghỉ việc cao bất thường (trên 50 người),,,hr,"[""hr_employee_resigned""]",Các division có số lượng nhân viên nghỉ việc cao bất thường (trên 50 người),,"SELECT division, COUNT(DISTINCT employee_code) AS resigned_employee_count 
FROM hive.bi_silver.hr_employee_resigned 
GROUP BY division 
HAVING COUNT(DISTINCT employee_code) > 50"
1993,40,Số lượng nhân viên nghỉ việc theo năm và chi nhánh,,,hr,"[""hr_employee_resigned""]",Số lượng nhân viên nghỉ việc theo năm và chi nhánh,,"SELECT year(termination_date) AS year, branch, COUNT(DISTINCT employee_code) AS resigned_employee_count 
FROM hive.bi_silver.hr_employee_resigned 
WHERE termination_date IS NOT NULL 
GROUP BY year(termination_date), branch 
ORDER BY year"
1994,42,Top 10 đơn vị business_unit_level_1 có nhiều nhân viên nghỉ việc có tiềm năng HIGH nhất,,,hr,"[""hr_employee_resigned""]",Top 10 đơn vị unit_level_1 có nhiều nhân viên nghỉ việc có tiềm năng HIGH nhất,,"SELECT business_unit_level_1, SUM(CASE WHEN LOWER(potential_level) = LOWER('HIGH') THEN 1 ELSE 0 END) AS high_potential_resigned FROM hive.bi_silver.hr_employee_resigned GROUP BY business_unit_level_1 ORDER BY high_potential_resigned DESC LIMIT 10"
1995,43,Tỷ lệ nhân viên nghỉ việc theo từng nhóm thâm niên,,,hr,"[""hr_employee_resigned""]",Tỷ lệ nhân viên nghỉ việc theo từng nhóm thâm niên,,"WITH base AS (
    SELECT
        seniority_group,
        COUNT(DISTINCT employee_code) AS resigned_count
    FROM hive.bi_silver.hr_employee_resigned
    GROUP BY seniority_group
),
total AS (
    SELECT SUM(resigned_count) AS total_resigned
    FROM base
)
SELECT
    b.seniority_group,
    b.resigned_count,
    CAST(b.resigned_count AS DOUBLE) / NULLIF(t.total_resigned, 0) AS resignation_share
FROM base b
CROSS JOIN total t"
1996,45,Số lượng nhân viên nghỉ việc theo trạng thái leave_status,,,hr,"[""hr_employee_resigned""]",Số lượng nhân viên nghỉ việc theo trạng thái leave_status,,"SELECT leave_status, COUNT(DISTINCT employee_code) AS resigned_employee_count 
FROM hive.bi_silver.hr_employee_resigned 
GROUP BY leave_status"
1997,48,Số lượng nhân viên nghỉ việc theo công ty hợp đồng độc lập contract_company_independent,,,hr,"[""hr_employee_resigned""]",Số lượng nhân viên nghỉ việc theo công ty hợp đồng độc lập contract_company_independent,,"SELECT contract_company_independent, COUNT(DISTINCT employee_code) AS resigned_employee_count FROM hive.bi_silver.hr_employee_resigned GROUP BY contract_company_independent"
1998,50,Số lượng nhân viên nghỉ việc theo role_base,,,hr,"[""hr_employee_resigned""]",Số lượng nhân viên nghỉ việc theo role_base,,"SELECT role_base, COUNT(DISTINCT employee_code) AS resigned_employee_count 
FROM hive.bi_silver.hr_employee_resigned 
GROUP BY role_base"
1999,1,Tỷ lệ nghỉ việc theo chi nhánh,,,hr,"[""hr_employee"",""hr_employee_resigned""]",Tỷ lệ nghỉ việc theo chi nhánh,,"SELECT e.branch,
       COUNT(DISTINCT r.employee_code) AS resigned_count,
       COUNT(DISTINCT e.employee_code) AS total_employee,
       CAST(COUNT(DISTINCT r.employee_code) AS DOUBLE) / NULLIF(COUNT(DISTINCT e.employee_code),0) AS attrition_rate
FROM hive.bi_silver.hr_employee_onboard e
LEFT JOIN hive.bi_silver.hr_employee_resigned r
  ON LOWER(e.employee_code) = LOWER(r.employee_code)
GROUP BY e.branch"
2000,2,Tỷ lệ nghỉ việc theo division,,,hr,"[""hr_employee"",""hr_employee_resigned""]",Tỷ lệ nghỉ việc theo division,,"SELECT e.division,
       COUNT(DISTINCT r.employee_code) AS resigned_count,
       COUNT(DISTINCT e.employee_code) AS total_employee,
       CAST(COUNT(DISTINCT r.employee_code) AS DOUBLE) / NULLIF(COUNT(DISTINCT e.employee_code), 0) AS attrition_rate
FROM hive.bi_silver.hr_employee_onboard e
LEFT JOIN hive.bi_silver.hr_employee_resigned r
  ON e.employee_code = r.employee_code
GROUP BY e.division"
2001,3,Top 10 job_level có tỷ lệ nghỉ việc cao nhất,,,hr,"[""hr_employee"",""hr_employee_resigned""]",Top 10 job_level có tỷ lệ nghỉ việc cao nhất,,"SELECT e.job_level,
       COUNT(DISTINCT r.employee_code) AS resigned_count,
       COUNT(DISTINCT e.employee_code) AS total_employee,
       CAST(COUNT(DISTINCT r.employee_code) AS DOUBLE) / NULLIF(COUNT(DISTINCT e.employee_code), 0) AS attrition_rate
FROM hive.bi_silver.hr_employee_onboard e
LEFT JOIN hive.bi_silver.hr_employee_resigned r
  ON LOWER(e.employee_code) = LOWER(r.employee_code)
GROUP BY e.job_level
ORDER BY attrition_rate DESC
LIMIT 10"
2002,4,Tỷ lệ nghỉ việc theo gender,,,hr,"[""hr_employee"",""hr_employee_resigned""]",Tỷ lệ nghỉ việc theo gender,,"SELECT e.gender,
       COUNT(DISTINCT r.employee_code) AS resigned_count,
       COUNT(DISTINCT e.employee_code) AS total_employee,
       CAST(COUNT(DISTINCT r.employee_code) AS DOUBLE) / NULLIF(CAST(COUNT(DISTINCT e.employee_code) AS DOUBLE), 0) AS attrition_rate
FROM hive.bi_silver.hr_employee_onboard e
LEFT JOIN hive.bi_silver.hr_employee_resigned r
  ON LOWER(e.employee_code) = LOWER(r.employee_code)
GROUP BY e.gender"
2003,6,Số lượng nhân viên nghỉ việc theo department_level_2,,,hr,"[""hr_employee"",""hr_employee_resigned""]",Số lượng nhân viên nghỉ việc theo department_level_2,,"SELECT e.department_level_2, COUNT(DISTINCT r.employee_code) AS resigned_employee_count 
FROM hive.bi_silver.hr_employee_onboard e 
JOIN hive.bi_silver.hr_employee_resigned r 
  ON e.employee_code = r.employee_code 
GROUP BY e.department_level_2 
ORDER BY resigned_employee_count DESC"
2004,7,Tỷ lệ nghỉ việc của nhân viên có performance_level HIGH,,,hr,"[""hr_employee"",""hr_employee_resigned""]",Tỷ lệ nghỉ việc của nhân viên có performance_level HIGH,,"SELECT
    e.performance_level,
    COUNT(DISTINCT r.employee_code) AS resigned_count,
    COUNT(DISTINCT e.employee_code) AS total_employee,
    CAST(COUNT(DISTINCT r.employee_code) AS DOUBLE) / NULLIF(COUNT(DISTINCT e.employee_code), 0) AS attrition_rate
FROM hive.bi_silver.hr_employee_onboard e
LEFT JOIN hive.bi_silver.hr_employee_resigned r
    ON e.employee_code = r.employee_code
GROUP BY e.performance_level"
2005,9,Top 10 business_unit_level_1 có tỷ lệ nghỉ việc cao nhất,,,hr,"[""hr_employee"",""hr_employee_resigned""]",Top 10 unit_level_1 có tỷ lệ nghỉ việc cao nhất,,"SELECT e.business_unit_level_1,
       COUNT(DISTINCT r.employee_code) AS resigned_count,
       COUNT(DISTINCT e.employee_code) AS total_employee,
       CAST(COUNT(DISTINCT r.employee_code) AS DOUBLE) / NULLIF(COUNT(DISTINCT e.employee_code), 0) AS attrition_rate
FROM hive.bi_silver.hr_employee_onboard e
LEFT JOIN hive.bi_silver.hr_employee_resigned r
  ON e.employee_code = r.employee_code
GROUP BY e.business_unit_level_1
ORDER BY attrition_rate DESC
LIMIT 10"
2006,10,Tỷ lệ nghỉ việc theo employee_type,,,hr,"[""hr_employee"",""hr_employee_resigned""]",Tỷ lệ nghỉ việc theo employee_type,,"SELECT
    e.employee_type,
    COUNT(DISTINCT r.employee_code) AS resigned_count,
    COUNT(DISTINCT e.employee_code) AS total_employee,
    CAST(COUNT(DISTINCT r.employee_code) AS DOUBLE) / NULLIF(COUNT(DISTINCT e.employee_code), 0) AS attrition_rate
FROM hive.bi_silver.hr_employee_onboard e
LEFT JOIN hive.bi_silver.hr_employee_resigned r
    ON LOWER(e.employee_code) = LOWER(r.employee_code)
GROUP BY e.employee_type"
2007,12,Tỷ lệ nghỉ việc theo management_level,,,hr,"[""hr_employee"",""hr_employee_resigned""]",Tỷ lệ nghỉ việc theo management_level,,"SELECT e.management_level,
       COUNT(DISTINCT r.employee_code) AS resigned_count,
       COUNT(DISTINCT e.employee_code) AS total_employee,
       CAST(COUNT(DISTINCT r.employee_code) AS DOUBLE) / NULLIF(COUNT(DISTINCT e.employee_code),0) AS attrition_rate
FROM hive.bi_silver.hr_employee_onboard e
LEFT JOIN hive.bi_silver.hr_employee_resigned r
  ON LOWER(e.employee_code) = LOWER(r.employee_code)
GROUP BY e.management_level"
2008,13,Top 10 division có nhiều nhân viên nghỉ việc nhất,,,hr,"[""hr_employee"",""hr_employee_resigned""]",Top 10 division có nhiều nhân viên nghỉ việc nhất,,"SELECT e.division, COUNT(DISTINCT r.employee_code) AS resigned_employee_count
FROM hive.bi_silver.hr_employee_onboard e
JOIN hive.bi_silver.hr_employee_resigned r
  ON LOWER(e.employee_code) = LOWER(r.employee_code)
GROUP BY e.division
ORDER BY resigned_employee_count DESC
LIMIT 10"
2009,15,Số lượng nhân viên nghỉ việc theo branch và job_level,,,hr,"[""hr_employee"",""hr_employee_resigned""]",Số lượng nhân viên nghỉ việc theo branch và job_level,,"SELECT e.branch, e.job_level, COUNT(DISTINCT r.employee_code) AS resigned_employee_count 
FROM hive.bi_silver.hr_employee_onboard e 
JOIN hive.bi_silver.hr_employee_resigned r 
  ON e.employee_code = r.employee_code 
GROUP BY e.branch, e.job_level"
2010,17,Số lượng nhân viên nghỉ việc theo department_level_3,,,hr,"[""hr_employee"",""hr_employee_resigned""]",Số lượng nhân viên nghỉ việc theo department_level_3,,"SELECT e.department_level_3, COUNT(DISTINCT r.employee_code) AS resigned_employee_count FROM hive.bi_silver.hr_employee_onboard e JOIN hive.bi_silver.hr_employee_resigned r ON e.employee_code = r.employee_code GROUP BY e.department_level_3"
2011,18,Tỷ lệ nghỉ việc theo contract_company_independent,,,hr,"[""hr_employee"",""hr_employee_resigned""]",Tỷ lệ nghỉ việc theo contract_company_independent,,"SELECT e.contract_company_independent,
       COUNT(DISTINCT r.employee_code) AS resigned_count,
       COUNT(DISTINCT e.employee_code) AS total_employee,
       CAST(COUNT(DISTINCT r.employee_code) AS DOUBLE) / NULLIF(COUNT(DISTINCT e.employee_code),0) AS attrition_rate
FROM hive.bi_silver.hr_employee_onboard e
LEFT JOIN hive.bi_silver.hr_employee_resigned r
     ON LOWER(e.employee_code) = LOWER(r.employee_code)
GROUP BY e.contract_company_independent"
2012,19,Top 10 branch có số lượng nhân viên nghỉ việc cao nhất,,,hr,"[""hr_employee"",""hr_employee_resigned""]",Top 10 branch có số lượng nhân viên nghỉ việc cao nhất,,"SELECT e.branch, COUNT(DISTINCT r.employee_code) AS resigned_employee_count FROM hive.bi_silver.hr_employee_onboard e JOIN hive.bi_silver.hr_employee_resigned r ON e.employee_code = r.employee_code GROUP BY e.branch ORDER BY resigned_employee_count DESC LIMIT 10"
2013,20,Số lượng nhân viên nghỉ việc theo role_base,,,hr,"[""hr_employee"",""hr_employee_resigned""]",Số lượng nhân viên nghỉ việc theo role_base,,"SELECT e.role_base, COUNT(DISTINCT r.employee_code) AS resigned_employee_count 
FROM hive.bi_silver.hr_employee_onboard e 
JOIN hive.bi_silver.hr_employee_resigned r 
  ON e.employee_code = r.employee_code 
GROUP BY e.role_base"
2014,21,Tỷ lệ nghỉ việc theo chi nhánh và job_level,,,hr,"[""hr_employee_onboard"",""hr_employee_resigned""]",Tỷ lệ nghỉ việc theo chi nhánh và job_level,,"SELECT e.branch,
       e.job_level,
       COUNT(DISTINCT r.employee_code) AS resigned_count,
       COUNT(DISTINCT e.employee_code) AS total_employee,
       CAST(COUNT(DISTINCT r.employee_code) AS DOUBLE) / NULLIF(COUNT(DISTINCT e.employee_code),0) AS attrition_rate
FROM hive.bi_silver.hr_employee_onboard e
LEFT JOIN hive.bi_silver.hr_employee_resigned r
  ON e.employee_code = r.employee_code
GROUP BY e.branch, e.job_level"
2015,22,Tỷ lệ nghỉ việc theo division và gender,,,hr,"[""hr_employee_onboard"",""hr_employee_resigned""]",Tỷ lệ nghỉ việc theo division và gender,,"SELECT
    e.division,
    e.gender,
    COUNT(DISTINCT r.employee_code) AS resigned_count,
    COUNT(DISTINCT e.employee_code) AS total_employee,
    CAST(COUNT(DISTINCT r.employee_code) AS DOUBLE) / NULLIF(COUNT(DISTINCT e.employee_code), 0) AS attrition_rate
FROM hive.bi_silver.hr_employee_onboard e
LEFT JOIN hive.bi_silver.hr_employee_resigned r
    ON LOWER(e.employee_code) = LOWER(r.employee_code)
GROUP BY
    e.division,
    e.gender"
2016,24,Top 10 department_level_2 có attrition rate cao nhất,,,hr,"[""hr_employee_onboard"",""hr_employee_resigned""]",Top 10 department_level_2 có attrition rate cao nhất,,"SELECT
    e.department_level_2,
    COUNT(DISTINCT r.employee_code) AS resigned_count,
    COUNT(DISTINCT e.employee_code) AS total_employee,
    CAST(COUNT(DISTINCT r.employee_code) AS DOUBLE) / NULLIF(COUNT(DISTINCT e.employee_code), 0) AS attrition_rate
FROM hive.bi_silver.hr_employee_onboard e
LEFT JOIN hive.bi_silver.hr_employee_resigned r
    ON e.employee_code = r.employee_code
GROUP BY e.department_level_2
ORDER BY attrition_rate DESC
LIMIT 10"
2017,26,Tỷ lệ nghỉ việc của nhân viên có performance_level LOW,,,hr,"[""hr_employee_onboard"",""hr_employee_resigned""]",Tỷ lệ nghỉ việc của nhân viên có performance_level LOW,,"SELECT e.performance_level,
       COUNT(DISTINCT r.employee_code) AS resigned_count,
       COUNT(DISTINCT e.employee_code) AS total_employee,
       CAST(COUNT(DISTINCT r.employee_code) AS DOUBLE) / NULLIF(COUNT(DISTINCT e.employee_code), 0) AS attrition_rate
FROM hive.bi_silver.hr_employee_onboard e
LEFT JOIN hive.bi_silver.hr_employee_resigned r
  ON e.employee_code = r.employee_code
WHERE LOWER(e.performance_level) = LOWER('LOW')
GROUP BY e.performance_level"
2018,28,Số lượng nhân viên nghỉ việc theo branch và department_level_2,,,hr,"[""hr_employee_onboard"",""hr_employee_resigned""]",Số lượng nhân viên nghỉ việc theo branch và department_level_2,,"SELECT e.branch, e.department_level_2, COUNT(DISTINCT r.employee_code) AS resigned_employee_count FROM hive.bi_silver.hr_employee_onboard e JOIN hive.bi_silver.hr_employee_resigned r ON e.employee_code = r.employee_code GROUP BY e.branch, e.department_level_2"
2019,30,Top 10 chi nhánh có attrition rate cao nhất,,,hr,"[""hr_employee_onboard"",""hr_employee_resigned""]",Top 10 chi nhánh có attrition rate cao nhất,,"SELECT e.branch, COUNT(DISTINCT r.employee_code) AS resigned_count, COUNT(DISTINCT e.employee_code) AS total_employee, CAST(COUNT(DISTINCT r.employee_code) AS DOUBLE) / NULLIF(COUNT(DISTINCT e.employee_code),0) AS attrition_rate FROM hive.bi_silver.hr_employee_onboard e LEFT JOIN hive.bi_silver.hr_employee_resigned r ON e.employee_code = r.employee_code GROUP BY e.branch ORDER BY attrition_rate DESC LIMIT 10"
2020,31,Tỷ lệ nghỉ việc theo management_level và division,,,hr,"[""hr_employee_onboard"",""hr_employee_resigned""]",Tỷ lệ nghỉ việc theo management_level và division,,"SELECT e.management_level,
       e.division,
       COUNT(DISTINCT r.employee_code) AS resigned_count,
       COUNT(DISTINCT e.employee_code) AS total_employee,
       CAST(COUNT(DISTINCT r.employee_code) AS DOUBLE) / NULLIF(COUNT(DISTINCT e.employee_code), 0) AS attrition_rate
FROM hive.bi_silver.hr_employee_onboard e
LEFT JOIN hive.bi_silver.hr_employee_resigned r
  ON e.employee_code = r.employee_code
GROUP BY e.management_level, e.division"
2021,34,Số lượng nhân viên nghỉ việc theo division và employee_type,,,hr,"[""hr_employee_onboard"",""hr_employee_resigned""]",Số lượng nhân viên nghỉ việc theo division và employee_type,,"SELECT e.division, e.employee_type, COUNT(DISTINCT r.employee_code) AS resigned_employee_count 
FROM hive.bi_silver.hr_employee_onboard e 
JOIN hive.bi_silver.hr_employee_resigned r 
  ON e.employee_code = r.employee_code 
GROUP BY e.division, e.employee_type"
2022,35,Tỷ lệ nghỉ việc theo job_level và gender,,,hr,"[""hr_employee_onboard"",""hr_employee_resigned""]",Tỷ lệ nghỉ việc theo job_level và gender,,"SELECT e.job_level,
       e.gender,
       COUNT(DISTINCT r.employee_code) AS resigned_count,
       COUNT(DISTINCT e.employee_code) AS total_employee,
       CAST(COUNT(DISTINCT r.employee_code) AS DOUBLE) / NULLIF(COUNT(DISTINCT e.employee_code),0) AS attrition_rate
FROM hive.bi_silver.hr_employee_onboard e
LEFT JOIN hive.bi_silver.hr_employee_resigned r
  ON e.employee_code = r.employee_code
GROUP BY e.job_level, e.gender"
2023,37,Tỷ lệ nghỉ việc theo contract_company_independent và branch,,,hr,"[""hr_employee_onboard"",""hr_employee_resigned""]",Tỷ lệ nghỉ việc theo contract_company_independent và branch,,"SELECT e.contract_company_independent,
       e.branch,
       COUNT(DISTINCT r.employee_code) AS resigned_count,
       COUNT(DISTINCT e.employee_code) AS total_employee,
       CAST(COUNT(DISTINCT r.employee_code) AS DOUBLE) / NULLIF(COUNT(DISTINCT e.employee_code), 0) AS attrition_rate
FROM hive.bi_silver.hr_employee_onboard e
LEFT JOIN hive.bi_silver.hr_employee_resigned r
  ON e.employee_code = r.employee_code
GROUP BY e.contract_company_independent, e.branch"
2024,38,Top 10 department_level_3 có attrition rate cao nhất,,,hr,"[""hr_employee_onboard"",""hr_employee_resigned""]",Top 10 department_level_3 có attrition rate cao nhất,,"SELECT e.department_level_3,
       COUNT(DISTINCT r.employee_code) AS resigned_count,
       COUNT(DISTINCT e.employee_code) AS total_employee,
       CAST(COUNT(DISTINCT r.employee_code) AS DOUBLE) / NULLIF(CAST(COUNT(DISTINCT e.employee_code) AS DOUBLE), 0) AS attrition_rate
FROM hive.bi_silver.hr_employee_onboard e
LEFT JOIN hive.bi_silver.hr_employee_resigned r
  ON e.employee_code = r.employee_code
GROUP BY e.department_level_3
ORDER BY attrition_rate DESC
LIMIT 10"
2025,39,Số lượng nhân viên nghỉ việc theo branch và management_level,,,hr,"[""hr_employee_onboard"",""hr_employee_resigned""]",Số lượng nhân viên nghỉ việc theo branch và management_level,,"SELECT e.branch, e.management_level, COUNT(DISTINCT r.employee_code) AS resigned_employee_count 
FROM hive.bi_silver.hr_employee_onboard e 
JOIN hive.bi_silver.hr_employee_resigned r 
  ON e.employee_code = r.employee_code 
GROUP BY e.branch, e.management_level"
2026,40,Tỷ lệ nghỉ việc theo role_base và division,,,hr,"[""hr_employee_onboard"",""hr_employee_resigned""]",Tỷ lệ nghỉ việc theo role_base và division,,"SELECT e.role_base,
       e.division,
       COUNT(DISTINCT r.employee_code) AS resigned_count,
       COUNT(DISTINCT e.employee_code) AS total_employee,
       CAST(COUNT(DISTINCT r.employee_code) AS DOUBLE) / NULLIF(COUNT(DISTINCT e.employee_code), 0) AS attrition_rate
FROM hive.bi_silver.hr_employee_onboard e
LEFT JOIN hive.bi_silver.hr_employee_resigned r
  ON e.employee_code = r.employee_code
GROUP BY e.role_base, e.division"
2027,41,Tỷ lệ nghỉ việc theo chi nhánh và năm nghỉ việc,,,hr,"[""hr_employee_onboard"",""hr_employee_resigned""]",Tỷ lệ nghỉ việc theo chi nhánh và năm nghỉ việc,,"SELECT e.branch,
       YEAR(r.termination_date) AS year,
       COUNT(DISTINCT r.employee_code) AS resigned_count,
       COUNT(DISTINCT e.employee_code) AS total_employee,
       CAST(COUNT(DISTINCT r.employee_code) AS DOUBLE) / NULLIF(COUNT(DISTINCT e.employee_code), 0) AS attrition_rate
FROM hive.bi_silver.hr_employee_onboard e
LEFT JOIN hive.bi_silver.hr_employee_resigned r
  ON e.employee_code = r.employee_code
GROUP BY e.branch, YEAR(r.termination_date)"
2028,42,Tỷ lệ nghỉ việc theo division và năm nghỉ việc,,,hr,"[""hr_employee_onboard"",""hr_employee_resigned""]",Tỷ lệ nghỉ việc theo division và năm nghỉ việc,,"SELECT e.division,
       year(r.termination_date) AS year,
       COUNT(DISTINCT r.employee_code) AS resigned_count,
       COUNT(DISTINCT e.employee_code) AS total_employee,
       CAST(COUNT(DISTINCT r.employee_code) AS DOUBLE) / NULLIF(COUNT(DISTINCT e.employee_code),0) AS attrition_rate
FROM hive.bi_silver.hr_employee_onboard e
LEFT JOIN hive.bi_silver.hr_employee_resigned r
  ON e.employee_code = r.employee_code
GROUP BY e.division, year(r.termination_date)"
2029,43,Số lượng nhân viên nghỉ việc theo tháng và chi nhánh,,,hr,"[""hr_employee_onboard"",""hr_employee_resigned""]",Số lượng nhân viên nghỉ việc theo tháng và chi nhánh,,"SELECT date_trunc('month', r.termination_date) AS month, e.branch, COUNT(DISTINCT r.employee_code) AS resigned_employee_count FROM hive.bi_silver.hr_employee_onboard e JOIN hive.bi_silver.hr_employee_resigned r ON e.employee_code = r.employee_code GROUP BY date_trunc('month', r.termination_date), e.branch"
2030,44,Số lượng nhân viên nghỉ việc theo tháng và division,,,hr,"[""hr_employee_onboard"",""hr_employee_resigned""]",Số lượng nhân viên nghỉ việc theo tháng và division,,"SELECT date_trunc('month', r.termination_date) AS month, e.division, COUNT(DISTINCT r.employee_code) AS resigned_employee_count 
FROM hive.bi_silver.hr_employee_onboard e 
JOIN hive.bi_silver.hr_employee_resigned r 
  ON e.employee_code = r.employee_code 
GROUP BY date_trunc('month', r.termination_date), e.division"
2031,45,Top 10 chi nhánh có số nhân viên nghỉ việc nhiều nhất theo năm,,,hr,"[""hr_employee_onboard"",""hr_employee_resigned""]",Top 10 chi nhánh có số nhân viên nghỉ việc nhiều nhất theo năm,,"SELECT e.branch, year(r.termination_date) AS year, COUNT(DISTINCT r.employee_code) AS resigned_employee_count FROM hive.bi_silver.hr_employee_onboard e JOIN hive.bi_silver.hr_employee_resigned r ON e.employee_code = r.employee_code GROUP BY e.branch, year(r.termination_date) ORDER BY resigned_employee_count DESC LIMIT 10"
2032,46,Tỷ lệ nghỉ việc theo gender và năm,,,hr,"[""hr_employee_onboard"",""hr_employee_resigned""]",Tỷ lệ nghỉ việc theo gender và năm,,"SELECT
    e.gender,
    year(r.termination_date) AS year,
    COUNT(DISTINCT r.employee_code) AS resigned_count,
    COUNT(DISTINCT e.employee_code) AS total_employee,
    CAST(COUNT(DISTINCT r.employee_code) AS DOUBLE) / NULLIF(COUNT(DISTINCT e.employee_code), 0) AS attrition_rate
FROM hive.bi_silver.hr_employee_onboard e
LEFT JOIN hive.bi_silver.hr_employee_resigned r
    ON e.employee_code = r.employee_code
GROUP BY e.gender, year(r.termination_date)"
2033,49,Tỷ lệ nghỉ việc theo employee_type và năm,,,hr,"[""hr_employee_onboard"",""hr_employee_resigned""]",Tỷ lệ nghỉ việc theo employee_type và năm,,"SELECT e.employee_type, year(r.termination_date) AS year, COUNT(DISTINCT r.employee_code) AS resigned_count FROM hive.bi_silver.hr_employee_onboard e JOIN hive.bi_silver.hr_employee_resigned r ON e.employee_code=r.employee_code GROUP BY e.employee_type, year(r.termination_date)"
2034,50,Số lượng nhân viên nghỉ việc theo branch và termination_reason,,,hr,"[""hr_employee_onboard"",""hr_employee_resigned""]",Số lượng nhân viên nghỉ việc theo branch và termination_reason,,"SELECT e.branch, r.termination_reason, COUNT(DISTINCT r.employee_code) AS resigned_employee_count 
FROM hive.bi_silver.hr_employee_onboard e 
JOIN hive.bi_silver.hr_employee_resigned r 
  ON e.employee_code = r.employee_code 
GROUP BY e.branch, r.termination_reason"
2035,52,Tỷ lệ nghỉ việc theo department_level_2 và năm,,,hr,"[""hr_employee_onboard"",""hr_employee_resigned""]",Tỷ lệ nghỉ việc theo department_level_2 và năm,,"SELECT e.department_level_2, year(r.termination_date) AS year, COUNT(DISTINCT r.employee_code) 
FROM hive.bi_silver.hr_employee_onboard e 
JOIN hive.bi_silver.hr_employee_resigned r 
ON e.employee_code = r.employee_code 
GROUP BY e.department_level_2, year(r.termination_date)"
2036,53,Số lượng nhân viên nghỉ việc theo job_level và năm,,,hr,"[""hr_employee_onboard"",""hr_employee_resigned""]",Số lượng nhân viên nghỉ việc theo job_level và năm,,"SELECT e.job_level, year(r.termination_date) AS year, COUNT(DISTINCT r.employee_code) 
FROM hive.bi_silver.hr_employee_onboard e 
JOIN hive.bi_silver.hr_employee_resigned r 
  ON e.employee_code = r.employee_code 
GROUP BY e.job_level, year(r.termination_date)"
2037,56,Số lượng nhân viên nghỉ việc theo branch và performance_level,,,hr,"[""hr_employee_onboard"",""hr_employee_resigned""]",Số lượng nhân viên nghỉ việc theo branch và performance_level,,"SELECT e.branch, e.performance_level, COUNT(DISTINCT r.employee_code) 
FROM hive.bi_silver.hr_employee_onboard e 
JOIN hive.bi_silver.hr_employee_resigned r 
  ON e.employee_code = r.employee_code 
GROUP BY e.branch, e.performance_level"
2038,57,Tỷ lệ nghỉ việc theo management_level và năm,,,hr,"[""hr_employee_onboard"",""hr_employee_resigned""]",Tỷ lệ nghỉ việc theo management_level và năm,,"SELECT e.management_level, year(r.termination_date), COUNT(DISTINCT r.employee_code) 
FROM hive.bi_silver.hr_employee_onboard e 
JOIN hive.bi_silver.hr_employee_resigned r 
  ON e.employee_code = r.employee_code 
GROUP BY e.management_level, year(r.termination_date)"
2039,59,Số lượng nhân viên nghỉ việc theo role_base và năm,,,hr,"[""hr_employee_onboard"",""hr_employee_resigned""]",Số lượng nhân viên nghỉ việc theo role_base và năm,,"SELECT e.role_base, year(r.termination_date), COUNT(DISTINCT r.employee_code) 
FROM hive.bi_silver.hr_employee_onboard e 
JOIN hive.bi_silver.hr_employee_resigned r 
  ON e.employee_code = r.employee_code 
GROUP BY e.role_base, year(r.termination_date)"
2040,60,Số lượng nhân viên nghỉ việc theo contract_company_independent và năm,,,hr,"[""hr_employee_onboard"",""hr_employee_resigned""]",Số lượng nhân viên nghỉ việc theo contract_company_independent và năm,,"SELECT e.contract_company_independent,
       YEAR(r.termination_date),
       COUNT(DISTINCT r.employee_code)
FROM hive.bi_silver.hr_employee_onboard e
JOIN hive.bi_silver.hr_employee_resigned r
  ON LOWER(e.employee_code) = LOWER(r.employee_code)
GROUP BY e.contract_company_independent, YEAR(r.termination_date)"
2041,1,Tổng số nhiệm vụ trong hệ thống Jira MSN,-,-,jira,"[""jira_msn""]",Tổng số ticket trong hệ thống Jira MSN,,"SELECT COUNT(*) AS total_tickets
FROM hive.bi_silver.jira_msn"
2042,2,Số lượng nhiệm vụ theo trạng thái công việc,-,-,jira,"[""jira_msn""]",Số lượng ticket theo trạng thái công việc,,"SELECT status, COUNT(*) AS total_tickets FROM hive.bi_silver.jira_msn GROUP BY status ORDER BY total_tickets DESC"
2043,3,Số lượng nhiệm vụ theo loại issue (issuetype),-,-,jira,"[""jira_msn""]",Số lượng ticket theo loại issue (issuetype),,"SELECT issuetype, COUNT(*) AS total_tickets FROM hive.bi_silver.jira_msn GROUP BY issuetype ORDER BY total_tickets DESC"
2044,4,Số lượng nhiệm vụ theo phòng ban phụ trách (department_center),-,-,jira,"[""jira_msn""]",Số lượng ticket theo phòng ban phụ trách (department_center),,"SELECT department_center, COUNT(*) AS total_tickets 
FROM hive.bi_silver.jira_msn 
GROUP BY department_center 
ORDER BY total_tickets DESC"
2045,5,Xu hướng số lượng nhiệm vụ được tạo theo tháng,-,-,jira,"[""jira_msn""]",Xu hướng số lượng ticket được tạo theo tháng,,"SELECT DATE_TRUNC('month', created) AS month, COUNT(*) AS total_tickets 
FROM hive.bi_silver.jira_msn 
GROUP BY DATE_TRUNC('month', created) 
ORDER BY month"
2046,6,Xu hướng số lượng nhiệm vụ được cập nhật theo tháng,-,-,jira,"[""jira_msn""]",Xu hướng số lượng ticket được cập nhật theo tháng,,"SELECT DATE_TRUNC('month', updated) AS month, COUNT(*) AS total_updated_tickets FROM hive.bi_silver.jira_msn GROUP BY DATE_TRUNC('month', updated) ORDER BY month"
2047,7,Top 10 nhân sự có nhiều nhiệm vụ được giao nhất,-,-,jira,"[""jira_msn""]",Top 10 nhân sự có nhiều ticket được giao nhất,,"SELECT assignee, COUNT(*) AS total_assigned_tickets FROM hive.bi_silver.jira_msn GROUP BY assignee ORDER BY total_assigned_tickets DESC LIMIT 10"
2048,8,Tỷ trọng nhiệm vụ theo trạng thái trong toàn bộ hệ thống,-,-,jira,"[""jira_msn""]",Tỷ trọng ticket theo trạng thái trong toàn bộ hệ thống,,"WITH base AS (
    SELECT status, COUNT(*) AS ticket_count
    FROM hive.bi_silver.jira_msn
    GROUP BY status
), total AS (
    SELECT SUM(ticket_count) AS total_ticket
    FROM base
)
SELECT
    b.status,
    b.ticket_count,
    CAST(b.ticket_count AS DOUBLE) / NULLIF(t.total_ticket, 0) AS ticket_share
FROM base b
CROSS JOIN total t
ORDER BY ticket_share DESC"
2049,9,Tỷ lệ nhiệm vụ đã hoàn thành so với tổng số nhiệm vụ,-,-,jira,"[""jira_msn""]",Tỷ lệ ticket đã hoàn thành so với tổng số ticket,,"SELECT SUM(CASE WHEN LOWER(status) IN (LOWER('Done'), LOWER('Hoàn thành. ĐX đóng')) THEN 1 ELSE 0 END) * 1.0 / NULLIF(CAST(COUNT(*) AS DOUBLE), 0) AS completed_ticket_rate
FROM hive.bi_silver.jira_msn"
2050,10,Số lượng nhiệm vụ trung bình mỗi nhân sự được giao,-,-,jira,"[""jira_msn""]",Số lượng ticket trung bình mỗi nhân sự được giao,,"WITH base AS (
    SELECT
        assignee,
        COUNT(*) AS ticket_count
    FROM hive.bi_silver.jira_msn
    GROUP BY assignee
)
SELECT
    AVG(ticket_count) AS avg_ticket_per_assignee
FROM base"
2051,11,Phân bố số lượng nhiệm vụ theo projectkey,-,-,jira,"[""jira_msn""]",Phân bố số lượng ticket theo projectkey,,"SELECT projectkey, COUNT(*) AS total_tickets FROM hive.bi_silver.jira_msn GROUP BY projectkey ORDER BY total_tickets DESC"
2052,12,Top 5 project có nhiều nhiệm vụ nhất,-,-,jira,"[""jira_msn""]",Top 5 project có nhiều ticket nhất,,"SELECT projectkey, COUNT(*) AS total_tickets FROM hive.bi_silver.jira_msn GROUP BY projectkey ORDER BY total_tickets DESC LIMIT 5"
2053,13,Số lượng nhiệm vụ theo task_type,-,-,jira,"[""jira_msn""]",Số lượng ticket theo task_type,,"SELECT task_type, COUNT(*) AS total_tickets FROM hive.bi_silver.jira_msn GROUP BY task_type ORDER BY total_tickets DESC"
2054,14,Số lượng nhiệm vụ theo assignee và trạng thái công việc,-,-,jira,"[""jira_msn""]",Số lượng ticket theo assignee và trạng thái công việc,,"SELECT assignee, status, COUNT(*) AS total_tickets 
FROM hive.bi_silver.jira_msn 
GROUP BY assignee, status 
ORDER BY assignee"
2055,15,Số lượng nhiệm vụ quá hạn (duedate < ngày hiện tại và chưa hoàn thành),-,-,jira,"[""jira_msn""]",Số lượng ticket quá hạn (duedate < ngày hiện tại và chưa hoàn thành),,"SELECT COUNT(*) AS overdue_tickets
FROM hive.bi_silver.jira_msn
WHERE duedate < CURRENT_DATE
  AND LOWER(status) NOT IN (LOWER('Done'), LOWER('Hoàn thành. ĐX đóng'))"
2056,16,Tỷ lệ nhiệm vụ quá hạn so với tổng số nhiệm vụ có duedate,-,-,jira,"[""jira_msn""]",Tỷ lệ ticket quá hạn so với tổng số ticket có duedate,,"SELECT SUM(CASE WHEN duedate < CURRENT_DATE AND LOWER(status) NOT IN (LOWER('Done'), LOWER('Hoàn thành. ĐX đóng')) THEN 1 ELSE 0 END) * 1.0 / NULLIF(CAST(COUNT(duedate) AS DOUBLE), 0) AS overdue_rate FROM hive.bi_silver.jira_msn"
2057,17,Thời gian trung bình từ khi tạo đến khi cập nhật lần cuối (ngày),-,-,jira,"[""jira_msn""]",Thời gian trung bình từ khi tạo đến khi cập nhật lần cuối (ngày),,"SELECT AVG(DATE_DIFF('day', created, updated)) AS avg_ticket_lifecycle_days 
FROM hive.bi_silver.jira_msn 
WHERE created IS NOT NULL 
  AND updated IS NOT NULL"
2058,18,Những nhiệm vụ có thời gian xử lý dài nhất,-,-,jira,"[""jira_msn""]",Những ticket có thời gian xử lý dài nhất,,"SELECT key, assignee, DATE_DIFF('day', created, updated) AS lifecycle_days
FROM hive.bi_silver.jira_msn
WHERE created IS NOT NULL
  AND updated IS NOT NULL
ORDER BY lifecycle_days DESC
LIMIT 10"
2059,19,Số lượng nhiệm vụ được tạo theo phòng ban theo từng tháng,-,-,jira,"[""jira_msn""]",Số lượng ticket được tạo theo phòng ban theo từng tháng,,"SELECT DATE_TRUNC('month', created) AS month, department_center, COUNT(*) AS total_tickets 
FROM hive.bi_silver.jira_msn 
GROUP BY DATE_TRUNC('month', created), department_center 
ORDER BY month"
2060,20,Phát hiện tháng có số lượng nhiệm vụ tạo cao bất thường so với trung bình,-,-,jira,"[""jira_msn""]",Phát hiện tháng có số lượng ticket tạo cao bất thường so với trung bình,,"WITH monthly AS (
    SELECT DATE_TRUNC('month', created) AS month,
           COUNT(*) AS ticket_count
    FROM hive.bi_silver.jira_msn
    GROUP BY DATE_TRUNC('month', created)
), stats AS (
    SELECT AVG(ticket_count) AS avg_ticket
    FROM monthly
)
SELECT m.month,
       m.ticket_count,
       CAST(m.ticket_count AS DOUBLE) / NULLIF(s.avg_ticket, 0) AS anomaly_ratio
FROM monthly m
CROSS JOIN stats s
ORDER BY anomaly_ratio DESC"
2061,21,Số lượng nhiệm vụ backlog hiện tại (TODO hoặc IN PROGRESS),-,-,jira,"[""jira_msn""]",Số lượng ticket backlog hiện tại (TODO hoặc IN PROGRESS),,"SELECT COUNT(*) AS backlog_tickets
FROM hive.bi_silver.jira_msn
WHERE LOWER(status) IN (LOWER('TODO'), LOWER('IN PROGRESS'))"
2062,22,Tỷ lệ backlog nhiệm vụ so với tổng nhiệm vụ,-,-,jira,"[""jira_msn""]",Tỷ lệ backlog ticket so với tổng ticket,,"SELECT SUM(CASE WHEN LOWER(status) IN (LOWER('TODO'), LOWER('IN PROGRESS')) THEN 1 ELSE 0 END) * 1.0 / NULLIF(CAST(COUNT(*) AS DOUBLE), 0) AS backlog_rate FROM hive.bi_silver.jira_msn"
2063,23,Số lượng nhiệm vụ trung bình mỗi project,-,-,jira,"[""jira_msn""]",Số lượng ticket trung bình mỗi project,,"WITH base AS (
    SELECT
        projectkey,
        COUNT(*) AS ticket_count
    FROM hive.bi_silver.jira_msn
    GROUP BY projectkey
)
SELECT
    AVG(ticket_count) AS avg_ticket_per_project
FROM base"
2064,24,Project có số lượng nhiệm vụ backlog nhiều nhất,-,-,jira,"[""jira_msn""]",Project có số lượng ticket backlog nhiều nhất,,"SELECT projectkey, COUNT(*) AS backlog_tickets
FROM hive.bi_silver.jira_msn
WHERE LOWER(status) IN (LOWER('TODO'), LOWER('IN PROGRESS'))
GROUP BY projectkey
ORDER BY backlog_tickets DESC
LIMIT 10"
2065,25,Nhân sự có nhiều nhiệm vụ backlog nhất,-,-,jira,"[""jira_msn""]",Nhân sự có nhiều ticket backlog nhất,,"SELECT assignee, COUNT(*) AS backlog_tickets
FROM hive.bi_silver.jira_msn
WHERE LOWER(status) IN (LOWER('TODO'), LOWER('IN PROGRESS'))
GROUP BY assignee
ORDER BY backlog_tickets DESC
LIMIT 10"
2066,26,Tỷ trọng nhiệm vụ theo project trong toàn bộ hệ thống,-,-,jira,"[""jira_msn""]",Tỷ trọng ticket theo project trong toàn bộ hệ thống,,"WITH base AS (
    SELECT projectkey,
           COUNT(*) AS ticket_count
    FROM hive.bi_silver.jira_msn
    GROUP BY projectkey
), total AS (
    SELECT SUM(ticket_count) AS total_ticket
    FROM base
)
SELECT b.projectkey,
       b.ticket_count,
       CAST(b.ticket_count AS DOUBLE) / NULLIF(t.total_ticket, 0) AS ticket_share
FROM base b
CROSS JOIN total t
ORDER BY ticket_share DESC"
2067,27,Thời gian trung bình từ start_date đến updated (thời gian thực hiện nhiệm vụ),-,-,jira,"[""jira_msn""]",Thời gian trung bình từ start_date đến updated (thời gian thực hiện ticket),,"SELECT AVG(DATE_DIFF('day', start_date, updated)) AS avg_execution_days
FROM hive.bi_silver.jira_msn
WHERE start_date IS NOT NULL
  AND updated IS NOT NULL"
2068,28,Thời gian trung bình từ created đến start_date (lead time bắt đầu công việc),-,-,jira,"[""jira_msn""]",Thời gian trung bình từ created đến start_date (lead time bắt đầu công việc),,"SELECT AVG(DATE_DIFF('day', created, start_date)) AS avg_start_lead_time 
FROM hive.bi_silver.jira_msn 
WHERE start_date IS NOT NULL 
  AND created IS NOT NULL"
2069,29,Top 10 nhiệm vụ có thời gian chờ bắt đầu dài nhất,-,-,jira,"[""jira_msn""]",Top 10 ticket có thời gian chờ bắt đầu dài nhất,,"SELECT key, assignee, DATE_DIFF('day', created, start_date) AS waiting_days 
FROM hive.bi_silver.jira_msn 
WHERE start_date IS NOT NULL 
ORDER BY waiting_days DESC 
LIMIT 10"
2070,30,Phân bố thời gian xử lý nhiệm vụ theo project,-,-,jira,"[""jira_msn""]",Phân bố thời gian xử lý ticket theo project,,"SELECT projectkey, AVG(DATE_DIFF('day', created, updated)) AS avg_resolution_days 
FROM hive.bi_silver.jira_msn 
WHERE created IS NOT NULL 
  AND updated IS NOT NULL 
GROUP BY projectkey 
ORDER BY avg_resolution_days DESC"
2071,31,Nhân sự có thời gian xử lý nhiệm vụ trung bình nhanh nhất,-,-,jira,"[""jira_msn""]",Nhân sự có thời gian xử lý ticket trung bình nhanh nhất,,"SELECT assignee, AVG(DATE_DIFF('day', created, updated)) AS avg_resolution_days FROM hive.bi_silver.jira_msn WHERE created IS NOT NULL AND updated IS NOT NULL GROUP BY assignee ORDER BY avg_resolution_days ASC LIMIT 10"
2072,32,Nhân sự có thời gian xử lý nhiệm vụ trung bình chậm nhất,-,-,jira,"[""jira_msn""]",Nhân sự có thời gian xử lý ticket trung bình chậm nhất,,"SELECT assignee, AVG(DATE_DIFF('day', created, updated)) AS avg_resolution_days FROM hive.bi_silver.jira_msn WHERE created IS NOT NULL AND updated IS NOT NULL GROUP BY assignee ORDER BY avg_resolution_days DESC LIMIT 10"
2073,33,Tỷ lệ nhiệm vụ hoàn thành đúng hạn (updated <= duedate),-,-,jira,"[""jira_msn""]",Tỷ lệ ticket hoàn thành đúng hạn (updated <= duedate),,"SELECT 
    SUM(CASE WHEN updated <= duedate AND LOWER(status) IN (LOWER('Done'), LOWER('Hoàn thành. ĐX đóng')) THEN 1 ELSE 0 END) * 1.0 
    / NULLIF(SUM(CASE WHEN LOWER(status) IN (LOWER('Done'), LOWER('Hoàn thành. ĐX đóng')) THEN 1 ELSE 0 END), 0) 
    AS ontime_completion_rate 
FROM hive.bi_silver.jira_msn"
2074,34,Tỷ lệ nhiệm vụ hoàn thành trễ hạn,-,-,jira,"[""jira_msn""]",Tỷ lệ ticket hoàn thành trễ hạn,,"SELECT SUM(CASE WHEN updated > duedate AND LOWER(status) IN (LOWER('Done'), LOWER('Hoàn thành. ĐX đóng')) THEN 1 ELSE 0 END) * 1.0 / NULLIF(SUM(CASE WHEN LOWER(status) IN (LOWER('Done'), LOWER('Hoàn thành. ĐX đóng')) THEN 1 ELSE 0 END), 0) AS late_completion_rate FROM hive.bi_silver.jira_msn"
2075,35,Số lượng nhiệm vụ được tạo theo assignee theo tháng,-,-,jira,"[""jira_msn""]",Số lượng ticket được tạo theo assignee theo tháng,,"SELECT DATE_TRUNC('month', created) AS month, assignee, COUNT(*) AS total_tickets 
FROM hive.bi_silver.jira_msn 
GROUP BY DATE_TRUNC('month', created), assignee 
ORDER BY month"
2076,36,Số lượng nhiệm vụ hoàn thành theo project theo tháng,-,-,jira,"[""jira_msn""]",Số lượng ticket hoàn thành theo project theo tháng,,"SELECT DATE_TRUNC('month', updated) AS month, projectkey, COUNT(*) AS completed_tickets 
FROM hive.bi_silver.jira_msn 
WHERE LOWER(status) IN (LOWER('Done'), LOWER('Hoàn thành. ĐX đóng')) 
GROUP BY DATE_TRUNC('month', updated), projectkey 
ORDER BY month"
2077,37,Tốc độ tăng trưởng nhiệm vụ tạo theo tháng,-,-,jira,"[""jira_msn""]",Tốc độ tăng trưởng ticket tạo theo tháng,,"WITH monthly AS (
    SELECT DATE_TRUNC('month', created) AS month,
           COUNT(*) AS ticket_count
    FROM hive.bi_silver.jira_msn
    GROUP BY DATE_TRUNC('month', created)
)
SELECT month,
       ticket_count,
       ticket_count - LAG(ticket_count) OVER (ORDER BY month) AS ticket_growth
FROM monthly
ORDER BY month"
2078,38,Tỷ lệ nhiệm vụ theo task_type trong mỗi project,-,-,jira,"[""jira_msn""]",Tỷ lệ ticket theo task_type trong mỗi project,,"WITH base AS (
    SELECT projectkey,
           task_type,
           COUNT(*) AS ticket_count
    FROM hive.bi_silver.jira_msn
    GROUP BY projectkey, task_type
), total AS (
    SELECT projectkey,
           SUM(ticket_count) AS total_ticket
    FROM base
    GROUP BY projectkey
)
SELECT b.projectkey,
       b.task_type,
       b.ticket_count,
       CAST(b.ticket_count AS DOUBLE) / NULLIF(t.total_ticket, 0) AS ticket_share
FROM base b
JOIN total t ON b.projectkey = t.projectkey"
2079,39,Chỉ số tập trung workload theo assignee (HHI),-,-,jira,"[""jira_msn""]",Chỉ số tập trung workload theo assignee (HHI),,"WITH base AS (
    SELECT assignee, COUNT(*) AS ticket_count
    FROM hive.bi_silver.jira_msn
    GROUP BY assignee
), total AS (
    SELECT SUM(ticket_count) AS total_ticket
    FROM base
)
SELECT SUM(POWER(CAST(ticket_count AS DOUBLE) / NULLIF(total_ticket, 0), 2)) AS workload_hhi
FROM base
CROSS JOIN total"
2080,40,Phát hiện assignee có workload cao bất thường so với trung bình,-,-,jira,"[""jira_msn""]",Phát hiện assignee có workload cao bất thường so với trung bình,,"WITH base AS (
    SELECT assignee, COUNT(*) AS ticket_count
    FROM hive.bi_silver.jira_msn
    GROUP BY assignee
), stats AS (
    SELECT AVG(ticket_count) AS avg_ticket
    FROM base
)
SELECT
    b.assignee,
    b.ticket_count,
    CAST(b.ticket_count AS DOUBLE) / NULLIF(s.avg_ticket, 0) AS anomaly_ratio
FROM base b
CROSS JOIN stats s
ORDER BY anomaly_ratio DESC"
2081,41,Số lượng nhiệm vụ được cập nhật trong 7 ngày gần nhất,-,-,jira,"[""jira_msn""]",Số lượng ticket được cập nhật trong 7 ngày gần nhất,,"SELECT COUNT(*) AS recent_updated_tickets
FROM hive.bi_silver.jira_msn
WHERE updated >= CURRENT_DATE - INTERVAL '7' DAY"
2082,42,Số lượng nhiệm vụ mới tạo trong 7 ngày gần nhất,-,-,jira,"[""jira_msn""]",Số lượng ticket mới tạo trong 7 ngày gần nhất,,"SELECT COUNT(*) AS recent_created_tickets
FROM hive.bi_silver.jira_msn
WHERE created >= CURRENT_DATE - INTERVAL '7' DAY"
2083,43,Tỷ lệ nhiệm vụ được cập nhật trong 30 ngày gần nhất,-,-,jira,"[""jira_msn""]",Tỷ lệ ticket được cập nhật trong 30 ngày gần nhất,,"SELECT SUM(CASE WHEN updated >= CURRENT_DATE - INTERVAL '30' DAY THEN 1 ELSE 0 END) * 1.0 / NULLIF(CAST(COUNT(*) AS DOUBLE), 0) AS active_ticket_rate
FROM hive.bi_silver.jira_msn"
2084,44,Project có thời gian xử lý nhiệm vụ trung bình dài nhất,-,-,jira,"[""jira_msn""]",Project có thời gian xử lý ticket trung bình dài nhất,,"SELECT projectkey, AVG(DATE_DIFF('day', created, updated)) AS avg_resolution_days FROM hive.bi_silver.jira_msn WHERE created IS NOT NULL AND updated IS NOT NULL GROUP BY projectkey ORDER BY avg_resolution_days DESC LIMIT 10"
2085,45,Phòng ban có số lượng nhiệm vụ lớn nhất,-,-,jira,"[""jira_msn""]",Phòng ban có số lượng ticket lớn nhất,,"SELECT department_center, COUNT(*) AS total_tickets 
FROM hive.bi_silver.jira_msn 
GROUP BY department_center 
ORDER BY total_tickets DESC 
LIMIT 10"
2086,46,Tỷ trọng nhiệm vụ backlog theo phòng ban,-,-,jira,"[""jira_msn""]",Tỷ trọng ticket backlog theo phòng ban,,"WITH base AS (
    SELECT
        department_center,
        COUNT(*) AS backlog_tickets
    FROM hive.bi_silver.jira_msn
    WHERE LOWER(status) IN (LOWER('TODO'), LOWER('IN PROGRESS'))
    GROUP BY department_center
),
total AS (
    SELECT
        SUM(backlog_tickets) AS total_ticket
    FROM base
)
SELECT
    b.department_center,
    b.backlog_tickets,
    CAST(b.backlog_tickets AS DOUBLE) / NULLIF(t.total_ticket, 0) AS backlog_share
FROM base b
CROSS JOIN total t
ORDER BY backlog_share DESC"
2087,47,Nhiệm vụ có thời gian từ start_date đến duedate dài nhất,-,-,jira,"[""jira_msn""]",Ticket có thời gian từ start_date đến duedate dài nhất,,"SELECT key, DATE_DIFF('day', start_date, duedate) AS planned_duration 
FROM hive.bi_silver.jira_msn 
WHERE start_date IS NOT NULL 
  AND duedate IS NOT NULL 
ORDER BY planned_duration DESC 
LIMIT 10"
2088,48,Phân bố nhiệm vụ theo ngày trong tuần dựa trên created,-,-,jira,"[""jira_msn""]",Phân bố ticket theo ngày trong tuần dựa trên created,,"SELECT DAY_OF_WEEK(created) AS weekday, COUNT(*) AS ticket_count FROM hive.bi_silver.jira_msn GROUP BY DAY_OF_WEEK(created) ORDER BY weekday"
2089,49,Số lượng nhiệm vụ không có assignee,-,-,jira,"[""jira_msn""]",Số lượng ticket không có assignee,,"SELECT COUNT(*) AS unassigned_tickets
FROM hive.bi_silver.jira_msn
WHERE assignee IS NULL"
2090,50,Tỷ lệ nhiệm vụ không có assignee so với tổng nhiệm vụ,-,-,jira,"[""jira_msn""]",Tỷ lệ ticket không có assignee so với tổng ticket,,"SELECT SUM(CASE WHEN assignee IS NULL THEN 1 ELSE 0 END) * 1.0 / NULLIF(CAST(COUNT(*) AS DOUBLE), 0) AS unassigned_rate
FROM hive.bi_silver.jira_msn"
2091,51,Thời gian cycle time trung bình của nhiệm vụ (created → updated),-,-,jira,"[""jira_msn""]",Thời gian cycle time trung bình của ticket (created → updated),,"SELECT AVG(DATE_DIFF('day', created, updated)) AS avg_cycle_time_days
FROM hive.bi_silver.jira_msn
WHERE created IS NOT NULL
  AND updated IS NOT NULL"
2092,52,Phân bố cycle time của nhiệm vụ theo project,-,-,jira,"[""jira_msn""]",Phân bố cycle time của ticket theo project,,"SELECT projectkey, AVG(DATE_DIFF('day', created, updated)) AS avg_cycle_time_days
FROM hive.bi_silver.jira_msn
WHERE created IS NOT NULL
  AND updated IS NOT NULL
GROUP BY projectkey
ORDER BY avg_cycle_time_days DESC"
2093,53,Nhiệm vụ có cycle time dài nhất,-,-,jira,"[""jira_msn""]",Ticket có cycle time dài nhất,,"SELECT key, assignee, DATE_DIFF('day', created, updated) AS cycle_time_days 
FROM hive.bi_silver.jira_msn 
WHERE created IS NOT NULL 
  AND updated IS NOT NULL 
ORDER BY cycle_time_days DESC 
LIMIT 10"
2094,54,Số lượng nhiệm vụ backlog theo tháng dựa trên created,-,-,jira,"[""jira_msn""]",Số lượng ticket backlog theo tháng dựa trên created,,"SELECT DATE_TRUNC('month', created) AS month, COUNT(*) AS backlog_ticket 
FROM hive.bi_silver.jira_msn 
WHERE LOWER(status) IN (LOWER('TODO'), LOWER('IN PROGRESS')) 
GROUP BY DATE_TRUNC('month', created) 
ORDER BY month"
2095,55,Chỉ số backlog aging trung bình (created → current_date),-,-,jira,"[""jira_msn""]",Chỉ số backlog aging trung bình (created → current_date),,"SELECT AVG(DATE_DIFF('day', created, CURRENT_DATE)) AS avg_backlog_age FROM hive.bi_silver.jira_msn WHERE LOWER(status) IN (LOWER('TODO'), LOWER('IN PROGRESS'))"
2096,56,Top assignee có backlog aging cao nhất,-,-,jira,"[""jira_msn""]",Top assignee có backlog aging cao nhất,,"SELECT assignee, AVG(DATE_DIFF('day', created, CURRENT_DATE)) AS avg_backlog_age
FROM hive.bi_silver.jira_msn
WHERE LOWER(status) IN (LOWER('TODO'), LOWER('IN PROGRESS'))
GROUP BY assignee
ORDER BY avg_backlog_age DESC
LIMIT 10"
2097,57,Số lượng nhiệm vụ được hoàn thành mỗi tháng,-,-,jira,"[""jira_msn""]",Số lượng ticket được hoàn thành mỗi tháng,,"SELECT DATE_TRUNC('month', updated) AS month, COUNT(*) AS completed_ticket FROM hive.bi_silver.jira_msn WHERE LOWER(status) IN (LOWER('Done'), LOWER('Hoàn thành. ĐX đóng')) GROUP BY DATE_TRUNC('month', updated) ORDER BY month"
2098,58,Tốc độ throughput nhiệm vụ trung bình mỗi tháng,-,-,jira,"[""jira_msn""]",Tốc độ throughput ticket trung bình mỗi tháng,,"WITH monthly AS (
    SELECT
        DATE_TRUNC('month', updated) AS month,
        COUNT(*) AS completed_ticket
    FROM hive.bi_silver.jira_msn
    WHERE LOWER(status) IN (LOWER('Done'), LOWER('Hoàn thành. ĐX đóng'))
    GROUP BY DATE_TRUNC('month', updated)
)
SELECT
    AVG(completed_ticket) AS avg_monthly_throughput
FROM monthly"
2099,59,Assignee có throughput hoàn thành nhiệm vụ cao nhất,-,-,jira,"[""jira_msn""]",Assignee có throughput hoàn thành ticket cao nhất,,"SELECT assignee, COUNT(*) AS completed_ticket
FROM hive.bi_silver.jira_msn
WHERE LOWER(status) IN (LOWER('Done'), LOWER('Hoàn thành. ĐX đóng'))
GROUP BY assignee
ORDER BY completed_ticket DESC
LIMIT 10"
2100,60,Tỷ lệ nhiệm vụ được hoàn thành trong cùng tháng tạo,-,-,jira,"[""jira_msn""]",Tỷ lệ ticket được hoàn thành trong cùng tháng tạo,,"SELECT SUM(CASE WHEN DATE_TRUNC('month', created) = DATE_TRUNC('month', updated) AND LOWER(status) IN (LOWER('Done'), LOWER('Hoàn thành. ĐX đóng')) THEN 1 ELSE 0 END) * 1.0 / NULLIF(SUM(CASE WHEN LOWER(status) IN (LOWER('Done'), LOWER('Hoàn thành. ĐX đóng')) THEN 1 ELSE 0 END), 0) AS same_month_completion_rate FROM hive.bi_silver.jira_msn"
2101,61,Thời gian trung bình từ start_date đến duedate (planned duration),-,-,jira,"[""jira_msn""]",Thời gian trung bình từ start_date đến duedate (planned duration),,"SELECT AVG(DATE_DIFF('day', start_date, duedate)) AS avg_planned_duration FROM hive.bi_silver.jira_msn WHERE start_date IS NOT NULL AND duedate IS NOT NULL"
2102,62,Chỉ số độ lệch kế hoạch (planned duration vs actual duration),-,-,jira,"[""jira_msn""]",Chỉ số độ lệch kế hoạch (planned duration vs actual duration),,"SELECT AVG(DATE_DIFF('day', created, updated) - DATE_DIFF('day', start_date, duedate)) AS avg_schedule_slip
FROM hive.bi_silver.jira_msn
WHERE created IS NOT NULL
  AND updated IS NOT NULL
  AND start_date IS NOT NULL
  AND duedate IS NOT NULL"
2103,63,Project có độ lệch kế hoạch cao nhất,-,-,jira,"[""jira_msn""]",Project có độ lệch kế hoạch cao nhất,,"SELECT projectkey, AVG(DATE_DIFF('day', created, updated) - DATE_DIFF('day', start_date, duedate)) AS avg_schedule_slip FROM hive.bi_silver.jira_msn WHERE created IS NOT NULL AND updated IS NOT NULL AND start_date IS NOT NULL AND duedate IS NOT NULL GROUP BY projectkey ORDER BY avg_schedule_slip DESC LIMIT 10"
2104,64,Tỷ lệ nhiệm vụ bắt đầu trễ (start_date > created),-,-,jira,"[""jira_msn""]",Tỷ lệ ticket bắt đầu trễ (start_date > created),,"SELECT SUM(CASE WHEN start_date > created THEN 1 ELSE 0 END) * 1.0 / NULLIF(CAST(COUNT(*) AS DOUBLE), 0) AS delayed_start_rate
FROM hive.bi_silver.jira_msn
WHERE start_date IS NOT NULL
  AND created IS NOT NULL"
2105,65,Thời gian trung bình nhiệm vụ nằm ở trạng thái TODO (created → start_date),-,-,jira,"[""jira_msn""]",Thời gian trung bình ticket nằm ở trạng thái TODO (created → start_date),,"SELECT AVG(DATE_DIFF('day', created, start_date)) AS avg_todo_duration
FROM hive.bi_silver.jira_msn
WHERE start_date IS NOT NULL
  AND created IS NOT NULL"
2106,66,Flow efficiency proxy = execution_time / cycle_time,-,-,jira,"[""jira_msn""]",Flow efficiency proxy = execution_time / cycle_time,,"WITH base AS (
    SELECT
        DATE_DIFF('day', start_date, updated) AS exec_time,
        DATE_DIFF('day', created, updated) AS cycle_time
    FROM hive.bi_silver.jira_msn
    WHERE start_date IS NOT NULL
      AND created IS NOT NULL
      AND updated IS NOT NULL
)
SELECT
    AVG(exec_time * 1.0 / NULLIF(cycle_time, 0)) AS flow_efficiency
FROM base"
2107,67,Assignee có flow efficiency cao nhất,-,-,jira,"[""jira_msn""]",Assignee có flow efficiency cao nhất,,"WITH base AS (
    SELECT assignee,
           DATE_DIFF('day', start_date, updated) AS exec_time,
           DATE_DIFF('day', created, updated) AS cycle_time
    FROM hive.bi_silver.jira_msn
    WHERE start_date IS NOT NULL
      AND created IS NOT NULL
      AND updated IS NOT NULL
)
SELECT assignee,
       AVG(exec_time * 1.0 / NULLIF(cycle_time, 0)) AS flow_efficiency
FROM base
GROUP BY assignee
ORDER BY flow_efficiency DESC
LIMIT 10"
2108,68,Chỉ số biến động workload theo tháng,-,-,jira,"[""jira_msn""]",Chỉ số biến động workload theo tháng,,"WITH monthly AS (
    SELECT
        DATE_TRUNC('month', created) AS month,
        COUNT(*) AS ticket_count
    FROM hive.bi_silver.jira_msn
    GROUP BY DATE_TRUNC('month', created)
)
SELECT
    STDDEV(ticket_count) AS workload_volatility
FROM monthly"
2109,69,Assignee có biến động workload lớn nhất theo tháng,-,-,jira,"[""jira_msn""]",Assignee có biến động workload lớn nhất theo tháng,,"WITH monthly AS (
    SELECT
        assignee,
        DATE_TRUNC('month', created) AS month,
        COUNT(*) AS ticket_count
    FROM hive.bi_silver.jira_msn
    GROUP BY assignee, DATE_TRUNC('month', created)
)
SELECT
    assignee,
    STDDEV(ticket_count) AS workload_volatility
FROM monthly
GROUP BY assignee
ORDER BY workload_volatility DESC
LIMIT 10"
2110,70,Project có throughput hoàn thành cao nhất,-,-,jira,"[""jira_msn""]",Project có throughput hoàn thành cao nhất,,"SELECT projectkey,
       COUNT(*) AS completed_ticket
FROM hive.bi_silver.jira_msn
WHERE LOWER(status) IN (LOWER('Done'), LOWER('Hoàn thành. ĐX đóng'))
GROUP BY projectkey
ORDER BY completed_ticket DESC
LIMIT 10"
2111,71,Tỷ lệ nhiệm vụ có duedate bị trễ theo project,-,-,jira,"[""jira_msn""]",Tỷ lệ ticket có duedate bị trễ theo project,,"SELECT projectkey,
       SUM(CASE WHEN updated > duedate THEN 1 ELSE 0 END) * 1.0 / NULLIF(CAST(COUNT(duedate) AS DOUBLE), 0) AS overdue_rate
FROM hive.bi_silver.jira_msn
GROUP BY projectkey
ORDER BY overdue_rate DESC"
2112,72,Project có backlog aging cao nhất,-,-,jira,"[""jira_msn""]",Project có backlog aging cao nhất,,"SELECT projectkey, AVG(DATE_DIFF('day', created, CURRENT_DATE)) AS avg_backlog_age
FROM hive.bi_silver.jira_msn
WHERE LOWER(status) IN (LOWER('TODO'), LOWER('IN PROGRESS'))
GROUP BY projectkey
ORDER BY avg_backlog_age DESC
LIMIT 10"
2113,73,Tỷ lệ nhiệm vụ được cập nhật trong vòng 3 ngày kể từ khi tạo,-,-,jira,"[""jira_msn""]",Tỷ lệ ticket được cập nhật trong vòng 3 ngày kể từ khi tạo,,"SELECT SUM(CASE WHEN DATE_DIFF('day', created, updated) <= 3 THEN 1 ELSE 0 END) * 1.0 / NULLIF(CAST(COUNT(*) AS DOUBLE), 0) AS quick_update_rate
FROM hive.bi_silver.jira_msn
WHERE created IS NOT NULL
  AND updated IS NOT NULL"
2114,74,Nhiệm vụ có planned duration bất thường lớn nhất,-,-,jira,"[""jira_msn""]",Ticket có planned duration bất thường lớn nhất,,"SELECT key, DATE_DIFF('day', start_date, duedate) AS planned_duration
FROM hive.bi_silver.jira_msn
WHERE start_date IS NOT NULL
  AND duedate IS NOT NULL
ORDER BY planned_duration DESC
LIMIT 10"
2115,75,Assignee có cycle time trung bình thấp nhất,-,-,jira,"[""jira_msn""]",Assignee có cycle time trung bình thấp nhất,,"SELECT assignee, AVG(DATE_DIFF('day', created, updated)) AS avg_cycle_time FROM hive.bi_silver.jira_msn WHERE created IS NOT NULL AND updated IS NOT NULL GROUP BY assignee ORDER BY avg_cycle_time ASC LIMIT 10"
2116,76,Assignee có cycle time trung bình cao nhất,-,-,jira,"[""jira_msn""]",Assignee có cycle time trung bình cao nhất,,"SELECT assignee, AVG(DATE_DIFF('day', created, updated)) AS avg_cycle_time FROM hive.bi_silver.jira_msn WHERE created IS NOT NULL AND updated IS NOT NULL GROUP BY assignee ORDER BY avg_cycle_time DESC LIMIT 10"
2117,77,Tỷ lệ nhiệm vụ được tạo nhưng chưa từng cập nhật,-,-,jira,"[""jira_msn""]",Tỷ lệ ticket được tạo nhưng chưa từng cập nhật,,"SELECT SUM(CASE WHEN updated = created THEN 1 ELSE 0 END) * 1.0 / NULLIF(CAST(COUNT(*) AS DOUBLE), 0) AS never_updated_rate
FROM hive.bi_silver.jira_msn"
2118,78,Nhiệm vụ có thời gian từ created đến duedate dài nhất,-,-,jira,"[""jira_msn""]",Ticket có thời gian từ created đến duedate dài nhất,,"SELECT key, DATE_DIFF('day', created, duedate) AS planned_cycle FROM hive.bi_silver.jira_msn WHERE created IS NOT NULL AND duedate IS NOT NULL ORDER BY planned_cycle DESC LIMIT 10"
2119,79,Phân bố nhiệm vụ theo quý dựa trên created,-,-,jira,"[""jira_msn""]",Phân bố ticket theo quý dựa trên created,,"SELECT DATE_TRUNC('quarter', created) AS quarter, COUNT(*) AS ticket_count FROM hive.bi_silver.jira_msn GROUP BY DATE_TRUNC('quarter', created) ORDER BY quarter"
2120,80,Chỉ số dự đoán rủi ro delivery = backlog / throughput tháng gần nhất,-,-,jira,"[""jira_msn""]",Chỉ số dự đoán rủi ro delivery = backlog / throughput tháng gần nhất,,"WITH backlog AS (
    SELECT COUNT(*) AS backlog_ticket
    FROM hive.bi_silver.jira_msn
    WHERE LOWER(status) IN (LOWER('TODO'), LOWER('IN PROGRESS'))
),
throughput AS (
    SELECT COUNT(*) AS completed_ticket
    FROM hive.bi_silver.jira_msn
    WHERE LOWER(status) IN (LOWER('Done'), LOWER('Hoàn thành. ĐX đóng'))
      AND updated >= DATE_TRUNC('month', CURRENT_DATE)
)
SELECT CAST(backlog_ticket AS DOUBLE) / NULLIF(completed_ticket, 0) AS delivery_risk_index
FROM backlog
CROSS JOIN throughput"
2121,81,Lead time trung bình từ created đến start_date theo project,-,-,jira,"[""jira_msn""]",Lead time trung bình từ created đến start_date theo project,,"SELECT projectkey, AVG(DATE_DIFF('day', created, start_date)) AS avg_lead_time FROM hive.bi_silver.jira_msn WHERE created IS NOT NULL AND start_date IS NOT NULL GROUP BY projectkey ORDER BY avg_lead_time DESC"
2122,82,Lead time P50 (median) từ created đến start_date,-,-,jira,"[""jira_msn""]",Lead time P50 (median) từ created đến start_date,,"SELECT APPROX_PERCENTILE(DATE_DIFF('day', created, start_date), 0.5) AS leadtime_p50
FROM hive.bi_silver.jira_msn
WHERE created IS NOT NULL
  AND start_date IS NOT NULL"
2123,83,Lead time P90 từ created đến start_date,-,-,jira,"[""jira_msn""]",Lead time P90 từ created đến start_date,,"SELECT APPROX_PERCENTILE(DATE_DIFF('day', created, start_date), 0.9) AS leadtime_p90
FROM hive.bi_silver.jira_msn
WHERE created IS NOT NULL
  AND start_date IS NOT NULL"
2124,84,Cycle time P50 của nhiệm vụ,-,-,jira,"[""jira_msn""]",Cycle time P50 của ticket,,"SELECT APPROX_PERCENTILE(DATE_DIFF('day', created, updated), 0.5) AS cycle_p50
FROM hive.bi_silver.jira_msn
WHERE created IS NOT NULL
  AND updated IS NOT NULL"
2125,85,Cycle time P90 của nhiệm vụ,-,-,jira,"[""jira_msn""]",Cycle time P90 của ticket,,"SELECT APPROX_PERCENTILE(DATE_DIFF('day', created, updated), 0.9) AS cycle_p90
FROM hive.bi_silver.jira_msn
WHERE created IS NOT NULL
  AND updated IS NOT NULL"
2126,86,Số lượng nhiệm vụ hoàn thành rolling 30 ngày,-,-,jira,"[""jira_msn""]",Số lượng ticket hoàn thành rolling 30 ngày,,"SELECT COUNT(*) AS throughput_30d
FROM hive.bi_silver.jira_msn
WHERE LOWER(status) IN (LOWER('Done'), LOWER('Hoàn thành. ĐX đóng'))
  AND updated >= CURRENT_DATE - INTERVAL '30' DAY"
2127,87,Số lượng nhiệm vụ tạo rolling 30 ngày,-,-,jira,"[""jira_msn""]",Số lượng ticket tạo rolling 30 ngày,,"SELECT COUNT(*) AS created_30d
FROM hive.bi_silver.jira_msn
WHERE created >= CURRENT_DATE - INTERVAL '30' DAY"
2128,88,Tỷ lệ backlog so với nhiệm vụ tạo 30 ngày gần nhất,-,-,jira,"[""jira_msn""]",Tỷ lệ backlog so với ticket tạo 30 ngày gần nhất,,"WITH backlog AS (
    SELECT COUNT(*) AS b
    FROM hive.bi_silver.jira_msn
    WHERE LOWER(status) IN (LOWER('TODO'), LOWER('IN PROGRESS'))
), recent AS (
    SELECT COUNT(*) AS r
    FROM hive.bi_silver.jira_msn
    WHERE created >= CURRENT_DATE - INTERVAL '30' DAY
)
SELECT CAST(b AS DOUBLE) / NULLIF(CAST(r AS DOUBLE), 0) AS backlog_pressure
FROM backlog
CROSS JOIN recent"
2129,89,Số lượng nhiệm vụ backlog theo project,-,-,jira,"[""jira_msn""]",Số lượng ticket backlog theo project,,"SELECT projectkey, COUNT(*) AS backlog_ticket
FROM hive.bi_silver.jira_msn
WHERE LOWER(status) IN (LOWER('TODO'), LOWER('IN PROGRESS'))
GROUP BY projectkey
ORDER BY backlog_ticket DESC"
2130,90,Project có backlog tăng nhanh nhất theo tháng,-,-,jira,"[""jira_msn""]",Project có backlog tăng nhanh nhất theo tháng,,"WITH m AS (
    SELECT
        projectkey,
        DATE_TRUNC('month', created) AS mth,
        COUNT(*) AS c
    FROM hive.bi_silver.jira_msn
    GROUP BY projectkey, DATE_TRUNC('month', created)
)
SELECT
    projectkey,
    mth,
    c - LAG(c) OVER (PARTITION BY projectkey ORDER BY mth) AS growth
FROM m
ORDER BY growth DESC
LIMIT 10"
2131,91,Số lượng nhiệm vụ theo assignee mỗi tháng,-,-,jira,"[""jira_msn""]",Số lượng ticket theo assignee mỗi tháng,,"SELECT assignee, DATE_TRUNC('month',created) AS month, COUNT(*) AS ticket_count FROM hive.bi_silver.jira_msn GROUP BY assignee, DATE_TRUNC('month',created)"
2132,92,Nhiệm vụ trung bình mỗi assignee mỗi tháng,-,-,jira,"[""jira_msn""]",Ticket trung bình mỗi assignee mỗi tháng,,"WITH m AS (
    SELECT
        assignee,
        DATE_TRUNC('month', created) mth,
        COUNT(*) c
    FROM hive.bi_silver.jira_msn
    GROUP BY
        assignee,
        DATE_TRUNC('month', created)
)
SELECT
    AVG(c) AS avg_monthly_ticket
FROM m"
2133,93,Assignee có số nhiệm vụ hoàn thành cao nhất mỗi tháng,-,-,jira,"[""jira_msn""]",Assignee có số ticket hoàn thành cao nhất mỗi tháng,,"SELECT assignee, DATE_TRUNC('month', updated) mth, COUNT(*) c
FROM hive.bi_silver.jira_msn
WHERE LOWER(status) IN (LOWER('Done'), LOWER('Hoàn thành. ĐX đóng'))
GROUP BY assignee, DATE_TRUNC('month', updated)
ORDER BY c DESC
LIMIT 10"
2134,94,Assignee có backlog lớn nhất,-,-,jira,"[""jira_msn""]",Assignee có backlog lớn nhất,,"SELECT assignee, COUNT(*) AS backlog_ticket
FROM hive.bi_silver.jira_msn
WHERE LOWER(status) IN (LOWER('TODO'), LOWER('IN PROGRESS'))
GROUP BY assignee
ORDER BY backlog_ticket DESC
LIMIT 10"
2135,95,Tỷ lệ nhiệm vụ overdue theo assignee,-,-,jira,"[""jira_msn""]",Tỷ lệ ticket overdue theo assignee,,"SELECT assignee, SUM(CASE WHEN updated > duedate THEN 1 ELSE 0 END) * 1.0 / NULLIF(CAST(COUNT(duedate) AS DOUBLE), 0) AS overdue_rate FROM hive.bi_silver.jira_msn GROUP BY assignee ORDER BY overdue_rate DESC"
2136,96,Assignee có backlog aging cao nhất,-,-,jira,"[""jira_msn""]",Assignee có backlog aging cao nhất,,"SELECT assignee, AVG(DATE_DIFF('day', created, CURRENT_DATE)) age
FROM hive.bi_silver.jira_msn
WHERE LOWER(status) IN (LOWER('TODO'), LOWER('IN PROGRESS'))
GROUP BY assignee
ORDER BY age DESC
LIMIT 10"
2137,97,Tỷ lệ nhiệm vụ có start_date sau duedate,-,-,jira,"[""jira_msn""]",Tỷ lệ ticket có start_date sau duedate,,"SELECT SUM(CASE WHEN start_date > duedate THEN 1 ELSE 0 END) * 1.0 / NULLIF(CAST(COUNT(*) AS DOUBLE), 0) AS start_after_due_rate
FROM hive.bi_silver.jira_msn
WHERE start_date IS NOT NULL
  AND duedate IS NOT NULL"
2138,98,Số lượng nhiệm vụ overdue hiện tại,-,-,jira,"[""jira_msn""]",Số lượng ticket overdue hiện tại,,"SELECT COUNT(*) 
FROM hive.bi_silver.jira_msn 
WHERE duedate < CURRENT_DATE 
  AND LOWER(status) NOT IN (LOWER('Done'), LOWER('Hoàn thành. ĐX đóng'))"
2139,99,Backlog aging trung bình theo project,-,-,jira,"[""jira_msn""]",Backlog aging trung bình theo project,,"SELECT projectkey, AVG(DATE_DIFF('day', created, CURRENT_DATE)) age
FROM hive.bi_silver.jira_msn
WHERE LOWER(status) IN (LOWER('TODO'), LOWER('IN PROGRESS'))
GROUP BY projectkey
ORDER BY age DESC"
2140,100,Project có throughput 30 ngày cao nhất,-,-,jira,"[""jira_msn""]",Project có throughput 30 ngày cao nhất,,"SELECT projectkey, COUNT(*) c 
FROM hive.bi_silver.jira_msn 
WHERE updated >= CURRENT_DATE - INTERVAL '30' DAY 
  AND LOWER(status) IN (LOWER('Done'), LOWER('Hoàn thành. ĐX đóng')) 
GROUP BY projectkey 
ORDER BY c DESC 
LIMIT 10"
2141,101,Tỷ lệ nhiệm vụ được cập nhật trong 7 ngày gần nhất theo project,-,-,jira,"[""jira_msn""]",Tỷ lệ ticket được cập nhật trong 7 ngày gần nhất theo project,,"SELECT projectkey,
       SUM(CASE WHEN updated >= CURRENT_DATE - INTERVAL '7' DAY THEN 1 ELSE 0 END) * 1.0
       / NULLIF(CAST(COUNT(*) AS DOUBLE), 0) AS active_rate
FROM hive.bi_silver.jira_msn
GROUP BY projectkey
ORDER BY active_rate DESC"
2142,102,Nhiệm vụ trung bình mỗi project mỗi tháng,-,-,jira,"[""jira_msn""]",Ticket trung bình mỗi project mỗi tháng,,"WITH m AS (
    SELECT
        projectkey,
        DATE_TRUNC('month', created) AS mth,
        COUNT(*) AS c
    FROM hive.bi_silver.jira_msn
    GROUP BY
        projectkey,
        DATE_TRUNC('month', created)
)
SELECT AVG(c) FROM m"
2143,103,Phân bố nhiệm vụ theo task_type mỗi tháng,-,-,jira,"[""jira_msn""]",Phân bố ticket theo task_type mỗi tháng,,"SELECT DATE_TRUNC('month', created) mth, task_type, COUNT(*) c
FROM hive.bi_silver.jira_msn
GROUP BY DATE_TRUNC('month', created), task_type"
2144,104,Phân bố nhiệm vụ theo issuetype mỗi tháng,-,-,jira,"[""jira_msn""]",Phân bố ticket theo issuetype mỗi tháng,,"SELECT DATE_TRUNC('month', created) mth, issuetype, COUNT(*) c
FROM hive.bi_silver.jira_msn
GROUP BY DATE_TRUNC('month', created), issuetype"
2145,105,Department có backlog cao nhất,-,-,jira,"[""jira_msn""]",Department có backlog cao nhất,,"SELECT department_center, COUNT(*) backlog
FROM hive.bi_silver.jira_msn
WHERE LOWER(status) IN (LOWER('TODO'), LOWER('IN PROGRESS'))
GROUP BY department_center
ORDER BY backlog DESC
LIMIT 10"
2146,106,Tỷ lệ nhiệm vụ overdue theo department,-,-,jira,"[""jira_msn""]",Tỷ lệ ticket overdue theo department,,"SELECT department_center,
       SUM(CASE WHEN updated > duedate THEN 1 ELSE 0 END) * 1.0
       / NULLIF(CAST(COUNT(duedate) AS DOUBLE), 0) AS overdue_rate
FROM hive.bi_silver.jira_msn
GROUP BY department_center
ORDER BY overdue_rate DESC"
2147,107,Department có cycle time trung bình cao nhất,-,-,jira,"[""jira_msn""]",Department có cycle time trung bình cao nhất,,"SELECT department_center, AVG(DATE_DIFF('day',created,updated)) cycle FROM hive.bi_silver.jira_msn WHERE created IS NOT NULL AND updated IS NOT NULL GROUP BY department_center ORDER BY cycle DESC LIMIT 10"
2148,108,Số lượng nhiệm vụ chưa có assignee theo project,-,-,jira,"[""jira_msn""]",Số lượng ticket chưa có assignee theo project,,"SELECT projectkey, COUNT(*) FROM hive.bi_silver.jira_msn WHERE assignee IS NULL GROUP BY projectkey ORDER BY COUNT(*) DESC"
2149,109,Tỷ lệ nhiệm vụ chưa có assignee theo project,-,-,jira,"[""jira_msn""]",Tỷ lệ ticket chưa có assignee theo project,,"SELECT projectkey, SUM(CASE WHEN assignee IS NULL THEN 1 ELSE 0 END) * 1.0 / NULLIF(CAST(COUNT(*) AS DOUBLE), 0) rate
FROM hive.bi_silver.jira_msn
GROUP BY projectkey
ORDER BY rate DESC"
2150,110,Project có lead time trung bình thấp nhất,-,-,jira,"[""jira_msn""]",Project có lead time trung bình thấp nhất,,"SELECT projectkey, AVG(DATE_DIFF('day',created,start_date)) leadtime FROM hive.bi_silver.jira_msn WHERE created IS NOT NULL AND start_date IS NOT NULL GROUP BY projectkey ORDER BY leadtime ASC LIMIT 10"
2151,111,Project có lead time trung bình cao nhất,-,-,jira,"[""jira_msn""]",Project có lead time trung bình cao nhất,,"SELECT projectkey, AVG(DATE_DIFF('day',created,start_date)) leadtime 
FROM hive.bi_silver.jira_msn 
WHERE created IS NOT NULL 
  AND start_date IS NOT NULL 
GROUP BY projectkey 
ORDER BY leadtime DESC 
LIMIT 10"
2152,112,Assignee có lead time bắt đầu công việc nhanh nhất,-,-,jira,"[""jira_msn""]",Assignee có lead time bắt đầu công việc nhanh nhất,,"SELECT assignee, AVG(DATE_DIFF('day',created,start_date)) leadtime FROM hive.bi_silver.jira_msn WHERE created IS NOT NULL AND start_date IS NOT NULL GROUP BY assignee ORDER BY leadtime ASC LIMIT 10"
2153,113,Assignee có lead time bắt đầu công việc chậm nhất,-,-,jira,"[""jira_msn""]",Assignee có lead time bắt đầu công việc chậm nhất,,"SELECT assignee, AVG(DATE_DIFF('day',created,start_date)) leadtime FROM hive.bi_silver.jira_msn WHERE created IS NOT NULL AND start_date IS NOT NULL GROUP BY assignee ORDER BY leadtime DESC LIMIT 10"
2154,114,Tỷ lệ nhiệm vụ có cycle time trên 30 ngày,-,-,jira,"[""jira_msn""]",Tỷ lệ ticket có cycle time trên 30 ngày,,"SELECT SUM(CASE WHEN DATE_DIFF('day', created, updated) > 30 THEN 1 ELSE 0 END) * 1.0 / NULLIF(CAST(COUNT(*) AS DOUBLE), 0) AS long_cycle_rate
FROM hive.bi_silver.jira_msn
WHERE created IS NOT NULL
  AND updated IS NOT NULL"
2155,115,Nhiệm vụ có cycle time trên 60 ngày,-,-,jira,"[""jira_msn""]",Ticket có cycle time trên 60 ngày,,"SELECT COUNT(*) FROM hive.bi_silver.jira_msn WHERE DATE_DIFF('day',created,updated)>60"
2156,116,Nhiệm vụ có lead time trên 30 ngày,-,-,jira,"[""jira_msn""]",Ticket có lead time trên 30 ngày,,"SELECT COUNT(*) FROM hive.bi_silver.jira_msn WHERE DATE_DIFF('day',created,start_date)>30"
2157,117,Tỷ lệ nhiệm vụ có planned duration trên 60 ngày,-,-,jira,"[""jira_msn""]",Tỷ lệ ticket có planned duration trên 60 ngày,,"SELECT SUM(CASE WHEN DATE_DIFF('day', start_date, duedate) > 60 THEN 1 ELSE 0 END) * 1.0 / NULLIF(CAST(COUNT(*) AS DOUBLE), 0) AS rate
FROM hive.bi_silver.jira_msn
WHERE start_date IS NOT NULL
  AND duedate IS NOT NULL"
2158,118,Số lượng nhiệm vụ theo ngày trong tuần dựa trên updated,-,-,jira,"[""jira_msn""]",Số lượng ticket theo ngày trong tuần dựa trên updated,,"SELECT DAY_OF_WEEK(updated) weekday, COUNT(*) c FROM hive.bi_silver.jira_msn GROUP BY DAY_OF_WEEK(updated) ORDER BY weekday"
2159,119,Tháng có throughput cao nhất,-,-,jira,"[""jira_msn""]",Tháng có throughput cao nhất,,"SELECT DATE_TRUNC('month', updated) mth, COUNT(*) c
FROM hive.bi_silver.jira_msn
WHERE LOWER(status) IN (LOWER('Done'), LOWER('Hoàn thành. ĐX đóng'))
GROUP BY DATE_TRUNC('month', updated)
ORDER BY c DESC
LIMIT 1"
2160,120,Chỉ số delivery pressure = backlog hiện tại / throughput 30 ngày,-,-,jira,"[""jira_msn""]",Chỉ số delivery pressure = backlog hiện tại / throughput 30 ngày,,"WITH backlog AS (
    SELECT COUNT(*) b
    FROM hive.bi_silver.jira_msn
    WHERE LOWER(status) IN (LOWER('TODO'), LOWER('IN PROGRESS'))
), throughput AS (
    SELECT COUNT(*) t
    FROM hive.bi_silver.jira_msn
    WHERE updated >= CURRENT_DATE - INTERVAL '30' DAY
      AND LOWER(status) IN (LOWER('Done'), LOWER('Hoàn thành. ĐX đóng'))
)
SELECT CAST(b AS DOUBLE) / NULLIF(CAST(t AS DOUBLE), 0) AS delivery_pressure
FROM backlog CROSS JOIN throughput"
2161,1,Tổng số nhiệm vụ Jira trong hệ thống,-,-,jira,"[""jira_task_operation""]",Tổng số nhiệm vụ Jira trong hệ thống,,SELECT COUNT(*) AS total_tasks FROM hive.bi_silver.jira_task_operation
2162,2,Số lượng nhiệm vụ theo trạng thái công việc,-,-,jira,"[""jira_task_operation""]",Số lượng nhiệm vụ theo trạng thái công việc,,"SELECT status, COUNT(*) AS total_tasks FROM hive.bi_silver.jira_task_operation GROUP BY status ORDER BY total_tasks DESC"
2163,3,Số lượng nhiệm vụ theo mức độ ưu tiên,-,-,jira,"[""jira_task_operation""]",Số lượng nhiệm vụ theo mức độ ưu tiên,,"SELECT priority, COUNT(*) AS total_tasks 
FROM hive.bi_silver.jira_task_operation 
GROUP BY priority 
ORDER BY total_tasks DESC"
2164,4,Số lượng nhiệm vụ theo loại issue,-,-,jira,"[""jira_task_operation""]",Số lượng nhiệm vụ theo loại issue,,"SELECT issue_type, COUNT(*) AS total_tasks FROM hive.bi_silver.jira_task_operation GROUP BY issue_type ORDER BY total_tasks DESC"
2165,5,Xu hướng số lượng nhiệm vụ được tạo theo tháng,-,-,jira,"[""jira_task_operation""]",Xu hướng số lượng nhiệm vụ được tạo theo tháng,,"SELECT DATE_TRUNC('month', created) AS month, COUNT(*) AS total_tasks FROM hive.bi_silver.jira_task_operation GROUP BY DATE_TRUNC('month', created) ORDER BY month"
2166,6,Xu hướng số lượng nhiệm vụ được cập nhật theo tháng,-,-,jira,"[""jira_task_operation""]",Xu hướng số lượng nhiệm vụ được cập nhật theo tháng,,"SELECT DATE_TRUNC('month', updated) AS month, COUNT(*) AS total_updates FROM hive.bi_silver.jira_task_operation GROUP BY DATE_TRUNC('month', updated) ORDER BY month"
2167,7,Top 10 nhân sự được giao nhiều nhiệm vụ nhất,-,-,jira,"[""jira_task_operation""]",Top 10 nhân sự được giao nhiều nhiệm vụ nhất,,"SELECT assignee, COUNT(*) AS total_tasks FROM hive.bi_silver.jira_task_operation GROUP BY assignee ORDER BY total_tasks DESC LIMIT 10"
2168,8,Số lượng nhiệm vụ theo nhóm công việc (work_group),-,-,jira,"[""jira_task_operation""]",Số lượng nhiệm vụ theo nhóm công việc (work_group),,"SELECT work_group, COUNT(*) AS total_tasks 
FROM hive.bi_silver.jira_task_operation 
GROUP BY work_group 
ORDER BY total_tasks DESC"
2169,9,Tỷ trọng nhiệm vụ theo trạng thái trong toàn bộ hệ thống,-,-,jira,"[""jira_task_operation""]",Tỷ trọng nhiệm vụ theo trạng thái trong toàn bộ hệ thống,,"WITH base AS (
    SELECT status, COUNT(*) AS task_count
    FROM hive.bi_silver.jira_task_operation
    GROUP BY status
), total AS (
    SELECT SUM(task_count) AS total_task
    FROM base
)
SELECT
    b.status,
    b.task_count,
    CAST(b.task_count AS DOUBLE) / NULLIF(t.total_task, 0) AS task_share
FROM base b
CROSS JOIN total t
ORDER BY task_share DESC"
2170,10,Tỷ lệ nhiệm vụ đã hoàn thành so với tổng số nhiệm vụ,-,-,jira,"[""jira_task_operation""]",Tỷ lệ nhiệm vụ đã hoàn thành so với tổng số nhiệm vụ,,"SELECT SUM(CASE WHEN LOWER(status) IN (LOWER('Done'), LOWER('Hoàn thành. ĐX đóng')) THEN 1 ELSE 0 END) * 1.0 / NULLIF(CAST(COUNT(*) AS DOUBLE), 0) AS completion_rate FROM hive.bi_silver.jira_task_operation"
2171,11,Số lượng nhiệm vụ theo phòng ban phụ trách,-,-,jira,"[""jira_task_operation""]",Số lượng nhiệm vụ theo phòng ban phụ trách,,"SELECT department_center, COUNT(*) AS total_tasks 
FROM hive.bi_silver.jira_task_operation 
GROUP BY department_center 
ORDER BY total_tasks DESC"
2172,12,Số lượng nhiệm vụ theo người giao việc (assignor),-,-,jira,"[""jira_task_operation""]",Số lượng nhiệm vụ theo người giao việc (assignor),,"SELECT assignor, COUNT(*) AS total_tasks FROM hive.bi_silver.jira_task_operation GROUP BY assignor ORDER BY total_tasks DESC"
2173,13,Số lượng nhiệm vụ quá hạn (due_date < ngày hiện tại và chưa hoàn thành),-,-,jira,"[""jira_task_operation""]",Số lượng nhiệm vụ quá hạn (due_date < ngày hiện tại và chưa hoàn thành),,"SELECT COUNT(*) AS overdue_tasks
FROM hive.bi_silver.jira_task_operation
WHERE due_date < CURRENT_DATE
  AND LOWER(status) NOT IN (LOWER('Done'), LOWER('Hoàn thành. ĐX đóng'))"
2174,14,Tỷ lệ nhiệm vụ quá hạn so với tổng số nhiệm vụ có due_date,-,-,jira,"[""jira_task_operation""]",Tỷ lệ nhiệm vụ quá hạn so với tổng số nhiệm vụ có due_date,,"SELECT SUM(CASE WHEN due_date < CURRENT_DATE AND LOWER(status) NOT IN (LOWER('Done'), LOWER('Hoàn thành. ĐX đóng')) THEN 1 ELSE 0 END) * 1.0 / NULLIF(CAST(COUNT(due_date) AS DOUBLE), 0) AS overdue_rate
FROM hive.bi_silver.jira_task_operation"
2175,15,Thời gian trung bình từ ngày tạo đến ngày cập nhật cuối (ngày),-,-,jira,"[""jira_task_operation""]",Thời gian trung bình từ ngày tạo đến ngày cập nhật cuối (ngày),,"SELECT AVG(DATE_DIFF('day', created, updated)) AS avg_task_lifecycle_days 
FROM hive.bi_silver.jira_task_operation 
WHERE created IS NOT NULL 
  AND updated IS NOT NULL"
2176,16,Những nhiệm vụ có thời gian xử lý dài nhất,-,-,jira,"[""jira_task_operation""]",Những nhiệm vụ có thời gian xử lý dài nhất,,"SELECT key, assignee, DATE_DIFF('day', created, updated) AS lifecycle_days 
FROM hive.bi_silver.jira_task_operation 
WHERE created IS NOT NULL 
  AND updated IS NOT NULL 
ORDER BY lifecycle_days DESC 
LIMIT 10"
2177,17,Số lượng nhiệm vụ được tạo theo phòng ban theo từng tháng,-,-,jira,"[""jira_task_operation""]",Số lượng nhiệm vụ được tạo theo phòng ban theo từng tháng,,"SELECT DATE_TRUNC('month', created) AS month, department_center, COUNT(*) AS total_tasks 
FROM hive.bi_silver.jira_task_operation 
GROUP BY DATE_TRUNC('month', created), department_center 
ORDER BY month"
2178,18,Phân bố nhiệm vụ theo ngày trong tuần dựa trên ngày tạo,-,-,jira,"[""jira_task_operation""]",Phân bố nhiệm vụ theo ngày trong tuần dựa trên ngày tạo,,"SELECT DAY_OF_WEEK(created) AS weekday, COUNT(*) AS task_count 
FROM hive.bi_silver.jira_task_operation 
GROUP BY DAY_OF_WEEK(created) 
ORDER BY weekday"
2179,19,Nhân sự có thời gian xử lý nhiệm vụ trung bình lâu nhất,-,-,jira,"[""jira_task_operation""]",Nhân sự có thời gian xử lý nhiệm vụ trung bình lâu nhất,,"SELECT assignee, AVG(DATE_DIFF('day', created, updated)) AS avg_resolution_days FROM hive.bi_silver.jira_task_operation WHERE created IS NOT NULL AND updated IS NOT NULL GROUP BY assignee ORDER BY avg_resolution_days DESC LIMIT 10"
2180,20,Phát hiện tháng có số lượng nhiệm vụ tạo bất thường so với trung bình,-,-,jira,"[""jira_task_operation""]",Phát hiện tháng có số lượng nhiệm vụ tạo bất thường so với trung bình,,"WITH monthly AS (
    SELECT DATE_TRUNC('month', created) AS month,
           COUNT(*) AS task_count
    FROM hive.bi_silver.jira_task_operation
    GROUP BY DATE_TRUNC('month', created)
),
stats AS (
    SELECT AVG(task_count) AS avg_task
    FROM monthly
)
SELECT m.month,
       m.task_count,
       CAST(m.task_count AS DOUBLE) * 1.0 / NULLIF(s.avg_task, 0) AS anomaly_ratio
FROM monthly m
CROSS JOIN stats s
ORDER BY anomaly_ratio DESC"
2181,21,Số lượng nhiệm vụ backlog hiện tại (TO DO hoặc IN PROGRESS),-,-,jira,"[""jira_task_operation""]",Số lượng nhiệm vụ backlog hiện tại (TO DO hoặc IN PROGRESS),,"SELECT COUNT(*) AS backlog_tasks
FROM hive.bi_silver.jira_task_operation
WHERE LOWER(status) IN (LOWER('TO DO'), LOWER('IN PROGRESS'))"
2182,22,Tỷ lệ backlog nhiệm vụ so với tổng số nhiệm vụ,-,-,jira,"[""jira_task_operation""]",Tỷ lệ backlog nhiệm vụ so với tổng số nhiệm vụ,,"SELECT SUM(CASE WHEN LOWER(status) IN (LOWER('TO DO'), LOWER('IN PROGRESS')) THEN 1 ELSE 0 END) * 1.0 / NULLIF(CAST(COUNT(*) AS DOUBLE), 0) AS backlog_rate FROM hive.bi_silver.jira_task_operation"
2183,23,Số lượng nhiệm vụ trung bình mỗi assignee,-,-,jira,"[""jira_task_operation""]",Số lượng nhiệm vụ trung bình mỗi assignee,,"WITH base AS (
    SELECT assignee, COUNT(*) AS task_count
    FROM hive.bi_silver.jira_task_operation
    GROUP BY assignee
)
SELECT AVG(task_count) AS avg_task_per_assignee
FROM base"
2184,24,Assignee có số nhiệm vụ backlog nhiều nhất,-,-,jira,"[""jira_task_operation""]",Assignee có số nhiệm vụ backlog nhiều nhất,,"SELECT assignee, COUNT(*) AS backlog_tasks 
FROM hive.bi_silver.jira_task_operation 
WHERE LOWER(status) IN (LOWER('TO DO'), LOWER('IN PROGRESS')) 
GROUP BY assignee 
ORDER BY backlog_tasks DESC 
LIMIT 10"
2185,25,Nhóm công việc có backlog nhiệm vụ cao nhất,-,-,jira,"[""jira_task_operation""]",Nhóm công việc có backlog nhiệm vụ cao nhất,,"SELECT work_group, COUNT(*) AS backlog_tasks
FROM hive.bi_silver.jira_task_operation
WHERE LOWER(status) IN (LOWER('TO DO'), LOWER('IN PROGRESS'))
GROUP BY work_group
ORDER BY backlog_tasks DESC
LIMIT 10"
2186,26,Tỷ trọng nhiệm vụ theo work_group trong toàn hệ thống,-,-,jira,"[""jira_task_operation""]",Tỷ trọng nhiệm vụ theo work_group trong toàn hệ thống,,"WITH base AS (
    SELECT work_group, COUNT(*) AS task_count
    FROM hive.bi_silver.jira_task_operation
    GROUP BY work_group
), total AS (
    SELECT SUM(task_count) AS total_task
    FROM base
)
SELECT
    b.work_group,
    b.task_count,
    CAST(b.task_count AS DOUBLE) / NULLIF(t.total_task, 0) AS task_share
FROM base b
CROSS JOIN total t
ORDER BY task_share DESC"
2187,27,Thời gian trung bình từ start_date đến updated (thời gian thực hiện nhiệm vụ),-,-,jira,"[""jira_task_operation""]",Thời gian trung bình từ start_date đến updated (thời gian thực hiện nhiệm vụ),,"SELECT AVG(DATE_DIFF('day', start_date, updated)) AS avg_execution_days 
FROM hive.bi_silver.jira_task_operation 
WHERE start_date IS NOT NULL 
  AND updated IS NOT NULL"
2188,28,Thời gian trung bình từ created đến start_date (lead time bắt đầu nhiệm vụ),-,-,jira,"[""jira_task_operation""]",Thời gian trung bình từ created đến start_date (lead time bắt đầu nhiệm vụ),,"SELECT AVG(DATE_DIFF('day', created, start_date)) AS avg_start_lead_time FROM hive.bi_silver.jira_task_operation WHERE start_date IS NOT NULL AND created IS NOT NULL"
2189,29,Nhiệm vụ có thời gian chờ bắt đầu lâu nhất,-,-,jira,"[""jira_task_operation""]",Nhiệm vụ có thời gian chờ bắt đầu lâu nhất,,"SELECT key, assignee, DATE_DIFF('day', created, start_date) AS waiting_days 
FROM hive.bi_silver.jira_task_operation 
WHERE start_date IS NOT NULL 
ORDER BY waiting_days DESC 
LIMIT 10"
2190,30,Tỷ lệ nhiệm vụ hoàn thành đúng hạn (updated <= due_date),-,-,jira,"[""jira_task_operation""]",Tỷ lệ nhiệm vụ hoàn thành đúng hạn (updated <= due_date),,"SELECT SUM(CASE WHEN updated <= due_date AND LOWER(status) IN (LOWER('Done'), LOWER('Hoàn thành. ĐX đóng')) THEN 1 ELSE 0 END) * 1.0 / NULLIF(SUM(CASE WHEN LOWER(status) IN (LOWER('Done'), LOWER('Hoàn thành. ĐX đóng')) THEN 1 ELSE 0 END),0) AS ontime_completion_rate FROM hive.bi_silver.jira_task_operation"
2191,31,Tỷ lệ nhiệm vụ hoàn thành trễ hạn,-,-,jira,"[""jira_task_operation""]",Tỷ lệ nhiệm vụ hoàn thành trễ hạn,,"SELECT SUM(CASE WHEN updated > due_date AND LOWER(status) IN (LOWER('Done'), LOWER('Hoàn thành. ĐX đóng')) THEN 1 ELSE 0 END) * 1.0 / NULLIF(SUM(CASE WHEN LOWER(status) IN (LOWER('Done'), LOWER('Hoàn thành. ĐX đóng')) THEN 1 ELSE 0 END), 0) AS late_completion_rate FROM hive.bi_silver.jira_task_operation"
2192,32,Số lượng nhiệm vụ được tạo theo assignee theo tháng,-,-,jira,"[""jira_task_operation""]",Số lượng nhiệm vụ được tạo theo assignee theo tháng,,"SELECT DATE_TRUNC('month', created) AS month, assignee, COUNT(*) AS total_tasks 
FROM hive.bi_silver.jira_task_operation 
GROUP BY DATE_TRUNC('month', created), assignee 
ORDER BY month"
2193,33,Số lượng nhiệm vụ hoàn thành theo work_group theo tháng,-,-,jira,"[""jira_task_operation""]",Số lượng nhiệm vụ hoàn thành theo work_group theo tháng,,"SELECT DATE_TRUNC('month', updated) AS month,
       work_group,
       COUNT(*) AS completed_tasks
FROM hive.bi_silver.jira_task_operation
WHERE LOWER(status) IN (LOWER('Done'), LOWER('Hoàn thành. ĐX đóng'))
GROUP BY DATE_TRUNC('month', updated), work_group
ORDER BY month"
2194,34,Tốc độ tăng trưởng nhiệm vụ tạo theo tháng,-,-,jira,"[""jira_task_operation""]",Tốc độ tăng trưởng nhiệm vụ tạo theo tháng,,"WITH monthly AS (
    SELECT
        DATE_TRUNC('month', created) AS month,
        COUNT(*) AS task_count
    FROM hive.bi_silver.jira_task_operation
    GROUP BY DATE_TRUNC('month', created)
)
SELECT
    month,
    task_count,
    task_count - LAG(task_count) OVER (ORDER BY month) AS task_growth
FROM monthly
ORDER BY month"
2195,35,Tỷ lệ nhiệm vụ theo priority trong mỗi work_group,-,-,jira,"[""jira_task_operation""]",Tỷ lệ nhiệm vụ theo priority trong mỗi work_group,,"WITH base AS (
    SELECT work_group, priority, COUNT(*) AS task_count
    FROM hive.bi_silver.jira_task_operation
    GROUP BY work_group, priority
), total AS (
    SELECT work_group, SUM(task_count) AS total_task
    FROM base
    GROUP BY work_group
)
SELECT b.work_group,
       b.priority,
       b.task_count,
       CAST(b.task_count AS DOUBLE) / NULLIF(t.total_task, 0) AS task_share
FROM base b
JOIN total t ON b.work_group = t.work_group"
2196,36,Chỉ số tập trung workload theo assignee (HHI),-,-,jira,"[""jira_task_operation""]",Chỉ số tập trung workload theo assignee (HHI),,"WITH base AS (
    SELECT assignee, CAST(COUNT(*) AS DOUBLE) AS task_count
    FROM hive.bi_silver.jira_task_operation
    GROUP BY assignee
),
total AS (
    SELECT SUM(task_count) AS total_task
    FROM base
)
SELECT SUM(POWER(CAST(task_count AS DOUBLE) * 1.0 / NULLIF(total_task, 0), 2)) AS workload_hhi
FROM base CROSS JOIN total"
2197,37,Assignee có workload cao bất thường so với trung bình,-,-,jira,"[""jira_task_operation""]",Assignee có workload cao bất thường so với trung bình,,"WITH base AS (
    SELECT assignee, COUNT(*) AS task_count
    FROM hive.bi_silver.jira_task_operation
    GROUP BY assignee
), stats AS (
    SELECT AVG(task_count) AS avg_task
    FROM base
)
SELECT b.assignee,
       b.task_count,
       CAST(b.task_count AS DOUBLE) / NULLIF(s.avg_task, 0) AS anomaly_ratio
FROM base b
CROSS JOIN stats s
ORDER BY anomaly_ratio DESC"
2198,38,Số lượng nhiệm vụ được cập nhật trong 7 ngày gần nhất,-,-,jira,"[""jira_task_operation""]",Số lượng nhiệm vụ được cập nhật trong 7 ngày gần nhất,,"SELECT COUNT(*) AS recent_updated_tasks
FROM hive.bi_silver.jira_task_operation
WHERE updated >= CURRENT_DATE - INTERVAL '7' DAY"
2199,39,Số lượng nhiệm vụ mới tạo trong 7 ngày gần nhất,-,-,jira,"[""jira_task_operation""]",Số lượng nhiệm vụ mới tạo trong 7 ngày gần nhất,,"SELECT COUNT(*) AS recent_created_tasks
FROM hive.bi_silver.jira_task_operation
WHERE created >= CURRENT_DATE - INTERVAL '7' DAY"
2200,40,Tỷ lệ nhiệm vụ được cập nhật trong 30 ngày gần nhất,-,-,jira,"[""jira_task_operation""]",Tỷ lệ nhiệm vụ được cập nhật trong 30 ngày gần nhất,,"SELECT SUM(CASE WHEN updated >= CURRENT_DATE - INTERVAL '30' DAY THEN 1 ELSE 0 END) * 1.0 / NULLIF(CAST(COUNT(*) AS DOUBLE), 0) AS active_task_rate FROM hive.bi_silver.jira_task_operation"
2201,41,Phòng ban có số lượng nhiệm vụ nhiều nhất,-,-,jira,"[""jira_task_operation""]",Phòng ban có số lượng nhiệm vụ nhiều nhất,,"SELECT department_center, COUNT(*) AS total_tasks FROM hive.bi_silver.jira_task_operation GROUP BY department_center ORDER BY total_tasks DESC LIMIT 10"
2202,42,Tỷ trọng backlog nhiệm vụ theo phòng ban,-,-,jira,"[""jira_task_operation""]",Tỷ trọng backlog nhiệm vụ theo phòng ban,,"WITH base AS (
    SELECT
        department_center,
        COUNT(*) AS backlog_tasks
    FROM hive.bi_silver.jira_task_operation
    WHERE LOWER(status) IN (LOWER('TO DO'), LOWER('IN PROGRESS'))
    GROUP BY department_center
),
total AS (
    SELECT
        SUM(backlog_tasks) AS total_task
    FROM base
)
SELECT
    b.department_center,
    b.backlog_tasks,
    CAST(b.backlog_tasks AS DOUBLE) / NULLIF(t.total_task, 0) AS backlog_share
FROM base b
CROSS JOIN total t
ORDER BY backlog_share DESC"
2203,43,Nhiệm vụ có planned duration dài nhất (start_date → due_date),-,-,jira,"[""jira_task_operation""]",Nhiệm vụ có planned duration dài nhất (start_date → due_date),,"SELECT key, DATE_DIFF('day', start_date, due_date) AS planned_duration FROM hive.bi_silver.jira_task_operation WHERE start_date IS NOT NULL AND due_date IS NOT NULL ORDER BY planned_duration DESC LIMIT 10"
2204,44,Phân bố nhiệm vụ theo ngày trong tuần dựa trên created,-,-,jira,"[""jira_task_operation""]",Phân bố nhiệm vụ theo ngày trong tuần dựa trên created,,"SELECT DAY_OF_WEEK(created) AS weekday, COUNT(*) AS task_count FROM hive.bi_silver.jira_task_operation GROUP BY DAY_OF_WEEK(created) ORDER BY weekday"
2205,45,Số lượng nhiệm vụ không có assignee,-,-,jira,"[""jira_task_operation""]",Số lượng nhiệm vụ không có assignee,,"SELECT COUNT(*) AS unassigned_tasks
FROM hive.bi_silver.jira_task_operation
WHERE assignee IS NULL"
2206,46,Tỷ lệ nhiệm vụ không có assignee,-,-,jira,"[""jira_task_operation""]",Tỷ lệ nhiệm vụ không có assignee,,"SELECT SUM(CASE WHEN assignee IS NULL THEN 1 ELSE 0 END) * 1.0 / NULLIF(CAST(COUNT(*) AS DOUBLE), 0) AS unassigned_rate
FROM hive.bi_silver.jira_task_operation"
2207,47,Số lượng nhiệm vụ theo assignor và assignee,-,-,jira,"[""jira_task_operation""]",Số lượng nhiệm vụ theo assignor và assignee,,"SELECT assignor, assignee, COUNT(*) AS total_tasks 
FROM hive.bi_silver.jira_task_operation 
GROUP BY assignor, assignee 
ORDER BY total_tasks DESC"
2208,48,Người giao việc có số nhiệm vụ nhiều nhất,-,-,jira,"[""jira_task_operation""]",Người giao việc có số nhiệm vụ nhiều nhất,,"SELECT assignor, COUNT(*) AS total_tasks FROM hive.bi_silver.jira_task_operation GROUP BY assignor ORDER BY total_tasks DESC LIMIT 10"
2209,49,Tỷ lệ nhiệm vụ priority cao (High/Critcal/Highest) trong toàn hệ thống,-,-,jira,"[""jira_task_operation""]",Tỷ lệ nhiệm vụ priority cao (High/Critcal/Highest) trong toàn hệ thống,,"SELECT SUM(CASE WHEN LOWER(priority) IN (LOWER('High'), LOWER('Critcal'), LOWER('Highest')) THEN 1 ELSE 0 END) * 1.0 / NULLIF(CAST(COUNT(*) AS DOUBLE), 0) AS high_priority_rate FROM hive.bi_silver.jira_task_operation"
2210,50,Phát hiện work_group có tỷ lệ nhiệm vụ overdue cao bất thường,-,-,jira,"[""jira_task_operation""]",Phát hiện work_group có tỷ lệ nhiệm vụ overdue cao bất thường,,"WITH base AS (
    SELECT
        work_group,
        SUM(CASE WHEN due_date < CURRENT_DATE AND LOWER(status) NOT IN (LOWER('Done'), LOWER('Hoàn thành. ĐX đóng')) THEN 1 ELSE 0 END) AS overdue_tasks,
        COUNT(*) AS total_tasks
    FROM hive.bi_silver.jira_task_operation
    GROUP BY work_group
),
stats AS (
    SELECT
        AVG(overdue_tasks * 1.0 / NULLIF(CAST(total_tasks AS DOUBLE), 0)) AS avg_overdue_rate
    FROM base
)
SELECT
    b.work_group,
    b.overdue_tasks * 1.0 / NULLIF(CAST(b.total_tasks AS DOUBLE), 0) AS overdue_rate,
    (b.overdue_tasks * 1.0 / NULLIF(CAST(b.total_tasks AS DOUBLE), 0)) / NULLIF(s.avg_overdue_rate, 0) AS anomaly_ratio
FROM base b
CROSS JOIN stats s
ORDER BY anomaly_ratio DESC"
2211,61,Số lượng nhiệm vụ được giao trung bình mỗi ngày,-,-,jira,"[""jira_task_operation""]",Số lượng nhiệm vụ được giao trung bình mỗi ngày,,"SELECT AVG(task_count) FROM (SELECT DATE(created) d, COUNT(*) task_count FROM hive.bi_silver.jira_task_operation GROUP BY DATE(created))"
2212,62,Số lượng nhiệm vụ hoàn thành trung bình mỗi ngày,-,-,jira,"[""jira_task_operation""]",Số lượng nhiệm vụ hoàn thành trung bình mỗi ngày,,"SELECT AVG(task_count) 
FROM (
    SELECT DATE(updated) d, COUNT(*) task_count 
    FROM hive.bi_silver.jira_task_operation 
    WHERE LOWER(status) IN (LOWER('Done'), LOWER('Hoàn thành. ĐX đóng')) 
    GROUP BY DATE(updated)
)"
2213,63,Tỷ lệ hoàn thành nhiệm vụ theo assignee,-,-,jira,"[""jira_task_operation""]",Tỷ lệ hoàn thành nhiệm vụ theo assignee,,"SELECT assignee,
       SUM(CASE WHEN LOWER(status) IN (LOWER('Done'), LOWER('Hoàn thành. ĐX đóng')) THEN 1 ELSE 0 END) * 1.0
       / NULLIF(CAST(COUNT(*) AS DOUBLE), 0) AS completion_rate
FROM hive.bi_silver.jira_task_operation
GROUP BY assignee"
2214,64,Tỷ lệ nhiệm vụ overdue theo assignee,-,-,jira,"[""jira_task_operation""]",Tỷ lệ nhiệm vụ overdue theo assignee,,"SELECT assignee,
       SUM(CASE WHEN due_date < CURRENT_DATE AND LOWER(status) NOT IN (LOWER('Done'), LOWER('Hoàn thành. ĐX đóng')) THEN 1 ELSE 0 END) * 1.0 / NULLIF(CAST(COUNT(*) AS DOUBLE), 0) AS overdue_rate
FROM hive.bi_silver.jira_task_operation
GROUP BY assignee"
2215,65,Assignee có backlog cao hơn 3 lần trung bình,-,-,jira,"[""jira_task_operation""]",Assignee có backlog cao hơn 3 lần trung bình,,"WITH base AS (
    SELECT assignee, COUNT(*) c
    FROM hive.bi_silver.jira_task_operation
    WHERE LOWER(status) IN (LOWER('TO DO'), LOWER('IN PROGRESS'))
    GROUP BY assignee
), s AS (
    SELECT AVG(c) avg_c FROM base
)
SELECT b.assignee, b.c
FROM base b
CROSS JOIN s
WHERE b.c > 3 * s.avg_c"
2216,66,Số nhiệm vụ trung bình mỗi work_group,-,-,jira,"[""jira_task_operation""]",Số nhiệm vụ trung bình mỗi work_group,,"SELECT AVG(task_count) FROM (SELECT work_group, COUNT(*) task_count FROM hive.bi_silver.jira_task_operation GROUP BY work_group)"
2217,67,Work group có productivity cao nhất (tasks completed),-,-,jira,"[""jira_task_operation""]",Work group có productivity cao nhất (tasks completed),,"SELECT work_group, COUNT(*) AS completed_tasks
FROM hive.bi_silver.jira_task_operation
WHERE LOWER(status) IN (LOWER('Done'), LOWER('Hoàn thành. ĐX đóng'))
GROUP BY work_group
ORDER BY completed_tasks DESC
LIMIT 10"
2218,68,Tỷ lệ nhiệm vụ được bắt đầu trong vòng 1 ngày sau khi tạo,-,-,jira,"[""jira_task_operation""]",Tỷ lệ nhiệm vụ được bắt đầu trong vòng 1 ngày sau khi tạo,,"SELECT SUM(CASE WHEN DATE_DIFF('day', created, start_date) <= 1 THEN 1 ELSE 0 END) * 1.0 / NULLIF(CAST(COUNT(*) AS DOUBLE), 0) FROM hive.bi_silver.jira_task_operation WHERE start_date IS NOT NULL"
2219,69,Tỷ lệ nhiệm vụ có lifecycle > 30 ngày,-,-,jira,"[""jira_task_operation""]",Tỷ lệ nhiệm vụ có lifecycle > 30 ngày,,"SELECT SUM(CASE WHEN DATE_DIFF('day', created, updated) > 30 THEN 1 ELSE 0 END) * 1.0 / NULLIF(CAST(COUNT(*) AS DOUBLE), 0) FROM hive.bi_silver.jira_task_operation WHERE updated IS NOT NULL"
2220,70,Nhiệm vụ có execution time dài nhất,-,-,jira,"[""jira_task_operation""]",Nhiệm vụ có execution time dài nhất,,"SELECT key, DATE_DIFF('day', start_date, updated) exec_days
FROM hive.bi_silver.jira_task_operation
WHERE start_date IS NOT NULL
  AND updated IS NOT NULL
ORDER BY exec_days DESC
LIMIT 10"
2221,71,Tỷ lệ nhiệm vụ priority cao theo work_group,-,-,jira,"[""jira_task_operation""]",Tỷ lệ nhiệm vụ priority cao theo work_group,,"SELECT work_group,
       SUM(CASE WHEN LOWER(priority) IN (LOWER('High'), LOWER('Critcal'), LOWER('Highest')) THEN 1 ELSE 0 END) * 1.0 / NULLIF(CAST(COUNT(*) AS DOUBLE), 0) AS rate
FROM hive.bi_silver.jira_task_operation
GROUP BY work_group"
2222,72,Work group có tỷ lệ overdue cao nhất,-,-,jira,"[""jira_task_operation""]",Work group có tỷ lệ overdue cao nhất,,"SELECT work_group,
       SUM(CASE WHEN due_date < CURRENT_DATE
                AND LOWER(status) NOT IN (LOWER('Done'), LOWER('Hoàn thành. ĐX đóng'))
                THEN 1 ELSE 0 END) * 1.0
       / NULLIF(CAST(COUNT(*) AS DOUBLE), 0) AS rate
FROM hive.bi_silver.jira_task_operation
GROUP BY work_group
ORDER BY rate DESC
LIMIT 10"
2223,73,Số nhiệm vụ tạo theo giờ trong ngày,-,-,jira,"[""jira_task_operation""]",Số nhiệm vụ tạo theo giờ trong ngày,,"SELECT HOUR(created) hour_of_day, COUNT(*) task_count FROM hive.bi_silver.jira_task_operation GROUP BY HOUR(created) ORDER BY hour_of_day"
2224,74,Assignee có execution time trung bình thấp nhất,-,-,jira,"[""jira_task_operation""]",Assignee có execution time trung bình thấp nhất,,"SELECT assignee, AVG(DATE_DIFF('day', start_date, updated)) avg_exec 
FROM hive.bi_silver.jira_task_operation 
WHERE start_date IS NOT NULL 
  AND updated IS NOT NULL 
GROUP BY assignee 
ORDER BY avg_exec ASC 
LIMIT 10"
2225,75,Tỷ lệ nhiệm vụ không có due_date,-,-,jira,"[""jira_task_operation""]",Tỷ lệ nhiệm vụ không có due_date,,"SELECT SUM(CASE WHEN due_date IS NULL THEN 1 ELSE 0 END) * 1.0 / NULLIF(CAST(COUNT(*) AS DOUBLE), 0) FROM hive.bi_silver.jira_task_operation"
2226,76,Assignee có tỷ lệ hoàn thành đúng hạn cao nhất,-,-,jira,"[""jira_task_operation""]",Assignee có tỷ lệ hoàn thành đúng hạn cao nhất,,"SELECT
    assignee,
    SUM(CASE WHEN updated <= due_date AND LOWER(status) IN (LOWER('Done'), LOWER('Hoàn thành. ĐX đóng')) THEN 1 ELSE 0 END) * 1.0
    / NULLIF(SUM(CASE WHEN LOWER(status) IN (LOWER('Done'), LOWER('Hoàn thành. ĐX đóng')) THEN 1 END), 0) AS rate
FROM hive.bi_silver.jira_task_operation
GROUP BY assignee
ORDER BY rate DESC
LIMIT 10"
2227,77,Assignee có tỷ lệ overdue cao nhất,-,-,jira,"[""jira_task_operation""]",Assignee có tỷ lệ overdue cao nhất,,"SELECT assignee,
       SUM(CASE WHEN updated > due_date AND LOWER(status) IN (LOWER('Done'), LOWER('Hoàn thành. ĐX đóng')) THEN 1 ELSE 0 END) * 1.0
       / NULLIF(CAST(COUNT(*) AS DOUBLE), 0) AS rate
FROM hive.bi_silver.jira_task_operation
GROUP BY assignee
ORDER BY rate DESC
LIMIT 10"
2228,78,Tỷ lệ nhiệm vụ bắt đầu muộn hơn due_date,-,-,jira,"[""jira_task_operation""]",Tỷ lệ nhiệm vụ bắt đầu muộn hơn due_date,,"SELECT SUM(CASE WHEN start_date > due_date THEN 1 ELSE 0 END) * 1.0 / NULLIF(CAST(COUNT(*) AS DOUBLE), 0) FROM hive.bi_silver.jira_task_operation WHERE start_date IS NOT NULL AND due_date IS NOT NULL"
2229,79,Số nhiệm vụ được giao mỗi assignor,-,-,jira,"[""jira_task_operation""]",Số nhiệm vụ được giao mỗi assignor,,"SELECT assignor, COUNT(*) task_count 
FROM hive.bi_silver.jira_task_operation 
GROUP BY assignor 
ORDER BY task_count DESC"
2230,80,Network giao việc phổ biến nhất (assignor → assignee),-,-,jira,"[""jira_task_operation""]",Network giao việc phổ biến nhất (assignor → assignee),,"SELECT assignor, assignee, COUNT(*) c
FROM hive.bi_silver.jira_task_operation
GROUP BY assignor, assignee
ORDER BY c DESC
LIMIT 10"
2231,81,Số nhiệm vụ trung bình mỗi assignee theo tháng,-,-,jira,"[""jira_task_operation""]",Số nhiệm vụ trung bình mỗi assignee theo tháng,,"SELECT DATE_TRUNC('month', created) AS m,
       assignee,
       COUNT(*) AS c
FROM hive.bi_silver.jira_task_operation
GROUP BY DATE_TRUNC('month', created), assignee"
2232,82,Tăng trưởng backlog theo tháng,-,-,jira,"[""jira_task_operation""]",Tăng trưởng backlog theo tháng,,"SELECT DATE_TRUNC('month', created) AS m,
       COUNT(*) AS backlog
FROM hive.bi_silver.jira_task_operation
WHERE LOWER(status) IN (LOWER('TO DO'), LOWER('IN PROGRESS'))
GROUP BY DATE_TRUNC('month', created)
ORDER BY m"
2233,83,Tỷ lệ nhiệm vụ bắt đầu trong cùng ngày tạo,-,-,jira,"[""jira_task_operation""]",Tỷ lệ nhiệm vụ bắt đầu trong cùng ngày tạo,,"SELECT SUM(CASE WHEN DATE(created)=DATE(start_date) THEN 1 ELSE 0 END)*1.0/NULLIF(CAST(COUNT(*) AS DOUBLE),0) FROM hive.bi_silver.jira_task_operation WHERE start_date IS NOT NULL"
2234,84,Số nhiệm vụ được cập nhật trong 1 ngày gần nhất,-,-,jira,"[""jira_task_operation""]",Số nhiệm vụ được cập nhật trong 1 ngày gần nhất,,SELECT COUNT(*) FROM hive.bi_silver.jira_task_operation WHERE updated >= CURRENT_DATE - INTERVAL '1' DAY
2235,85,Số nhiệm vụ overdue trung bình mỗi assignee,-,-,jira,"[""jira_task_operation""]",Số nhiệm vụ overdue trung bình mỗi assignee,,"SELECT AVG(overdue_count) FROM (
    SELECT assignee,
        SUM(CASE WHEN due_date < CURRENT_DATE AND LOWER(status) NOT IN (LOWER('Done'), LOWER('Hoàn thành. ĐX đóng')) THEN 1 ELSE 0 END) AS overdue_count
    FROM hive.bi_silver.jira_task_operation
    GROUP BY assignee
) sub"
2236,86,Assignee có tỷ lệ nhiệm vụ priority cao nhất,-,-,jira,"[""jira_task_operation""]",Assignee có tỷ lệ nhiệm vụ priority cao nhất,,"SELECT assignee,
       SUM(CASE WHEN LOWER(priority) IN (LOWER('High'), LOWER('Critcal'), LOWER('Highest')) THEN 1 ELSE 0 END) * 1.0 / NULLIF(CAST(COUNT(*) AS DOUBLE), 0) AS rate
FROM hive.bi_silver.jira_task_operation
GROUP BY assignee
ORDER BY rate DESC
LIMIT 10"
2237,87,Tỷ lệ nhiệm vụ được assign trong vòng 1 ngày sau khi tạo,-,-,jira,"[""jira_task_operation""]",Tỷ lệ nhiệm vụ được assign trong vòng 1 ngày sau khi tạo,,"SELECT SUM(CASE WHEN DATE_DIFF('day', created, start_date) <= 1 THEN 1 ELSE 0 END) * 1.0 / NULLIF(CAST(COUNT(*) AS DOUBLE), 0) FROM hive.bi_silver.jira_task_operation WHERE start_date IS NOT NULL"
2238,88,Tỷ lệ nhiệm vụ lifecycle dưới 7 ngày,-,-,jira,"[""jira_task_operation""]",Tỷ lệ nhiệm vụ lifecycle dưới 7 ngày,,"SELECT SUM(CASE WHEN DATE_DIFF('day', created, updated) <= 7 THEN 1 ELSE 0 END) * 1.0 / NULLIF(CAST(COUNT(*) AS DOUBLE), 0) FROM hive.bi_silver.jira_task_operation WHERE updated IS NOT NULL"
2239,89,Số nhiệm vụ tạo trong cuối tuần,-,-,jira,"[""jira_task_operation""]",Số nhiệm vụ tạo trong cuối tuần,,"SELECT COUNT(*) FROM hive.bi_silver.jira_task_operation WHERE DAY_OF_WEEK(created) IN (6,7)"
2240,90,Tỷ lệ nhiệm vụ tạo cuối tuần,-,-,jira,"[""jira_task_operation""]",Tỷ lệ nhiệm vụ tạo cuối tuần,,"SELECT SUM(CASE WHEN DAY_OF_WEEK(created) IN (6,7) THEN 1 ELSE 0 END)*1.0/NULLIF(CAST(COUNT(*) AS DOUBLE),0) FROM hive.bi_silver.jira_task_operation"
2241,91,Assignee có backlog thấp nhất,-,-,jira,"[""jira_task_operation""]",Assignee có backlog thấp nhất,,"SELECT assignee, COUNT(*) backlog
FROM hive.bi_silver.jira_task_operation
WHERE LOWER(status) IN (LOWER('TO DO'), LOWER('IN PROGRESS'))
GROUP BY assignee
ORDER BY backlog ASC
LIMIT 10"
2242,92,Tỷ lệ nhiệm vụ cập nhật sau hơn 14 ngày kể từ khi tạo,-,-,jira,"[""jira_task_operation""]",Tỷ lệ nhiệm vụ cập nhật sau hơn 14 ngày kể từ khi tạo,,"SELECT SUM(CASE WHEN DATE_DIFF('day',created,updated)>14 THEN 1 ELSE 0 END)*1.0/NULLIF(CAST(COUNT(*) AS DOUBLE),0) FROM hive.bi_silver.jira_task_operation WHERE updated IS NOT NULL"
2243,93,Work group có lifecycle nhiệm vụ trung bình dài nhất,-,-,jira,"[""jira_task_operation""]",Work group có lifecycle nhiệm vụ trung bình dài nhất,,"SELECT work_group, AVG(DATE_DIFF('day',created,updated)) avg_life 
FROM hive.bi_silver.jira_task_operation 
GROUP BY work_group 
ORDER BY avg_life DESC 
LIMIT 10"
2244,94,Work group có execution time trung bình thấp nhất,-,-,jira,"[""jira_task_operation""]",Work group có execution time trung bình thấp nhất,,"SELECT work_group, AVG(DATE_DIFF('day', start_date, updated)) avg_exec
FROM hive.bi_silver.jira_task_operation
WHERE start_date IS NOT NULL
GROUP BY work_group
ORDER BY avg_exec ASC
LIMIT 10"
2245,95,Tỷ lệ nhiệm vụ được cập nhật trong vòng 3 ngày sau start_date,-,-,jira,"[""jira_task_operation""]",Tỷ lệ nhiệm vụ được cập nhật trong vòng 3 ngày sau start_date,,"SELECT SUM(CASE WHEN DATE_DIFF('day', start_date, updated) <= 3 THEN 1 ELSE 0 END) * 1.0 / NULLIF(CAST(COUNT(*) AS DOUBLE), 0) FROM hive.bi_silver.jira_task_operation WHERE start_date IS NOT NULL AND updated IS NOT NULL"
2246,96,Số nhiệm vụ trung bình mỗi ngày trong 30 ngày gần nhất,-,-,jira,"[""jira_task_operation""]",Số nhiệm vụ trung bình mỗi ngày trong 30 ngày gần nhất,,"SELECT AVG(task_count) FROM (SELECT DATE(created) d, COUNT(*) task_count FROM hive.bi_silver.jira_task_operation WHERE created >= CURRENT_DATE - INTERVAL '30' DAY GROUP BY DATE(created))"
2247,97,Số nhiệm vụ overdue trong 30 ngày gần nhất,-,-,jira,"[""jira_task_operation""]",Số nhiệm vụ overdue trong 30 ngày gần nhất,,SELECT COUNT(*) FROM hive.bi_silver.jira_task_operation WHERE due_date < CURRENT_DATE AND updated >= CURRENT_DATE - INTERVAL '30' DAY
2248,98,Tỷ lệ nhiệm vụ overdue trong 30 ngày gần nhất,-,-,jira,"[""jira_task_operation""]",Tỷ lệ nhiệm vụ overdue trong 30 ngày gần nhất,,"SELECT SUM(CASE WHEN due_date < CURRENT_DATE THEN 1 ELSE 0 END) * 1.0 / NULLIF(CAST(COUNT(*) AS DOUBLE), 0) FROM hive.bi_silver.jira_task_operation WHERE created >= CURRENT_DATE - INTERVAL '30' DAY"
2249,99,Top 10 nhiệm vụ có lifecycle dài nhất,-,-,jira,"[""jira_task_operation""]",Top 10 nhiệm vụ có lifecycle dài nhất,,"SELECT key, DATE_DIFF('day',created,updated) life_days 
FROM hive.bi_silver.jira_task_operation 
ORDER BY life_days DESC 
LIMIT 10"
2250,100,Top 10 assignee có số nhiệm vụ hoàn thành nhiều nhất,-,-,jira,"[""jira_task_operation""]",Top 10 assignee có số nhiệm vụ hoàn thành nhiều nhất,,"SELECT assignee, COUNT(*) completed
FROM hive.bi_silver.jira_task_operation
WHERE LOWER(status) IN (LOWER('Done'), LOWER('Hoàn thành. ĐX đóng'))
GROUP BY assignee
ORDER BY completed DESC
LIMIT 10"
2251,1,Số lượng nhiệm vụ MSN theo trạng thái công việc trong bảng task operation,-,-,jira,"[""jira_msn"",""jira_task_operation""]",Số lượng ticket MSN theo trạng thái công việc trong bảng task operation,,"SELECT t.status, COUNT(DISTINCT m.key) AS ticket_count 
FROM hive.bi_silver.jira_msn m 
JOIN hive.bi_silver.jira_task_operation t 
  ON m.key = t.key 
GROUP BY t.status 
ORDER BY ticket_count DESC"
2252,2,Số lượng nhiệm vụ MSN theo loại issue trong bảng task operation,-,-,jira,"[""jira_msn"",""jira_task_operation""]",Số lượng ticket MSN theo loại issue trong bảng task operation,,"SELECT t.issue_type, COUNT(DISTINCT m.key) AS ticket_count FROM hive.bi_silver.jira_msn m JOIN hive.bi_silver.jira_task_operation t ON m.key = t.key GROUP BY t.issue_type ORDER BY ticket_count DESC"
2253,3,Số lượng nhiệm vụ MSN theo projectkey và priority của task operation,-,-,jira,"[""jira_msn"",""jira_task_operation""]",Số lượng ticket MSN theo projectkey và priority của task operation,,"SELECT m.projectkey, t.priority, COUNT(DISTINCT m.key) AS ticket_count 
FROM hive.bi_silver.jira_msn m 
JOIN hive.bi_silver.jira_task_operation t 
  ON m.key = t.key 
GROUP BY m.projectkey, t.priority 
ORDER BY ticket_count DESC"
2254,4,Số lượng nhiệm vụ MSN theo phòng ban và work_group thực hiện,-,-,jira,"[""jira_msn"",""jira_task_operation""]",Số lượng ticket MSN theo phòng ban và work_group thực hiện,,"SELECT m.department_center, t.work_group, COUNT(DISTINCT m.key) AS ticket_count 
FROM hive.bi_silver.jira_msn m 
JOIN hive.bi_silver.jira_task_operation t ON m.key = t.key 
GROUP BY m.department_center, t.work_group 
ORDER BY ticket_count DESC"
2255,5,Số lượng nhiệm vụ MSN được tạo theo tháng và trạng thái task operation,-,-,jira,"[""jira_msn"",""jira_task_operation""]",Số lượng ticket MSN được tạo theo tháng và trạng thái task operation,,"SELECT DATE_TRUNC('month', m.created) AS month, t.status, COUNT(DISTINCT m.key) AS ticket_count 
FROM hive.bi_silver.jira_msn m 
JOIN hive.bi_silver.jira_task_operation t ON m.key = t.key 
GROUP BY DATE_TRUNC('month', m.created), t.status 
ORDER BY month"
2256,6,Số lượng nhiệm vụ MSN theo assignee trong bảng task operation,-,-,jira,"[""jira_msn"",""jira_task_operation""]",Số lượng ticket MSN theo assignee trong bảng task operation,,"SELECT t.assignee, COUNT(DISTINCT m.key) AS ticket_count FROM hive.bi_silver.jira_msn m JOIN hive.bi_silver.jira_task_operation t ON m.key = t.key GROUP BY t.assignee ORDER BY ticket_count DESC LIMIT 10"
2257,7,Số lượng nhiệm vụ MSN theo assignor và assignee,-,-,jira,"[""jira_msn"",""jira_task_operation""]",Số lượng ticket MSN theo assignor và assignee,,"SELECT t.assignor, t.assignee, COUNT(DISTINCT m.key) AS ticket_count 
FROM hive.bi_silver.jira_msn m 
JOIN hive.bi_silver.jira_task_operation t 
  ON m.key = t.key 
GROUP BY t.assignor, t.assignee 
ORDER BY ticket_count DESC"
2258,8,Tỷ lệ nhiệm vụ MSN đã hoàn thành theo projectkey,-,-,jira,"[""jira_msn"",""jira_task_operation""]",Tỷ lệ ticket MSN đã hoàn thành theo projectkey,,"SELECT
    m.projectkey,
    SUM(CASE WHEN LOWER(t.status) IN (LOWER('Done'), LOWER('Hoàn thành. ĐX đóng')) THEN 1 ELSE 0 END) * 1.0
    / NULLIF(CAST(COUNT(*) AS DOUBLE), 0) AS completion_rate
FROM hive.bi_silver.jira_msn m
JOIN hive.bi_silver.jira_task_operation t
    ON m.key = t.key
GROUP BY m.projectkey"
2259,9,Số lượng nhiệm vụ MSN overdue theo projectkey,-,-,jira,"[""jira_msn"",""jira_task_operation""]",Số lượng ticket MSN overdue theo projectkey,,"SELECT m.projectkey, COUNT(*) AS overdue_tickets
FROM hive.bi_silver.jira_msn m
JOIN hive.bi_silver.jira_task_operation t ON m.key = t.key
WHERE t.due_date < CURRENT_DATE
  AND LOWER(t.status) NOT IN (LOWER('Done'), LOWER('Hoàn thành. ĐX đóng'))
GROUP BY m.projectkey
ORDER BY overdue_tickets DESC"
2260,10,Tỷ lệ nhiệm vụ MSN overdue theo department_center,-,-,jira,"[""jira_msn"",""jira_task_operation""]",Tỷ lệ ticket MSN overdue theo department_center,,"SELECT m.department_center,
       SUM(CASE WHEN t.due_date < CURRENT_DATE AND LOWER(t.status) NOT IN (LOWER('Done'), LOWER('Hoàn thành. ĐX đóng')) THEN 1 ELSE 0 END) * 1.0 / NULLIF(CAST(COUNT(*) AS DOUBLE), 0) AS overdue_rate
FROM hive.bi_silver.jira_msn m
JOIN hive.bi_silver.jira_task_operation t ON m.key = t.key
GROUP BY m.department_center"
2261,11,Số lượng nhiệm vụ MSN theo loại issue và priority,-,-,jira,"[""jira_msn"",""jira_task_operation""]",Số lượng ticket MSN theo loại issue và priority,,"SELECT m.issuetype, t.priority, COUNT(*) AS ticket_count 
FROM hive.bi_silver.jira_msn m 
JOIN hive.bi_silver.jira_task_operation t 
  ON m.key = t.key 
GROUP BY m.issuetype, t.priority 
ORDER BY ticket_count DESC"
2262,12,Số lượng nhiệm vụ MSN theo task_type và status task operation,-,-,jira,"[""jira_msn"",""jira_task_operation""]",Số lượng ticket MSN theo task_type và status task operation,,"SELECT m.task_type, t.status, COUNT(*) AS ticket_count 
FROM hive.bi_silver.jira_msn m 
JOIN hive.bi_silver.jira_task_operation t 
  ON m.key = t.key 
GROUP BY m.task_type, t.status 
ORDER BY ticket_count DESC"
2263,13,Tỷ trọng nhiệm vụ MSN theo work_group trong từng project,-,-,jira,"[""jira_msn"",""jira_task_operation""]",Tỷ trọng ticket MSN theo work_group trong từng project,,"WITH base AS (
    SELECT m.projectkey,
           t.work_group,
           COUNT(*) AS c
    FROM hive.bi_silver.jira_msn m
    JOIN hive.bi_silver.jira_task_operation t
      ON LOWER(m.key) = LOWER(t.key)
    GROUP BY m.projectkey, t.work_group
),
total AS (
    SELECT projectkey,
           SUM(c) AS total_c
    FROM base
    GROUP BY projectkey
)
SELECT b.projectkey,
       b.work_group,
       CAST(b.c AS DOUBLE) / NULLIF(t.total_c, 0) AS ticket_share
FROM base b
JOIN total t
  ON LOWER(b.projectkey) = LOWER(t.projectkey)"
2264,14,Top 10 assignee xử lý nhiều nhiệm vụ MSN nhất,-,-,jira,"[""jira_msn"",""jira_task_operation""]",Top 10 assignee xử lý nhiều ticket MSN nhất,,"SELECT t.assignee, COUNT(*) AS ticket_count 
FROM hive.bi_silver.jira_msn m 
JOIN hive.bi_silver.jira_task_operation t 
  ON m.key = t.key 
GROUP BY t.assignee 
ORDER BY ticket_count DESC 
LIMIT 10"
2265,15,Top 10 assignor giao nhiều nhiệm vụ MSN nhất,-,-,jira,"[""jira_msn"",""jira_task_operation""]",Top 10 assignor giao nhiều ticket MSN nhất,,"SELECT t.assignor, COUNT(*) AS ticket_count 
FROM hive.bi_silver.jira_msn m 
JOIN hive.bi_silver.jira_task_operation t 
  ON m.key = t.key 
GROUP BY t.assignor 
ORDER BY ticket_count DESC 
LIMIT 10"
2266,16,Thời gian trung bình từ tạo nhiệm vụ MSN đến bắt đầu thực hiện task,-,-,jira,"[""jira_msn"",""jira_task_operation""]",Thời gian trung bình từ tạo ticket MSN đến bắt đầu thực hiện task,,"SELECT AVG(DATE_DIFF('day', m.created, t.start_date)) AS avg_start_delay_days FROM hive.bi_silver.jira_msn m JOIN hive.bi_silver.jira_task_operation t ON m.key = t.key WHERE t.start_date IS NOT NULL"
2267,17,Thời gian trung bình từ tạo nhiệm vụ MSN đến cập nhật cuối task,-,-,jira,"[""jira_msn"",""jira_task_operation""]",Thời gian trung bình từ tạo ticket MSN đến cập nhật cuối task,,"SELECT AVG(DATE_DIFF('day', m.created, t.updated)) AS avg_lifecycle_days FROM hive.bi_silver.jira_msn m JOIN hive.bi_silver.jira_task_operation t ON m.key = t.key WHERE t.updated IS NOT NULL"
2268,18,Nhiệm vụ MSN có thời gian xử lý dài nhất,-,-,jira,"[""jira_msn"",""jira_task_operation""]",Ticket MSN có thời gian xử lý dài nhất,,"SELECT m.key, DATE_DIFF('day', m.created, t.updated) AS lifecycle_days
FROM hive.bi_silver.jira_msn m
JOIN hive.bi_silver.jira_task_operation t
  ON LOWER(m.key) = LOWER(t.key)
WHERE t.updated IS NOT NULL
ORDER BY lifecycle_days DESC
LIMIT 10"
2269,19,Số lượng nhiệm vụ MSN theo project và work_group theo tháng,-,-,jira,"[""jira_msn"",""jira_task_operation""]",Số lượng ticket MSN theo project và work_group theo tháng,,"SELECT DATE_TRUNC('month', m.created) AS month, m.projectkey, t.work_group, COUNT(*) AS ticket_count 
FROM hive.bi_silver.jira_msn m 
JOIN hive.bi_silver.jira_task_operation t ON m.key = t.key 
GROUP BY DATE_TRUNC('month', m.created), m.projectkey, t.work_group 
ORDER BY month"
2270,20,Tỷ lệ nhiệm vụ MSN priority cao theo projectkey,-,-,jira,"[""jira_msn"",""jira_task_operation""]",Tỷ lệ ticket MSN priority cao theo projectkey,,"SELECT
    m.projectkey,
    SUM(CASE WHEN LOWER(t.priority) IN (LOWER('High'), LOWER('Critcal'), LOWER('Highest')) THEN 1 ELSE 0 END) * 1.0 / NULLIF(CAST(COUNT(*) AS DOUBLE), 0) AS high_priority_rate
FROM hive.bi_silver.jira_msn m
JOIN hive.bi_silver.jira_task_operation t
    ON m.key = t.key
GROUP BY m.projectkey"
2271,1,Tổng số bản ghi thực thể NOC trong hệ thống là bao nhiêu,-,-,noc,"[""noc_entities""]",Tổng số bản ghi thực thể NOC trong hệ thống là bao nhiêu,,SELECT COUNT(*) AS total_entities FROM hive.bi_silver.noc_entities
2272,2,Số lượng khách hàng khác nhau (distinct customer) đang sử dụng các thực thể NOC,-,-,noc,"[""noc_entities""]",Số lượng khách hàng khác nhau (distinct customer) đang sử dụng các thực thể NOC,,SELECT COUNT(DISTINCT customer) AS total_customers FROM hive.bi_silver.noc_entities
2273,3,Số lượng host khác nhau được ghi nhận trong hệ thống NOC,-,-,noc,"[""noc_entities""]",Số lượng host khác nhau được ghi nhận trong hệ thống NOC,,SELECT COUNT(DISTINCT host) AS total_hosts FROM hive.bi_silver.noc_entities
2274,4,Số lượng dự án khác nhau được ghi nhận trong bảng NOC entities,-,-,noc,"[""noc_entities""]",Số lượng dự án khác nhau được ghi nhận trong bảng NOC entities,,"SELECT COUNT(DISTINCT project) AS total_projects
FROM hive.bi_silver.noc_entities"
2275,5,Số lượng thực thể NOC theo từng khách hàng,-,-,noc,"[""noc_entities""]",Số lượng thực thể NOC theo từng khách hàng,,"SELECT customer, COUNT(*) AS total_entities FROM hive.bi_silver.noc_entities GROUP BY customer ORDER BY total_entities DESC"
2276,6,Số lượng thực thể NOC theo từng host,-,-,noc,"[""noc_entities""]",Số lượng thực thể NOC theo từng host,,"SELECT host, COUNT(*) AS total_entities FROM hive.bi_silver.noc_entities GROUP BY host ORDER BY total_entities DESC"
2277,7,Số lượng thực thể NOC theo từng dự án,-,-,noc,"[""noc_entities""]",Số lượng thực thể NOC theo từng dự án,,"SELECT project, COUNT(*) AS total_entities FROM hive.bi_silver.noc_entities GROUP BY project ORDER BY total_entities DESC"
2278,8,Top 10 khách hàng có nhiều thực thể NOC nhất,-,-,noc,"[""noc_entities""]",Top 10 khách hàng có nhiều thực thể NOC nhất,,"SELECT customer, COUNT(*) AS total_entities FROM hive.bi_silver.noc_entities GROUP BY customer ORDER BY total_entities DESC LIMIT 10"
2279,9,Top 10 host xuất hiện nhiều nhất trong hệ thống NOC,-,-,noc,"[""noc_entities""]",Top 10 host xuất hiện nhiều nhất trong hệ thống NOC,,"SELECT host, COUNT(*) AS total_entities FROM hive.bi_silver.noc_entities GROUP BY host ORDER BY total_entities DESC LIMIT 10"
2280,10,Top 10 dự án có nhiều thực thể NOC nhất,-,-,noc,"[""noc_entities""]",Top 10 dự án có nhiều thực thể NOC nhất,,"SELECT project, COUNT(*) AS total_entities FROM hive.bi_silver.noc_entities GROUP BY project ORDER BY total_entities DESC LIMIT 10"
2281,11,Tỷ trọng số lượng thực thể NOC của từng khách hàng so với toàn hệ thống,-,-,noc,"[""noc_entities""]",Tỷ trọng số lượng thực thể NOC của từng khách hàng so với toàn hệ thống,,"WITH total AS (
    SELECT COUNT(*) AS total_entities
    FROM hive.bi_silver.noc_entities
)
SELECT
    customer,
    COUNT(*) AS entity_count,
    CAST(COUNT(*) AS DOUBLE) / NULLIF(total.total_entities, 0) AS entity_share
FROM hive.bi_silver.noc_entities
CROSS JOIN total
GROUP BY customer, total.total_entities
ORDER BY entity_count DESC"
2282,12,Tỷ trọng số lượng thực thể NOC theo từng dự án,-,-,noc,"[""noc_entities""]",Tỷ trọng số lượng thực thể NOC theo từng dự án,,"WITH total AS (
    SELECT COUNT(*) AS total_entities
    FROM hive.bi_silver.noc_entities
)
SELECT
    project,
    COUNT(*) AS entity_count,
    CAST(COUNT(*) AS DOUBLE) / NULLIF(total.total_entities, 0) AS entity_share
FROM hive.bi_silver.noc_entities
CROSS JOIN total
GROUP BY
    project,
    total.total_entities
ORDER BY
    entity_count DESC"
2283,13,Số lượng host trung bình mỗi khách hàng đang sử dụng,-,-,noc,"[""noc_entities""]",Số lượng host trung bình mỗi khách hàng đang sử dụng,,"SELECT customer, COUNT(DISTINCT host) AS total_hosts 
FROM hive.bi_silver.noc_entities 
GROUP BY customer 
ORDER BY total_hosts DESC"
2284,14,Số lượng dự án trung bình mỗi khách hàng tham gia,-,-,noc,"[""noc_entities""]",Số lượng dự án trung bình mỗi khách hàng tham gia,,"SELECT customer, COUNT(DISTINCT project) AS total_projects FROM hive.bi_silver.noc_entities GROUP BY customer ORDER BY total_projects DESC"
2285,15,Khách hàng nào có nhiều host nhất trong hệ thống NOC,-,-,noc,"[""noc_entities""]",Khách hàng nào có nhiều host nhất trong hệ thống NOC,,"SELECT customer, COUNT(DISTINCT host) AS total_hosts FROM hive.bi_silver.noc_entities GROUP BY customer ORDER BY total_hosts DESC LIMIT 1"
2286,16,Dự án nào có nhiều host nhất trong hệ thống NOC,-,-,noc,"[""noc_entities""]",Dự án nào có nhiều host nhất trong hệ thống NOC,,"SELECT project, COUNT(DISTINCT host) AS total_hosts FROM hive.bi_silver.noc_entities GROUP BY project ORDER BY total_hosts DESC LIMIT 1"
2287,17,Host nào phục vụ nhiều khách hàng khác nhau nhất,-,-,noc,"[""noc_entities""]",Host nào phục vụ nhiều khách hàng khác nhau nhất,,"SELECT host, COUNT(DISTINCT customer) AS total_customers FROM hive.bi_silver.noc_entities GROUP BY host ORDER BY total_customers DESC LIMIT 10"
2288,18,Số lượng khách hàng trung bình trên mỗi host,-,-,noc,"[""noc_entities""]",Số lượng khách hàng trung bình trên mỗi host,,"WITH host_customer AS (
    SELECT
        host,
        COUNT(DISTINCT customer) AS customer_count
    FROM hive.bi_silver.noc_entities
    GROUP BY host
)
SELECT
    AVG(customer_count) AS avg_customers_per_host
FROM host_customer"
2289,19,Các host có số lượng thực thể cao bất thường so với trung bình toàn hệ thống,-,-,noc,"[""noc_entities""]",Các host có số lượng thực thể cao bất thường so với trung bình toàn hệ thống,,"WITH host_stats AS (
    SELECT host, COUNT(*) AS entity_count
    FROM hive.bi_silver.noc_entities
    GROUP BY host
), stats AS (
    SELECT AVG(entity_count) AS avg_entities
    FROM host_stats
)
SELECT h.host, h.entity_count
FROM host_stats h
CROSS JOIN stats s
WHERE h.entity_count > s.avg_entities * 3
ORDER BY h.entity_count DESC"
2290,20,Các khách hàng có số lượng dự án cao bất thường so với trung bình hệ thống,-,-,noc,"[""noc_entities""]",Các khách hàng có số lượng dự án cao bất thường so với trung bình hệ thống,,"WITH customer_project AS (
    SELECT
        customer,
        COUNT(DISTINCT project) AS project_count
    FROM hive.bi_silver.noc_entities
    GROUP BY customer
),
stats AS (
    SELECT
        AVG(project_count) AS avg_projects
    FROM customer_project
)
SELECT
    c.customer,
    c.project_count
FROM customer_project c
CROSS JOIN stats s
WHERE c.project_count > s.avg_projects * 3
ORDER BY c.project_count DESC"
2291,1,Tổng số bản ghi metric trong hệ thống NOC,-,-,noc,"[""noc_metrics""]",Tổng số bản ghi metric trong hệ thống NOC,,SELECT COUNT(*) AS total_metrics FROM hive.bi_silver.noc_metrics
2292,2,Số lượng metric được ghi nhận theo từng loại metric_name,-,-,noc,"[""noc_metrics""]",Số lượng metric được ghi nhận theo từng loại metric_name,,"SELECT metric_name, COUNT(*) AS total_records 
FROM hive.bi_silver.noc_metrics 
GROUP BY metric_name 
ORDER BY total_records DESC"
2293,3,Giá trị trung bình của metric_value theo từng metric_name,-,-,noc,"[""noc_metrics""]",Giá trị trung bình của metric_value theo từng metric_name,,"SELECT metric_name, AVG(metric_value) AS avg_metric_value
FROM hive.bi_silver.noc_metrics
GROUP BY metric_name
ORDER BY avg_metric_value DESC"
2294,4,Giá trị metric_value tối đa và tối thiểu theo từng metric_name,-,-,noc,"[""noc_metrics""]",Giá trị metric_value tối đa và tối thiểu theo từng metric_name,,"SELECT metric_name, MAX(metric_value) AS max_metric_value, MIN(metric_value) AS min_metric_value 
FROM hive.bi_silver.noc_metrics 
GROUP BY metric_name"
2295,5,Giá trị metric trung bình theo từng khách hàng và metric_name,-,-,noc,"[""noc_metrics""]",Giá trị metric trung bình theo từng khách hàng và metric_name,,"SELECT customer, metric_name, AVG(metric_value) AS avg_metric_value 
FROM hive.bi_silver.noc_metrics 
GROUP BY customer, metric_name 
ORDER BY avg_metric_value DESC"
2296,6,Giá trị metric trung bình theo từng project và metric_name,-,-,noc,"[""noc_metrics""]",Giá trị metric trung bình theo từng project và metric_name,,"SELECT project, metric_name, AVG(metric_value) AS avg_metric_value
FROM hive.bi_silver.noc_metrics
GROUP BY project, metric_name
ORDER BY avg_metric_value DESC"
2297,7,Xu hướng giá trị metric trung bình theo ngày cho từng metric_name,-,-,noc,"[""noc_metrics""]",Xu hướng giá trị metric trung bình theo ngày cho từng metric_name,,"SELECT dt, metric_name, AVG(metric_value) AS avg_metric_value
FROM hive.bi_silver.noc_metrics
GROUP BY dt, metric_name
ORDER BY dt, metric_name"
2298,8,Giá trị metric trung bình theo host và metric_name,-,-,noc,"[""noc_metrics""]",Giá trị metric trung bình theo host và metric_name,,"SELECT host, metric_name, AVG(metric_value) AS avg_metric_value
FROM hive.bi_silver.noc_metrics
GROUP BY host, metric_name
ORDER BY avg_metric_value DESC"
2299,9,Top 10 host có giá trị cpu_usage_average trung bình cao nhất,-,-,noc,"[""noc_metrics""]",Top 10 host có giá trị cpu_usage_average trung bình cao nhất,,"SELECT host, AVG(metric_value) AS avg_cpu_usage
FROM hive.bi_silver.noc_metrics
WHERE LOWER(metric_name) = LOWER('cpu_usage_average')
GROUP BY host
ORDER BY avg_cpu_usage DESC
LIMIT 10"
2300,10,Top 10 project có giá trị disk_used_percent trung bình cao nhất,-,-,noc,"[""noc_metrics""]",Top 10 project có giá trị disk_used_percent trung bình cao nhất,,"SELECT project, AVG(metric_value) AS avg_disk_used
FROM hive.bi_silver.noc_metrics
WHERE LOWER(metric_name) = LOWER('disk_used_percent')
GROUP BY project
ORDER BY avg_disk_used DESC
LIMIT 10"
2301,11,Tỷ trọng số bản ghi metric theo từng metric_name so với toàn bộ hệ thống,-,-,noc,"[""noc_metrics""]",Tỷ trọng số bản ghi metric theo từng metric_name so với toàn bộ hệ thống,,"WITH total AS (
    SELECT COUNT(*) AS total_records
    FROM hive.bi_silver.noc_metrics
)
SELECT
    metric_name,
    COUNT(*) AS metric_count,
    CAST(COUNT(*) AS DOUBLE) / NULLIF(total.total_records, 0) AS metric_share
FROM hive.bi_silver.noc_metrics
CROSS JOIN total
GROUP BY metric_name, total.total_records
ORDER BY metric_count DESC"
2302,12,Phân bố số lượng metric theo từng agg_type,-,-,noc,"[""noc_metrics""]",Phân bố số lượng metric theo từng agg_type,,"SELECT agg_type, COUNT(*) AS total_metrics FROM hive.bi_silver.noc_metrics GROUP BY agg_type ORDER BY total_metrics DESC"
2303,13,So sánh giá trị metric trung bình giữa các khách hàng cho metric cpu_usage_average,-,-,noc,"[""noc_metrics""]",So sánh giá trị metric trung bình giữa các khách hàng cho metric cpu_usage_average,,"SELECT customer, AVG(metric_value) AS avg_cpu_usage
FROM hive.bi_silver.noc_metrics
WHERE LOWER(metric_name) = LOWER('cpu_usage_average')
GROUP BY customer
ORDER BY avg_cpu_usage DESC"
2304,14,Khách hàng có giá trị mem_usage_average trung bình cao nhất,-,-,noc,"[""noc_metrics""]",Khách hàng có giá trị mem_usage_average trung bình cao nhất,,"SELECT customer, AVG(metric_value) AS avg_mem_usage
FROM hive.bi_silver.noc_metrics
WHERE LOWER(metric_name) = LOWER('mem_usage_average')
GROUP BY customer
ORDER BY avg_mem_usage DESC
LIMIT 1"
2305,15,Host có giá trị disk_used_percent cao nhất từng ghi nhận,-,-,noc,"[""noc_metrics""]",Host có giá trị disk_used_percent cao nhất từng ghi nhận,,"SELECT host, MAX(metric_value) AS max_disk_used
FROM hive.bi_silver.noc_metrics
WHERE LOWER(metric_name) = LOWER('disk_used_percent')
GROUP BY host
ORDER BY max_disk_used DESC
LIMIT 1"
2306,16,Giá trị metric trung bình theo ngày cho từng khách hàng,-,-,noc,"[""noc_metrics""]",Giá trị metric trung bình theo ngày cho từng khách hàng,,"SELECT dt, customer, AVG(metric_value) AS avg_metric_value
FROM hive.bi_silver.noc_metrics
GROUP BY dt, customer
ORDER BY dt"
2307,17,Host phục vụ nhiều project khác nhau nhất trong dữ liệu metric,-,-,noc,"[""noc_metrics""]",Host phục vụ nhiều project khác nhau nhất trong dữ liệu metric,,"SELECT host, COUNT(DISTINCT project) AS total_projects
FROM hive.bi_silver.noc_metrics
GROUP BY host
ORDER BY total_projects DESC
LIMIT 10"
2308,18,Số lượng host khác nhau theo từng khách hàng trong dữ liệu metric,-,-,noc,"[""noc_metrics""]",Số lượng host khác nhau theo từng khách hàng trong dữ liệu metric,,"SELECT customer, COUNT(DISTINCT host) AS total_hosts FROM hive.bi_silver.noc_metrics GROUP BY customer ORDER BY total_hosts DESC"
2309,19,Các host có giá trị cpu_usage_average cao bất thường so với trung bình hệ thống,-,-,noc,"[""noc_metrics""]",Các host có giá trị cpu_usage_average cao bất thường so với trung bình hệ thống,,"WITH cpu_stats AS (
    SELECT
        host,
        AVG(metric_value) AS avg_cpu
    FROM hive.bi_silver.noc_metrics
    WHERE LOWER(metric_name) = LOWER('cpu_usage_average')
    GROUP BY host
),
overall AS (
    SELECT
        AVG(avg_cpu) AS overall_avg
    FROM cpu_stats
)
SELECT
    c.host,
    c.avg_cpu
FROM cpu_stats c
CROSS JOIN overall o
WHERE c.avg_cpu > o.overall_avg * 2
ORDER BY c.avg_cpu DESC"
2310,20,Các project có giá trị disk_used_percent cao bất thường so với trung bình hệ thống,-,-,noc,"[""noc_metrics""]",Các project có giá trị disk_used_percent cao bất thường so với trung bình hệ thống,,"WITH disk_stats AS (
    SELECT
        project,
        AVG(metric_value) AS avg_disk
    FROM hive.bi_silver.noc_metrics
    WHERE LOWER(metric_name) = LOWER('disk_used_percent')
    GROUP BY project
),
overall AS (
    SELECT
        AVG(avg_disk) AS overall_avg
    FROM disk_stats
)
SELECT
    d.project,
    d.avg_disk
FROM disk_stats d
CROSS JOIN overall o
WHERE d.avg_disk > o.overall_avg * 2
ORDER BY d.avg_disk DESC"
2311,21,Tổng giá trị metric theo từng metric_name trong hệ thống NOC,-,-,noc,"[""noc_metrics""]",Tổng giá trị metric theo từng metric_name trong hệ thống NOC,,"SELECT metric_name, SUM(metric_value) AS total_metric_value 
FROM hive.bi_silver.noc_metrics 
GROUP BY metric_name 
ORDER BY total_metric_value DESC"
2312,22,Giá trị metric trung bình theo ngày cho từng project,-,-,noc,"[""noc_metrics""]",Giá trị metric trung bình theo ngày cho từng project,,"SELECT dt, project, AVG(metric_value) AS avg_metric_value 
FROM hive.bi_silver.noc_metrics 
GROUP BY dt, project 
ORDER BY dt"
2313,23,Số lượng bản ghi metric theo từng khách hàng và metric_name,-,-,noc,"[""noc_metrics""]",Số lượng bản ghi metric theo từng khách hàng và metric_name,,"SELECT customer, metric_name, COUNT(*) AS metric_count 
FROM hive.bi_silver.noc_metrics 
GROUP BY customer, metric_name 
ORDER BY metric_count DESC"
2314,24,Số lượng host theo từng project trong dữ liệu metric NOC,-,-,noc,"[""noc_metrics""]",Số lượng host theo từng project trong dữ liệu metric NOC,,"SELECT project, COUNT(DISTINCT host) AS total_hosts 
FROM hive.bi_silver.noc_metrics 
GROUP BY project 
ORDER BY total_hosts DESC"
2315,25,Số lượng project theo từng khách hàng trong dữ liệu metric,-,-,noc,"[""noc_metrics""]",Số lượng project theo từng khách hàng trong dữ liệu metric,,"SELECT customer, COUNT(DISTINCT project) AS total_projects FROM hive.bi_silver.noc_metrics GROUP BY customer ORDER BY total_projects DESC"
2316,26,Tỷ trọng giá trị metric của từng khách hàng so với toàn hệ thống,-,-,noc,"[""noc_metrics""]",Tỷ trọng giá trị metric của từng khách hàng so với toàn hệ thống,,"WITH total AS (
    SELECT SUM(metric_value) AS total_value
    FROM hive.bi_silver.noc_metrics
)
SELECT
    customer,
    SUM(metric_value) AS customer_metric_value,
    SUM(metric_value) / NULLIF(total.total_value, 0) AS metric_share
FROM hive.bi_silver.noc_metrics
CROSS JOIN total
GROUP BY
    customer,
    total.total_value
ORDER BY
    customer_metric_value DESC"
2317,27,Tỷ trọng metric theo từng project trong toàn hệ thống,-,-,noc,"[""noc_metrics""]",Tỷ trọng metric theo từng project trong toàn hệ thống,,"WITH total AS (
    SELECT SUM(metric_value) AS total_value
    FROM hive.bi_silver.noc_metrics
)
SELECT
    project,
    SUM(metric_value) AS project_metric_value,
    SUM(metric_value) / NULLIF(total.total_value, 0) AS metric_share
FROM hive.bi_silver.noc_metrics
CROSS JOIN total
GROUP BY
    project,
    total.total_value
ORDER BY
    project_metric_value DESC"
2318,28,Giá trị metric trung bình theo host và ngày,-,-,noc,"[""noc_metrics""]",Giá trị metric trung bình theo host và ngày,,"SELECT dt, host, AVG(metric_value) AS avg_metric_value 
FROM hive.bi_silver.noc_metrics 
GROUP BY dt, host 
ORDER BY dt"
2319,29,Giá trị metric trung bình theo project và ngày,-,-,noc,"[""noc_metrics""]",Giá trị metric trung bình theo project và ngày,,"SELECT dt, project, AVG(metric_value) AS avg_metric_value 
FROM hive.bi_silver.noc_metrics 
GROUP BY dt, project 
ORDER BY dt"
2320,30,Top 10 host có tổng giá trị metric cao nhất trong hệ thống,-,-,noc,"[""noc_metrics""]",Top 10 host có tổng giá trị metric cao nhất trong hệ thống,,"SELECT host, SUM(metric_value) AS total_metric_value
FROM hive.bi_silver.noc_metrics
GROUP BY host
ORDER BY total_metric_value DESC
LIMIT 10"
2321,31,Top 10 khách hàng có tổng metric_value cao nhất,-,-,noc,"[""noc_metrics""]",Top 10 khách hàng có tổng metric_value cao nhất,,"SELECT customer, SUM(metric_value) AS total_metric_value 
FROM hive.bi_silver.noc_metrics 
GROUP BY customer 
ORDER BY total_metric_value DESC 
LIMIT 10"
2322,32,Giá trị metric trung bình theo agg_type,-,-,noc,"[""noc_metrics""]",Giá trị metric trung bình theo agg_type,,"SELECT agg_type, AVG(metric_value) AS avg_metric_value 
FROM hive.bi_silver.noc_metrics 
GROUP BY agg_type 
ORDER BY avg_metric_value DESC"
2323,33,Host có số lượng metric khác nhau (distinct metric_name) nhiều nhất,-,-,noc,"[""noc_metrics""]",Host có số lượng metric khác nhau (distinct metric_name) nhiều nhất,,"SELECT host, COUNT(DISTINCT metric_name) AS total_metrics FROM hive.bi_silver.noc_metrics GROUP BY host ORDER BY total_metrics DESC LIMIT 10"
2324,34,Project có nhiều loại metric khác nhau nhất,-,-,noc,"[""noc_metrics""]",Project có nhiều loại metric khác nhau nhất,,"SELECT project, COUNT(DISTINCT metric_name) AS total_metrics FROM hive.bi_silver.noc_metrics GROUP BY project ORDER BY total_metrics DESC LIMIT 10"
2325,35,Giá trị metric trung bình của cpu_usage_average theo ngày,-,-,noc,"[""noc_metrics""]",Giá trị metric trung bình của cpu_usage_average theo ngày,,"SELECT dt, AVG(metric_value) AS avg_cpu_usage
FROM hive.bi_silver.noc_metrics
WHERE LOWER(metric_name) = LOWER('cpu_usage_average')
GROUP BY dt
ORDER BY dt"
2326,36,Giá trị metric trung bình của mem_usage_average theo ngày,-,-,noc,"[""noc_metrics""]",Giá trị metric trung bình của mem_usage_average theo ngày,,"SELECT dt, AVG(metric_value) AS avg_mem_usage
FROM hive.bi_silver.noc_metrics
WHERE LOWER(metric_name) = LOWER('mem_usage_average')
GROUP BY dt
ORDER BY dt"
2327,37,Giá trị metric trung bình của disk_used_percent theo ngày,-,-,noc,"[""noc_metrics""]",Giá trị metric trung bình của disk_used_percent theo ngày,,"SELECT dt, AVG(metric_value) AS avg_disk_usage
FROM hive.bi_silver.noc_metrics
WHERE LOWER(metric_name) = LOWER('disk_used_percent')
GROUP BY dt
ORDER BY dt"
2328,38,So sánh cpu_usage_average trung bình giữa các project,-,-,noc,"[""noc_metrics""]",So sánh cpu_usage_average trung bình giữa các project,,"SELECT project, AVG(metric_value) AS avg_cpu_usage 
FROM hive.bi_silver.noc_metrics 
WHERE LOWER(metric_name) = LOWER('cpu_usage_average') 
GROUP BY project 
ORDER BY avg_cpu_usage DESC"
2329,39,Host có giá trị mem_usage_average cao nhất từng ghi nhận,-,-,noc,"[""noc_metrics""]",Host có giá trị mem_usage_average cao nhất từng ghi nhận,,"SELECT host, MAX(metric_value) AS max_mem_usage
FROM hive.bi_silver.noc_metrics
WHERE LOWER(metric_name) = LOWER('mem_usage_average')
GROUP BY host
ORDER BY max_mem_usage DESC
LIMIT 1"
2330,40,Project có giá trị cpu_usage_average cao bất thường so với trung bình hệ thống,-,-,noc,"[""noc_metrics""]",Project có giá trị cpu_usage_average cao bất thường so với trung bình hệ thống,,"WITH cpu_stats AS (
    SELECT
        project,
        AVG(metric_value) AS avg_cpu
    FROM hive.bi_silver.noc_metrics
    WHERE LOWER(metric_name) = LOWER('cpu_usage_average')
    GROUP BY project
),
overall AS (
    SELECT AVG(avg_cpu) AS overall_avg
    FROM cpu_stats
)
SELECT
    p.project,
    p.avg_cpu
FROM cpu_stats p
CROSS JOIN overall o
WHERE p.avg_cpu > o.overall_avg * 2
ORDER BY p.avg_cpu DESC"
2331,41,Host có giá trị disk_used_percent cao bất thường so với trung bình hệ thống,-,-,noc,"[""noc_metrics""]",Host có giá trị disk_used_percent cao bất thường so với trung bình hệ thống,,"WITH disk_stats AS (
    SELECT host,
           AVG(metric_value) AS avg_disk
    FROM hive.bi_silver.noc_metrics
    WHERE LOWER(metric_name) = LOWER('disk_used_percent')
    GROUP BY host
), overall AS (
    SELECT AVG(avg_disk) AS overall_avg
    FROM disk_stats
)
SELECT h.host,
       h.avg_disk
FROM disk_stats h
CROSS JOIN overall o
WHERE h.avg_disk > o.overall_avg * 2
ORDER BY h.avg_disk DESC"
2332,42,Khách hàng có giá trị net_customer_util trung bình cao nhất,-,-,noc,"[""noc_metrics""]",Khách hàng có giá trị net_customer_util trung bình cao nhất,,"SELECT customer, AVG(metric_value) AS avg_net_util
FROM hive.bi_silver.noc_metrics
WHERE LOWER(metric_name) = LOWER('net_customer_util')
GROUP BY customer
ORDER BY avg_net_util DESC
LIMIT 1"
2333,43,Top 10 host có free_space_capacity thấp nhất,-,-,noc,"[""noc_metrics""]",Top 10 host có free_space_capacity thấp nhất,,"SELECT host, AVG(metric_value) AS avg_free_space
FROM hive.bi_silver.noc_metrics
WHERE LOWER(metric_name) = LOWER('free_space_capacity')
GROUP BY host
ORDER BY avg_free_space ASC
LIMIT 10"
2334,44,Số lượng metric được ghi nhận theo từng ngày,-,-,noc,"[""noc_metrics""]",Số lượng metric được ghi nhận theo từng ngày,,"SELECT dt, COUNT(*) AS total_metrics FROM hive.bi_silver.noc_metrics GROUP BY dt ORDER BY dt"
2335,45,Số lượng metric theo từng host và metric_name,-,-,noc,"[""noc_metrics""]",Số lượng metric theo từng host và metric_name,,"SELECT host, metric_name, COUNT(*) AS metric_count FROM hive.bi_silver.noc_metrics GROUP BY host, metric_name ORDER BY metric_count DESC"
2336,46,Số lượng metric theo từng project và metric_name,-,-,noc,"[""noc_metrics""]",Số lượng metric theo từng project và metric_name,,"SELECT project, metric_name, COUNT(*) AS metric_count FROM hive.bi_silver.noc_metrics GROUP BY project, metric_name ORDER BY metric_count DESC"
2337,47,Giá trị metric trung bình theo khách hàng và ngày,-,-,noc,"[""noc_metrics""]",Giá trị metric trung bình theo khách hàng và ngày,,"SELECT dt, customer, AVG(metric_value) AS avg_metric_value 
FROM hive.bi_silver.noc_metrics 
GROUP BY dt, customer 
ORDER BY dt"
2338,48,Khách hàng có số lượng host nhiều nhất trong dữ liệu metric,-,-,noc,"[""noc_metrics""]",Khách hàng có số lượng host nhiều nhất trong dữ liệu metric,,"SELECT customer, COUNT(DISTINCT host) AS total_hosts FROM hive.bi_silver.noc_metrics GROUP BY customer ORDER BY total_hosts DESC LIMIT 1"
2339,49,Project có số lượng host nhiều nhất trong dữ liệu metric,-,-,noc,"[""noc_metrics""]",Project có số lượng host nhiều nhất trong dữ liệu metric,,"SELECT project, COUNT(DISTINCT host) AS total_hosts FROM hive.bi_silver.noc_metrics GROUP BY project ORDER BY total_hosts DESC LIMIT 1"
2340,50,Host có tổng giá trị metric_value cao bất thường so với trung bình hệ thống,-,-,noc,"[""noc_metrics""]",Host có tổng giá trị metric_value cao bất thường so với trung bình hệ thống,,"WITH host_metric AS (
    SELECT
        host,
        SUM(metric_value) AS total_metric
    FROM hive.bi_silver.noc_metrics
    GROUP BY host
), stats AS (
    SELECT
        AVG(total_metric) AS avg_metric
    FROM host_metric
)
SELECT
    h.host,
    h.total_metric
FROM host_metric h
CROSS JOIN stats s
WHERE h.total_metric > s.avg_metric * 3
ORDER BY h.total_metric DESC"
