layer,table,col,data_type,nullable,pkey,fkey,description,keep,keep_in_rag,domain,synonyms,column_type,aggregation,schema,enum
silver,company_contacts,company_key,varchar,0,,,Mã định danh duy nhất của công ty trong hệ thống CRM.,True,False,crm,Mã công ty;Company ID;Mã định danh công ty;Company Key;Mã khách hàng;Customer ID;Mã doanh nghiệp;Enterprise Key;Company Identifier,id,count_distinct,crm,
silver,company_contacts,company_name,varchar,0,,,Tên công ty mà liên hệ thuộc về trong hệ thống CRM.,True,False,crm,tên công ty;company name;tên doanh nghiệp;company;tên công ty khách hàng;customer company name;tên công ty liên hệ;company's name;Tên công ty trong CRM;company title,dimension,count;count_distinct,crm,
silver,company_contacts,created_at,timestamp(3),0,,,Thời điểm mà bản ghi liên hệ công ty được tạo trong hệ thống.,True,False,crm,ngày tạo;thời gian tạo;thời điểm tạo;ngày ghi nhận;thời gian ghi nhận;creation date;created timestamp;record creation time;date created;khi nào được tạo,time,none,crm,
silver,company_contacts,contact_name,varchar,1,,,Tên hiển thị của liên hệ trong hệ thống CRM.,True,False,crm,tên hiển thị;display name;tên liên hệ;contact name;tên đầy đủ;full name;Tên người liên hệ;person name;Tên trên giao diện;displayed name,dimension,count;count_distinct,crm,
silver,company_contacts,email,varchar,1,,,Địa chỉ email của liên hệ công ty.,True,False,crm,email;địa chỉ email;email liên hệ;contact email;địa chỉ thư điện tử;email của công ty;email address;địa chỉ email công ty;email người liên hệ;email field,dimension,count;count_distinct,crm,
silver,company_contacts,source_system,varchar,1,,,Hệ thống nguồn mà thông tin liên hệ được lấy về.,True,False,crm,hệ thống nguồn;nguồn hệ thống;nguồn dữ liệu;hệ thống gốc;hệ thống tạo liên hệ;source system;origin system;source application;originating system;source platform,dimension,count;count_distinct,crm,cso ; crm
silver,company_contacts,updated_at,timestamp(3),0,,,Thời điểm cuối cùng mà thông tin liên hệ công ty được cập nhật.,True,False,crm,thời gian cập nhật;ngày cập nhật;thời điểm cập nhật;cập nhật lúc;thời gian sửa đổi;last updated;update timestamp;modified at;record updated time;khi nào được cập nhật,time,none,crm,
silver,crm_contract_allocations,am_username,varchar,1,,,Tên đăng nhập của người quản lý tài khoản chịu trách nhiệm hợp đồng.,True,True,crm,tên đăng nhập AM;account manager username;AM username;tên người quản lý tài khoản;username của người bán;người phụ trách hợp đồng;sales rep username;who is the account manager,dimension,count;count_distinct,crm,
silver,crm_contract_allocations,company_alias,varchar,1,,,Tên viết tắt hoặc biệt danh của khách hàng (company) trong hệ thống CRM.,True,True,crm,bí danh công ty;company alias;tên viết tắt công ty;company short name;tên ngắn gọn công ty;company nickname;tên thay thế công ty;company alternative name;tên công ty (alias);company name alias,dimension,count;count_distinct,crm,
silver,crm_contract_allocations,company_id,varchar,1,1.0,,Mã định danh duy nhất của khách hàng công ty liên quan đến hợp đồng trong CRM.,True,False,crm,Mã công ty;Company ID;ID công ty;Company Code;Mã khách hàng;Company Identifier;Mã doanh nghiệp;Company key;Mã công ty trong CRM;Company identifier,id,count_distinct,crm,
silver,crm_contract_allocations,company_name,varchar,1,,,Tên đầy đủ về công ty của khách hàng liên quan đến hợp đồng.,True,False,crm,Tên công ty;Company name;Tên doanh nghiệp;Tên khách hàng;Tên công ty trong hợp đồng;Company;Tên công ty (client);Tên công ty (partner),dimension,count;count_distinct,crm,
silver,crm_contract_allocations,contract_id,bigint,0,1.0,,Mã định danh duy nhất của hợp đồng trong hệ thống CRM.,True,False,crm,Mã hợp đồng;Contract ID;Mã số hợp đồng;Contract identifier;ID hợp đồng;Contract number;Số hợp đồng;Mã hợp đồng CRM;Contract key;Mã hợp đồng duy nhất,id,count_distinct,crm,
silver,crm_contract_allocations,created_at,timestamp(3),0,,,Ngày tạo bản ghi phân bổ hợp đồng trong CRM.,True,False,crm,ngày tạo;thời gian tạo;ngày ghi nhận;ngày khởi tạo;thời điểm tạo;creation date;record creation date;date created;when was the record created,time,none,crm,
silver,crm_contract_allocations,currency_code,varchar,1,,,Mã tiền tệ được sử dụng cho hợp đồng trong hệ thống CRM.,True,False,finance,"Mã tiền tệ;Currency code;Mã tiền tệ hợp đồng;Currency;Tiền tệ;Mã tiền tệ giao dịch;Currency abbreviation;Mã tiền tệ (USD, VND);Tiền tệ trong hợp đồng;Currency symbol",dimension,count;count_distinct,crm,'VND' ; 'USD'
silver,crm_contract_allocations,customer_group,varchar,1,,,Nhóm khách hàng theo mức độ ưu tiên,True,False,crm,nhóm khách hàng;customer group;phân khúc khách hàng;customer segment;loại khách hàng;customer type;phân loại khách hàng;customer classification;customer group name;nhóm khách hàng CRM,dimension,count;count_distinct,crm,VVIP' ; 'VIP' ; 'Growth' ; 'Standard'
silver,crm_contract_allocations,customer_segment_l1,varchar,1,,,"Phân khúc cấp 1 của khách hàng, mô tả nhóm khách hàng chính dựa trên tiêu chí phân loại doanh nghiệp.",True,True,crm,phân khúc khách hàng cấp 1;customer segment level 1;đoạn khách hàng L1;primary customer segment;customer tier;nhóm khách hàng chính;customer segment;phân khúc L1;customer group level 1;loại khách hàng,dimension,count;count_distinct,crm,'Khách hàng ngoài' ; 'Nội bộ' ; 'International' ; 'Bộ Quốc phòng'
silver,crm_contract_allocations,customer_segment_l2,varchar,1,,,"Phân khúc cấp 2 của khách hàng, mô tả nhóm chi tiết trong hệ thống CRM.",True,True,crm,phân khúc khách hàng cấp 2;customer segment level 2;customer sub‑segment;sub segment;segment 2;customer tier 2;phân khúc phụ;customer segment L2;segment khách hàng cấp 2;customer segment L2,dimension,count;count_distinct,crm,'Khách hàng ngoài' ; 'Khách hàng nội bộ' ; 'Viettel Global Partner' ; 'UNKNOWN' ; 'Direct / Local Channel' ; 'Khách hàng SI ngoài' ; 'Khách hàng SI nội bộ'
silver,crm_contract_allocations,customer_segment_l3,varchar,1,,,"Phân khúc khách hàng cấp 3, dùng để nhóm khách hàng theo tiêu chí chi tiết nhất trong hệ thống CRM.",True,True,crm,phân khúc khách hàng cấp 3;customer segment level 3;segment L3;khách hàng phân khúc L3;customer segment tier 3;phân khúc khách hàng mức 3;customer classification level 3;segment khách hàng cấp ba,dimension,count;count_distinct,crm,'BFSI' ; 'DNL' ; 'GOV' ; 'UNKNOWN' ; 'Energy' ; 'Unname' ; 'Province'
silver,crm_contract_allocations,days_since_last_update,integer,1,,,Số ngày đã trôi qua kể từ khi bản ghi hợp đồng được cập nhật lần cuối.,True,False,crm,số ngày kể từ lần cập nhật cuối;days since last update;days since last modified;khoảng cách thời gian cập nhật cuối;thời gian kể từ cập nhật cuối;time since last change;số ngày sau cập nhật cuối;days since last change,metric,sum;avg;min;max,crm,
silver,crm_contract_allocations,deal_id,varchar,0,1.0,,Mã định danh duy nhất của giao dịch (deal) trong hệ thống CRM.,True,False,crm,Mã giao dịch;Deal ID;Mã deal;Mã cơ hội;Opportunity ID;Mã cơ hội bán hàng;Deal code;Mã giao dịch bán hàng;Deal identifier,id,count_distinct,crm,
silver,crm_contract_allocations,deal_name,varchar,0,,,Tên của giao dịch hoặc cơ hội bán hàng trong hệ thống CRM.,True,False,crm,tên giao dịch;deal name;Tên hợp đồng;contract name;Tên cơ hội bán hàng;opportunity name;Tên deal;sales deal name;Tên thỏa thuận;agreement name,dimension,count;count_distinct,crm,
silver,crm_contract_allocations,deal_stage_name,varchar,0,,,Tên giai đoạn của giao dịch trong quy trình bán hàng.,True,False,crm,giai đoạn giao dịch; tên giai đoạn; deal stage; stage name; giai đoạn bán hàng; trạng thái giao dịch; sales stage; stage of deal; tên giai đoạn bán hàng; deal pipeline stage,dimension,count;count_distinct,crm,'signed / ký hợp đồng'
silver,crm_contract_allocations,deployment_type,varchar,1,,,"Kiểu triển khai của hợp đồng, mô tả cách thức cung cấp sản phẩm hoặc dịch vụ cho khách hàng.",True,False,crm,kiểu triển khai;loại triển khai;phương thức triển khai;hình thức triển khai;deployment type;implementation type;deployment method;deployment mode;cách triển khai;cách cung cấp dịch vụ,dimension,count;count_distinct,crm,'Service' ; 'N/A' ; 'Standalone' ; ''
silver,crm_contract_allocations,due_date,date,1,,,Ngày đáo hạn của hợp đồng hoặc giai đoạn thanh toán.,True,False,crm,ngày đáo hạn;due date;ngày hết hạn;payment due date;ngày đến hạn;deadline;ngày thanh toán;hạn thanh toán;ngày chốt hợp đồng,time,,crm,
silver,crm_contract_allocations,fac_date,date,1,,,Ngày mà hợp đồng được phân bổ cho khách hàng hoặc đơn vị kinh doanh.,True,False,crm,ngày phân bổ;ngày ghi nhận phân bổ;ngày giao dịch;allocation date;contract allocation date;fac date;date of allocation;date of contract allocation;when was the contract allocated,time,none,crm,
silver,crm_contract_allocations,first_payment_date,date,1,,,Ngày khách hàng thực hiện thanh toán đầu tiên cho hợp đồng.,True,False,crm,ngày thanh toán đầu tiên;ngày trả tiền đầu;ngày nhận tiền đầu;first payment date;initial payment date;date of first payment;first payment day;khi nào khách hàng trả tiền lần đầu,time,none,crm,
silver,crm_contract_allocations,id,varchar,1,1.0,,Mã định danh duy nhất của bản ghi phân bổ hợp đồng trong CRM.,True,False,crm,ID;Mã ID;Mã bản ghi;Record ID;Identifier;Mã phân bổ hợp đồng;Contract allocation ID;Mã hợp đồng phân bổ;Unique identifier;Mã duy nhất,id,count_distinct,crm,
silver,crm_contract_allocations,invoice_activation_date,date,1,,,Ngày mà hoá đơn bắt đầu có hiệu lực và được kích hoạt.,True,False,crm,ngày kích hoạt hoá đơn; ngày bắt đầu hoá đơn; ngày hiệu lực hoá đơn; invoice activation date; invoice start date; invoice effective date; ngày kích hoạt invoice; ngày start invoice; ngày hoá đơn có hiệu lực; activation date of invoice,time,none,crm,
silver,crm_contract_allocations,is_recurring,varchar,1,,,Cho biết hợp đồng có tính chất định kỳ (có thu nhập lặp lại) hay không.,True,True,crm,hợp đồng định kỳ;có tính định kỳ;có tính lặp lại;định kỳ hay không;recurring contract;is recurring;subscription flag;recurring;có tái ký;có tái tạo,dimension,count;count_distinct,crm,'False' ; 'True'
silver,crm_contract_allocations,period_index,integer,1,,,"Chỉ số thứ tự của kỳ hợp đồng, xác định vị trí tuần tự của mỗi kỳ trong chuỗi hợp đồng.",True,False,crm,chỉ số kỳ; số thứ tự ký; period index; period number; ký hợp đồng; contract period index; ký thứ bao nhiêu; order of period; period sequence; số ký,dimension,count;count_distinct,crm,1 ; 2 ; 3 ; ...
silver,crm_contract_allocations,period_name,varchar,1,,,"Tên kỳ thời gian của hợp đồng, dùng để phân biệt các giai đoạn thanh toán hoặc cung cấp.",True,False,crm,Tên kỳ;Period name;Tên giai đoạn;Contract period name;Tên kỳ hợp đồng;Period label;Tên chu kỳ;Billing period name;Tên thời gian;Period,dimension,count;count_distinct,crm,'month'
silver,crm_contract_allocations,period_number,integer,1,,,Số thứ tự của kỳ thanh toán trong hợp đồng phân bổ.,True,False,crm,số kỳ;period number;installment number;contract period number;period index;kỳ thanh toán;kỳ hợp đồng;period sequence;sequence number of period;period order,dimension,count;count_distinct,crm,1 ; 12 ; 2 ; ...
silver,crm_contract_allocations,period_value,"decimal(18,2)",1,,,Giá trị tiền tệ của kỳ hợp đồng được phân bổ.,True,False,crm,giá trị kỳ;giá trị giai đoạn;giá trị hợp đồng;tiền kỳ;period value;period amount;contract period amount;allocation value;period monetary value;value for the period,metric,sum;avg;min;max,crm,
silver,crm_contract_allocations,pricebook_id,varchar,1,1.0,,Mã định danh của bảng giá được áp dụng cho hợp đồng.,True,False,crm,pricebook_id;Mã bảng giá;ID bảng giá;pricebook ID;price book identifier;price list ID;Mã định danh bảng giá;pricebook identifier;Mã giá;price list identifier,id,count_distinct,crm,
silver,crm_contract_allocations,product_category,varchar,0,,,Danh mục sản phẩm được phân bổ trong hợp đồng khách hàng.,True,False,crm,danh mục sản phẩm;loại sản phẩm;product category;product type;phân loại sản phẩm;product group;nhóm sản phẩm;product classification;phân khúc sản phẩm,dimension,count;count_distinct,crm,'VAPT (Pentest)' ; 'Tư vấn' ; 'VCS-aJiant' ; 'Redteam' ; 'VCS-TI' ; 'VCS-CyCir' ; 'MSS' ; 'VCS-AMA' ; 'VCS-CyM' ; 'Threat Hunting' ; 'VCS-NSM' ; 'VCS-KIAN' ; 'SI' ; 'Cloudrity' ; 'AntiDDos' ; 'Infrastructure Audit' ; 'Dịch vụ chuyên nghiệp khác' ; 'Khác' ; 'VCS-WSG' ; 'VCS-NAC' ; 'M-Suite' ; 'VCS-InT' ; 'VCS-ESG' ; 'CA' ; 'VCS-NDR' ; 'VCS-F2DR' ; 'Purple Team Service' ; 'Diễn tập'
silver,crm_contract_allocations,product_category_index,varchar,1,,,Mã chỉ số của danh mục sản phẩm trong hợp đồng.,True,False,crm,chỉ số danh mục sản phẩm;product category index;mã danh mục sản phẩm;product category code;category index;product group index;mã nhóm sản phẩm;product category identifier;chỉ số nhóm sản phẩm,dimension,count;count_distinct,crm,
silver,crm_contract_allocations,product_description,varchar,1,,,Mô tả chi tiết về sản phẩm trong hợp đồng.,True,False,crm,Mô tả sản phẩm;Product description;Chi tiết sản phẩm;Product details;Tên sản phẩm;Product name;Thông tin sản phẩm;Product info;Mô tả hàng hoá;Product info,dimension,count;count_distinct,crm,
silver,crm_contract_allocations,product_index,varchar,1,,,Mã hoặc chỉ số duy nhất dùng để nhận dạng sản phẩm trong hợp đồng.,True,False,crm,mã sản phẩm;product code;product index;chỉ số sản phẩm;product identifier;product SKU;mã SKU;product key;chỉ số SP,dimension,count;count_distinct,crm,
silver,crm_contract_allocations,product_total_value,"decimal(18,2)",0,,,Giá trị tiền tệ tổng cộng của sản phẩm trong một hợp đồng.,True,True,crm,giá trị tổng sản phẩm;total product value;product total value;giá trị tổng của sản phẩm;total product amount;product amount;giá trị sản phẩm;product revenue;tổng giá trị sản phẩm;product line total,metric,sum;avg;min;max,crm,
silver,crm_contract_allocations,product_type,varchar,1,,,Loại sản phẩm được phân bổ trong hợp đồng khách hàng.,True,False,crm,loại sản phẩm;product type;kiểu sản phẩm;product category;dòng sản phẩm;product line;phân loại sản phẩm;type of product;category of product;product classification,dimension,count;count_distinct,crm,'New' ; 'Upsale' ; 'N/A' ; 'Renewal' ; 'SI' ; 'Renew' ; '' ; 'Upsales' ; 'Incident' ; 'Dependent'
silver,crm_contract_allocations,sale_admin,varchar,1,,,Tên người quản lý hoặc nhân viên phụ trách bán hàng của hợp đồng.,True,False,crm,admin bán hàng;người quản lý bán hàng;người phụ trách bán hàng;sale admin;sales admin;sales administrator;contract admin;người quản lý hợp đồng,dimension,count;count_distinct,crm,
silver,crm_contract_allocations,sales_performance_value,"decimal(18,2)",0,,,Giá trị quy đổi để tính hoa hồng cho sales,True,False,sales,giá trị hiệu suất bán hàng;sales performance value;doanh số bán hàng;sales amount;giá trị bán hàng;sales KPI;giá trị KPI bán hàng;sales performance amount,metric,sum;avg;min;max,crm,
silver,crm_contract_allocations,territory_name,varchar,0,,,Tên khu vực hoặc vùng địa lý mà hợp đồng được phân bổ.,True,False,crm,khu vực;vùng bán hàng;Tên khu vực;territory;sales territory;region name;địa bàn;Tên vùng;region;area,dimension,count;count_distinct,crm,'Miền Bắc' ; 'Miền Nam' ; 'Philippines' ; 'Japan' ; 'Global Sale'
silver,crm_contract_allocations,updated_at,timestamp(3),0,,,Thời điểm bản ghi hợp đồng được cập nhật lần cuối trong hệ thống CRM.,True,False,crm,thời gian cập nhật;ngày cập nhật;ngày sửa đổi;thời điểm cập nhật;thời gian thay đổi;last updated;update timestamp;modified date;record update time;last modified,time,none,crm,
silver,crm_contracts,company_alias,varchar,0,,,Tên viết tắt hoặc biệt danh của công ty trong hợp đồng.,True,False,crm,tên viết tắt công ty;bí danh công ty;alias công ty;tên ngắn gọn công ty;company alias;company short name;company nickname;client alias;customer alias;Tên công ty trong hợp đồng,dimension,count;count_distinct,crm,'VINPEARL' ; 'VTS' ; ...
silver,crm_contracts,contract_number,varchar,1,,,Mã số hợp đồng duy nhất dùng để nhận diện một hợp đồng trong hệ thống CRM.,True,False,crm,số hợp đồng;contract number;mã hợp đồng;contract ID;số hợp đồng khách hàng;contract code;mã số hợp đồng;contract reference;contract identifier;contract no,id,count_distinct,crm,
silver,crm_contracts,contract_type,varchar,1,,,Loại hợp đồng mô tả hình thức hoặc nhóm của hợp đồng ký kết với khách hàng.,True,False,crm,loại hợp đồng;kiểu hợp đồng;dạng hợp đồng;hình thức hợp đồng;contract type;contract category;agreement type;type of contract;contract kind;category of contract,dimension,count;count_distinct,crm,'Upsales' ; 'New' ; 'Renew'
silver,crm_contracts,currency_code,varchar,0,,,Mã tiền tệ được sử dụng trong hợp đồng.,True,False,crm,mã tiền tệ;currency code;đơn vị tiền tệ;currency;mã tiền;tiền tệ hợp đồng;contract currency;đơn vị tiền;currency of contract;tiền tệ,dimension,count;count_distinct,crm,'VND' ; 'USD'
silver,crm_contracts,customer_group,varchar,1,,,Nhóm khách hàng theo mức độ ưu tiên,True,False,crm,nhóm khách hàng;customer group;phân khúc khách hàng;customer segment;loại khách hàng;customer classification;đối tượng khách hàng;customer group code;phân loại khách hàng;customer group vi,dimension,count;count_distinct,crm,'VVIP' ; 'VIP' ; 'Growth' ; 'Standard'
silver,crm_contracts,customer_name,varchar,1,,,Tên khách hàng ký hợp đồng trong hệ thống CRM.,True,False,crm,tên khách hàng;customer name;khách hàng;client name;Tên đối tác;partner name;Tên công ty;company name;Tên người mua;buyer name,dimension,count;count_distinct,crm,'VINPEARL' ; 'VTS' ; ...
silver,crm_contracts,deal_id,varchar,0,,1.0,Mã định danh duy nhất của giao dịch trong hệ thống CRM.,True,False,crm,Mã giao dịch;Deal ID;Mã hợp đồng;Contract ID;Mã đơn hàng;Deal number;Transaction ID;Mã deal;Deal code;Mã giao dịch bán hàng,id,count_distinct,crm,
silver,crm_contracts,duration,double,0,,,"Thời gian thực hiện hợp đồng, tính bằng số tháng hoặc năm.",True,False,crm,thời gian hợp đồng;độ dài hợp đồng;khoảng thời gian hợp đồng;thời hạn hợp đồng;contract duration;contract length;duration;period of contract,metric,sum;avg;min;max,crm,
silver,crm_contracts,expire_date,timestamp(3),1,,,Ngày mà hợp đồng sẽ hết hiệu lực.,True,True,crm,ngày hết hạn;ngày hết hợp đồng;ngày kết thúc hợp đồng;ngày hết hiệu lực;expiration date;contract expiry date;contract end date;expiry date;khi nào hợp đồng hết hạn;khi nào hợp đồng kết thúc,time,none,crm,
silver,crm_contracts,fac_date,timestamp(3),1,,,Ngày Review lập hoá đơn của hợp đồng.,True,True,crm,ngày hoá đơn;ngày lập hoá đơn;ngày thanh toán;ngày ghi nhận hoá đơn;invoice date;billing date;fac date;contract invoice date,time,none,crm,
silver,crm_contracts,id,varchar,0,1.0,,Mã định danh duy nhất của hợp đồng trong hệ thống CRM.,True,False,crm,contract id;contract identifier;Mã hợp đồng;ID hợp đồng;Mã định danh hợp đồng;contract key;unique contract id;Mã duy nhất;identifier,id,count_distinct,crm,
silver,crm_contracts,name,varchar,1,,,"Tên hợp đồng, mô tả ngắn gọn để nhận diện hợp đồng trong hệ thống CRM.",True,False,crm,tên hợp đồng;contract name;tiêu đề hợp đồng;contract title;nhãn hợp đồng;contract label;tên hợp đồng bán hàng;sales contract name;tên hợp đồng khách hàng;customer contract name,dimension,count;count_distinct,crm,
silver,crm_contracts,partner_id,varchar,1,,1.0,Mã định danh duy nhất của đối tác ký hợp đồng.,True,False,crm,partner_id;Mã đối tác;Partner ID;Mã đối tác trong hợp đồng;Partner identifier;ID đối tác;Partner code;Mã đối tác CRM;Partner key,id,count_distinct,crm,
silver,crm_contracts,contract_amount,"decimal(18,2)",0,,,"Giá trị của hợp đồng thực tế, thể hiện giá trị tiền thu được từ hợp đồng.",True,False,sales,doanh số;giá trị hợp đồng;contract amount;total contract amount;giá trị hợp đồng;sales amount;amount;giá trị hợp đồng,metric,sum;avg;min;max,crm,
silver,crm_contracts,sale_account_id,bigint,1,,1.0,Mã định danh tài khoản bán hàng chịu trách nhiệm ký hợp đồng.,True,False,crm,mã tài khoản bán hàng;sales account ID;ID tài khoản bán hàng;sales account identifier;ID nhân viên kinh doanh;sales rep ID;account manager ID;mã nhân viên bán hàng;sales account number;người phụ trách bán hàng,id,count_distinct,crm,
silver,crm_contracts,customer_segment_l1,varchar,1,,,"Mức phân khúc cấp 1 của hợp đồng, cho biết nhóm khách hàng hoặc thị trường chính mà hợp đồng hướng tới.",True,True,crm,phân khúc cấp 1;segment level 1;segment L1;primary segment;segment tier 1;đối tượng phân khúc;nhóm khách hàng chính;segment category;segment level one;phân khúc chính,dimension,count;count_distinct,crm,'Khách hàng ngoài' ; 'Nội bộ' ; 'International' ; 'Bộ Quốc phòng' ; 'UNKNOWN'
silver,crm_contracts,customer_segment_l2,varchar,1,,,Mức phân khúc cấp 2 mô tả nhóm con của khách hàng hoặc hợp đồng trong CRM.,True,True,crm,phân khúc cấp 2;segment_l2;segment level 2;phân khúc phụ;sub‑segment;định nghĩa phân khúc;customer segment L2;segment tier 2;phân khúc con;secondary segment,dimension,count;count_distinct,crm,'Khách hàng ngoài' ; 'Khách hàng nội bộ' ; 'Direct / Local Channel' ; 'Khách hàng SI ngoài' ; 'UNKNOWN' ; 'Viettel Global Partner'
silver,crm_contracts,customer_segment_l3,varchar,1,,,"Mức phân khúc cấp 3 của hợp đồng, thể hiện nhóm chi tiết trong phân khúc khách hàng.",True,True,crm,phân khúc cấp 3;segment level 3;segment_l3;chi tiết phân khúc;cấp độ phân khúc 3;contract segment tier 3;segment third level;phân khúc chi tiết,dimension,count;count_distinct,crm,'DNL' ; 'UNKNOWN' ; 'GOV' ; 'BFSI' ; 'Province' ; 'Energy' ; 'Unname'
silver,crm_contracts,sign_date,timestamp(3),1,,,Ngày mà hợp đồng được ký kết bởi khách hàng và công ty.,True,False,crm,ngày ký;ngày ký hợp đồng;ngày ký kết;date signed;sign date;contract signing date;contract date;when was the contract signed;khi nào hợp đồng được ký,time,none,crm,
silver,crm_contracts,signing_method,varchar,1,,,Phương thức mà hợp đồng được ký ký kết.,True,False,crm,phương thức ký; cách ký; hình thức ký; phương pháp ký; phương thức ký hợp đồng; cách ký hợp đồng; signing method; contract signing method; signature type,dimension,count;count_distinct,crm,'direct / trực tiếp' ; 'indirect / gián tiếp'
silver,crm_contracts,status,varchar,1,,,Trạng thái hiện tại của hợp đồng trong hệ thống CRM.,True,True,crm,trạng thái hợp đồng;tình trạng hợp đồng;status hợp đồng;contract status;deal status;status;current contract status;tình trạng;trạng thái;hợp đồng status,dimension,count;count_distinct,crm,'deployment completed / hoàn thành triển khai' ; 'signed / ký hợp đồng' ; 'deployment / triển khai'
silver,crm_contracts,tax_code,varchar,1,,,Mã số thuế của khách hàng hoặc công ty ký hợp đồng.,True,False,finance,Mã số thuế;Tax code;Mã thuế;Tax identification number;MST;Tax ID;Số thuế;Mã số thuế doanh nghiệp;Tax number;Mã số thuế khách hàng,dimension,count;count_distinct,crm,
silver,crm_contracts,usd_exchange_rate,"decimal(18,2)",1,,,Tỷ giá chuyển đổi sang USD của hợp đồng.,True,False,finance,tỷ giá USD;tỷ giá chuyển đổi sang USD;đơn vị USD;USD exchange rate;exchange rate to USD;US dollar rate;tỷ lệ quy đổi USD;FX rate to USD,metric,sum;avg;min;max,crm,
silver,crm_contracts,user_am_id,varchar,1,,1.0,Mã định danh của nhân viên quản lý tài khoản chịu trách nhiệm hợp đồng.,True,False,crm,ID quản lý tài khoản;Mã AM;Mã nhân viên quản lý;Account manager ID;AM ID;Sales rep ID;Mã người phụ trách hợp đồng;User AM ID;who is the account manager;who handled the contract,id,count_distinct,crm,
silver,crm_contracts,vat,"decimal(18,2)",1,,,Số tiền thuế VAT được tính trên hợp đồng.,True,False,finance,VAT;thuế VAT;giá trị gia tăng;VAT amount;tax amount;thuế giá trị gia tăng;VAT tax;phí VAT;VAT fee;tax on contract,metric,sum;avg;min;max,crm,
silver,crm_contracts,vcs_contract_amount,"decimal(18,2)",0,,,Giá trị hợp đồng thực tế mà công ty (VCS) sẽ được hưởng.,True,False,finance,doanh số VCS;VCS amount;doanh số từ VCS;amount from VCS;VCS contract amount;doanh số hợp đồng VCS;VCS earnings;doanh số VCS (triệu đồng);VCS sales amount;doanh số VCS trong hợp đồng,metric,sum;avg;min;max,crm,
silver,crm_contracts,viettel_contract_amount,"decimal(18,2)",1,,,Số tiền thu được từ các hợp đồng thông qua Viettel.,True,False,crm,doanh số từ Viettel;tiền bán qua Viettel;giá trị hợp đồng qua Viettel;Viettel amount;Viettel sales;Viettel amount,metric,sum;avg;min;max,crm,
silver,crm_deal_interested_products,created_at,timestamp(3),0,,,Thời điểm mà bản ghi quan tâm sản phẩm được tạo trong hệ thống.,True,False,crm,ngày tạo;thời gian tạo;ngày ghi;thời gian ghi;created_at;creation date;record creation time;time of creation;timestamp;ngày tạo bản ghi,time,none,crm,
silver,crm_deal_interested_products,deal_id,varchar,0,,1.0,Mã định danh duy nhất của giao dịch (deal) trong hệ thống CRM.,True,False,crm,Mã giao dịch;Deal ID;Mã deal;Deal identifier;Mã số giao dịch;Transaction ID;Mã giao dịch CRM;Deal number;Mã giao dịch bán hàng;Deal code,id,count_distinct,crm,
silver,crm_deal_interested_products,interested_product_category,varchar,0,,,Danh mục sản phẩm mà khách hàng quan tâm trong giao dịch.,True,False,crm,danh mục sản phẩm quan tâm;product category interested;interested product category;loại sản phẩm quan tâm;product interest category;category sản phẩm;product category;sản phẩm quan tâm;interest product category;category of interested product,dimension,count;count_distinct,crm,'SOC platform' ; 'CA' ; 'Redteam' ; ...
silver,crm_deal_quotation_products,base_price,"decimal(18,2)",1,,,Giá cơ bản là mức giá đơn vị của sản phẩm trong báo giá trước khi áp dụng bất kỳ chiết khấu nào.,True,False,crm,giá cơ bản;đơn giá gốc;đơn giá cơ bản;giá bán chưa giảm;list price;base price;unit price;original price;price before discount;giá mỗi đơn vị,metric,sum;avg;min;max,crm,
silver,crm_deal_quotation_products,base_total_amount,"decimal(18,2)",0,,,"Tổng giá trị cơ bản của sản phẩm trong báo giá, chưa tính giảm giá và thuế.",True,False,crm,tổng tiền cơ bản;giá trị cơ bản;total base amount;base total amount;gross amount;pre-discount total;total before discount;giá trị chưa giảm;original total;base amount,metric,sum;avg;min;max,crm,
silver,crm_deal_quotation_products,currency_code,varchar,0,,,Mã tiền tệ được sử dụng cho báo giá sản phẩm trong giao dịch.,True,False,finance,mã tiền tệ;đơn vị tiền tệ;code tiền tệ;currency code;currency;tiền tệ;ISO currency;currency identifier;đơn vị tiền tệ của báo giá,dimension,count;count_distinct,crm,'VND' ; 'USD'
silver,crm_deal_quotation_products,deal_id,varchar,0,,1.0,Mã định danh duy nhất của giao dịch (cơ hội bán hàng) trong hệ thống CRM.,True,False,crm,Mã giao dịch;Deal ID;Deal code;Mã deal;Mã cơ hội bán hàng;Deal identifier;Deal number;Mã hợp đồng;Deal reference;Deal identifier,id,count_distinct,crm,
silver,crm_deal_quotation_products,discount,double,1,,,Mức chiết khấu được áp dụng cho sản phẩm trong báo giá.,True,False,crm,chiết khấu; discount; mức giảm giá; discount amount; giá giảm; amount of discount; discount value; mức chiết khấu; giảm giá trên sản phẩm,metric,sum;avg;min;max,crm,
silver,crm_deal_quotation_products,discount_type,varchar,1,,,Loại chiết khấu được áp dụng cho sản phẩm trong báo giá.,True,False,crm,loại chiết khấu;kiểu chiết khấu;hình thức giảm giá;phương thức chiết khấu;discount type;discount category;discount method;type of discount;discount kind;loại giảm giá,dimension,count;count_distinct,crm,'amount' ; 'percent'
silver,crm_deal_quotation_products,duration,integer,1,,,Thời gian (số ngày hoặc số tháng) mà sản phẩm được sử dụng trong báo giá.,True,False,crm,thời gian;khoảng thời gian;độ dài;thời hạn;số tháng;duration;period;length;time span;contract length,metric,sum;avg;min;max,crm,
silver,crm_deal_quotation_products,final_total_amount,"decimal(18,2)",1,,,"Tổng số tiền của báo giá sau khi áp dụng các giảm giá, thuế và các điều chỉnh khác.",True,False,crm,tổng tiền cuối cùng;giá trị cuối cùng;final total amount;final amount;net total;total amount after discount;total thanh toán;tổng tiền sau giảm giá;final price;total amount,metric,sum;avg;min;max,crm,
silver,crm_deal_quotation_products,global_discount,"decimal(18,2)",1,,,Mức chiết khấu áp dụng cho toàn bộ báo giá trong giao dịch.,True,False,crm,global discount;overall discount;chiết khấu toàn cục;giảm giá toàn bộ;discount toàn bộ;giảm giá chung;total discount;global discount amount;giảm giá toàn phần,metric,sum;avg;min;max,crm,
silver,crm_deal_quotation_products,global_discount_type,varchar,1,,,Loại chiết khấu toàn cục được áp dụng cho sản phẩm trong báo giá.,True,False,crm,loại chiết khấu toàn cục;kiểu giảm giá toàn bộ;hình thức chiết khấu chung;phương thức giảm giá toàn cục;global discount type;overall discount type;discount category;discount method;type of discount;loại giảm giá,dimension,count;count_distinct,crm,'percent' ; 'amount'
silver,crm_deal_quotation_products,id,varchar,1,1.0,,Mã định danh duy nhất của sản phẩm trong báo giá giao dịch.,True,False,crm,Mã ID;Mã sản phẩm;Mã báo giá;Quotation product ID;Deal quotation product identifier;Product line ID;Mã dòng sản phẩm;Product ID;Identifier;ID,id,count_distinct,crm,
silver,crm_deal_quotation_products,package,varchar,1,,,Tên gói sản phẩm được đề xuất trong báo giá.,True,False,crm,gói;gói sản phẩm;loại gói;tên gói;package;product package;bundle;quotation package;deal package;package name,dimension,count;count_distinct,crm,'year' ; 'time' ; 'perpetual' ; 'month' ; ''
silver,crm_deal_quotation_products,product_id,varchar,1,,1.0,Mã định danh duy nhất của sản phẩm trong báo giá.,True,False,crm,mã sản phẩm;product_id;product id;product code;ID sản phẩm;product identifier;item id;item code;mã hàng;product key,id,count_distinct,crm,-1
silver,crm_deal_quotation_products,product_line_no,integer,1,,,"Số thứ tự dòng sản phẩm trong báo giá, xác định vị trí của từng mặt hàng.",True,False,crm,số dòng sản phẩm; số thứ tự sản phẩm; mã dòng sản phẩm; product line number; product line no; line number; product line index; order line number; product sequence; số thứ tự trong báo giá,dimension,count;count_distinct,crm,
silver,crm_deal_quotation_products,product_name,varchar,1,,,Tên của sản phẩm được đề xuất trong báo giá giao dịch.,True,False,crm,tên sản phẩm;product name;Tên mặt hàng;item name;Tên SP;product title;Tên hàng;product,dimension,count;count_distinct,crm,'Cloudrity phiên bản Gold' ; 'Dịch vụ SOC Hybrid' ; ...
silver,crm_deal_quotation_products,quantitative,integer,1,,,Số lượng sản phẩm được đề xuất trong báo giá.,True,False,crm,quantity;product quantity;unit count;number of items;định lượng;số lượng;số sản phẩm;số lượng hàng;số lượng trong báo giá;bao nhiêu sản phẩm,metric,sum;avg;min;max,crm,20 ; 1 ; 200 ; ...
silver,crm_deal_quotation_products,quotation_created_at,timestamp(3),1,,,Thời điểm mà báo giá được tạo trong hệ thống.,True,False,crm,ngày tạo báo giá;thời gian tạo báo giá;quotation creation date;quotation created time;date of quotation;thời điểm tạo báo giá;quotation_created_at;quotation date;ngày tạo quotation;thời gian tạo quotation,time,none,crm,
silver,crm_deal_quotation_products,quotation_id,varchar,1,,1.0,Mã định danh duy nhất của báo giá trong giao dịch CRM.,True,False,crm,mã báo giá;quotation id;ID báo giá;quotation identifier;Mã định danh báo giá;quote number;số báo giá;quote ID;Mã báo giá;quotation reference,id,count_distinct,crm,'Q001' ; 'Q002'
silver,crm_deal_quotation_products,quotation_lang,varchar,1,,,Ngôn ngữ được sử dụng để tạo ra báo giá cho khách hàng.,True,False,crm,ngôn ngữ báo giá;quotation language;ngôn ngữ của báo giá;quote language;ngôn ngữ;language;ngôn ngữ báo giá trong CRM;quotation locale;ngôn ngữ tài liệu báo giá,dimension,count;count_distinct,crm,'vi' ; 'en'
silver,crm_deal_quotation_products,quotation_status,varchar,1,,,Trạng thái hiện tại của báo giá trong quy trình CRM.,True,False,crm,trạng thái báo giá;tình trạng báo giá;status báo giá;quotation status;quote status;trạng thái báo giá hiện tại;status of quotation;quote condition;trạng thái báo giá trong CRM,dimension,count;count_distinct,crm,'Requested'
silver,crm_deal_quotation_products,product_unit,varchar,1,,,Đơn vị tính của sản phẩm trong báo giá.,True,False,crm,đơn vị;đơn vị tính;đơn vị đo lường;đơn vị sản phẩm;unit;unit of measure;UOM;measurement unit;đơn vị bán;unit of product,dimension,count;count_distinct,crm,'Website' ; 'Package' ; 'Device' ; 'Events / s' ; 'PC / Desktop' ; 'Account' ; 'Point' ; 'Server' ; 'Email account' ; 'Site' ; 'Server / Workstation' ; 'IP' ; 'User' ; 'Device IP' ; 'gói' ; 'thiết bị' ; 'phần mềm' ; 'PC' ; 'đợt' ; 'Desktop' ; 'Domain' ; 'Gbps'
silver,crm_deal_quotation_products,vat,integer,1,,,Thuế giá trị gia tăng (%) áp dụng cho sản phẩm trong báo giá.,True,False,finance,thuế VAT;thuế GTGT;thuế giá trị gia tăng;tỷ lệ VAT;tỷ lệ thuế;VAT;VAT %;tax rate;VAT percentage;value added tax,dimension,count;count_distinct,crm,0 ; 10 ; 8
silver,crm_deal_quotations,created_at,timestamp(3),0,,,Thời điểm tạo báo giá trong hệ thống CRM.,True,False,crm,ngày tạo;thời gian tạo;thời điểm tạo báo giá;ngày tạo báo giá;thời gian tạo báo giá;creation date;created at;quotation creation time;when was the quotation created,time,none,crm,
silver,crm_deal_quotations,currency_code,varchar,1,,,Mã tiền tệ được sử dụng cho báo giá trong CRM.,True,False,crm,Mã tiền tệ;Currency code;Mã tiền tệ của báo giá;Currency;Đơn vị tiền tệ;Currency identifier;Mã tiền tệ trong CRM;Currency symbol,dimension,count;count_distinct,crm,'VND' ; 'USD'
silver,crm_deal_quotations,deal_id,varchar,0,,1.0,Mã định danh duy nhất của giao dịch (deal) trong hệ thống CRM.,True,False,crm,Mã giao dịch;Deal ID;Mã deal;Deal identifier;Mã định danh giao dịch;Transaction ID;Mã giao dịch CRM;Deal code;Mã số giao dịch;Deal number,id,count_distinct,crm,
silver,crm_deal_quotations,global_discount,double,1,,,Mức chiết khấu toàn cục được áp dụng cho báo giá trong giao dịch.,True,False,crm,chiết khấu toàn cục;global discount;discount amount;discount rate;overall discount;chiết khấu chung;giảm giá toàn bộ;total discount;overall discount percentage;discount toàn bộ,metric,sum;avg;min;max,crm,
silver,crm_deal_quotations,global_discount_type,varchar,1,,,Loại giảm giá toàn cục được áp dụng cho báo giá trong CRM.,True,False,crm,loại giảm giá;kiểu chiết khấu;hình thức giảm giá;phương thức chiết khấu;discount type;global discount type;type of discount;discount category;loại chiết khấu toàn cục;kiểu giảm giá toàn bộ,dimension,count;count_distinct,crm,'percent' ; 'amount'
silver,crm_deal_quotations,quotation_id,varchar,0,1.0,,Mã định danh duy nhất của báo giá trong hệ thống CRM.,True,False,crm,mã báo giá;ID báo giá;quotation_id;quotation id;quote number;Mã trích dẫn;quote identifier;Mã báo giá CRM;quotation identifier,id,count_distinct,crm,
silver,crm_deal_quotations,status,varchar,1,,,Trạng thái hiện tại của báo giá trong giao dịch CRM.,True,False,crm,trạng thái báo giá;tình trạng báo giá;status báo giá;quotation status;quote status;trạng thái;tình trạng;status;status của báo giá;status of quotation,dimension,count;count_distinct,crm,'Requested'
silver,crm_deal_quotations,tlang,varchar,1,,,Ngôn ngữ được sử dụng cho báo giá trong giao dịch.,True,False,crm,ngôn ngữ báo giá;quotation language;ngôn ngữ;language;mã ngôn ngữ;language code;tlang;ngôn ngữ giao dịch;deal language;ngôn ngữ của báo giá,dimension,count;count_distinct,crm,'vi' ; 'en'
silver,crm_deal_reasons,id,varchar,0,1.0,,Mã định danh duy nhất cho mỗi lý do giao dịch trong CRM.,True,False,crm,Mã ID;Identifier;Deal reason ID;Mã lý do giao dịch;Reason ID;Mã duy nhất;Unique identifier;ID của lý do,id,count_distinct,crm,
silver,crm_deal_reasons,reason_name,varchar,0,,,Tên lý do mà khách hàng hoặc nhân viên ghi nhận khi giao dịch không thành công.,True,False,crm,lý do giao dịch;reason;deal reason;nguyên nhân giao dịch;nguyên nhân mất giao dịch;deal loss reason;nguyên nhân không thành công;reason name;Tên lý do;lý do không chốt,dimension,count;count_distinct,crm,'JUNK LEAD' ; 'APPOINTMENT MISSED' ; 'NO REQUIREMENT' ; 'PRICE IS TOO HIGH' ; 'NEED ONLY IN FUTURE' ; 'NOT INTERESTED' ; 'NO PROPER FOLLOW-UP' ; 'PRODUCT NOT SATISFYING' ; 'OPTED OUR RIVAL'
silver,crm_deals,am_user_id,varchar,1,,1.0,Mã người dùng của nhân viên quản lý tài khoản chịu trách nhiệm giao dịch.,True,False,crm,mã nhân viên AM;ID người quản lý tài khoản;am_user_id;account manager user id;AM user ID;account manager ID;sales rep ID;người dùng AM,id,count_distinct,crm,
silver,crm_deals,am_username,varchar,1,,,Tên đăng nhập của người quản lý tài khoản (Account Manager) phụ trách giao dịch.,True,True,crm,tên đăng nhập AM;account manager username;AM username;username của AM;tên người quản lý tài khoản;sales rep login;who is the account manager;ai là người phụ trách,dimension,count;count_distinct,crm,
silver,crm_deals,bidding_required,boolean,1,,,Cho biết liệu giao dịch có yêu cầu đấu thầu hay không.,True,False,crm,có cần đấu thầu;cần đấu thầu;đấu thầu có bắt buộc;yêu cầu đấu thầu;đấu thầu có yêu cầu;bidding required;require bidding;is bidding needed;needs bidding,dimension,count;count_distinct,crm,'False' ; 'True'
silver,crm_deals,budget_amount,"decimal(18,2)",1,,,"Ngân sách dự kiến cho giao dịch, giúp đánh giá kế hoạch chi tiêu.",True,False,sales,ngân sách giao dịch;budget amount;budget;budgeted amount;giá trị ngân sách;số tiền ngân sách;tiền dự trù;deal budget;budgeted deal amount,metric,sum;avg;min;max,crm,
silver,crm_deals,channel,varchar,1,,,"Kênh mà giao dịch được thực hiện, thể hiện cách thức tiếp cận hoặc bán hàng.",True,True,crm,channel;sales channel;kênh bán hàng;kênh tiếp cận;kênh giao dịch;đường bán hàng;phương thức bán hàng;đường tiếp cận khách hàng,dimension,count;count_distinct,crm,'Direct' ; 'Partner'
silver,crm_deals,closed_date,timestamp(3),1,,,Ngày mà giao dịch được đóng hoặc ký hợp đồng.,True,True,crm,ngày đóng;ngày kết thúc giao dịch;ngày ký hợp đồng;ngày chốt;ngày hoàn thành;closed date;deal close date;contract signing date;closing date;deal closure date,time,none,crm,
silver,crm_deals,company_address,varchar,1,,,Địa chỉ của công ty khách hàng trong giao dịch.,True,False,crm,địa chỉ công ty;địa chỉ khách hàng;company address;address of the company;company location;địa chỉ doanh nghiệp;address;địa chỉ trụ sở;where is the company located,dimension,count;count_distinct,crm,
silver,crm_deals,company_alias,varchar,0,,,Tên viết tắt hoặc biệt danh của công ty trong hệ thống CRM.,True,True,crm,tên viết tắt công ty;company alias;biệt danh công ty;company nickname;tên ngắn gọn công ty;company short name;tên thay thế công ty;company alternative name;tên gọi khác;company other name,dimension,count;count_distinct,crm,
silver,crm_deals,company_contact,varchar,1,,,Tên người đại diện hoặc người liên hệ của công ty trong giao dịch.,True,False,crm,liên hệ công ty;người liên hệ;đại diện công ty;contact person;company contact;người phụ trách;tên người liên hệ;contact name,dimension,count;count_distinct,crm,'N/A' ; '...'
silver,crm_deals,company_country,varchar,1,,,Quốc gia của công ty khách hàng trong giao dịch.,True,False,crm,quốc gia công ty;country of company;company country;nước công ty;quốc gia khách hàng;client country;country;nation of client;địa chỉ quốc gia,dimension,count;count_distinct,crm,'N/A' ; 'Philippines' ; 'Japan' ; 'South Africa' ; 'Vietnam' ; 'Laos'
silver,crm_deals,company_id,varchar,1,,1.0,Mã định danh duy nhất của công ty liên quan đến giao dịch.,True,False,crm,Mã công ty;Company ID;ID công ty;Company code;Mã khách hàng;Company identifier;Mã doanh nghiệp;Company key;Mã công ty trong CRM,id,count_distinct,crm,...
silver,crm_deals,company_name,varchar,0,,,Tên công ty hoặc khách hàng liên quan đến giao dịch.,True,True,crm,tên công ty;tên doanh nghiệp;tên khách hàng;company name;business name;client name;tên đối tác;tên công ty trong giao dịch,dimension,count;count_distinct,crm,"'Bangko Mabuhay (A Rural Bank), Inc.' ; 'iConnect' ; ..."
silver,crm_deals,company_province,varchar,1,,,Tỉnh hoặc thành phố nơi công ty khách hàng đặt trụ sở.,True,False,crm,tỉnh công ty;province of company;địa chỉ tỉnh;company province;province;tỉnh;client province;province of client;địa chỉ tỉnh công ty;company's province,dimension,count;count_distinct,crm,'N/A' ; 'Thành phố Hà Nội' ; 'Thành phố Hồ Chí Minh' ; 'Tỉnh Tây Ninh' ; 'Tỉnh Quảng Ngãi' ; 'Tỉnh Đồng Nai' ; 'Thành phố Đà Nẵng' ; 'Tỉnh Quảng Ninh' ; 'Tỉnh Khánh Hòa' ; 'Tỉnh Lâm Đồng' ; 'Tỉnh Cà Mau' ; 'Tỉnh Lai Châu' ; 'Thành phố Hải Phòng' ; 'Tỉnh Nghệ An' ; 'Tỉnh Phú Thọ'
silver,crm_deals,contract_duration_month,bigint,1,,,Thời gian ký kết hợp đồng tính bằng số tháng.,True,False,sales,thời gian hợp đồng (tháng);độ dài hợp đồng (tháng);contract duration month;contract length in months;contract term (months);số tháng hợp đồng;duration of contract;hợp đồng kéo dài bao nhiêu tháng,metric,sum;avg;min;max,crm,
silver,crm_deals,contract_id,bigint,1,,1.0,Mã định danh duy nhất của hợp đồng trong hệ thống CRM.,True,False,crm,contract_id;Mã hợp đồng;Contract number;Số hợp đồng;Contract identifier;ID hợp đồng;Contract key;Mã định danh hợp đồng;Contract reference;Mã hợp đồng CRM,id,count_distinct,crm,
silver,crm_deals,created_at,timestamp(3),1,,,Thời điểm tạo giao dịch trong hệ thống CRM.,True,False,crm,ngày tạo;thời gian tạo;thời điểm tạo;created_at;creation time;created date;deal creation timestamp;thời điểm khởi tạo;timestamp tạo;when was the deal created,time,none,crm,
silver,crm_deals,currency_amount,"decimal(18,2)",1,,,Giá trị giao dịch theo đơn vị tiền tệ gốc tương ứng trong cột currency_code.,True,False,sales,số tiền;giá trị tiền tệ;giá trị giao dịch;tiền giao dịch;deal amount;transaction amount;currency amount;deal value;amount in currency;tổng tiền,metric,sum;avg;min;max,crm,
silver,crm_deals,currency_code,varchar,1,,,Mã tiền tệ được sử dụng cho giao dịch trong CRM.,True,False,crm,mã tiền tệ;currency code;mã tiền;currency;đơn vị tiền tệ;currency abbreviation;đơn vị tiền tệ giao dịch;transaction currency;tiền tệ giao dịch;currency symbol,dimension,count;count_distinct,crm,'USD' ; 'VND'
silver,crm_deals,customer_group,varchar,1,,,Nhóm khách hàng theo mức độ ưu tiên,True,False,crm,nhóm khách hàng;customer group;phân khúc khách hàng;customer segment;loại khách hàng;customer type;đối tượng khách hàng;customer category;nhóm khách hàng mục tiêu;target customer group,dimension,count;count_distinct,crm,'VVIP' ; 'VIP' ; 'Growth' ; 'Standard'
silver,crm_deals,days_to_close,integer,1,,,Số ngày từ khi tạo đến khi giao dịch đóng thành công.,True,False,crm,số ngày để đóng;days to close;thời gian chốt;closing days;thời gian đóng giao dịch;deal closing days;thời gian hoàn thành giao dịch;time to close;ngày chốt;closing duration,metric,sum;avg;min;max,crm,
silver,crm_deals,deal_id,varchar,0,1.0,,Mã định danh duy nhất của giao dịch trong hệ thống CRM.,True,False,crm,Mã giao dịch;Deal ID;Mã số giao dịch;Transaction ID;Mã hợp đồng;Deal number;ID giao dịch;Deal identifier;Mã deal;Deal code,id,count_distinct,crm,
silver,crm_deals,deal_name,varchar,1,,,"Tên giao dịch hoặc tên cơ hội bán hàng, dùng để nhận diện cơ hội trong CRM.",True,False,crm,Tên giao dịch;Deal name;Tên cơ hội;Tên đề xuất;Deal title;Tên deal;Tên cơ hội bán hàng;Deal identifier;Tên hợp đồng,dimension,count;count_distinct,crm,'VAPT (Pentest) Bangko Mabuhay' ; 'EDR iConnect' ; 'PNP DICTM / EDR - BUNDLED LAPTOP and DESKTOP' ; ...
silver,crm_deals,deal_payment_status,varchar,1,,,"Trạng thái thanh toán của giao dịch, cho biết giao dịch đã được thanh toán, đang chờ hoặc chưa thanh toán.",True,True,crm,trạng thái thanh toán; t tình trạng thanh toán; status thanh toán; payment status; deal payment status; tình trạng chi trả; trạng thái chi trả; đã thanh toán chưa; có thanh toán hay không; payment condition,dimension,count;count_distinct,crm,'N/A' ; 'Offline'
silver,crm_deals,deal_payment_status_id,varchar,1,,1.0,Mã trạng thái thanh toán của giao dịch.,True,False,crm,trạng thái thanh toán;payment status;status thanh toán;deal payment status;deal payment status id;payment status id;id trạng thái thanh toán;trạng thái thanh toán giao dịch;deal payment status code;status thanh toán giao dịch,dimension,count;count_distinct,crm,
silver,crm_deals,deal_reason,varchar,1,,,"Nguyên nhân tạo ra giao dịch hoặc lý do thất bại, hỗ trợ phân tích nguyên nhân.",True,True,crm,lý do giao dịch;deal reason;reason of deal;nguyên nhân giao dịch;deal motivation;reason for closing;lý do ký hợp đồng;cause of deal;động cơ giao dịch;deal reason ID,dimension,count;count_distinct,crm,'' ; 'Opted our rival' ; 'Not interested' ; 'Price is too high' ; 'Need only in future' ; 'Product not satisfying' ; 'Junk Lead' ; 'Appointment missed' ; 'No requirement'
silver,crm_deals,deal_reason_id,varchar,1,,1.0,Mã định danh cho lý do của giao dịch trong CRM.,True,False,crm,mã lý do giao dịch;deal reason id;reason code;id lý do;mã lý do;lý do giao dịch;deal reason identifier;reason identifier;deal loss reason id;mã lý do deal,id,count_distinct,crm,
silver,crm_deals,deal_stage_code,varchar,1,,,Mã thể hiện giai đoạn hiện tại của một giao dịch trong quy trình bán hàng.,True,False,crm,giai đoạn giao dịch;deal stage;trạng thái giao dịch;deal stage code;stage code;mã giai đoạn;mã trạng thái;status of deal;deal status;stage of deal,dimension,count;count_distinct,crm,'QUOTATION_SENT' ; 'SIGNED' ; 'NEW' ; 'POC' ; 'NEGOTIATION' ; 'LOST'
silver,crm_deals,deal_stage_id,varchar,1,,1.0,Mã định danh của giai đoạn trong quy trình bán hàng.,True,False,crm,giai đoạn giao dịch;deal stage;stage id;stage identifier;mã giai đoạn;deal stage code;trạng thái giai đoạn;pipeline stage;stage of deal;ID giai đoạn,id,count_distinct,crm,
silver,crm_deals,deal_stage_name,varchar,1,,,Tên giai đoạn hiện tại của giao dịch trong quy trình bán hàng.,True,True,crm,giai đoạn giao dịch;tên giai đoạn;deal stage;stage name;trạng thái giai đoạn;stage of deal;giai đoạn bán hàng;sales stage;stage of sales;tên trạng thái,dimension,count;count_distinct,crm,'Quotation Sent / Báo giá' ; 'Signed / Ký hợp đồng' ; 'New' ; 'POC' ; 'Negotiation / Đàm phán' ; 'Lost'
silver,crm_deals,deal_type_id,varchar,1,,1.0,"Mã loại giao dịch, xác định kiểu hợp đồng hoặc cơ hội bán hàng.",True,False,crm,loại giao dịch;kiểu giao dịch;deal type;type of deal;deal_category;category of deal;deal_type_id;type_deal;loại hợp đồng;contract type,dimension,count;count_distinct,crm,
silver,crm_deals,due_date,timestamp(3),1,,,"Ngày đáo hạn của giao dịch, thể hiện thời hạn cần hoàn thành hoặc thanh toán.",True,False,crm,ngày đáo hạn;ngày hết hạn;deadline;due date;ngày đến hạn;ngày thanh toán;ngày chốt giao dịch;ngày cần hoàn thành;ngày cam kết,time,none,crm,
silver,crm_deals,expected_close_date,timestamp(3),1,,,Ngày dự kiến giao dịch sẽ được chốt và hoàn tất.,True,False,crm,ngày dự kiến đóng;expected close date;ngày kết thúc dự kiến;expected closing date;ngày chốt dự kiến;closing date dự kiến;ngày chốt giao dịch;expected closing date of deal,time,none,crm,
silver,crm_deals,expected_deal_value,"decimal(18,2)",1,,,"Giá trị dự kiến của giao dịch, thể hiện mức giá trị hợp đồng (doanh số) ước tính khi giao dịch thành công.",True,False,crm,giá trị dự kiến giao dịch;expected deal value;giá trị ước tính;forecasted revenue;giá trị dự đoán;estimated deal amount;giá trị hợp đồng dự kiến;expected revenue,metric,sum;avg;min;max,crm,
silver,crm_deals,expire_date,timestamp(3),1,,,Ngày mà giao dịch sẽ hết hiệu lực nếu không được ký hoặc hoàn thành.,True,False,crm,ngày hết hạn;expire date;ngày kết thúc;deadline;ngày hết hạn giao dịch;date of expiration;ngày hết hạn hợp đồng;expiration date;ngày hết hạn đề xuất;deal expiration date,time,none,crm,
silver,crm_deals,fac_date,timestamp(3),1,,,Ngày thực hiện hoạt động đầu tiên của giao dịch.,True,False,crm,ngày hoạt động đầu tiên;ngày đầu tiên của giao dịch;first activity date;ngày fac;ngày khởi tạo giao dịch;deal first activity date;ngày bắt đầu giao dịch;initial activity date,time,none,crm,
silver,crm_deals,get_live_date,timestamp(3),1,,,Ngày mà hợp đồng hoặc đề nghị bắt đầu có hiệu lực và được triển khai thực tế.,True,False,crm,ngày kích hoạt;ngày bắt đầu hoạt động;ngày ra mắt;live date;activation date;start date;ngày triển khai;date of go-live,time,none,crm,
silver,crm_deals,has_budget,boolean,1,,,Cho biết giao dịch có ngân sách dự kiến hay không.,True,False,crm,có ngân sách;has budget;budget allocated;budget flag;đã có ngân sách;budget existence;có kinh phí;budget available;có dự trù ngân sách;budget presence,dimension,count;count_distinct,crm,'False' ; 'True'
silver,crm_deals,initial_source,varchar,1,,,Nguồn gốc ban đầu mà giao dịch được tạo ra.,True,False,crm,nguồn gốc ban đầu;nguồn khởi tạo;initial source;source of deal;nguồn lead;nguồn giao dịch;origin of deal;source;nguồn khách hàng;đầu vào nguồn,dimension,count;count_distinct,crm,'N/A' ; 'Manual' ; 'Event' ; 'Email marketing' ; 'Webinar' ; 'Facebook Ads' ; 'Messenger' ; 'Organic Website' ; 'Google Ads' ; 'Linkedin' ; 'Organic Email'
silver,crm_deals,last_assigned_at,timestamp(3),1,,,Thời điểm cuối cùng mà giao dịch được giao cho người phụ trách.,True,False,crm,thời gian giao việc cuối;last assigned time;thời điểm giao dịch được giao lần cuối;last_assigned_at;thời gian giao cho người phụ trách;last assignment timestamp;thời gian chuyển giao cuối;last assigned date;thời gian giao việc cuối cùng,time,none,crm,
silver,crm_deals,last_contacted_activity_status,varchar,1,,,Trạng thái của hoạt động cuối cùng mà nhân viên bán hàng đã liên hệ với khách hàng trong giao dịch.,True,False,crm,trạng thái hoạt động cuối cùng;last contacted activity status;trạng thái liên hệ cuối;status of last contact;trạng thái tương tác gần nhất;last contact status;status of recent activity;trạng thái hoạt động liên hệ cuối;last activity status,dimension,count;count_distinct,crm,'UNKNOWN' ; 'MEETING' ; 'TASK'
silver,crm_deals,last_contacted_activity_time,timestamp(3),1,,,Thời gian hoạt động liên hệ cuối cùng với cơ hội bán hàng.,True,False,crm,thời gian liên hệ cuối cùng;last contact time;thời điểm liên lạc gần nhất;last contacted activity time;thời gian hoạt động cuối cùng;last activity timestamp;thời gian tương tác cuối;last interaction time;thời gian tiếp xúc cuối;last contacted time,time,none,crm,
silver,crm_deals,is_deal_locked,boolean,1,,,Cho biết giao dịch đã bị khóa và không thể chỉnh sửa dữ liệu giá trị,True,False,crm,khóa doanh số;amount locked;đã khóa doanh số;is amount locked;trạng thái khóa doanh số;lock deal flag;amount lock status;đánh dấu khóa doanh số,dimension,count;count_distinct,crm,'False' ; 'True'
silver,crm_deals,next_scheduled_activity_time,timestamp(3),1,,,Thời gian dự kiến cho hoạt động tiếp theo của giao dịch trong CRM.,True,False,crm,thời gian hoạt động tiếp theo;thời gian hẹn tiếp theo;next scheduled activity time;next activity time;thời gian lịch hoạt động kế tiếp;thời gian dự kiến liên hệ tiếp;next activity scheduled time;thời gian hoạt động sắp tới,time,none,crm,
silver,crm_deals,periodicity,varchar,1,,,"Chu kỳ hoặc tần suất thanh toán, gia hạn của giao dịch trong CRM.",True,False,crm,định kỳ; tần suất; chu kỳ thanh toán; payment frequency; billing cycle; contract period; frequency; periodicity; mức độ thường xuyên; how often,dimension,count;count_distinct,crm,'None' ; 'year' ; 'month' ; 'quarter' ; 'half-year'
silver,crm_deals,presales_name,varchar,1,,,Tên của nhân viên tiền bán hàng (presales) phụ trách giao dịch.,True,False,crm,tên nhân viên tiền bán hàng;presales name;presales person;người tiền bán hàng;pre-sales representative;Tên presales;người hỗ trợ tiền bán hàng;pre-sales engineer;ai là người tiền bán hàng;who is the presales,dimension,count;count_distinct,crm,
silver,crm_deals,probability,bigint,1,,,"Xác suất thành công của giao dịch (0-100%), dùng để dự báo cơ hội chốt.",True,False,crm,xác suất thắng;probability;cơ hội thắng;deal win probability;chance of closing;tỷ lệ thành công;probability of closing;tỷ lệ đóng giao dịch;cơ hội chốt;win rate,metric,sum;avg;min;max,crm,
silver,crm_deals,probability_bucket,varchar,1,,,Trạng thái mô tả mức độ xác suất thành công của cơ hội bán hàng.,True,True,crm,trạng thái xác suất;probability status;xác suất thắng;win probability;trạng thái cơ hội;deal probability status;status xác suất;probability level;cấp độ xác suất;status cơ hội,dimension,count;count_distinct,crm,'POTENTIAL' ; 'SUCCESS' ; 'UNCERTAIN' ; 'FAILED'
silver,crm_deals,project_manager,varchar,1,,,Tên người chịu trách nhiệm quản lý và giám sát dự án bán hàng trong giao dịch.,True,False,crm,người quản lý dự án;PM;quản lý dự án;trưởng dự án;người phụ trách dự án;project manager;project lead;deal manager;account manager;ai là người quản lý dự án,dimension,count;count_distinct,crm,
silver,crm_deals,quotation_status,varchar,1,,,Trạng thái hiện tại của báo giá trong quy trình bán hàng.,True,False,sales,trạng thái báo giá;quotation status;trạng thái đề xuất giá;quote status;status of quotation;trạng thái báo giá trong hợp đồng;quotation phase;status of offer,dimension,count;count_distinct,crm,'N/A' ; 'Requested'
silver,crm_deals,recent_note,varchar,1,,,Ghi chú mới nhất được nhập cho giao dịch trong CRM.,True,False,crm,ghi chú gần nhất;note mới nhất;latest note;recent comment;bình luận gần đây;cập nhật gần nhất;deal note;ghi chú giao dịch;deal recent note;note của giao dịch,dimension,count;count_distinct,crm,
silver,crm_deals,sales_admin,varchar,1,,,Tên người quản trị bán hàng phụ trách giao dịch.,True,False,crm,người quản trị bán hàng;admin bán hàng;sale admin;người phụ trách bán hàng;người quản lý bán hàng;sales admin;sales administrator;deal admin;sales manager;account admin,dimension,count;count_distinct,crm,
silver,crm_deals,sales_account_id,varchar,1,,1.0,Mã định danh tài khoản bán hàng chịu trách nhiệm cho giao dịch.,True,False,crm,mã tài khoản bán hàng;sales account id;ID tài khoản bán hàng;sales account identifier;Mã nhân viên bán hàng;account manager id;ID nhân viên bán hàng;sales rep id,id,count_distinct,crm,
silver,crm_deals,customer_segment_l1,varchar,1,,,"Phân khúc khách hàng cấp 1 của giao dịch, thể hiện nhóm thị trường hoặc loại khách hàng chính.",True,True,crm,phân khúc cấp 1;segment L1;segment cấp 1;primary segment;segment level 1;đối tượng khách hàng chính;customer segment level 1;phân khúc chính;segment;segment category,dimension,count;count_distinct,crm,'International' ; 'Nội bộ' ; 'Bộ Quốc phòng' ; 'Khách hàng ngoài' ; 'Chưa xác định'
silver,crm_deals,customer_segment_l2,varchar,1,,,"Mức phân khúc khách hàng cấp 2 của giao dịch, cho biết nhóm khách hàng hoặc ngành nghề chi tiết hơn.",True,True,crm,phân khúc cấp 2;segment level 2;sub‑segment;segment l2;segment 2;nhóm phân khúc phụ;đối tượng phân khúc chi tiết;segment classification;segment tier 2;cấp độ phân khúc 2,dimension,count;count_distinct,crm,'Viettel Global Partner' ; 'Direct / Local Channel' ; 'Chưa xác định' ; 'Khách hàng nội bộ' ; 'Khách hàng ngoài' ; 'Khách hàng SI ngoài' ; 'Khách hàng SI nội bộ'
silver,crm_deals,customer_segment_l3,varchar,1,,,"Phân khúc khách hàng cấp 3 của giao dịch, mô tả chi tiết nhóm khách hàng hoặc thị trường mà cơ hội kinh doanh thuộc về.",True,True,crm,phân khúc cấp 3; segment level 3; segment L3; sub‑segment; subcategory; market sub‑segment; chi tiết phân khúc; third level segment; customer segment tier 3; phân khúc chi tiết,dimension,count;count_distinct,crm,'Chưa xác định' ; 'DNL' ; 'BFSI' ; 'GOV' ; 'Unname' ; 'Energy' ; 'Province'
silver,crm_deals,sign_date,timestamp(3),1,,,Ngày mà khách hàng ký hợp đồng trong giao dịch.,True,False,crm,ngày ký;ngày ký hợp đồng;ngày ký deal;ngày ký giao dịch;ngày ký hợp đồng bán hàng;sign date;contract signing date;deal signing date;date signed;signature date,time,none,crm,
silver,crm_deals,signing_delay_days,integer,1,,,Số ngày chậm ký hợp đồng giữa ngày dự kiến và ngày thực tế ký hợp đồng.,True,False,crm,số ngày trễ ký;độ trễ ký hợp đồng;signing delay days;delay days to sign;ngày chậm ký;thời gian trễ ký;delay in signing;số ngày chậm ký;khoảng thời gian trễ ký;signing lag days,metric,sum;avg;min;max,crm,
silver,crm_deals,stage_updated_time,timestamp(3),1,,,Thời gian cập nhật lần cuối của giai đoạn giao dịch.,True,False,crm,thời gian cập nhật giai đoạn;thời gian thay đổi giai đoạn;thời điểm cập nhật trạng thái;thời gian cập nhật trạng thái giao dịch;thời gian cập nhật stage;stage update time;stage updated time;last stage update timestamp;stage change time;deal stage update time,time,none,crm,
silver,crm_deals,deal_status,varchar,0,,,Trạng thái hiện tại của giao dịch/Deal trong CRM.,True,False,crm,trạng thái giao dịch;deal status;trạng thái;tình trạng;status;tình trạng giao dịch;status of deal;trạng thái cơ hội;deal condition;status of opportunity,dimension,count;count_distinct,crm,'OPEN' ; 'CLOSED WON' ; 'CLOSED LOST'
silver,crm_deals,territory_name,varchar,1,,,Tên khu vực hoặc vùng địa lý mà giao dịch được thực hiện.,True,False,crm,khu vực;vùng;địa bàn;tên khu vực;tên vùng;territory;region;area;sales territory;geographic region,dimension,count;count_distinct,crm,'Miền Bắc' ; 'Miền Nam' ; 'Philippines' ; 'Japan' ; 'Global Sale'
silver,crm_deals,updated_at,timestamp(3),1,,,Thời gian cập nhật cuối cùng của giao dịch trong CRM.,True,False,crm,thời gian cập nhật;thời điểm cập nhật cuối;last updated time;update timestamp;thời gian sửa đổi;updated_at;thời gian thay đổi;transaction last update;thời gian cập nhật giao dịch,time,none,crm,
silver,crm_deals,usd_to_vnd,double,1,,,Tỷ giá chuyển đổi từ đô la Mỹ (USD) sang đồng Việt Nam (VND) được sử dụng theo từng giao dịch,True,False,finance,tỷ giá USD/VND;đổi USD sang VND;usd to vnd rate;exchange rate USD to VND;tỷ giá chuyển đổi USD sang VND;usd/vnd conversion;đơn vị chuyển đổi USD sang VND;tỷ giá ngoại tệ USD/VND;usd to vnd exchange;rate usd to vnd,metric,sum;avg;min;max,crm,0.0 ; 26265.0 ; 25445.0 ; ...
silver,crm_deals,vnd_amount,"decimal(18,2)",1,,,"Giá trị giao dịch quy đổi sang VND, dùng để so sánh nội bộ, doanh số bán hàng",True,True,crm,số tiền VND;giá trị giao dịch VND;đơn vị tiền tệ VND;deal amount in VND;vnd amount;giá trị hợp đồng (VND);tiền VND;deal value VND;amount in Vietnamese Dong;transaction amount VND,metric,sum;avg;min;max,crm,
silver,crm_deals,warm_up_source,varchar,1,,,Nguồn gốc khởi tạo hoặc tiếp cận ban đầu của khách hàng tiềm năng trước khi chuyển sang giai đoạn giao dịch.,True,False,crm,nguồn khởi tạo;nguồn tiếp cận;warm-up source;lead source;nguồn lead;nguồn tiềm năng;cách tiếp cận ban đầu;origin of warm-up;source of initial contact;kênh khởi tạo,dimension,count;count_distinct,crm,'N/A' ; 'Event' ; 'Email marketing'
silver,crm_deals,opportunity_weight_pct,double,1,,,"Trọng số cơ hội kinh doanh, thể hiện mức độ ưu tiên hoặc quan trọng (0-100%)",True,False,crm,trọng số;độ ưu tiên;độ quan trọng;priority weight;deal priority;importance level;cấp độ ưu tiên;weight of deal;độ trọng số;priority score,dimension,count;count_distinct,crm,100.0 ; 0.0 ; 50.0 ; 30.0 ; 90.0 ; 70.0
silver,crm_partners,partner_address,varchar,1,,,Địa chỉ của đối tác trong hệ thống CRM.,True,False,crm,địa chỉ đối tác;địa chỉ công ty;partner address;company address;địa chỉ;address;địa chỉ doanh nghiệp;address of partner;địa chỉ liên hệ;address field,dimension,count;count_distinct,crm,
silver,crm_partners,company_alias,varchar,1,,,Tên gọi thay thế hoặc biệt danh của công ty đối tác trong hệ thống CRM.,True,False,crm,bí danh công ty;tên gọi khác;tên viết tắt;alias công ty;company alias;partner alias;alternate company name;company nickname;tên thay thế;business alias,dimension,count;count_distinct,crm,
silver,crm_partners,contact_email,varchar,1,,,Email của người liên hệ chính,True,False,crm,email liên hệ;địa chỉ email;contact email;partner contact email;email của người đại diện;email address;email liên lạc;email đối tác;contact's email;địa chỉ email liên hệ,dimension,count;count_distinct,crm,
silver,crm_partners,contact_mobile,varchar,1,,,Số điện thoại di động của người liên hệ chính,True,False,crm,số di động;số điện thoại di động;mobile;số liên hệ;số điện thoại liên hệ;contact mobile;mobile number;partner contact phone;contact phone;số điện thoại partner,dimension,count;count_distinct,crm,
silver,crm_partners,contact_name,varchar,1,,,Tên người liên hệ chính,True,False,crm,Tên liên hệ;Tên người đại diện;Contact name;Tên người phụ trách;Contact person;Tên người giao dịch;Tên người liên lạc;Contact person name,dimension,count;count_distinct,crm,
silver,crm_partners,country,varchar,1,,,Quốc gia nơi đối tác hoạt động,True,False,crm,quốc gia;nước;đối tác quốc gia;partner country;country of partner;nation;vùng địa lý;location country;của đối tác ở quốc gia nào;partner's country,dimension,count;count_distinct,crm,'Japan' ; 'Philippines' ; 'N/A' ; 'Myanmar' ; 'American Samoa' ; 'Viet Nam' ; 'France' ; 'Indonesia' ; 'Lao People's Democratic Republic' ; 'Malaysia' ; 'Timor-Leste' ; 'Mauritania' ; 'United Arab Emirates' ; 'Cambodia' ; 'Singapore'
silver,crm_partners,document_type,varchar,1,,,"Loại tài liệu hoặc hợp đồng đối tác (PDF, DOCX, Agreement…)",True,False,crm,định dạng tài liệu;loại tài liệu;định dạng file;kiểu tài liệu;định dạng hồ sơ;document format;file type;file format;document type;format of document,dimension,count;count_distinct,crm,'N/A' ; 'Agency Agreement / Hợp đồng đại lý' ; 'Cooperation Agreement / Thỏa thuận hợp tác' ; 'Distribution Agreement / Thỏa thuận phân phối' ; 'Master Agreement / Thỏa thuận khung' ; 'Memorandum of Understanding / Biên bản ghi nhớ'
silver,crm_partners,document_number,varchar,1,,,Số hoặc mã định danh tài liệu/hợp đồng đối tác,True,False,crm,số chứng từ;document number;mã số doanh nghiệp;business registration number;tax ID;registration number;partner document ID;document ID;số đăng ký kinh doanh,dimension,count;count_distinct,crm,
silver,crm_partners,effective_date,timestamp(3),1,,,Ngày bắt đầu hiệu lực của đối tác/hợp đồng,True,False,crm,ngày hiệu lực;ngày bắt đầu;ngày có hiệu lực;ngày kích hoạt;ngày áp dụng;effective date;start date;activation date;valid from;date of effect,time,none,crm,
silver,crm_partners,expiration_date,timestamp(3),1,,,Ngày hết hiệu lực của đối tác/hợp đồng,True,False,crm,ngày hết hạn;ngày kết thúc hợp đồng;hạn sử dụng;expiration date;contract end date;partner expiry;expiry date;khi nào hợp đồng kết thúc;khi nào hết hạn;ngày hết hạn hợp đồng,time,none,crm,
silver,crm_partners,id,varchar,1,1.0,,Mã định danh duy nhất của đối tác,True,False,crm,mã đối tác;partner id;partner code;partner identifier;partner key;định danh đối tác;mã số đối tác;partner unique id;ID khách hàng,id,count_distinct,crm,
silver,crm_partners,partner_name,varchar,1,,,"Tên đối tác (công ty, khách hàng, nhà cung cấp)",True,False,crm,tên đối tác;partner name;Tên công ty;company name;Tên khách hàng;client name;Tên nhà cung cấp;vendor name;name;Tên,dimension,count;count_distinct,crm,
silver,crm_partners,partner_type,varchar,1,,,"Loại hình hoặc nhóm mà đối tác thuộc, xác định vai trò kinh doanh của họ.",True,False,crm,loại đối tác;partner type;type of partner;phân loại đối tác;category of partner;đối tác loại nào;partner classification;nhóm đối tác;partner group;đối tác nhóm,dimension,count;count_distinct,crm,'N/A' ; 'Partner / Đối tác' ; 'Agent / Đại lý' ; 'Distributor / Phân phối'
silver,crm_partners,partner_status,varchar,1,,,"Trạng thái hợp tác hiện tại của đối tác (Active, Expired…)",True,False,crm,trạng thái;tình trạng;status;trạng thái đối tác;partner status;account status;tình trạng hợp tác;status của đối tác;đối tác đang ở trạng thái gì;partner condition,dimension,count;count_distinct,crm,'N/A' ; 'Active / Đang hiệu lực' ; 'Expired / Hết hiệu lực' ; 'In progress / Đang thực hiện'
silver,crm_expected_revenue,am_username,varchar,1,,,Tên đăng nhập của Account Manager chịu trách nhiệm dự báo thanh toán,True,False,crm,tên đăng nhập AM;tên đăng nhập người quản lý tài khoản;account manager username;AM username;username của người quản lý;sales rep login;account manager login;tên người phụ trách;tên tài khoản quản lý,dimension,count;count_distinct,crm,
silver,crm_expected_revenue,company_alias,varchar,1,,,Tên viết tắt hoặc biệt danh của công ty khách hàng,True,False,crm,tên viết tắt công ty;company alias;biệt danh công ty;company nickname;tên ngắn gọn công ty;company short name;tên công ty;company name;mã công ty;company identifier,dimension,count;count_distinct,crm,
silver,crm_expected_revenue,contract_allocation_id,varchar,0,1.0,,"Mã phân bổ hợp đồng, xác định phần tài chính được gán",True,False,crm,Mã phân bổ hợp đồng; Contract Allocation ID; mã phân bổ; contract allocation code; allocation id; contract allocation identifier; mã hợp đồng phân bổ; allocation identifier; contract allocation number,id,count_distinct,crm,
silver,crm_expected_revenue,contract_id,varchar,0,1.0,,Mã định danh duy nhất của hợp đồng,True,False,crm,Mã hợp đồng;Contract ID;ID hợp đồng;Số hợp đồng;Contract number;Contract identifier;Mã hợp đồng khách hàng;Contract key,id,count_distinct,crm,
silver,crm_expected_revenue,currency_amount,"decimal(18,2)",1,,,Số tiền dự báo/đã thanh toán theo đơn vị tiền tệ gốc,True,False,finance,số tiền;giá trị tiền tệ;currency amount;amount;tiền tệ;tiền dự báo;forecast amount;payment amount;giá trị dự báo;payment value,metric,sum;avg;min;max,crm,
silver,crm_expected_revenue,currency_code,varchar,1,,,"Mã tiền tệ dùng cho số tiền dự báo (VND, USD, ...)",True,False,finance,mã tiền tệ;đơn vị tiền tệ;code tiền tệ;currency code;currency;loại tiền;đơn vị tiền;currency symbol;money code;currency type,dimension,count;count_distinct,crm,'VND' ; 'USD'
silver,crm_expected_revenue,customer_group,varchar,1,,,"Nhóm khách hàng theo mức độ ưu tiên (VIP, Khách hàng lớn…)",True,False,crm,nhóm khách hàng;phân khúc khách hàng;loại khách hàng;customer group;client group;customer segment;client segment;group of customers;phân loại khách hàng;customer classification,dimension,count;count_distinct,crm,'VVIP' ; 'VIP' ; 'Growth' ; 'Standard'
silver,crm_expected_revenue,customer_id,varchar,0,1.0,,Mã định danh duy nhất khách hàng trong CRM,True,False,crm,Mã khách hàng;Customer ID;ID khách hàng;Customer identifier;Mã KH;Customer code;Mã khách hàng duy nhất;Customer key;Mã khách hàng CRM,id,count_distinct,crm,
silver,crm_expected_revenue,customer_name,varchar,1,,,Tên khách hàng/đối tác thực hiện giao dịch,True,False,crm,Tên khách hàng;Customer Name;Tên đối tác;Tên công ty;Tên khách hàng mua hàng;Customer;Tên khách hàng (client);Tên khách hàng (buyer);Tên khách hàng trong CRM,dimension,count;count_distinct,crm,
silver,crm_expected_revenue,customer_segment_l1,varchar,1,,,Phân khúc khách hàng cấp 1,True,False,crm,phân khúc khách hàng cấp 1;customer segment level 1;đối tượng khách hàng;customer tier;loại khách hàng;customer group level 1;phân loại khách hàng;customer classification,dimension,count;count_distinct,crm,'Khách hàng ngoài' ; 'Nội bộ' ; 'International' ; 'Bộ Quốc phòng'
silver,crm_expected_revenue,customer_segment_l2,varchar,1,,,Phân khúc khách hàng cấp 2,True,False,crm,phân khúc khách hàng cấp 2;customer segment level 2;customer segment L2;segment khách hàng cấp 2;customer tier 2;phân khúc khách hàng thứ hai;customer group level 2;phân loại khách hàng cấp 2,dimension,count;count_distinct,crm,'Khách hàng ngoài' ; 'Khách hàng nội bộ' ; 'Viettel Global Partner' ; 'UNKNOWN' ; 'Direct / Local Channel' ; 'Khách hàng SI ngoài' ; 'Khách hàng SI nội bộ'
silver,crm_expected_revenue,customer_segment_l3,varchar,1,,,Phân khúc khách hàng cấp 3,True,False,crm,phân khúc khách hàng cấp 3;customer segment level 3;customer sub‑segment;phân khúc phụ khách hàng;customer tier 3;segment khách hàng chi tiết;phân loại khách hàng cấp ba;customer segment L3;đối tượng khách hàng chi tiết;customer classification level 3,dimension,count;count_distinct,crm,'BFSI' ; 'DNL' ; 'GOV' ; 'UNKNOWN' ; 'Energy' ; 'Unname' ; 'Province'
silver,crm_expected_revenue,deal_id,varchar,0,1.0,,Mã định danh giao dịch bán hàng,True,False,crm,deal_id;Mã giao dịch;Mã deal;ID giao dịch;ID deal;Deal ID;Deal identifier;Transaction ID;Opportunity ID;Mã cơ hội bán hàng,id,count_distinct,crm,
silver,crm_expected_revenue,deal_stage_name,varchar,1,,,Giai đoạn hiện tại của giao dịch bán hàng,True,False,crm,giai đoạn giao dịch;deal stage;trạng thái giao dịch;stage of deal;tên giai đoạn;tên trạng thái giao dịch;deal pipeline stage;giai đoạn bán hàng;sales stage;tên giai đoạn bán hàng,dimension,count;count_distinct,crm,'signed / ký hợp đồng'
silver,crm_expected_revenue,deployment_type,varchar,1,,,Loại hình triển khai dịch vụ hoặc sản phẩm,True,False,crm,loại triển khai;kiểu triển khai;hình thức triển khai;phương thức triển khai;deployment type;deployment model;deployment method;implementation type;deployment style;cách triển khai,dimension,count;count_distinct,crm,'Service' ; 'N/A' ; 'Standalone' ; ''
silver,crm_expected_revenue,due_date,timestamp(3),0,,,Ngày đến hạn thanh toán dự kiến,True,False,finance,ngày đến hạn;ngày thanh toán;ngày dự kiến thanh toán;ngày nợ;ngày đáo hạn;due date;payment due date;expected payment date;invoice due date;settlement date,time,none,crm,
silver,crm_expected_revenue,is_actual,boolean,1,,,True nếu khoản thanh toán đã thực tế phát sinh,True,False,crm,là thực tế;đã thực hiện;thực tế;đã thanh toán;có phải thanh toán thực tế;is actual;actual payment;realized;actual flag;payment is actual,dimension,count;count_distinct,crm,
silver,crm_expected_revenue,is_recurring,boolean,1,,,True nếu khoản thanh toán có tính định kỳ,True,False,crm,định kỳ;có tính định kỳ;giao dịch định kỳ;recurring;is_recurring;recurring payment;repeat payment;subscription;có thanh toán định kỳ;payment is recurring,dimension,count;count_distinct,crm,
silver,crm_expected_revenue,payment_date,timestamp(3),1,,,Ngày dự kiến hoặc thực tế nhận thanh toán,True,False,crm,ngày thanh toán;payment date;ngày dự kiến thanh toán;expected payment date;ngày nhận tiền;receipt date;ngày chi trả;date of payment;ngày giao dịch;transaction date,time,none,crm,
silver,crm_expected_revenue,product_category,varchar,1,,,Danh mục sản phẩm liên quan giao dịch,True,False,crm,danh mục sản phẩm;loại sản phẩm;product category;product type;nhóm sản phẩm;product group;phân loại sản phẩm;product classification;loại hàng;category of product,dimension,count;count_distinct,crm,'VAPT (Pentest)' ; 'Tư vấn' ; 'VCS-aJiant' ; 'Redteam' ; 'VCS-TI' ; 'VCS-CyCir' ; 'MSS' ; 'VCS-AMA' ; 'VCS-CyM' ; 'Threat Hunting' ; 'VCS-NSM' ; 'VCS-KIAN' ; 'SI' ; 'Cloudrity' ; 'AntiDDos' ; 'Infrastructure Audit' ; 'Dịch vụ chuyên nghiệp khác' ; 'Khác' ; 'M-Suite' ; 'VCS-InT' ; 'VCS-ESG' ; 'CA' ; 'VCS-WSG' ; 'VCS-NAC' ; 'VCS-NDR' ; 'VCS-F2DR' ; 'Purple Team Service' ; 'Diễn tập'
silver,crm_expected_revenue,product_type,varchar,1,,,"Loại sản phẩm dự báo thanh toán (New, Renewal, Upsale…)",True,False,crm,loại sản phẩm;kiểu sản phẩm;dạng sản phẩm;phân loại sản phẩm;product type;product kind;product classification;type of product;product category;product type in forecast,dimension,count;count_distinct,crm,'New' ; 'Upsale' ; 'N/A' ; 'Renewal' ; 'SI' ; 'Renew' ; '' ; 'Upsales' ; 'Incident' ; 'Dependent'
silver,crm_expected_revenue,sales_admin_username,varchar,1,,,Tên người quản lý bán hàng chịu trách nhiệm,True,False,crm,admin bán hàng;người phụ trách bán hàng;sale admin;sales admin;người quản lý bán hàng;sales administrator;người chịu trách nhiệm bán hàng;sales manager,dimension,count;count_distinct,crm,
silver,crm_expected_revenue,territory_name,varchar,1,,,Tên khu vực hoặc vùng địa lý mà khách hàng và giao dịch thuộc về.,True,False,crm,khu vực;vùng bán hàng;territory;sales territory;region;địa bàn;Tên khu vực;area name;Tên vùng;region name,dimension,count;count_distinct,crm,'Miền Bắc' ; 'Miền Nam' ; 'Philippines' ; 'Japan' ; 'Global Sale'
silver,crm_expected_revenue,update_at,timestamp(3),0,,,Thời điểm dữ liệu dự báo được cập nhật,True,False,crm,thời gian cập nhật;ngày cập nhật;thời điểm sửa đổi;thời gian sửa đổi;update timestamp;last updated;modified at;record update time;data refresh time;khi nào dữ liệu được cập nhật,time,none,crm,
silver,crm_expected_revenue,vnd_amount,"decimal(18,2)",0,,,Số tiền dự báo bằng VND,True,False,crm,vnd_amount;số tiền VND;giá trị VND;đơn vị tiền tệ VND;tiền dự báo VND;VND amount;Vietnamese Dong amount;forecasted VND amount;payment amount in VND;total VND value,metric,sum;avg;min;max,crm,
silver,crm_committed_revenue,am_username,varchar,1,,,Nhân viên quản lý tài khoản (AM) chịu trách nhiệm chính.,True,False,crm,tên đăng nhập AM;username AM;account manager username;account manager login;tên người quản lý tài khoản;tên người thu tiền;cash collector username;người thu tiền login,dimension,count;count_distinct,crm,
silver,crm_committed_revenue,product_category_code,varchar,0,,,Mã loại sản phẩm/dịch vụ,True,False,crm,mã danh mục sản phẩm dịch vụ;product category code,dimension,count;count_distinct,crm,
silver,crm_committed_revenue,channel_name,varchar,1,,,Tên kênh mà doanh nghiệp thu tiền từ khách hàng.,True,False,crm,kênh thu tiền;Tên kênh;kênh thanh toán;phương thức thu;phương thức thanh toán;collection channel;payment channel;channel name;payment method;cách thu tiền,dimension,count;count_distinct,crm,
silver,crm_committed_revenue,company_alias,varchar,1,,,Tên viết tắt hoặc biệt danh của công ty được sử dụng trong báo cáo thu tiền.,True,True,crm,tên công ty;bí danh công ty;company alias;company nickname;company short name;alias công ty;tên viết tắt công ty;client alias;company label;tên công ty trong báo cáo,dimension,count;count_distinct,crm,
silver,crm_committed_revenue,currency_code,varchar,1,,,Mã tiền tệ được sử dụng trong giao dịch thu tiền.,True,False,crm,Mã tiền tệ;Currency code;Mã tiền tệ giao dịch;Currency;Tiền tệ;Mã tiền tệ thu tiền;Currency identifier;Mã tiền tệ trong báo cáo;Currency symbol,dimension,count;count_distinct,crm,'VND' ; 'USD'
silver,crm_committed_revenue,department_alias,varchar,1,,,Tên viết tắt hoặc biệt danh của phòng ban thực hiện thu tiền.,True,False,crm,phòng ban; bộ phận; department; department name; department alias; tên phòng ban; tên bộ phận; department abbreviation; department nickname; bộ phận thu tiền,dimension,count;count_distinct,crm,
silver,crm_committed_revenue,is_soc,boolean,1,,,Cho biết giao dịch thu tiền có phải thuộc loại SOC (Service Order Contract) hay không.,True,False,crm,có phải SOC;SOC flag;is_soc;đánh dấu SOC;trạng thái SOC;SOC indicator;liệu là SOC;SOC status;giao dịch SOC;SOC,dimension,count;count_distinct,crm,'False'
silver,crm_committed_revenue,payment_stage,varchar,1,,,"Giai đoạn thanh toán (Hóa đơn, Tạm tính, Giảm trừ, Đối soát).",True,False,crm,giai đoạn thanh toán;trạng thái thanh toán;công đoạn thu tiền;cấp độ thanh toán;giai đoạn thu tiền;payment stage;payment status;collection stage;cash collection phase;payment phase,dimension,count;count_distinct,crm,'Tạm tính'
silver,crm_committed_revenue,presale_name,varchar,1,,,Tên người phụ trách giai đoạn tiền bán của giao dịch thu tiền.,True,False,sales,tên presale;tên người tiền bán;người phụ trách tiền bán;presale name;pre-sales representative;pre-sales person;presale staff;presale owner;ai là người presale;who is the presale,dimension,count;count_distinct,crm,
silver,crm_committed_revenue,product_category,varchar,1,,,Loại danh mục sản phẩm mà khoản thu tiền mặt thuộc.,True,False,crm,loại sản phẩm;product category;danh mục sản phẩm;product type;nhóm sản phẩm;product group;phân loại sản phẩm;category of product;loại hàng;product line,dimension,count;count_distinct,crm,'VAPT (Pentest)' ; 'Tư vấn' ; 'VCS-aJiant' ; 'Redteam' ; 'VCS-TI' ; 'VCS-CyCir' ; 'MSS' ; 'VCS-AMA' ; 'VCS-CyM' ; 'Threat Hunting' ; 'VCS-NSM' ; 'VCS-KIAN' ; 'SI' ; 'Cloudrity' ; 'AntiDDos' ; 'Infrastructure Audit' ; 'Dịch vụ chuyên nghiệp khác' ; 'Khác' ; 'VCS-WSG' ; 'VCS-NAC' ; 'M-Suite' ; 'VCS-F2DR' ; 'Purple Team Service' ; 'Diễn tập' ; 'VCS-InT' ; 'VCS-ESG' ; 'CA' ; 'VCS-NDR'
silver,crm_committed_revenue,product_growth_type,varchar,1,,,"Loại hình tăng trưởng (Mới, Tái tục, Bán thêm/Upsell).",True,False,sales,Mới;New;First time;Launch;Tái tục;Renewal;Gia hạn;Renewed;Bán thêm/Upsell;Upsell;Cross-sell;Add-on,dimension,count;count_distinct,crm,'N/A'
silver,crm_committed_revenue,product_service_group,varchar,1,,,Nhóm sản phẩm hoặc dịch vụ mà giao dịch thu tiền thuộc về.,True,False,product,nhóm sản phẩm;nhóm dịch vụ;product service group;product group;service group;product category;service category;phân loại sản phẩm;phân loại dịch vụ;product line,dimension,count;count_distinct,crm,'New' ; 'Upsale' ; 'N/A' ; 'Renewal' ; 'SI' ; 'Renew' ; '' ; 'Upsales' ; 'Incident' ; 'Dependent'
silver,crm_committed_revenue,report_date,timestamp(3),0,,,Ngày mà dữ liệu thu tiền được báo cáo trong hệ thống.,True,True,crm,ngày báo cáo;ngày ghi nhận;ngày thu tiền;ngày lập báo cáo;ngày giao dịch;report date;reporting date;transaction date;collection date;date,time,none,crm,
silver,crm_committed_revenue,revenue_amount,"decimal(18,2)",0,,,Số tiền doanh thu/thu tiền (trước thuế).,True,True,crm,doanh thu;số tiền thu;tiền thu;giá trị doanh thu;revenue amount;revenue;sales revenue;cash collected;total revenue;total cash collected,metric,sum;avg;min;max,crm,
silver,crm_committed_revenue,revenue_type,varchar,1,,,Loại doanh thu mô tả cách thức hoặc nguồn thu nhập của giao dịch thu tiền.,True,False,crm,loại doanh thu;kiểu doanh thu;revenue type;type of revenue;dòng doanh thu;revenue category;phân loại doanh thu;revenue classification;kiểu thu nhập,dimension,count;count_distinct,crm,'FORECAST'
silver,crm_committed_revenue,customer_segment_l1,varchar,1,,,Mức phân khúc cấp 1 của khách hàng hoặc giao dịch trong báo cáo thu tiền.,True,True,crm,phân khúc cấp 1;segment L1;segment level 1;segment tier 1;đoạn thị trường cấp 1;business segment;customer segment;segment;segment level one;phân khúc doanh nghiệp,dimension,count;count_distinct,crm,'Khách hàng ngoài' ; 'Nội bộ' ; 'International' ; 'Bộ Quốc phòng'
silver,crm_committed_revenue,customer_segment_l3,varchar,1,,,"Phân khúc khách hàng chi tiết (BFSI, GOV, Manufacturing...).",True,True,sales,phân khúc L3;segment L3;segment level 3;cấp độ phân khúc 3;sub‑segment 3;phân khúc chi tiết;segment tier 3;segment classification;segment third level;phân khúc cấp 3,dimension,count;count_distinct,crm,'BFSI' ; 'DNL' ; 'GOV' ; 'UNKNOWN' ; 'Energy' ; 'Unname' ; 'Province'
silver,crm_committed_revenue,business_unit_level_1,varchar,1,,,"Các trung tâm, đơn vị cấp 1 trong cấu trúc tổ chức, Đơn vị kinh doanh (BU) cấp cao nhất chịu trách nhiệm.",True,False,crm,đơn vị cấp 1;cấp độ đơn vị 1;đơn vị tổ chức cấp 1;unit level 1;first level unit;top-level unit;business unit level 1;primary unit;đơn vị cấp cao nhất;cấp độ tổ chức 1,dimension,count;count_distinct,crm,'N/A'
silver,crm_committed_revenue,vat,"decimal(18,2)",1,,,Số tiền thuế giá trị gia tăng tương ứng.,True,False,finance,thuế VAT;giá trị gia tăng;VAT amount;tax amount;value added tax;tiền thuế;VAT;thuế GTGT;VAT collected;tiền thuế VAT,metric,sum;avg;min;max,crm,0
silver,crm_committed_revenue,territory_name,varchar,1,,,Tên khu vực/lãnh thổ địa lý liên quan đến doanh thu này,True,True,sales,tên khu vực;vùng bán hàng;khu vực;địa bàn;miền;territory name;region;sales region;geographic area;area name,dimension,count;count_distinct,crm,'Miền Bắc' ; 'Miền Nam' ; 'Philippines' ; 'Japan' ; 'Global Sale'
silver,crm_pricebook,catalog_id,bigint,1,,1.0,Mã định danh duy nhất của danh mục (catalog) trong hệ thống CRM.,True,False,crm,mã danh mục;catalog_id;catalog ID;ID danh mục;catalog identifier;catalog key;pricebook catalog ID;catalog number;ID của catalog;catalog code,id,count_distinct,crm,
silver,crm_pricebook,created_at,timestamp(3),0,,,Ngày và giờ bản ghi pricebook được tạo.,True,False,crm,ngày tạo;thời gian tạo;thời điểm tạo;ngày ghi;thời gian ghi;creation date;created date;record creation time;timestamp;created_at,time,none,crm,
silver,crm_pricebook,csmp_discount,"decimal(18,2)",1,,,Mức chiết khấu CSMP áp dụng cho sản phẩm.,True,False,crm,chiết khấu CSMP;giảm giá CSMP;mức giảm CSMP;giá trị chiết khấu;CSMP discount;discount amount;pricebook discount;discount rate,metric,sum;avg;min;max,crm,
silver,crm_pricebook,csmp_discount_diamond,"decimal(18,2)",1,,,Chiết khấu dành cho khách hàng hạng Kim Cương.,True,False,crm,chiết khấu kim cương;giảm giá hạng kim cương;diamond discount;discount diamond;csmp_discount_diamond;mức chiết khấu kim cương;discount for diamond tier;diamond tier discount;giảm giá cho khách hàng kim cương;khách hàng hạng kim cương chiết khấu,metric,sum;avg;min;max,crm,
silver,crm_pricebook,csmp_discount_gold,"decimal(18,2)",1,,,Chiết khấu dành cho khách hàng hạng Vàng.,True,False,crm,chiết khấu Vàng;gold discount;discount gold;giảm giá hạng Vàng;csmp_discount_gold;Mức chiết khấu cho khách hàng Vàng;Gold tier discount;giá trị chiết khấu Vàng;discount for gold customers;giảm giá cho khách hàng hạng Vàng,metric,sum;avg;min;max,crm,
silver,crm_pricebook,csmp_discount_silver,"decimal(18,2)",1,,,Chiết khấu dành cho khách hàng hạng Silver.,True,False,crm,chiết khấu Silver;giảm giá hạng Silver;Silver discount;discount Silver;Silver tier discount;Mức chiết khấu cho khách hàng Silver;Silver level discount;tỷ lệ chiết khấu Silver,metric,sum;avg;min;max,crm,
silver,crm_pricebook,currency_code,varchar,1,,,Mã tiền tệ dùng cho mức giá sản phẩm.,True,False,finance,Mã tiền tệ;Currency code;Mã tiền;Đơn vị tiền tệ;Currency;Tiền tệ;Mã tiền tệ của sản phẩm;Currency identifier;Mã tiền tệ trong bảng giá;Currency symbol,dimension,count;count_distinct,crm,'VND' ; 'USD'
silver,crm_pricebook,is_active,boolean,1,,,True nếu bản ghi bảng giá đang được kích hoạt.,True,False,crm,trạng thái hoạt động;có đang hoạt động;đang sử dụng;được kích hoạt;có hiệu lực;active flag;is active;active status;enabled;currently active,dimension,count;count_distinct,crm,
silver,crm_pricebook,is_quantity_based,boolean,1,,,True nếu mức giá dựa trên số lượng mua.,True,False,crm,giá theo số lượng;price based on quantity;quantity based pricing;dựa trên số lượng;is_quantity_based;quantity based flag;có tính dựa vào số lượng;price quantity flag,dimension,count;count_distinct,crm,
silver,crm_pricebook,is_related_csmp,boolean,1,,,True nếu bảng giá liên quan chương trình CSMP.,True,False,crm,liên quan đến CSMP;có CSMP;được gắn với CSMP;có liên kết CSMP;trạng thái CSMP;is related to CSMP;CSMP related flag;CSMP association;CSMP linked,dimension,count;count_distinct,crm,
silver,crm_pricebook,item_type,varchar,1,,,Loại mặt hàng (Product/Service) trong bảng giá.,True,False,crm,loại mặt hàng;item type;kiểu mục;dạng sản phẩm;product type;category of item;pricebook item type;loại sản phẩm;type of item;nhóm mặt hàng,dimension,count;count_distinct,crm,'Service' ; 'Product'
silver,crm_pricebook,package,varchar,1,,,Gói sản phẩm/dịch vụ áp dụng trong bảng giá.,True,False,crm,gói;gói sản phẩm;gói dịch vụ;package;price package;package type;bundle;Tên gói;loại gói;product bundle,dimension,count;count_distinct,crm,'year' ; 'month' ; 'perpetual' ; 'time'
silver,crm_pricebook,price,"decimal(18,2)",0,,,Giá bán của sản phẩm.,True,False,crm,giá;đơn giá;giá bán;giá sản phẩm;giá trong bảng giá;price;unit price;selling price;list price;price amount,metric,sum;avg;min;max,crm,
silver,crm_pricebook,price_max,"decimal(18,2)",1,,,Giá tối đa sản phẩm có thể áp dụng.,True,False,crm,giá tối đa;giá max;giá cao nhất;giá lớn nhất;price_max;maximum price;max price;price ceiling;upper price limit;giá tối đa của sản phẩm,metric,sum;avg;min;max,crm,
silver,crm_pricebook,price_min,"decimal(18,2)",1,,,Giá tối thiểu sản phẩm có thể áp dụng.,True,False,crm,giá tối thiểu;giá thấp nhất;giá min;minimum price;min price;lowest price;price floor;price min;giá thấp nhất trong bảng giá;lowest price in pricebook,metric,sum;avg;min;max,crm,
silver,crm_pricebook,price_type,varchar,1,,,"Loại giá (ví dụ: danh sách, khuyến mại).",True,False,crm,loại giá;kiểu giá;dạng giá;price type;price category;pricing type;giá bán;giá khuyến mại;giá ưu đãi;price kind,dimension,count;count_distinct,crm,'New' ; 'Support' ; 'Add-on' ; 'Reaudit' ; 'Audit'
silver,crm_pricebook,price_unit,varchar,1,,,"Đơn vị tính của mức giá (ví dụ: mỗi người dùng, mỗi tháng).",True,False,crm,price unit;đơn vị giá;đơn vị tính giá;đơn vị;price measurement unit;unit of price;đơn vị giá bán;price per unit;đơn vị tính;price unit of measure,dimension,count;count_distinct,crm,'Server' ; 'Package' ; 'Website' ; ...
silver,crm_pricebook,product_category,varchar,0,,,"Danh mục sản phẩm mà sản phẩm thuộc (ví dụ: VCS-aJiant, MSS, SI, ...).",True,False,product,loại sản phẩm;danh mục sản phẩm;product category;product type;category;product group;nhóm sản phẩm;phân loại sản phẩm;product classification;category of product,dimension,count;count_distinct,crm,'Khác' ; 'CA' ; 'Cloudrity' ; ...
silver,crm_pricebook,product_description,varchar,0,,,Mô tả chi tiết sản phẩm.,True,False,crm,mô tả sản phẩm;product description;chi tiết sản phẩm;product details;miêu tả sản phẩm;description of product;thông tin mô tả sản phẩm;product info description;đặc tả sản phẩm;product spec,dimension,count;count_distinct,crm,'Advanced Membership Package – Diamond' ; ...
silver,crm_pricebook,product_id,varchar,0,,,Mã định danh duy nhất của sản phẩm.,True,False,product,mã sản phẩm;product ID;product code;ID sản phẩm;product identifier;mã hàng;product key;mã SP;item ID;product SKU,id,count_distinct,crm,
silver,crm_pricebook,product_license,varchar,0,,,"Loại giấy phép (Subscription, Perpetual, Time).",True,False,crm,giấy phép sản phẩm;product license;loại giấy phép;license type;kiểu giấy phép;product licensing;phân loại giấy phép;license category;loại giấy phép sản phẩm;product license type,dimension,count;count_distinct,crm,'Subscription' ; 'Perpetual' ; 'Time'
silver,crm_pricebook,product_name,varchar,0,,,Tên sản phẩm.,True,False,crm,tên sản phẩm;tên mặt hàng;product name;item name;tên sản phẩm trong bảng giá;product title;Tên hàng;product label;Tên item;product identifier,dimension,count;count_distinct,crm,'CSMP Membership (VN)' ; 'CSMP Membership (Oth)' ; 'CSMP Membership (Phi)' ; ...
silver,crm_pricebook,product_type,varchar,0,,,Loại sản phẩm (nhóm/dạng sản phẩm).,True,False,crm,loại sản phẩm;product type;dạng sản phẩm;product category;type of product;nhóm sản phẩm;product group;kiểu sản phẩm;product classification;phân loại sản phẩm,dimension,count;count_distinct,crm,'Standard' ; 'Advanced' ; 'Two times' ; ...
silver,crm_pricebook,product_version,varchar,0,,,Phiên bản sản phẩm.,True,False,product,phiên bản sản phẩm;product version;phiên bản;phiên bản của sản phẩm;software version;phiên bản phần mềm;product release;phiên bản gói;current version;phiên bản SKU,dimension,count;count_distinct,crm,'CSMP' ; 'CA' ; 'Platinum' ; ...
silver,crm_pricebook,related_pricebook_id,varchar,1,1.0,,Mã bảng giá liên quan (parent/linked pricebook).,True,False,crm,bảng giá liên quan;related pricebook;pricebook liên quan;linked pricebook id;id bảng giá liên quan;parent pricebook;associated pricebook;pricebook liên kết;related pricebook id;pricebook liên quan ID,id,count_distinct,crm,
silver,crm_pricebook,sku,varchar,0,,,Mã SKU duy nhất của sản phẩm.,True,False,product,mã SKU;SKU;mã sản phẩm;product code;product identifier;item code;stock keeping unit;item identifier;Mã hàng;product SKU,dimension,count;count_distinct,crm,'CSMP - CA 3' ; 'CSMP-Advanced' ; 'CSMP - CA 4' ; ...
silver,crm_pricebook,sub_type,varchar,0,,,"Phân loại phụ của sản phẩm hoặc gói dịch vụ (ví dụ: Diamond, Gold, Silver, ...).",True,False,crm,loại phụ;phân loại phụ;sub type;subtype;kiểu phụ;loại phụ giá;phân loại phụ giá;pricebook sub type;pricing sub type;kiểu phụ của bảng giá,dimension,count;count_distinct,crm,'CA 3 Times' ; 'Diamond' ; 'Gold' ; 'Silver' ; 'CA 4 Times' ; 'CA 2 Times' ; 'CA 1 Time' ; 'Other' ; '-' ; 'Original Site' ; 'Extended Site'
silver,crm_pricebook,updated_at,timestamp(3),0,,,Thời điểm bản ghi được cập nhật lần cuối.,True,False,crm,ngày cập nhật;thời gian cập nhật;thời điểm cập nhật;last updated;update timestamp;modified date;thời điểm sửa đổi;update time;thời gian thay đổi;updated_at,time,none,crm,
silver,crm_sales_accounts,address,varchar,1,,,Địa chỉ của khách hàng hoặc đối tác kinh doanh.,True,False,crm,địa chỉ;address;địa chỉ công ty;company address;địa chỉ khách hàng;customer address;địa chỉ doanh nghiệp;business address;địa chỉ liên hệ;contact address,dimension,count;count_distinct,crm,
silver,crm_sales_accounts,am_username,varchar,1,,,Tên đăng nhập của người quản lý tài khoản chịu trách nhiệm chăm sóc khách hàng.,True,False,crm,tên đăng nhập AM;account manager username;username của người quản lý tài khoản;login AM;username AM;tên người phụ trách tài khoản;sales manager login;tên đăng nhập người phụ trách;account manager ID,dimension,count;count_distinct,crm,
silver,crm_sales_accounts,business_type,varchar,1,,,Loại hình kinh doanh của tài khoản khách hàng.,True,False,crm,loại hình kinh doanh;business type;kiểu doanh nghiệp;type of business;phân loại doanh nghiệp;business category;ngành nghề kinh doanh;business classification;hình thức kinh doanh;business model,dimension,count;count_distinct,crm,
silver,crm_sales_accounts,city,varchar,1,,,Thành phố nơi công ty khách hàng đặt trụ sở.,True,False,crm,thành phố;địa chỉ thành phố;thành phố trụ sở;city;customer city;account city;city of company;where is the account located;ở thành phố nào,dimension,count;count_distinct,crm,'N/A' ; 'Atlanta' ; 'Ho Chi Minh' ; 'Ho Chi Minh City'
silver,crm_sales_accounts,company_alias,varchar,0,,,Tên viết tắt hoặc biệt danh của công ty được sử dụng trong hệ thống CRM.,True,False,crm,tên viết tắt công ty;company alias;biệt danh công ty;company nickname;tên ngắn gọn công ty;alternative company name;Tên gọi khác của công ty;company short name;Tên thay thế công ty;company alternative name,dimension,count;count_distinct,crm,'MOTIVES VN' ; 'Asean Securities' ; 'Công ty Cổ Phần Techainer' ; ...
silver,crm_sales_accounts,company_id,varchar,1,,1.0,Mã định danh duy nhất của công ty trong hệ thống CRM.,True,False,crm,Mã công ty;ID công ty;Mã khách hàng;Company ID;Company Code;Customer ID;Mã doanh nghiệp;Company identifier,id,count_distinct,crm,
silver,crm_sales_accounts,country,varchar,1,,,Quốc gia nơi công ty khách hàng đăng ký hoạt động.,True,False,crm,quốc gia;country;đất nước;nation;quốc gia khách hàng;country of account;vùng địa lý;country name;nước đăng ký;account country,dimension,count;count_distinct,crm,'N/A' ; 'United States' ; 'Philippines' ; 'Vietnam' ; 'Việt Nam'
silver,crm_sales_accounts,created_at,timestamp(3),0,,,Ngày mà tài khoản khách hàng được tạo trong hệ thống CRM.,True,False,crm,ngày tạo;thời gian tạo;ngày khởi tạo;ngày ghi nhận;ngày lập hồ sơ;creation date;created date;account creation time;when was the account created,time,none,crm,
silver,crm_sales_accounts,days_since_update,integer,1,,,Số ngày đã trôi qua kể từ khi thông tin tài khoản được cập nhật lần cuối.,True,False,crm,số ngày kể từ lần cập nhật cuối;days since last update;age of record;thời gian không cập nhật;days since update;độ trễ cập nhật;time since last modification;ngày kể từ khi cập nhật;days since change;khoảng cách thời gian cập nhật,metric,sum;avg;min;max,crm,
silver,crm_sales_accounts,id,varchar,0,1.0,,Mã định danh duy nhất của tài khoản bán hàng.,True,False,crm,Mã tài khoản;Account ID;Mã khách hàng;Customer ID;Mã số tài khoản;Account identifier;ID tài khoản;ID khách hàng;Mã định danh;Unique account key,id,count_distinct,crm,
silver,crm_sales_accounts,incorporation_date,date,1,,,Ngày mà công ty được thành lập hoặc đăng ký kinh doanh.,True,False,crm,ngày thành lập;ngày đăng ký kinh doanh;ngày thành lập công ty;incorporation date;date of incorporation;company registration date;founding date;establishment date;khi nào công ty được thành lập;khi nào công ty đăng ký,time,none,crm,
silver,crm_sales_accounts,industry_type,varchar,1,,,Loại ngành công nghiệp mà tài khoản khách hàng đang hoạt động.,True,False,crm,ngành nghề;loại ngành;industry;industry type;ngành công nghiệp;loại hình kinh doanh;business sector;sector;ngành;industry sector,dimension,count;count_distinct,crm,'Manufacturing' ; 'Securities & Commodity Exchanges' ; 'N/A' ; ...
silver,crm_sales_accounts,initial_source,varchar,1,,,Nguồn gốc ban đầu mà tài khoản được tạo hoặc tiếp cận.,True,False,crm,nguồn gốc ban đầu;nguồn tiếp cận đầu tiên;initial source;source of acquisition;nguồn khách hàng;kênh thu hút ban đầu;acquisition source;kênh tiếp cận đầu tiên,dimension,count;count_distinct,crm,'N/A' ; 'Email marketing' ; 'Event' ; 'Google Ads' ; 'Webinar' ; 'Organic Website' ; 'Manual' ; 'Facebook Ads' ; 'Linkedin' ; 'Organic Email' ; 'Messenger'
silver,crm_sales_accounts,last_assigned_at,date,1,,,Ngày cuối cùng tài khoản được giao cho nhân viên bán hàng.,True,False,crm,ngày giao cuối cùng;thời gian giao cuối;lần cuối cùng được giao;ngày giao tài khoản;thời điểm giao tài khoản;last assigned date;last assignment time;last assigned at;account assignment date;date of last assignment,time,none,crm,
silver,crm_sales_accounts,last_contacted_sales_activity_mode,varchar,1,,,Phương thức hoặc kênh mà nhân viên bán hàng đã liên hệ với khách hàng lần cuối.,True,False,crm,phương thức liên hệ cuối cùng; cách tiếp cận cuối cùng; kênh liên hệ cuối cùng; hình thức liên lạc cuối cùng; chế độ liên hệ cuối cùng; last contact mode; last sales activity channel; final contact method; most recent contact mode,dimension,count;count_distinct,crm,'Task' ; 'Email' ; 'Meeting'
silver,crm_sales_accounts,last_contacted_via_sales_activity,date,1,,,Ngày cuối cùng tài khoản được liên hệ qua hoạt động bán hàng.,True,False,crm,ngày liên hệ cuối cùng qua hoạt động bán hàng;last contact date via sales activity;ngày tiếp cận cuối cùng;last contacted date;ngày giao dịch bán hàng gần nhất;most recent sales contact date;ngày liên lạc cuối cùng;last sales activity contact;ngày cuối cùng bán hàng;last contacted via sales activity,time,none,crm,
silver,crm_sales_accounts,name,varchar,1,,,Tên của tài khoản khách hàng trong hệ thống CRM.,True,False,crm,tên tài khoản;account name;Tên công ty;company name;Tên khách hàng;customer name;Tên doanh nghiệp;business name;Tên;client name,dimension,count;count_distinct,crm,
silver,crm_sales_accounts,number_of_employees,bigint,1,,,Số lượng nhân viên của tài khoản khách hàng.,True,False,crm,số lượng nhân viên; số nhân viên; số nhân sự; employee count; headcount; number of staff; staff size; workforce size; bao nhiêu nhân viên; how many employees,metric,sum;avg;min;max,crm,
silver,crm_sales_accounts,open_deals_amount,"decimal(18,2)",1,,,Tổng giá trị các giao dịch đang mở của tài khoản.,True,False,crm,giá trị giao dịch mở;open deals amount;giá trị các cơ hội đang mở;pipeline value;total open deals amount;giá trị cơ hội bán hàng mở;open deal amount;giá trị giao dịch chưa chốt;open deals total,metric,sum;avg;min;max,crm,
silver,crm_sales_accounts,open_deals_count,bigint,1,,,Số lượng giao dịch (deal) đang mở của tài khoản.,True,False,crm,số giao dịch đang mở;open deals count;count of open deals;số deal chưa đóng;số cơ hội bán hàng đang mở;open opportunities count;số hợp đồng chưa hoàn thành;open deals number,metric,sum;avg;min;max,crm,
silver,crm_sales_accounts,parent_sales_account_id,varchar,1,,1.0,"Mã định danh tài khoản cha, dùng để xác định quan hệ phân cấp.",True,False,crm,ID tài khoản cha;parent_sales_account_id;parent account ID;ID của tài khoản cha;parent account identifier;mã tài khoản cha;parent account reference;ID tài khoản gốc;parent sales account;mã ID tài khoản cha,id,count_distinct,crm,
silver,crm_sales_accounts,phone,varchar,1,,,Số điện thoại liên hệ của khách hàng trong hệ thống CRM.,True,False,crm,số điện thoại;điện thoại;Số liên lạc;Số di động;phone;phone number;contact phone;telephone;customer phone;account phone,dimension,count;count_distinct,crm,
silver,crm_sales_accounts,sales_admin,varchar,1,,,Tên nhân viên quản lý bán hàng chịu trách nhiệm cho tài khoản này.,True,False,crm,người quản lý bán hàng;admin bán hàng;sale admin;người phụ trách bán hàng;sales admin;sales administrator;account manager;sales representative;who is the sales admin;ai là người bán hàng phụ trách,dimension,count;count_distinct,crm,
silver,crm_sales_accounts,customer_segment_l1,varchar,1,,,Mức phân khúc khách hàng cấp 1 của tài khoản bán hàng.,True,False,crm,phân khúc cấp 1;segment L1;segment level 1;customer segment level 1;phân khúc khách hàng;first level segment;segment cấp 1;segment level one;đối tượng khách hàng chính,dimension,count;count_distinct,crm,'Khách hàng ngoài' ; 'International' ; 'Nội bộ' ; 'Bộ Quốc phòng'
silver,crm_sales_accounts,customer_segment_l2,varchar,1,,,"Mức phân khúc cấp 2 của tài khoản khách hàng, dùng để nhóm khách hàng theo tiêu chí kinh doanh.",True,False,crm,phân khúc cấp 2;segment level 2;segment l2;segment 2;customer segment level 2;phân khúc khách hàng cấp 2;segment classification;segment tier 2;phân khúc doanh nghiệp;business segment level 2,dimension,count;count_distinct,crm,'Khách hàng ngoài' ; 'Direct / Local Channel' ; 'Khách hàng nội bộ' ; 'Khách hàng SI nội bộ' ; 'Khách hàng SI ngoài' ; 'N/A' ; 'Viettel Global Partner' ; 'Khách hàng ngoài' ; 'Khách hàng nội bộ'
silver,crm_sales_accounts,customer_segment_l3,varchar,1,,,Mức phân khúc cấp 3 của tài khoản khách hàng trong hệ thống CRM.,True,False,crm,phân khúc cấp 3;segment level 3;segment_l3;phân khúc chi tiết;account segment tier 3;segment 3;cấp độ phân khúc 3;segment level three;phân khúc L3;segment tier 3,dimension,count;count_distinct,crm,'DNL' ; 'BFSI' ; 'N/A' ; 'Energy' ; 'GOV' ; 'Province' ; 'Unname'
silver,crm_sales_accounts,service_level,varchar,1,,,"Mức độ dịch vụ mà khách hàng được cung cấp (ví dụ: Gold, Silver, Platinum).",True,False,crm,cấp độ dịch vụ;service level;service tier;hạng dịch vụ;loại dịch vụ;service grade;độ ưu tiên dịch vụ;service class;service category;độ mức dịch vụ,dimension,count;count_distinct,crm,'N/A' ; 'Tier 3*'
silver,crm_sales_accounts,soc_brand,varchar,1,,,Thương hiệu SOC (Service Organization Control) của tài khoản.,True,False,crm,thương hiệu SOC;SOC brand;nhãn hiệu SOC;brand SOC;brand;thương hiệu;nhãn hiệu;SOC brand name;Tên thương hiệu SOC;account brand,dimension,count;count_distinct,crm,'N/A' ; 'VSEC' ; 'NCS' ; 'Local via TIM' ; 'Panasonic Đài Loan triển khai' ; 'BKAV' ; 'FPT' ; 'CMC'
silver,crm_sales_accounts,state,varchar,1,,,Tỉnh hoặc tiểu bang nơi tài khoản khách hàng đặt trụ sở.,True,False,crm,tỉnh;bang;miền;province;state;region;địa chỉ tỉnh;vùng địa lý;account state;account province,dimension,count;count_distinct,crm,
silver,crm_sales_accounts,tax_code,varchar,1,,,Mã số thuế của khách hàng hoặc công ty trong hệ thống CRM.,True,False,finance,mã thuế;mã số thuế;MST;tax code;tax identification number;TIN;tax ID;VAT number;tax code của khách hàng,dimension,count;count_distinct,crm,
silver,crm_sales_accounts,updated_at,timestamp(3),1,,,Thời điểm cập nhật cuối cùng của thông tin tài khoản bán hàng.,True,False,crm,ngày cập nhật;thời gian cập nhật;cập nhật lần cuối;last updated;update timestamp;thời điểm sửa đổi;last modified date;updated date;thời gian thay đổi;update time,time,none,crm,
silver,crm_sales_accounts,using_soc,varchar,1,,,Cho biết tài khoản có áp dụng tiêu chuẩn SOC hay không.,True,False,crm,sử dụng SOC;có SOC;đang dùng SOC;trạng thái SOC;SOC usage;using SOC;SOC enabled;is SOC used;account có SOC;account uses SOC,dimension,count;count_distinct,crm,
silver,crm_sales_accounts,vcs_soc_others,varchar,1,,,Thông tin về các kênh hoặc nguồn liên hệ khác mà khách hàng được ghi nhận trong hệ thống VCS.,True,False,crm,kênh liên hệ khác;nguồn liên hệ khác;SOC khác;vcs_soc_others;kênh giao tiếp khác;other contact channel;other source of contact;other SOC;additional communication source;miscellaneous contact source,dimension,count;count_distinct,crm,'N/A' ; 'Others' ; 'VCS'
silver,crm_sales_accounts,warm_up_source,varchar,1,,,Nguồn khởi tạo (warm‑up) của tài khoản trong hệ thống CRM.,True,False,crm,nguồn khởi tạo;nguồn làm ấm;warm-up source;kênh tiếp cận ban đầu;kênh làm ấm;source of warm-up;nguồn tiếp cận;lead source;nguồn khách hàng tiềm năng;origin of warm-up,dimension,count;count_distinct,crm,'N/A' ; 'Event' ; 'Email marketing'
silver,crm_sales_accounts,website,varchar,1,,,Địa chỉ website của tài khoản khách hàng trong hệ thống CRM.,True,False,crm,website;địa chỉ website;URL;địa chỉ URL;trang web;địa chỉ trang web;website của khách hàng;customer website;company website;site,dimension,count;count_distinct,crm,
silver,crm_sales_accounts,won_deals_amount,"decimal(18,2)",1,,,Tổng giá trị tiền tệ của các giao dịch đã thắng của tài khoản.,True,False,crm,tổng giá trị giao dịch thắng;won deals amount;giá trị giao dịch đã thắng;won amount;tổng doanh số thắng;amount of won deals;giá trị hợp đồng thắng;won deals total,metric,sum;avg;min;max,crm,
silver,crm_sales_accounts,won_deals_count,bigint,1,,,Số lượng giao dịch thành công (được thắng) của tài khoản.,True,False,crm,số hợp đồng thắng;won deals count;number of won deals;số deal đã thắng;đếm giao dịch thắng;won deals number;số giao dịch thành công;count of won deals,metric,sum;avg;min;max,crm,
silver,crm_sales_accounts,zipcode,varchar,1,,,Mã bưu điện của khách hàng hoặc địa chỉ doanh nghiệp.,True,False,crm,mã bưu điện;zip code;postal code;zipcode;Mã zip;Mã vùng;Mã địa chỉ;postal code of account;zip code of customer;mã bưu điện của công ty,dimension,count;count_distinct,crm,
silver,cx_cso_ticket_tags,created_at,timestamp(3),0,,,Ngày/giờ tạo thẻ ticket trong hệ thống.,True,False,crm,ngày tạo;thời gian tạo;thời điểm tạo;thời gian ghi nhận;created_at;creation time;time of creation;when tag created;thời gian tạo thẻ;thời gian tạo ticket,time,none,cx_cso,
silver,cx_cso_ticket_tags,tag,varchar,0,,,Nhãn phân loại nội dung hoặc chủ đề của ticket hỗ trợ khách hàng.,True,False,crm,nhãn;thẻ;đánh dấu;phân loại;tag;label;category;ticket tag;ticket label;nhãn ticket,dimension,count;count_distinct,cx_cso,'Call Center follow-up' ; 'SIEM' ; 'VVIP-Top Attention' ; ...
silver,cx_cso_ticket_tags,ticket_id,varchar,0,,1.0,Mã định danh duy nhất của ticket hỗ trợ khách hàng.,True,False,crm,mã ticket;ticket ID;ticket number;ID ticket;ID yêu cầu;mã yêu cầu;số ticket;support ticket ID;case ID;mã số ticket,id,count_distinct,cx_cso,
silver,cx_cso_ticket_tags,updated_at,timestamp(3),0,,,Ngày/giờ cập nhật cuối cùng của thẻ ticket.,True,False,crm,thời gian cập nhật;ngày cập nhật;thời điểm cập nhật;updated_at;updated at;last updated time;thời gian sửa đổi;timestamp cập nhật;thời điểm sửa đổi;update timestamp,time,none,cx_cso,
silver,cx_cso_support_tickets,action_program,varchar,1,0.0,0.0,Tên chương trình hoặc biện pháp hành động được áp dụng cho ticket.,True,False,crm,chương trình hành động;action program;program hành động;hành động thực hiện;action taken;program xử lý;chương trình giải quyết;ticket action program;biện pháp xử lý;program applied,dimension,count;count_distinct,cx_cso,'N/A' ; 'Cá thể hóa KPI tới từng KH' ; ...
silver,cx_cso_support_tickets,assigned_to,varchar,1,,,Tên hoặc mã nhân viên hỗ trợ cấp 1 chịu trách nhiệm xử lý ticket.,True,False,crm,đại lý cấp 1;nhân viên hỗ trợ cấp 1;người xử lý cấp 1;L1 agent;first level agent;level 1 support agent;agent L1;support rep L1;người hỗ trợ L1;who handled L1,dimension,count;count_distinct,cx_cso,
silver,cx_cso_support_tickets,call_reminder,varchar,1,,,Trạng thái hoặc nội dung nhắc nhở thực hiện cuộc gọi với khách hàng.,True,False,crm,nhắc gọi;call reminder;lời nhắc gọi;reminder call;cờ nhắc gọi;gọi lại;call reminder flag;đánh dấu nhắc gọi,dimension,count;count_distinct,cx_cso,'N/A' ; 'Call Center follow-up'
silver,cx_cso_support_tickets,issue_category,varchar,1,,,Loại vấn đề hoặc chủ đề của ticket hỗ trợ khách hàng.,True,False,crm,category;loại ticket;danh mục;phân loại;ticket category;issue category;support category;kiểu vấn đề;chủ đề ticket;type of issue,dimension,count;count_distinct,cx_cso,'SOC Platform' ; 'SOC247' ; 'Msuite' ; ...
silver,cx_cso_support_tickets,closed_at,timestamp(3),1,,,Ngày mà ticket được đóng trong hệ thống hỗ trợ khách hàng.,True,False,crm,ngày đóng;thời gian đóng;thời điểm đóng;ngày kết thúc ticket;ngày hoàn thành ticket;closed date;ticket close time;closure date;when was the ticket closed;khi nào ticket được đóng,time,none,cx_cso,
silver,cx_cso_support_tickets,communication_effectiveness,varchar,1,,,Mức độ hiệu quả của giao tiếp trong quá trình xử lý ticket.,True,False,crm,hiệu quả giao tiếp;communication effectiveness;đánh giá giao tiếp;communication rating;độ hiệu quả trao đổi;communication quality;mức độ truyền đạt;communication performance,dimension,count;count_distinct,cx_cso,'Chưa xác định' ; 'Cao' ; 'Không xác định' ; 'Thấp' ; 'Số lần trao đổi là 3'
silver,cx_cso_support_tickets,company_alias,varchar,1,,,Tên công ty được viết tắt liên quan tới yêu cầu hỗ trợ trong ticket.,True,False,crm,công ty;doanh nghiệp;tên công ty;công ty khách hàng;client company;company;business;organization;corporate;công ty liên quan;company name,dimension,count;count_distinct,cx_cso,'VCS' ; 'Mytel' ; 'VTS' ; ...
silver,cx_cso_support_tickets,company_name,varchar,1,,,Tên công ty đầy đủ liên quan tới yêu cầu hỗ trợ trong ticket.,True,False,crm,tên công ty;company name;tên doanh nghiệp;business name;tên khách hàng;client company;organization name;tên công ty trong ticket;company of the ticket;tên công ty khách hàng,dimension,count;count_distinct,cx_cso,'N/A' ; 'Tổng công ty Mạng lưới Viettel' ; ...
silver,cx_cso_support_tickets,created_at,timestamp(3),0,,,Thời điểm mà ticket được tạo trong hệ thống.,True,False,crm,ngày tạo;thời gian tạo;thời điểm tạo;ngày mở ticket;thời gian mở yêu cầu;creation date;created date;ticket creation time;when was the ticket created;ticket opened at,time,none,cx_cso,
silver,cx_cso_support_tickets,customer_entry_channel,varchar,1,,,Kênh mà khách hàng sử dụng để tạo yêu cầu hỗ trợ.,True,False,crm,kênh khách hàng;kênh tiếp cận;kênh tạo ticket;customer entry channel;customer contact channel;cách khách hàng liên hệ;phương thức đăng ký hỗ trợ;source channel,dimension,count;count_distinct,cx_cso,'Internal' ; 'OTT' ; 'Email' ; 'Portal' ; 'N/A' ; 'Survey' ; 'On behalf of Customer' ; 'Phone' ; 'Official Letter'
silver,cx_cso_support_tickets,customer_respond_date,timestamp(3),1,,,Ngày mà khách hàng trả lời hoặc phản hồi lại yêu cầu hỗ trợ.,True,False,crm,ngày phản hồi của khách hàng;customer response date;ngày khách trả lời;customer reply date;ngày trả lời khách;date of customer reply;ngày phản hồi;customer feedback date;ngày khách hàng phản hồi,time,none,cx_cso,
silver,cx_cso_support_tickets,customer_satisfaction_rating,bigint,1,,,Mức độ hài lòng của khách hàng được ghi lại sau khi giải quyết ticket.,True,False,crm,đánh giá hài lòng của khách hàng;customer satisfaction rating;điểm hài lòng khách hàng;customer satisfaction score;CSAT;đánh giá CSAT;đánh giá mức độ hài lòng;customer rating,metric,sum;avg;min;max,cx_cso,
silver,cx_cso_support_tickets,customer_group,varchar,1,,,"Phân loại khách hàng theo cấp độ: VVIP, VIP, Growth, Standard",True,False,crm,loại khách hàng;kiểu khách hàng;phân loại khách hàng;customer type;customer category;type of customer;customer segment;customer classification;đối tượng khách hàng;customer group;client_tier; customer_segment; loyalty_level,dimension,count;count_distinct,cx_cso,'VVIP' ; 'VIP' ; 'Growth' ; 'Standard'
silver,cx_cso_support_tickets,first_responded_at,timestamp(3),1,,,Thời gian phản hồi đầu tiên của ticket từ nhân viên hỗ trợ.,True,False,crm,thời gian phản hồi đầu tiên;first_responded_at;first response time;thời điểm trả lời đầu tiên;first responded at;ngày trả lời đầu tiên;first reply date;lần trả lời đầu tiên;first response datetime;thời gian trả lời đầu tiên,time,none,cx_cso,
silver,cx_cso_support_tickets,first_response_time_minutes,double,1,,,Thời gian tính bằng phút từ khi ticket được tạo đến khi nhận được phản hồi đầu tiên của nhân viên hỗ trợ.,True,False,crm,thời gian phản hồi đầu tiên (giờ);first response time (hours);thời gian trả lời đầu tiên;first reply time;thời gian phản hồi ban đầu;first response duration;thời gian trả lời đầu tiên (giờ);first response time hours;thời gian phản hồi đầu tiên của ticket;first response hour,metric,sum;avg;min;max,cx_cso,
silver,cx_cso_support_tickets,imported_ticket_date,date,1,,,Ngày mà vé hỗ trợ được nhập vào hệ thống.,True,False,crm,ngày nhập vé;ngày nhập ticket;ngày nhập dữ liệu ticket;ngày nhập;ticket import date;imported ticket date;date ticket was imported;import date;when was the ticket imported;khi nào ticket được nhập,time,none,cx_cso,
silver,cx_cso_support_tickets,imported_ticket_due_date,date,1,,,Ngày dự kiến hoàn thành (hạn chót) của ticket được nhập vào hệ thống.,True,False,crm,ngày đáo hạn ticket;hạn chót ticket;ngày hết hạn ticket;ticket due date;deadline ticket;ngày dự kiến giải quyết;ngày hoàn thành dự kiến;due date của ticket,time,none,cx_cso,
silver,cx_cso_support_tickets,incident_root_cause,varchar,1,,,Nguyên nhân gốc gây ra sự cố được ghi nhận trong ticket hỗ trợ.,True,False,crm,nguyên nhân gốc;root cause;nguyên nhân sự cố;incident root cause;nguyên nhân phát sinh;cause of incident;nguyên nhân ticket;ticket root cause;lý do sự cố;incident cause,dimension,count;count_distinct,cx_cso,'N/A' ; 'Nội bộ_Lỗi sản phẩm' ; 'Nguyên nhân từ phía KH' ; 'Nội bộ_Hạ tầng' ; 'Nội bộ_Thao tác sai'
silver,cx_cso_support_tickets,is_duplicated_ticket,boolean,1,,,Cho biết ticket có phải là bản sao của ticket đã tồn tại hay không.,True,False,crm,ticket trùng lặp;duplicate ticket;ticket lặp lại;is duplicated;có ticket trùng;duplicate issue;ticket sao chép;is duplicate ticket,dimension,count;count_distinct,cx_cso,
silver,cx_cso_support_tickets,is_overdue,boolean,1,,,Cho biết ticket đã vượt quá thời hạn xử lý hay chưa.,True,False,crm,quá hạn;đã quá hạn;ticket quá hạn;trễ hạn;độ trễ;overdue;is overdue;ticket overdue;past due;late ticket,dimension,count;count_distinct,cx_cso,
silver,cx_cso_support_tickets,is_vcs,boolean,1,,,Cho biết ticket có được tạo từ kênh VCS (Voice Call Service) hay không.,True,False,crm,có phải VCS;is VCS;ticket VCS;đánh dấu VCS;VCS flag;VCS ticket flag;liệu ticket thuộc VCS;is_vcs flag;VCS indicator;ticket từ kênh VCS,dimension,count;count_distinct,cx_cso,
silver,cx_cso_support_tickets,issues_type,varchar,1,,,Loại vấn đề được ghi nhận trong ticket hỗ trợ khách hàng.,True,False,crm,loại vấn đề;kiểu sự cố;dạng vấn đề;issue type;ticket issue type;type of issue;category of issue;vấn đề;loại ticket;issue category,dimension,count;count_distinct,cx_cso,'Change' ; 'Support' ; 'Spam' ; 'Improvement' ; 'Incident' ; 'Complain' ; 'Bug' ; 'N/A' ; 'Service Request' ; 'Task' ; 'Consultation' ; 'Ext-Feedback' ; 'Problem'
silver,cx_cso_support_tickets,l1,boolean,1,,,True xác định ticket đã trải qua xử lý tại cấp độ 1,True,False,crm,cấp độ 1;L1;first level support;độ ưu tiên L1;ticket L1;first line ticket;cấp hỗ trợ đầu tiên;support level 1,dimension,count;count_distinct,cx_cso,
silver,cx_cso_support_tickets,l1_time_actual_minutes,double,1,,,"Thời gian thực tế mà nhóm hỗ trợ cấp 1 (L1) đã dành để xử lý ticket, tính bằng phút.",True,False,crm,thời gian thực tế L1 (phút);thời gian xử lý L1;L1 actual time minutes;actual L1 handling time;L1 processing time (minutes);Level 1 actual minutes;thời gian làm việc L1;L1 work duration;bao lâu L1 đã xử lý;thời gian L1 thực hiện,metric,sum;avg;min;max,cx_cso,
silver,cx_cso_support_tickets,l1_time_allowed_minutes,double,1,,,Thời gian tối đa (phút) mà cấp độ hỗ trợ L1 được phép xử lý một ticket.,True,False,crm,thời gian cho phép L1 (phút);L1 time allowed minutes;thời gian tối đa L1;L1 allowed time (minutes);thời gian xử lý L1 cho phép;L1 time limit (min);thời gian giới hạn L1;L1 allowed minutes,metric,sum;avg;min;max,cx_cso,
silver,cx_cso_support_tickets,l1_violated,boolean,1,,,Cho biết ticket có vi phạm tiêu chuẩn thời gian phản hồi cấp độ 1 hay không.,True,False,crm,vi phạm L1;L1 vi phạm;L1 SLA breached;vi phạm SLA cấp 1;L1 breach;đã vượt quá thời gian L1;L1 time violation;violation of level 1 SLA,dimension,count;count_distinct,cx_cso,
silver,cx_cso_support_tickets,l2,boolean,1,,,True xác định ticket đã trải qua xử lý tại cấp độ 2,True,False,crm,cấp độ L2; cấp hỗ trợ L2; ticket L2; độ ưu tiên L2; L2; Level 2 flag; L2 escalation; second level support; L2 ticket; cấp 2,dimension,count;count_distinct,cx_cso,
silver,cx_cso_support_tickets,l2_time_actual_minutes,double,1,,,Thời gian thực tế (phút) mà nhóm hỗ trợ cấp 2 (L2) dành để xử lý ticket.,True,False,crm,thời gian thực tế L2 (phút);thời gian xử lý L2;L2 actual time minutes;actual L2 handling time;L2 processing time (minutes);Level 2 actual minutes;thời gian hỗ trợ cấp 2;L2 work duration;thời gian L2 đã dùng,metric,sum;avg;min;max,cx_cso,
silver,cx_cso_support_tickets,l2_time_allowed_minutes,double,1,,,Thời gian tối đa (phút) được phép để xử lý ticket ở cấp độ L2 theo quy định SLA.,True,False,crm,thời gian cho phép L2 (phút);thời gian SLA L2;thời gian tối đa L2;L2 time allowed minutes;L2 allowed time minutes;L2 SLA minutes;allowed minutes for L2;L2 time limit,metric,sum;avg;min;max,cx_cso,
silver,cx_cso_support_tickets,l2_violated,boolean,1,,,Cho biết ticket có vi phạm thời gian đáp ứng mức độ 2 (L2) hay không.,True,False,crm,vi phạm L2;L2 bị vi phạm;L2 violation;L2 breached;độ trễ L2;L2 không đạt;L2 SLA vi phạm;L2 SLA breach;vi phạm mức độ 2;L2 level violated,dimension,count;count_distinct,cx_cso,
silver,cx_cso_support_tickets,l3,boolean,1,,,True xác định ticket đã trải qua xử lý tại cấp độ 3,True,False,crm,cấp độ L3;đã lên L3;ticket L3;cấp hỗ trợ L3;đã chuyển lên L3;L3 level;L3 escalation;level 3 flag;L3 status;L3 indicator,dimension,count;count_distinct,cx_cso,
silver,cx_cso_support_tickets,l3_time_actual_minutes,double,1,,,Thời gian thực tế (tính bằng phút) mà mức hỗ trợ L3 đã xử lý ticket.,True,False,crm,thời gian thực tế L3 (phút);L3 actual minutes;thời gian xử lý L3;L3 processing time (minutes);thời gian thực tế cấp độ 3;L3 time spent;thời gian L3 thực tế;actual minutes at level 3,metric,sum;avg;min;max,cx_cso,
silver,cx_cso_support_tickets,l3_time_allowed_minutes,double,1,,,"Thời gian tối đa được phép xử lý ticket ở mức độ L3, tính bằng phút.",True,False,crm,thời gian cho phép L3 (phút);thời gian SLA L3;thời gian tối đa L3;thời gian cho phép cấp độ 3;L3 time allowed minutes;L3 allowed time minutes;L3 SLA minutes;allowed minutes for L3;L3 time limit;L3 allowed response time,metric,sum;avg;min;max,cx_cso,
silver,cx_cso_support_tickets,l3_violated,boolean,1,,,Cho biết ticket có vi phạm tiêu chuẩn thời gian phản hồi mức độ 3 (L3) hay không.,True,False,crm,vi phạm L3;L3 bị vi phạm;L3 violation;L3 breached;vi phạm mức độ 3;L3 SLA vi phạm;exceeded L3 SLA;đã vượt quá thời gian L3,dimension,count;count_distinct,cx_cso,
silver,cx_cso_support_tickets,l4,boolean,1,,,True xác định ticket đã trải qua xử lý tại cấp độ 4,True,False,crm,cấp độ L4; cấp hỗ trợ L4; ticket L4; độ ưu tiên L4; L4; Level 4; L4 escalation; Tier 4 flag; cấp độ hỗ trợ 4; Escalated to L4,dimension,count;count_distinct,cx_cso,
silver,cx_cso_support_tickets,l4_time_actual_minutes,double,1,,,Thời gian thực tế (phút) mà ticket được xử lý ở cấp độ L4.,True,False,crm,thời gian thực tế L4 (phút);thời gian xử lý L4;L4 actual minutes;actual minutes at level 4;thời gian L4 thực tế;L4 processing time (minutes);thời gian xử lý cấp độ 4;L4 time spent;thời gian thực hiện L4,metric,sum;avg;min;max,cx_cso,
silver,cx_cso_support_tickets,l4_time_allowed_minutes,double,1,,,Thời gian tối đa (phút) được phép để xử lý ticket ở cấp độ L4.,True,False,crm,thời gian cho phép L4 (phút);L4 time allowed minutes;thời gian SLA L4;L4 allowed minutes;thời gian tối đa L4;L4 time limit;thời gian dự kiến L4;allowed minutes for L4,metric,sum;avg;min;max,cx_cso,
silver,cx_cso_support_tickets,l4_violated,boolean,1,,,Cho biết ticket có vi phạm ngưỡng thời gian mức độ 4 (L4) hay không.,True,False,crm,vi phạm L4;L4 bị vi phạm;đã vượt thời gian L4;có vi phạm mức độ 4;trạng thái vi phạm L4;L4 violated;L4 breach;L4 SLA breach;L4 violation flag;ticket L4 violation,dimension,count;count_distinct,cx_cso,
silver,cx_cso_support_tickets,note,varchar,1,,,Nội dung ghi chú do nhân viên hỗ trợ nhập vào mỗi ticket.,True,False,crm,ghi chú;note;nhận xét;comment;chú thích;remark;ticket note;agent note;nội dung ghi chú;bình luận,dimension,count;count_distinct,cx_cso,
silver,cx_cso_support_tickets,is_notification,boolean,1,,,Cho biết ticket có được gửi thông báo cho khách hàng hoặc nhân viên hỗ trợ hay không.,True,False,crm,thông báo;notification;đã gửi thông báo;cờ thông báo;notification status;có thông báo không;đã nhận thông báo;notification flag,dimension,count;count_distinct,cx_cso,
silver,cx_cso_support_tickets,number_of_due_date_changes,bigint,1,,,Số lần ngày đáo hạn của ticket được thay đổi.,True,False,crm,số lần thay đổi ngày đáo hạn;number of due date changes;due date change count;lần thay đổi ngày hết hạn;count of due date modifications;số lần cập nhật hạn chót;due date revisions;frequency of due date changes;độ thay đổi ngày đáo hạn,metric,sum;avg;min;max,cx_cso,
silver,cx_cso_support_tickets,old_due_date,timestamp(3),1,,,Ngày đáo hạn ban đầu của ticket trước khi được thay đổi.,True,False,crm,ngày đáo hạn cũ;ngày hết hạn ban đầu;ngày due date gốc;ngày hạn chót trước khi thay đổi;original due date;old due date;previous due date;initial due date,time,none,cx_cso,
silver,cx_cso_support_tickets,is_one_day_before_due,boolean,1,,,Cho biết ticket còn lại một ngày trước ngày đáo hạn.,True,False,crm,còn một ngày đến hạn;trước hạn một ngày;one day before due;due tomorrow;cảnh báo một ngày trước hạn;ticket due in 1 day;cờ ngày đến hạn;alert 1 day before due,dimension,count;count_distinct,cx_cso,
silver,cx_cso_support_tickets,is_one_hour_before_due,boolean,1,,,Cho biết ticket có đang trong khoảng thời gian một giờ trước hạn chót hay không.,True,False,crm,cảnh báo 1 giờ trước hạn;one hour before due;cờ 1 giờ trước hạn;reminder 1h trước deadline;ticket gần hạn 1 giờ;alert 1 hour before due date;cảnh báo trước 1 giờ;one hour prior to due;cờ nhắc nhở 1 giờ;flag within 1 hour of due,dimension,count;count_distinct,cx_cso,
silver,cx_cso_support_tickets,priority_level,varchar,1,,,"Mức độ ưu tiên của ticket hỗ trợ, thể hiện mức quan trọng cần xử lý.",True,False,crm,cấp độ ưu tiên;độ ưu tiên;độ quan trọng;mức độ ưu tiên;priority level;ticket priority;priority;urgency;mức độ quan trọng;độ ưu tiên ticket,dimension,count;count_distinct,cx_cso,'Low' ; 'Medium' ; 'High' ; 'Urgent'
silver,cx_cso_support_tickets,reason,varchar,1,,,Lý do khách hàng tạo hoặc yêu cầu hỗ trợ trong ticket.,True,False,crm,lý do;nguyên nhân;động cơ;lý do tạo ticket;lý do liên hệ;reason;cause;ticket reason;reason for ticket;why the ticket was opened,dimension,count;count_distinct,cx_cso,
silver,cx_cso_support_tickets,related_ticket,varchar,1,,,Mã vé hoặc mã yêu cầu hỗ trợ được liên kết với vé hiện tại.,True,False,crm,vé liên quan;related ticket;ticket liên kết;linked ticket;vé phụ;parent ticket;child ticket;duplicate ticket;vé gốc;associated ticket,dimension,count;count_distinct,cx_cso,
silver,cx_cso_support_tickets,is_reminder_update,boolean,1,,,Cho biết ticket đã được cập nhật nhắc nhở hay chưa.,True,False,crm,cập nhật nhắc nhở;reminder đã được cập nhật;reminder update flag;trạng thái reminder;đã thay đổi nhắc nhở;reminder update;reminder status;cờ nhắc nhở;reminder đã thay đổi;reminder cập nhật,dimension,count;count_distinct,cx_cso,
silver,cx_cso_support_tickets,requester_name,varchar,1,,,Tên của người tạo hoặc yêu cầu hỗ trợ trong phiếu.,True,False,crm,Tên người yêu cầu;Tên người gửi yêu cầu;Tên khách hàng yêu cầu;Tên người tạo ticket;Tên người đề nghị;Requester name;Ticket requester;Tên người mở phiếu;Tên người yêu cầu hỗ trợ;Ticket requester name,dimension,count;count_distinct,cx_cso,
silver,cx_cso_support_tickets,resolution_time_minutes,double,1,,,Thời gian (tính bằng giờ) mà yêu cầu hỗ trợ được giải quyết hoàn toàn.,True,False,crm,thời gian giải quyết (giờ);resolution time hours;thời gian xử lý ticket;ticket resolution duration;thời gian đóng vé;time to resolve;thời gian hoàn thành yêu cầu;hours to close ticket;thời gian giải quyết yêu cầu;resolution duration,metric,sum;avg;min;max,cx_cso,
silver,cx_cso_support_tickets,resolved_at,timestamp(3),1,,,Thời điểm mà ticket được giải quyết và đóng lại.,True,False,crm,ngày giải quyết;thời gian giải quyết;resolved date;resolution date;ngày đóng ticket;thời điểm đóng;khi ticket được giải quyết;when ticket was resolved;ngày hoàn thành;resolution time,time,none,cx_cso,
silver,cx_cso_support_tickets,response_time_minutes,double,1,,,"Thời gian để nhân viên hỗ trợ trả lời yêu cầu của khách hàng, tính bằng phút.",True,False,crm,thời gian phản hồi (phút);thời gian trả lời;thời gian đáp ứng;thời gian trả lời khách hàng;thời gian phản hồi ticket;response time minutes;response time;reply time;ticket response time;time to respond,metric,sum;avg;min;max,cx_cso,
silver,cx_cso_support_tickets,market_segment,varchar,1,,,Phân khúc khách hàng theo thị trường,True,False,crm,segment;phân khúc;đoạn thị trường;đối tượng khách hàng;customer segment;market segment;ticket segment;phân khúc khách hàng;segment của ticket;customer group,dimension,count;count_distinct,cx_cso,None ; Domestic ; International
silver,cx_cso_support_tickets,sentiment,varchar,1,,,"Mức độ cảm xúc của khách hàng thể hiện qua ticket, như tích cực, tiêu cực hoặc trung tính.",True,False,crm,cảm xúc;sentiment;đánh giá cảm xúc;customer sentiment;tone;phân tích cảm xúc;đánh giá tâm trạng;customer tone;cảm nhận của khách hàng;emotional tone,dimension,count;count_distinct,cx_cso,'Neutral' ; 'N/A' ; 'Negative' ; 'Very Negative'
silver,cx_cso_support_tickets,severity_level,varchar,1,,,Mức độ nghiêm trọng của ticket phản ánh mức độ ưu tiên xử lý và tác động kinh doanh.,True,False,crm,severity level;severity;cấp độ nghiêm trọng;mức độ nghiêm trọng;độ nghiêm trọng;độ nghiêm trọng của ticket;ticket severity;ticket severity level;cấp độ severity,dimension,count;count_distinct,cx_cso,'Low' ; 'Medium' ; 'N/A' ; 'High' ; 'Critical'
silver,cx_cso_support_tickets,spam_type,varchar,1,,,"Loại spam được gán cho mỗi ticket, cho biết nội dung hoặc tính chất spam của yêu cầu.",True,False,crm,loại spam;kiểu spam;phân loại spam;spam ticket;spam type;spam category;spam classification;ticket spam type;spam flag;spam level,dimension,count;count_distinct,cx_cso,'N/A' ; 'Unassigned Inquiry' ; 'System mail' ; 'Out-bound mail' ; 'Test'
silver,cx_cso_support_tickets,status_name,varchar,1,,,Trạng thái hiện tại của phiếu hỗ trợ khách hàng.,True,False,crm,trạng thái ticket;ticket status;status;tình trạng;tình trạng phiếu;trạng thái yêu cầu;ticket state;status name;trạng thái hỗ trợ;status of ticket,dimension,count;count_distinct,cx_cso,'Closed' ; 'Processing' ; 'Waiting for Customer' ; 'Pending' ; 'Open' ; 'Resolved' ; 'Under Investigation'
silver,cx_cso_support_tickets,subject,varchar,1,,,Tiêu đề mô tả ngắn gọn vấn đề hoặc yêu cầu của ticket.,True,False,crm,tiêu đề ticket;chủ đề;đề mục;tiêu đề yêu cầu;tiêu đề hỗ trợ;subject;ticket title;issue title;case subject;request subject,dimension,count;count_distinct,cx_cso,
silver,cx_cso_support_tickets,support_category,varchar,1,,,Loại danh mục hỗ trợ mà khách hàng yêu cầu trong phiếu dịch vụ.,True,False,crm,loại hỗ trợ;danh mục hỗ trợ;category hỗ trợ;support category;ticket category;issue category;support type;category ticket;kiểu hỗ trợ;type of support,dimension,count;count_distinct,cx_cso,"'N/A' ; 'Tiếp nhận, phân loại yêu cầu' ; 'Quản lý tài khoản' ; ..."
silver,cx_cso_support_tickets,is_third_four_time,boolean,1,,,Cho biết ticket đã được xử lý ở lần trả lời thứ ba hoặc thứ tư hay chưa.,True,False,crm,cờ lần trả lời thứ ba;cờ lần trả lời thứ tư;đánh dấu lần thứ ba/bốn;cờ thời gian 3/4;third/fourth time flag;is third or fourth response;third fourth time indicator;ticket third/fourth response flag;cờ third four time,dimension,count;count_distinct,cx_cso,'False' ; 'True'
silver,cx_cso_support_tickets,is_reopened_by_cx,boolean,1,,,Cho biết ticket có được đưa vào báo cáo trải nghiệm khách hàng (CX) hay không.,True,False,crm,báo cáo CX;ticket trong báo cáo CX;có trong báo cáo CX;được báo cáo CX;ticket CX;CX report flag;included in CX report;CX report indicator;customer experience report;ticket in CX report,dimension,count;count_distinct,cx_cso,'False'
silver,cx_cso_support_tickets,ticket_id,varchar,0,1.0,,Mã định danh duy nhất của phiếu hỗ trợ khách hàng.,True,False,crm,Mã ticket;Mã phiếu hỗ trợ;Ticket ID;Ticket Number;Mã số yêu cầu;Mã yêu cầu khách hàng;Support ticket identifier;Ticket identifier;Mã yêu cầu;Số phiếu,id,count_distinct,cx_cso,
silver,cx_cso_support_tickets,time_to_response_minutes,double,1,,,Thời gian tính bằng phút từ khi ticket được tạo đến khi nhận được phản hồi đầu tiên.,True,False,crm,thời gian phản hồi (phút);thời gian trả lời ticket;response time minutes;time to first response;thời gian trả lời đầu tiên;thời gian phản hồi khách hàng;response latency;thời gian phản hồi trung bình,metric,sum;avg;min;max,cx_cso,
silver,cx_cso_support_tickets,ttr_overdue,varchar,1,,,Cho biết ticket có vượt quá thời gian giải quyết mục tiêu (TTR) so với SLA hay không.,True,False,crm,ttr_overdue;quá hạn TTR;độ trễ TTR;ticket quá hạn;overdue TTR;overdue time to resolution;trạng thái quá hạn;có vượt quá thời gian giải quyết;TTR quá hạn;overdue ticket,dimension,count;count_distinct,cx_cso,'No' ; 'Yes' ; 'N/A'
silver,cx_cso_support_tickets,violated_level,integer,1,0.0,,"Mức độ vi phạm SLA của ticket hỗ trợ, thể hiện mức độ nghiêm trọng của việc không đáp ứng thời gian quy định.",True,False,crm,mức độ vi phạm;violation level;cấp độ vi phạm;SLA breach level;độ vi phạm;ticket violation level;violation severity;level vi phạm SLA;severity of violation;violation tier,dimension,count;count_distinct,cx_cso,0 ; 2 ; 1 ; 4 ; 3
silver,cx_cso_support_tickets,assigned_agent_stage,varchar,1,0.0,,Giai đoạn hiện tại của ticket mà nhân viên hỗ trợ được giao.,True,False,crm,giai đoạn nhân viên phụ trách;trạng thái nhân viên được giao;công đoạn xử lý của nhân viên;agent assigned stage;assigned agent stage;agent handling stage;support agent phase;ticket handling stage;agent status;stage của agent,dimension,count;count_distinct,cx_cso,'L1_AGENT' ; 'L3_AGENT' ; 'UNASSIGNED' ; 'L2_AGENT' ; 'L4_AGENT'
silver,cx_cso_support_tickets,agent_name,varchar,1,0.0,0.0,Tên của nhân viên hỗ trợ xử lý ticket.,True,True,crm,tên agent;người xử lý;support agent;tên nhân viên;nhân viên hỗ trợ,dimension,count;count_distinct,cx_cso,
silver,cx_cso_support_tickets,resolution_time_in_business_hours,float,1,0.0,0.0,Thời gian giải quyết ticket tính theo giờ làm việc.,True,False,crm,thời gian giải quyết;resolution time;giờ làm việc;tổng thời gian xử lý,measure,avg;max;min;sum,cx_cso,
silver,cx_cso_support_tickets,agent_reply_count,int,1,0.0,0.0,Số lần nhân viên hỗ trợ phản hồi trong ticket.,True,False,crm,số lần phản hồi;lượt trả lời;reply count;số lần tương tác,measure,sum;avg;max,cx_cso,
silver,cx_cso_support_tickets,first_response_date,timestamp,1,0.0,0.0,Ngày và giờ phản hồi đầu tiên của nhân viên cho khách hàng.,True,False,crm,ngày phản hồi đầu tiên;lần đầu phản hồi;first response date;thời điểm phản hồi,dimension,count,cx_cso,
silver,cx_cso_support_tickets,due_date_change_count,int,1,0.0,0.0,Số lần thay đổi hạn chót (due date) của ticket.,True,False,crm,số lần đổi hạn;thay đổi deadline;due date changes;gia hạn ticket,measure,sum;avg,cx_cso,
silver,cx_cso_support_tickets,tickets_first_responded_within_sla,boolean,1,0.0,0.0,Đánh dấu ticket có phản hồi đầu tiên nằm trong hạn SLA hay không.,True,False,crm,phản hồi trong hạn;SLA response;đạt SLA phản hồi;within SLA response,dimension,count,cx_cso,'Violated' ; 'Non Violated'
silver,cx_cso_support_tickets,tickets_resolved_within_sla,boolean,1,0.0,0.0,Đánh dấu ticket được giải quyết xong trong thời hạn SLA hay không.,True,False,crm,giải quyết đúng hạn;SLA resolution;đạt SLA xử lý;within SLA resolved,dimension,count,cx_cso,'Non Violated' ; 'Violated'
silver,cx_cso_support_tickets,ttr_time_minutes,int,1,0.0,0.0,Thời gian giải quyết ticket (Time to Resolve) tính bằng phút.,True,False,crm,thời gian xử lý phút;TTR;thời gian đóng ticket;tốc độ xử lý,measure,avg;max;min;sum,cx_cso,
silver,cx_cso_support_tickets,product_category,varchar,1,0.0,0.0,Phân loại sản phẩm/dịch vụ liên quan đến ticket.,True,True,crm,loại sản phẩm;danh mục sản phẩm;product type;nhóm dịch vụ,dimension,count;count_distinct,cx_cso,'SOC Platform' ; 'MSS' ; 'M-Suite' ; ...
silver,cx_cso_support_tickets,customer_segment_l1,varchar,1,,,"Phân khúc khách hàng cấp 1 của giao dịch, thể hiện nhóm thị trường hoặc loại khách hàng chính.",True,False,crm,phân khúc cấp 1;segment L1;segment cấp 1;primary segment;segment level 1;đối tượng khách hàng chính;customer segment level 1;phân khúc chính;segment;segment category,dimension,count;count_distinct,cx_cso,'Unkown' ; 'Nội bộ' ; 'Khách hàng ngoài' ; 'International' ; 'Khách hàng ngoài' ; 'Bộ Quốc phòng'
silver,cx_cso_support_tickets,customer_segment_l2,varchar,1,,,"Mức phân khúc khách hàng cấp 2 của giao dịch, cho biết nhóm khách hàng hoặc ngành nghề chi tiết hơn.",True,False,crm,phân khúc cấp 2;segment level 2;sub‑segment;segment l2;segment 2;nhóm phân khúc phụ;đối tượng phân khúc chi tiết;segment classification;segment tier 2;cấp độ phân khúc 2,dimension,count;count_distinct,cx_cso,'-' ; 'Khách hàng nội bộ' ; 'Khách hàng ngoài' ; 'Khách hàng nội bộ' ; 'Direct / Local Channel' ; 'Viettel Global Partner' ; ''
silver,cx_cso_support_tickets,customer_segment_l3,varchar,1,,,"Phân khúc khách hàng cấp 3 của giao dịch, mô tả chi tiết nhóm khách hàng hoặc thị trường mà cơ hội kinh doanh thuộc về.",True,False,crm,phân khúc cấp 3; segment level 3; segment L3; sub‑segment; subcategory; market sub‑segment; chi tiết phân khúc; third level segment; customer segment tier 3; phân khúc chi tiết,dimension,count;count_distinct,cx_cso,'-' ; '' ; 'BFSI' ; 'DNL' ; 'Unname' ; 'Province' ; 'GOV' ; 'Energy'
silver,cx_cso_support_tickets,product_item_type,varchar,1,,,Loại mặt hàng (Product/Service) trong bảng giá.,True,False,crm,loại mặt hàng;item type;kiểu mục;dạng sản phẩm;product type;category of item;pricebook item type;loại sản phẩm;type of item;nhóm mặt hàng,dimension,count;count_distinct,cx_cso,'Product' ; 'Service' ; '-'
silver,cx_cso_support_tickets,updated_at,timestamp(3),1,,,Thời gian cập nhật cuối cùng của ticket trong hệ thống.,True,False,crm,thời gian cập nhật;ngày cập nhật;ngày sửa đổi;thời điểm chỉnh sửa;thời gian thay đổi;last updated;update timestamp;modified date;ticket update time;when was the ticket last updated,time,none,cx_cso,
silver,cx_sur_question_response,answer_number,double,1,,,Số thứ tự của câu trả lời trong mỗi bản khảo sát.,True,False,crm,số câu trả lời;answer number;answer sequence;response order;Số thứ tự trả lời;Mã trả lời;Câu trả lời thứ mấy;Câu trả lời số;response number;answer id,dimension,count;count_distinct,cx_cso,
silver,cx_sur_question_response,answer_string,varchar,1,,,Nội dung câu trả lời dạng văn bản mà khách hàng cung cấp trong khảo sát.,True,False,crm,câu trả lời;đáp án;nội dung trả lời;answer text;response string;answer content;survey answer;free text response;đáp án khách hàng;what did the customer say,dimension,count;count_distinct,cx_cso,'N/A' ; 5 ; 4 ; ...
silver,cx_sur_question_response,answer_tag,varchar,1,,,Nhãn mô tả loại hoặc nhóm câu trả lời trong khảo sát khách hàng.,True,False,crm,nhãn câu trả lời;answer tag;loại câu trả lời;answer type;nhãn trả lời;tag câu trả lời;label answer;phân loại câu trả lời;answer category;tag trả lời,dimension,count;count_distinct,cx_cso,'N/A' ; 'promoter' ; 'passive' ; 'detractor'
silver,cx_sur_question_response,choice_content,varchar,1,,,Nội dung văn bản của lựa chọn mà khách hàng đã chọn trong câu hỏi khảo sát.,True,False,crm,nội dung lựa chọn;giá trị lựa chọn;câu trả lời lựa chọn;nội dung đáp án;choice content;selected option text;answer choice;response option;survey choice;selected answer,dimension,count;count_distinct,cx_cso,'Tốc độ phản ứng và xử lý sự cố nhanh chóng' ; 'Cloudrity gây tăng độ trễ truy cập' ; ...
silver,cx_sur_question_response,choice_id,varchar,0,,1.0,Mã định danh của lựa chọn trả lời được khách hàng chọn trong khảo sát.,True,False,crm,mã lựa chọn;choice id;ID lựa chọn;choice identifier;mã đáp án;answer choice id;choice code;mã câu trả lời;choice key;ID câu hỏi lựa chọn,id,count_distinct,cx_cso,
silver,cx_sur_question_response,collected_date,timestamp(3),0,,,Ngày ghi nhận dữ liệu trả lời khảo sát.,True,True,crm,ngày thu thập;ngày ghi nhận;ngày thu thập dữ liệu;ngày thu thập câu trả lời;collected date;date collected;date of collection;survey collection date;ngày thu thập khảo sát,time,none,cx_cso,
silver,cx_sur_question_response,comment,varchar,1,,,Bình luận hoặc nhận xét tự do của khách hàng trong khảo sát.,True,False,crm,bình luận;nhận xét;ý kiến;comment;feedback;góp ý;chú thích;note;câu trả lời mở;open-ended response,dimension,count;count_distinct,cx_cso,'N/A' ; ...
silver,cx_sur_question_response,customer_touchpoint,varchar,1,,,Điểm tiếp xúc của khách hàng trong hành trình tương tác.,True,False,crm,điểm tiếp xúc khách hàng;customer touchpoint;kênh tương tác;interaction channel;điểm chạm;touchpoint;kênh tiếp cận khách hàng;customer interaction point;điểm giao tiếp;contact point,dimension,count;count_distinct,cx_cso,'Khảo sát định kỳ quý' ; 'N/A' ; 'Tính năng app' ; 'Ticket CSO' ; 'Báo cáo định kỳ' ; 'Feedback' ; 'Kích hoạt' ; 'Close SOAR ticket'
silver,cx_sur_question_response,item_content,varchar,1,,,Nội dung văn bản của mục câu hỏi trong khảo sát khách hàng.,True,False,crm,nội dung mục;item content;question text;nội dung câu hỏi;survey item description;văn bản mục;question wording;nội dung khảo sát;text of the item;item wording,dimension,count;count_distinct,cx_cso,'Tốc độ phản ứng và xử lý sự cố nhanh chóng' ; 'Cloudrity gây tăng độ trễ truy cập' ; ...
silver,cx_sur_question_response,item_score_value,"decimal(10,2)",1,,,"Điểm số dạng số, nếu có; =0 nếu chỉ là đánh giá text",True,False,crm,điểm mục;điểm câu hỏi;item score;question score;item rating;đánh giá mục;đánh giá câu hỏi;answer score,metric,sum;avg;min;max,cx_cso,
silver,cx_sur_question_response,item_score_label,varchar,1,,,"Đánh giá dạng text, ví dụ Good/Bad/Medium",True,True,crm,điểm mục;điểm câu hỏi;item score;question score;item rating;đánh giá mục;đánh giá câu hỏi;answer score,metric,sum;avg;min;max,cx_cso,'N/A' ; 'Nhân sự' ; 'Chất lượng kỹ thuật' ; ...
silver,cx_sur_question_response,journey,varchar,1,,,Giai đoạn trải nghiệm,True,True,crm,hành trình khách hàng;customer journey;giai đoạn hành trình;journey stage;bước trong hành trình;customer touchpoint stage;các giai đoạn trải nghiệm;journey;stage;phase,dimension,count;count_distinct,cx_cso,"'5. Sử dụng' ; 'N/A' ; '6. CSKH' ; '4. Triển khai, chuyển giao' ; '2. Cân nhắc'"
silver,cx_sur_question_response,kpi_group,varchar,1,,,"Nhóm KPI mà câu trả lời thuộc về, dùng để phân loại các chỉ tiêu hiệu suất.",True,True,crm,nhóm KPI;KPI group;nhóm chỉ tiêu;KPI category;phân loại KPI;KPI classification;loại KPI;KPI type group;nhóm chỉ số hiệu suất;performance indicator group,dimension,count;count_distinct,cx_cso,'CSAT_RELATIONAL' ; 'UNKNOWN' ; 'CES' ; 'CSAT_TRANSACTIONAL' ; 'NPS'
silver,cx_sur_question_response,kpi_type,varchar,1,,,Loại Chỉ số đo lường,True,True,crm,loại KPI;kiểu KPI;type of KPI;KPI category;KPI type;chỉ số KPI;phân loại KPI;KPI classification;KPI metric type;định dạng KPI,dimension,count;count_distinct,cx_cso,'Nhân sự good' ; 'N/A' ; 'Nhân sự bad' ; 'No' ; 'Khác' ; 'Quy trình good' ; 'Sau' ; 'Hiệu năng bad' ; 'Tính năng bad' ; 'Tính năng good' ; 'Quy trình bad' ; 'CSAT nhân sự' ; 'Chuyên gia' ; 'CSAT quy trình' ; 'Hiệu năng good' ; 'CES' ; 'CSAT điểm chạm' ; 'Đồng hành' ; 'CSAT SPDV'
silver,cx_sur_question_response,product_category,varchar,1,,,Danh mục sản phẩm dịch vụ trong khảo sát.,True,True,product,danh mục sản phẩm;loại sản phẩm;phân loại sản phẩm;nhóm sản phẩm;product category;product type;product group;product line;category of product;loại hàng,dimension,count;count_distinct,cx_cso,'MSS' ; 'N/A' ; 'VCS M-Suite' ; 'VCS-CyM' ; 'VCS-aJiant (EDR)' ; 'VCS-Anti DDoS' ; 'VCS-Threat Intelligence' ; 'Mysafe' ; 'Cloudrity' ; 'VCS-LI Voice' ; 'VCS-KIAN' ; 'VCS-NDR' ; 'VCS-CyCir' ; 'VCS-NSM' ; 'VCS-BRG' ; 'TNXH' ; 'Pentest' ; 'Đào tạo CSMP' ; 'ALL' ; 'PENTEST + AUDIT' ; 'VCS-InT'
silver,cx_sur_question_response,question_id,varchar,0,,1.0,Mã định danh duy nhất của câu hỏi trong khảo sát.,True,False,crm,mã câu hỏi;question ID;question identifier;ID câu hỏi;question code;survey question id;câu hỏi;question key;question number,id,count_distinct,cx_cso,
silver,cx_sur_question_response,question_type,varchar,1,,,"Loại câu hỏi được sử dụng trong khảo sát, mô tả dạng hoặc nhóm câu hỏi.",True,False,crm,loại câu hỏi;kiểu câu hỏi;dạng câu hỏi;question type;question category;type of question;survey question type;phân loại câu hỏi;question_type;câu hỏi dạng nào,dimension,count;count_distinct,cx_cso,'multiple' ; 'text' ; 'rating' ; 'numerical_scale' ; 'single' ; 'form' ; 'matrix' ; 'csat' ; 'nps' ; 'ranking' ; 'smiley_scale'
silver,cx_sur_question_response,respondent_uuid,varchar,0,,,Mã định danh duy nhất của người trả lời khảo sát.,True,False,crm,mã người trả lời;respondent id;respondent uuid;uuid người trả lời;identifier of respondent;ID người tham gia khảo sát;survey respondent id;mã định danh người trả lời;respondent identifier,id,count_distinct,cx_cso,
silver,cx_sur_question_response,response_id,varchar,0,,1.0,Mã định danh duy nhất cho mỗi phản hồi trong khảo sát.,True,False,crm,Mã phản hồi;Response ID;ID phản hồi;answer identifier;Mã trả lời;survey response id;ID câu trả lời;identifier of response;Mã duy nhất phản hồi;Response identifier,id,count_distinct,cx_cso,
silver,cx_sur_question_response,survey_id,varchar,0,,1.0,Mã định danh của khảo sát mà câu trả lời thuộc về.,True,False,crm,survey_id;Mã khảo sát;ID khảo sát;Survey identifier;Mã định danh khảo sát;Mã cuộc khảo sát;Survey code;Mã survey;Survey ID;Mã ID khảo sát,id,count_distinct,cx_cso,
silver,cx_sur_question_answer_choices,answer_choice_content,varchar,1,,,Nội dung văn bản của lựa chọn trả lời trong câu hỏi khảo sát.,True,False,crm,nội dung lựa chọn trả lời;answer choice content;đáp án;answer option;phương án trả lời;survey answer text;content of answer choice;lựa chọn câu trả lời,dimension,count;count_distinct,cx_cso,
silver,cx_sur_question_answer_choices,answer_choice_id,varchar,0,1.0,,Mã định danh duy nhất cho mỗi lựa chọn trả lời trong khảo sát.,True,False,crm,mã lựa chọn trả lời;answer choice id;ID lựa chọn;choice identifier;answer option id;Mã đáp án;choice id;identifier của lựa chọn trả lời;answer choice identifier;Mã câu trả lời,id,count_distinct,cx_cso,
silver,cx_sur_question_answer_choices,customer_touchpoint,varchar,1,,,Điểm tiếp xúc mà khách hàng tương tác với doanh nghiệp trong hành trình mua hàng.,True,False,crm,điểm tiếp xúc khách hàng;customer touchpoint;kênh tương tác;interaction channel;contact point;touch point;địa điểm tiếp xúc;customer channel;kênh giao tiếp;customer interaction point,dimension,count;count_distinct,cx_cso,'Tính năng app' ; 'N/A' ; 'Khảo sát định kỳ quý' ; 'Ticket CSO' ; 'Feedback' ; 'Close SOAR ticket' ; '' ; 'Báo cáo định kỳ' ; 'Tính năng web' ; 'Kích hoạt'
silver,cx_sur_question_answer_choices,journey,varchar,1,,,Giai đoạn trải nghiệm,True,False,crm,hành trình khách hàng;journey;giai đoạn hành trình;journey stage;customer journey;đường đi khách hàng;customer path;giai đoạn mua hàng;stage of journey;phase of journey,dimension,count;count_distinct,cx_cso,"'5. Sử dụng' ; 'N/A' ; '' ; '6. CSKH' ; '4. Triển khai, chuyển giao' ; '2. Cân nhắc'"
silver,cx_sur_question_answer_choices,kpi_type,varchar,1,,,Chỉ số đo lường,True,False,crm,loại KPI;kiểu KPI;dạng KPI;KPI type;KPI category;type KPI;kpi_type;KPI classification;loại chỉ số hiệu suất,dimension,count;count_distinct,cx_cso,
silver,cx_sur_question_answer_choices,product_category,varchar,0,,,Danh mục sản phẩm dịch vụ khảo sát,True,False,product,danh mục sản phẩm;product category;loại sản phẩm;product type;nhóm sản phẩm;product group;phân loại sản phẩm;category of product;loại hàng;product line,dimension,count;count_distinct,cx_cso,'Mysafe' ; 'N/A' ; 'VCS-NSM' ; '' ; 'VCS-BRG' ; 'VCS-Anti DDoS' ; 'VCS-Threat Intelligence' ; 'MSS' ; 'TNXH' ; 'ALL' ; 'VCS-CyM' ; 'Redteam' ; 'VCS M-Suite' ; 'Pentest' ; 'VCS-CyCir' ; 'Cloudrity' ; 'VCS-KIAN' ; 'Đào tạo CSMP' ; 'VCS-NDR' ; 'VCS-InT' ; 'VCS-F2DR' ; 'VCS-LI Voice' ; 'VCS-aJiant (EDR)' ; 'VCS-F2DR' ; 'PENTEST + AUDIT' ; 'Audit'
silver,cx_sur_question_answer_choices,question_clean,varchar,1,,,Tiêu đề câu hỏi,True,False,crm,câu hỏi đã làm sạch; câu hỏi gốc; nội dung câu hỏi; câu hỏi chuẩn; question_clean; cleaned question; survey question text; question content,dimension,count;count_distinct,cx_cso,
silver,cx_sur_question_answer_choices,question_id,varchar,0,,1.0,Mã định danh duy nhất của câu hỏi trong khảo sát.,True,False,crm,mã câu hỏi;question id;question identifier;ID câu hỏi;định danh câu hỏi;survey question id;question key;ID của câu hỏi,id,count_distinct,cx_cso,
silver,cx_sur_question_answer_choices,question_type,varchar,1,,,Loại câu hỏi được sử dụng trong khảo sát khách hàng.,True,False,crm,loại câu hỏi;kiểu câu hỏi;dạng câu hỏi;question type;question format;type of question;survey question type;question category;phân loại câu hỏi;question_type,dimension,count;count_distinct,cx_cso,'single' ; 'text' ; 'rating' ; 'multiple' ; 'nps' ; 'matrix' ; 'empty' ; 'csat' ; 'button_next' ; 'numerical_scale' ; 'form' ; 'smiley_scale' ; 'button_close' ; 'button_link' ; 'ranking'
silver,cx_sur_question_answer_choices,survey_id,varchar,0,,1.0,Mã định danh duy nhất của khảo sát thu thập phản hồi khách hàng.,True,False,crm,survey_id;survey ID;ID khảo sát;Mã khảo sát;Mã phiếu khảo sát;questionnaire ID;survey identifier;identifier of survey,id,count_distinct,cx_cso,
silver,cx_sur_surveys,created_at,timestamp(3),0,,,Ngày giờ khởi tạo bản khảo sát trên hệ thống.,True,True,crm,ngày tạo;thời gian tạo;thời điểm tạo;ngày ghi;thời gian ghi;creation date;created timestamp;survey creation time;when was the survey created;thời gian tạo khảo sát,time,none,cx_cso,
silver,cx_sur_surveys,customer_touchpoint,varchar,1,,,"Điểm tiếp xúc cụ thể kích hoạt khảo sát (Ticket, App, Báo cáo định kỳ).",True,True,crm,điểm tiếp xúc khách hàng;customer touchpoint;kênh tiếp xúc;contact point;điểm chạm khách hàng;interaction channel;điểm giao tiếp;customer contact channel;touch point;điểm mà khách hàng tiếp cận,dimension,count;count_distinct,cx_cso,'Tính năng app' ; 'Ticket CSO' ; 'Kích hoạt' ; 'N/A' ; 'Feedback' ; 'Khảo sát định kỳ quý' ; 'Tính năng web' ; 'Báo cáo định kỳ' ; 'Close SOAR ticket'
silver,cx_sur_surveys,enabled,boolean,0,,,Trạng thái hoạt động (True: Đang thu thập dữ liệu / False: Đã đóng).,True,False,crm,được bật;đang hoạt động;kích hoạt;trạng thái bật;cờ bật;enabled;active;is enabled;survey active flag;enabled flag,dimension,count;count_distinct,cx_cso,
silver,cx_sur_surveys,folder_name,varchar,1,,,"Tên thư mục quản lý (Dùng để nhóm theo quý hoặc theo đơn vị CSKH, SOC...).",True,False,crm,tên thư mục;folder name;thư mục khảo sát;survey folder;Tên thư mục khảo sát;folder;thư mục;Tên thư mục lưu trữ;survey folder name;Tên thư mục,dimension,count;count_distinct,cx_cso,'KS sau điểm chạm_EN' ; 'SOCP' ; 'Shared Surveys' ; 'KQ Q4/2025' ; 'TNXH' ; 'KS Q1/2026' ; 'TI' ; 'KS sau điểm chạm_VI' ; 'Pentest' ; 'Joint Venture' ; 'KS sau điểm chạm_JP' ; 'The First Circle' ; 'Usability Testing' ; 'CSKH' ; 'SOC247'
silver,cx_sur_surveys,journey,varchar,1,,,"Giai đoạn hành trình khách hàng (Cân nhắc, Triển khai, Sử dụng, CSKH).",True,True,crm,hành trình khách hàng;giai đoạn khách hàng;đường đi khách hàng;journey;customer journey;journey stage;customer path;giai đoạn hành trình;bước trong hành trình;customer experience stage,dimension,count;count_distinct,cx_cso,"'5. Sử dụng' ; '6. CSKH' ; '4. Triển khai, chuyển giao' ; 'N/A' ; '2. Cân nhắc'"
silver,cx_sur_surveys,product_category,varchar,1,,,Danh mục sản phẩm được khảo sát trong cuộc thăm dò.,True,True,product,danh mục sản phẩm;loại sản phẩm;nhóm sản phẩm;phân loại sản phẩm;product category;product type;product group;category of product;type of product;product classification,dimension,count;count_distinct,cx_cso,'TNXH' ; 'VCS-Threat Intelligence' ; 'VCS-KIAN' ; 'MSS' ; 'N/A' ; 'Mysafe' ; 'VCS-Anti DDoS' ; 'VCS-NDR' ; 'VCS-LI Voice' ; 'Cloudrity' ; 'VCS-InT' ; 'VCS-CyCir' ; 'ALL' ; 'Audit' ; 'VCS-NSM' ; 'Đào tạo CSMP' ; 'VCS-BRG' ; 'VCS-aJiant (EDR)' ; 'Pentest' ; 'VCS M-Suite' ; 'VCS-F2DR' ; 'PENTEST + AUDIT' ; 'VCS-CyM' ; 'Redteam' ; 'VCS-F2DR'
silver,cx_sur_surveys,survey_id,varchar,0,1.0,,Mã định danh duy nhất của mỗi cuộc khảo sát.,True,False,crm,Mã khảo sát;Survey ID;ID khảo sát;survey identifier;Mã định danh khảo sát;Mã ID khảo sát;survey code;Mã khảo sát khách hàng;Survey identifier;Mã khảo sát duy nhất,id,count_distinct,cx_cso,
silver,cx_sur_surveys,survey_name,varchar,0,,,Tên hiển thị của phiếu khảo sát,True,False,crm,Tên khảo sát;Tên cuộc khảo sát;Survey name;Tên survey;Tên biểu mẫu;Tên phiếu khảo sát;Tên mẫu khảo sát;Survey title;Tên đề tài khảo sát;Tên câu hỏi khảo sát,dimension,count;count_distinct,cx_cso,
silver,cx_sur_surveys,survey_type,varchar,0,,,"Hình thức triển khai khảo sát (Mobile, Web Page, Widget nhúng).",True,False,crm,loại khảo sát;kiểu khảo sát;dạng khảo sát;phân loại khảo sát;survey type;survey category;type of survey;kind of survey;khảo sát nào;kiểu khảo sát nào,dimension,count;count_distinct,cx_cso,
silver,finance_actual_cost,base_currency_amount,"decimal(18,2)",0,,,Giá trị chi phí đã quy đổi về đồng tiền cơ sở (VND).,True,True,finance,base_currency_amount;giá trị tiền tệ cơ sở;tiền tệ gốc;số tiền quy đổi sang đồng cơ sở;amount in base currency;base currency value;converted amount;tổng chi phí tính bằng đồng gốc,metric,sum;avg;min;max,biz,
silver,finance_actual_cost,category_code,varchar,0,,,Mã kế toán hoặc mã phân loại chi phí theo hệ thống tài chính.,True,True,finance,mã danh mục;category code;mã chi phí;cost category;loại chi phí;cost group code;category identifier;nhóm chi phí;category;cost group,dimension,count;count_distinct,biz,
silver,finance_actual_cost,cost_group,varchar,1,,,"Nhóm bản chất chi phí (Khấu hao, Nhân công, Thuê ngoài, Phân bổ...).",True,False,finance,nhóm chi phí;phân loại chi phí;loại chi phí;cost group;expense group;cost category;expense category;cost classification;group chi phí;chi phí nhóm,dimension,count;count_distinct,biz,"'Chi phí khấu hao tài sản cố định' ; 'Chi phí Nhân công & OS trực tiếp' ; 'Chi phí OS kinh doanh' ; 'Chi phí phân bổ khác' ; 'Chi phí phục vụ bán hàng phân bổ' ; 'Chi phí quản lý, chung thường xuyên phân bổ' ; 'Chi phí tài nguyên, CCDC phục vụ sản xuất' ; 'Chi phí phần cứng, phần mềm mua/thuê ngoài'"
silver,finance_actual_cost,currency_code,varchar,1,,,"Mã loại tiền tệ gốc của chứng từ (VND, USD...).",True,False,finance,mã tiền tệ;đơn vị tiền tệ;code tiền tệ;currency code;currency;tiền tệ;currency identifier;loại tiền tệ;currency type;mã tiền,dimension,count;count_distinct,biz,'VND'
silver,finance_actual_cost,product_category,varchar,1,,,Danh mục sản phẩm/dịch vụ chịu chi phí này.,True,False,finance,danh mục sản phẩm;product category;loại sản phẩm;product line;nhóm sản phẩm;product type;phân loại sản phẩm;category of product;product group;category sản phẩm,dimension,count;count_distinct,biz,'BRG' ; 'Cloudrity' ; 'CA' ; ...
silver,finance_actual_cost,report_date,timestamp(3),0,,,Ngày ghi nhận chi phí (thường là ngày cuối tháng hoặc ngày hạch toán).,True,True,finance,ngày báo cáo;report date;ngày báo cáo tài chính;financial report date;ngày ghi nhận;record date;ngày thực tế;actual date;ngày tháng báo cáo;reporting date,time,none,biz,
silver,finance_actual_cost,territory_name,varchar,1,,,Tên khu vực địa lý mà chi phí thực tế được ghi nhận.,True,False,sales,tên khu vực;vùng bán hàng;khu vực;địa bàn;miền;territory name;region;sales region;geographic area;area name,dimension,count;count_distinct,biz,'Miền bắc' ; 'Miền nam'
silver,finance_actual_cost,business_unit_level_1,varchar,1,,,"Đơn vị doanh nghiệp cấp cao nhất chịu trách nhiệm về khoản chi (TTSP, TTGS...).",True,False,finance,đơn vị cấp 1;unit level 1;cấp 1;first level unit;đơn vị cấp đầu;top-level unit;đơn vị cấp cao nhất;primary unit,dimension,count;count_distinct,biz,'TTSP TELCO' ; 'TTGS' ; 'TTDVATTT' ; 'TTSP ENTERPRISE' ; 'Khác' ; 'TTDVMN' ; 'TTSX &CNTT' ; 'TT TI'
silver,finance_allocated_revenue,am_username,varchar,1,,,Nhân viên quản lý tài khoản (AM) chịu trách nhiệm chính.,True,False,finance,tên đăng nhập AM;username AM;account manager username;account manager login;tên người quản lý tài khoản;tên người thu tiền;cash collector username;người thu tiền login,dimension,count;count_distinct,biz,
silver,finance_allocated_revenue,product_category_code,varchar,0,,,Mã loại sản phẩm/dịch vụ,True,False,finance,mã danh mục sản phẩm dịch vụ;product category code,dimension,count;count_distinct,biz,
silver,finance_allocated_revenue,channel_name,varchar,1,,,Tên kênh mà doanh nghiệp thu tiền từ khách hàng.,True,False,finance,kênh thu tiền;Tên kênh;kênh thanh toán;phương thức thu;phương thức thanh toán;collection channel;payment channel;channel name;payment method;cách thu tiền,dimension,count;count_distinct,biz,
silver,finance_allocated_revenue,company_alias,varchar,1,,,Tên viết tắt hoặc biệt danh của công ty được sử dụng trong báo cáo thu tiền.,True,True,finance,tên công ty;bí danh công ty;company alias;company nickname;company short name;alias công ty;tên viết tắt công ty;client alias;company label;tên công ty trong báo cáo,dimension,count;count_distinct,biz,
silver,finance_allocated_revenue,currency_code,varchar,1,,,Mã tiền tệ được sử dụng trong giao dịch thu tiền.,True,False,finance,Mã tiền tệ;Currency code;Mã tiền tệ giao dịch;Currency;Tiền tệ;Mã tiền tệ thu tiền;Currency identifier;Mã tiền tệ trong báo cáo;Currency symbol,dimension,count;count_distinct,biz,'VND' ; 'USD'
silver,finance_allocated_revenue,department_alias,varchar,1,,,Tên viết tắt hoặc biệt danh của phòng ban thực hiện thu tiền.,True,False,finance,phòng ban; bộ phận; department; department name; department alias; tên phòng ban; tên bộ phận; department abbreviation; department nickname; bộ phận thu tiền,dimension,count;count_distinct,biz,
silver,finance_allocated_revenue,is_soc,boolean,1,,,Cho biết giao dịch thu tiền có phải thuộc loại SOC (Service Order Contract) hay không.,True,False,finance,có phải SOC;SOC flag;is_soc;đánh dấu SOC;trạng thái SOC;SOC indicator;liệu là SOC;SOC status;giao dịch SOC;SOC,dimension,count;count_distinct,biz,'False'
silver,finance_allocated_revenue,payment_stage,varchar,1,,,"Giai đoạn thanh toán (Hóa đơn, Tạm tính, Giảm trừ, Đối soát).",True,False,finance,giai đoạn thanh toán;trạng thái thanh toán;công đoạn thu tiền;cấp độ thanh toán;giai đoạn thu tiền;payment stage;payment status;collection stage;cash collection phase;payment phase,dimension,count;count_distinct,biz,'Tạm tính'
silver,finance_allocated_revenue,presale_name,varchar,1,,,Tên người phụ trách giai đoạn tiền bán của giao dịch thu tiền.,True,False,sales,tên presale;tên người tiền bán;người phụ trách tiền bán;presale name;pre-sales representative;pre-sales person;presale staff;presale owner;ai là người presale;who is the presale,dimension,count;count_distinct,biz,
silver,finance_allocated_revenue,product_category,varchar,1,,,Loại danh mục sản phẩm mà khoản thu tiền mặt thuộc.,True,False,finance,loại sản phẩm;product category;danh mục sản phẩm;product type;nhóm sản phẩm;product group;phân loại sản phẩm;category of product;loại hàng;product line,dimension,count;count_distinct,biz,'VAPT (Pentest)' ; 'Tư vấn' ; 'VCS-aJiant' ; 'Redteam' ; 'VCS-TI' ; 'VCS-CyCir' ; 'MSS' ; 'VCS-AMA' ; 'VCS-CyM' ; 'Threat Hunting' ; 'VCS-NSM' ; 'VCS-KIAN' ; 'SI' ; 'Cloudrity' ; 'AntiDDos' ; 'Infrastructure Audit' ; 'Dịch vụ chuyên nghiệp khác' ; 'Khác' ; 'VCS-WSG' ; 'VCS-NAC' ; 'M-Suite' ; 'VCS-F2DR' ; 'Purple Team Service' ; 'Diễn tập' ; 'VCS-InT' ; 'VCS-ESG' ; 'CA' ; 'VCS-NDR'
silver,finance_allocated_revenue,product_growth_type,varchar,1,,,"Loại hình tăng trưởng (Mới, Tái tục, Bán thêm/Upsell).",True,False,sales,Mới;New;First time;Launch;Tái tục;Renewal;Gia hạn;Renewed;Bán thêm/Upsell;Upsell;Cross-sell;Add-on,dimension,count;count_distinct,biz,'N/A'
silver,finance_allocated_revenue,product_service_group,varchar,1,,,Nhóm sản phẩm hoặc dịch vụ mà giao dịch thu tiền thuộc về.,True,False,product,nhóm sản phẩm;nhóm dịch vụ;product service group;product group;service group;product category;service category;phân loại sản phẩm;phân loại dịch vụ;product line,dimension,count;count_distinct,biz,'New' ; 'Upsale' ; 'N/A' ; 'Renewal' ; 'SI' ; 'Renew' ; '' ; 'Upsales' ; 'Incident' ; 'Dependent'
silver,finance_allocated_revenue,report_date,timestamp(3),0,,,Ngày mà dữ liệu thu tiền được báo cáo trong hệ thống.,True,True,finance,ngày báo cáo;ngày ghi nhận;ngày thu tiền;ngày lập báo cáo;ngày giao dịch;report date;reporting date;transaction date;collection date;date,time,none,biz,
silver,finance_allocated_revenue,revenue_amount,"decimal(18,2)",0,,,Số tiền doanh thu/thu tiền (trước thuế).,True,True,finance,doanh thu;số tiền thu;tiền thu;giá trị doanh thu;revenue amount;revenue;sales revenue;cash collected;total revenue;total cash collected,metric,sum;avg;min;max,biz,
silver,finance_allocated_revenue,revenue_type,varchar,1,,,Loại doanh thu mô tả cách thức hoặc nguồn thu nhập của giao dịch thu tiền.,True,False,finance,loại doanh thu;kiểu doanh thu;revenue type;type of revenue;dòng doanh thu;revenue category;phân loại doanh thu;revenue classification;kiểu thu nhập,dimension,count;count_distinct,biz,'FORECAST'
silver,finance_allocated_revenue,customer_segment_l1,varchar,1,,,Mức phân khúc cấp 1 của khách hàng hoặc giao dịch trong báo cáo thu tiền.,True,True,finance,phân khúc cấp 1;segment L1;segment level 1;segment tier 1;đoạn thị trường cấp 1;business segment;customer segment;segment;segment level one;phân khúc doanh nghiệp,dimension,count;count_distinct,biz,'Khách hàng ngoài' ; 'Nội bộ' ; 'International' ; 'Bộ Quốc phòng'
silver,finance_allocated_revenue,customer_segment_l3,varchar,1,,,"Phân khúc khách hàng chi tiết (BFSI, GOV, Manufacturing...).",True,True,sales,phân khúc L3;segment L3;segment level 3;cấp độ phân khúc 3;sub‑segment 3;phân khúc chi tiết;segment tier 3;segment classification;segment third level;phân khúc cấp 3,dimension,count;count_distinct,biz,'BFSI' ; 'DNL' ; 'GOV' ; 'UNKNOWN' ; 'Energy' ; 'Unname' ; 'Province'
silver,finance_allocated_revenue,business_unit_level_1,varchar,1,,,"Các trung tâm, đơn vị cấp 1 trong cấu trúc tổ chức, Đơn vị kinh doanh (BU) cấp cao nhất chịu trách nhiệm.",True,False,finance,đơn vị cấp 1;cấp độ đơn vị 1;đơn vị tổ chức cấp 1;unit level 1;first level unit;top-level unit;business unit level 1;primary unit;đơn vị cấp cao nhất;cấp độ tổ chức 1,dimension,count;count_distinct,biz,'N/A'
silver,finance_allocated_revenue,vat,"decimal(18,2)",1,,,Số tiền thuế giá trị gia tăng tương ứng.,True,False,finance,thuế VAT;giá trị gia tăng;VAT amount;tax amount;value added tax;tiền thuế;VAT;thuế GTGT;VAT collected;tiền thuế VAT,metric,sum;avg;min;max,biz,0
silver,finance_allocated_revenue,territory_name,varchar,1,,,Tên khu vực/lãnh thổ địa lý liên quan đến doanh thu này,True,True,sales,tên khu vực;vùng bán hàng;khu vực;địa bàn;miền;territory name;region;sales region;geographic area;area name,dimension,count;count_distinct,biz,'Miền Bắc' ; 'Miền Nam' ; 'Philippines' ; 'Japan' ; 'Global Sale'
silver,finance_cost_plan,cost_code,varchar,0,,,Mã định danh cho từng loại chi phí trong kế hoạch tài chính.,True,False,finance,mã chi phí;cost code;mã chi;cost identifier;mã loại chi phí;cost category code;mã chi phí dự kiến;planned cost code;chi phí code;cost ID,dimension,count;count_distinct,biz,
silver,finance_cost_plan,cost_group,varchar,0,,,Nhóm chi phí mà doanh nghiệp phân loại các khoản chi theo mục đích hoặc loại hình.,True,True,finance,nhóm chi phí;cost group;phân loại chi phí;cost category;loại chi phí;expense group;nhóm chi phí dự kiến;cost grouping;phân nhóm chi phí;expense category,dimension,count;count_distinct,biz,"'Chi phí khấu hao tài sản cố định' ; 'Chi phí sản xuất trực tiếp' ; 'Giá vốn hàng bán, vật tư phát triển thuê bao' ; 'Chi phí bản quyền' ; 'Chi phí thuê kênh' ; 'Chi phí chăm sóc khách hàng' ; 'Chi phí quảng cáo truyền thông, tài trợ' ; 'Chi phí bán hàng' ; 'Chi phí huấn luyện, đào tạo' ; 'Chi phí chung, thường xuyên' ; 'OS phục vụ kinh doanh' ; 'OS Phục vụ Nội bộ' ; 'Chi phí hoạt động tài chính' ; 'Thuế, phí và các khoản phải nộp cho nhà nước' ; 'Chi phí trích lập dự phòng' ; 'Chi phí bảo hành' ; 'Chi phí Chia sẻ' ; 'Chi phí đặc thù, khác' ; 'Chi phí kết nối' ; 'Chi phí mua nội dung, sản xuất chương trình' ; 'Chi phí nội bộ' ; 'Chi phí quỹ khoa học công nghệ' ; 'Chi phí vận hành khai thác' ; 'OS Khách hàng Bộ Quốc phòng'"
silver,finance_cost_plan,currency_code,varchar,0,,,Mã tiền tệ sử dụng trong bản kế hoạch (thường chuẩn hóa về VND).,True,False,finance,mã tiền tệ;đơn vị tiền tệ;loại tiền tệ;tiền tệ;currency code;currency;currency type;currency symbol;đơn vị tiền tệ của chi phí;currency used in cost plan,dimension,count;count_distinct,biz,'VND'
silver,finance_cost_plan,expected_cost_value,"decimal(18,2)",0,,,Chi phí dự kiến cho từng mục chi phí trong kế hoạch tài chính.,True,True,finance,chi phí dự kiến;expected cost;budgeted cost;chi phí ước tính;estimated cost;planned expense;chi phí dự tính;cost forecast;chi phí dự kiến trong kế hoạch;forecasted cost,metric,sum;avg;min;max,biz,
silver,finance_cost_plan,plan_date,timestamp(3),0,,,Ngày dự kiến thực hiện chi phí trong kế hoạch tài chính.,True,False,finance,ngày kế hoạch;ngày dự kiến;ngày lập kế hoạch;plan date;planned date;budget date;cost plan date;ngày chi phí dự kiến;when is the cost planned;ngày dự trù,time,none,biz,
silver,finance_product_revenue_plan,product_category_code,varchar,0,,,Mã loại sản phẩm/dịch vụ,True,False,finance,mã danh mục sản phẩm dịch vụ;product category code,dimension,count;count_distinct,biz,
silver,finance_product_revenue_plan,currency_code,varchar,0,,,Mã tiền tệ của bản kế hoạch (thường là VND).,True,False,finance,mã tiền tệ;currency;đơn vị tiền tệ;currency code;đơn vị tiền;tiền tệ;currency abbreviation;loại tiền;plan currency;đơn vị tiền của kế hoạch,dimension,count;count_distinct,biz,'VND'
silver,finance_product_revenue_plan,plan_date,timestamp(3),0,,,Kỳ kế hoạch doanh thu (Tháng/Quý/Năm).,True,True,finance,ngày kế hoạch;plan date;ngày dự kiến;planned date;ngày lập kế hoạch;date of plan;ngày dự tính;forecast date;ngày dự báo;date,time,none,biz,
silver,finance_product_revenue_plan,plan_must_amount,"decimal(18,2)",0,,,Doanh thu kế hoạch MUST tối thiểu bắt buộc phải đạt được theo từng sản phẩm/dịch vụ,True,True,finance,doanh thu dự kiến bắt buộc;doanh thu mục tiêu tối thiểu;kế hoạch doanh thu bắt buộc;doanh thu phải đạt;mandatory revenue plan;required revenue target;must revenue;planned mandatory revenue,metric,sum;avg;min;max,biz,
silver,finance_product_revenue_plan,plan_nice_amount,"decimal(18,2)",0,,,Doanh thu kế hoạch NICE mục tiêu kỳ vọng (Stretch Goal) theo từng sản phẩm/dịch vụ,True,False,finance,kế hoạch doanh thu;doanh thu dự kiến;số tiền dự kiến;plan_nice;plan revenue;estimated revenue;budgeted revenue;revenue forecast;doanh thu kế hoạch;planned revenue,metric,sum;avg;min;max,biz,
silver,finance_product_revenue_plan,product_group,varchar,0,,,"Phân nhóm chiến lược của sản phẩm (SOC, Telecom Security...).",True,False,product,nhóm sản phẩm;product group;loại sản phẩm;product category;phân nhóm sản phẩm;product segment;nhóm hàng;product line;phân khúc sản phẩm;product group name,dimension,count;count_distinct,biz,"'HST SOC (Sản phẩm, dịch vụ thuộc HST Soc)' ; 'PROFESSIONAL SERVICE (Dịch vụ ATTT chuyên sâu)' ; 'SPDV MỚI' ; 'TELECOM SECURITY (SP An ninh Viễn thông)'"
silver,finance_product_revenue_plan,product_name,varchar,0,,,Tên chi tiết của sản phẩm/dịch vụ mục tiêu.,True,True,product,Tên sản phẩm;Product name;Tên mặt hàng;Product;Tên SP;Tên hàng;Tên sản phẩm trong kế hoạch;Product identifier,dimension,count;count_distinct,biz,'MSS' ; 'VCS-CyM' ; 'VCS-CyCir' ; ...
silver,finance_production_cost_allocations,base_currency_amount,"decimal(18,2)",0,,,"Giá trị chi phí đã phân bổ, quy đổi về đồng tiền cơ sở (VND).",True,True,finance,số tiền cơ sở;giá trị tiền tệ gốc;base currency amount;amount in base currency;giá trị cơ sở;base currency value;tiền tính bằng đồng gốc;total amount in base currency;original currency amount;local currency amount,metric,sum;avg;min;max,biz,
silver,finance_production_cost_allocations,product_category_code,varchar,0,,,Mã loại sản phẩm/dịch vụ,True,False,finance,mã danh mục sản phẩm dịch vụ;product category code,dimension,count;count_distinct,biz,
silver,finance_production_cost_allocations,cost_group,varchar,1,,,"Nhóm tính chất chi phí (Nhân công trực tiếp, Khấu hao, Chi phí quản lý phân bổ...).",True,True,finance,nhóm chi phí;cost group;nhóm chi;phân loại chi phí;cost category;nhóm chi tiêu;expense group;phân nhóm chi phí;cost grouping,dimension,count;count_distinct,biz,"'Chi phí Nhân công & OS trực tiếp' ; 'Chi phí OS kinh doanh' ; 'Chi phí khấu hao tài sản cố định' ; 'Chi phí tài nguyên, CCDC phục vụ sản xuất' ; 'Chi phí phục vụ bán hàng phân bổ' ; 'Chi phí quản lý, chung thường xuyên phân bổ' ; 'Chi phí phân bổ khác' ; 'Chi phí phần cứng, phần mềm mua/thuê ngoài'"
silver,finance_production_cost_allocations,currency_code,varchar,1,,,Mã tiền tệ gốc của giao dịch trước khi quy đổi.,True,False,finance,Mã tiền tệ;Currency code;Mã tiền;Currency;Mã tiền tệ ISO;ISO currency code;Mã tiền tệ trong báo cáo;Report currency code,dimension,count;count_distinct,biz,'VND'
silver,finance_production_cost_allocations,expense_code,varchar,1,,,Mã định danh cụ thể cho khoản mục chi phí sản xuất.,True,False,finance,mã chi phí;expense code;mã khoản chi;expense identifier;mã chi tiêu;expense category code;code chi phí;chi phí code;expense classification;mã phân loại chi phí,dimension,count;count_distinct,biz,
silver,finance_production_cost_allocations,market_name,varchar,1,,,"Tên phân khúc thị trường chịu phí (Miền Bắc, Miền Nam, Quốc tế...).",True,False,finance,tên thị trường;thị trường;khu vực thị trường;địa điểm thị trường;market name;market;sales market;market segment;thị trường bán hàng;market used in cost allocation,dimension,count;count_distinct,biz,'Miền bắc' ; 'Miền nam'
silver,finance_production_cost_allocations,report_date,timestamp(3),1,,,Kỳ báo cáo ghi nhận việc phân bổ chi phí.,True,False,finance,ngày báo cáo;report date;ngày ghi nhận;reporting date;ngày thống kê;date of report;thời gian báo cáo;date;thời điểm báo cáo;reporting period date,time,none,biz,
silver,finance_production_cost_allocations,territory_name,varchar,1,,,Tên khu vực địa lý cụ thể phát sinh hoặc nhận phân bổ chi phí.,True,False,finance,tên khu vực;territory name;region name;khu vực bán hàng;area name;địa bàn;geographic territory;sales territory;vùng địa lý;region,dimension,count;count_distinct,biz,'Miền bắc' ; 'Miền nam'
silver,finance_revenue_plan,currency_code,varchar,1,,,Mã tiền tệ của bản kế hoạch (thường chuẩn hóa về VND).,True,False,finance,"mã tiền tệ;đơn vị tiền tệ;loại tiền tệ;currency code;currency;đơn vị tiền tệ (USD, VND);mã tiền tệ (USD);currency symbol;tiền tệ;currency",dimension,count;count_distinct,biz,'VND'
silver,finance_revenue_plan,plan_date,timestamp(3),1,,,Kỳ kế hoạch áp dụng các chỉ tiêu doanh thu.,True,True,finance,ngày kế hoạch;plan date;ngày dự kiến;planned date;ngày lập kế hoạch;date of plan;ngày dự báo;forecast date;ngày dự tính;estimated date,time,none,biz,
silver,finance_revenue_plan,plan_must_amount,"decimal(18,2)",1,,,Mục tiêu doanh thu MUST (tối thiểu) phải đạt trong kỳ.,True,True,finance,doanh thu mục tiêu bắt buộc;doanh thu phải đạt;kế hoạch doanh thu bắt buộc;plan must revenue;must revenue;target revenue;mandatory revenue;revenue must;doanh thu dự kiến bắt buộc;revenue target (must),metric,sum;avg;min;max,biz,
silver,finance_revenue_plan,plan_nice_amount,"decimal(18,2)",1,,,Mục tiêu doanh thu NICE kỳ vọng cao hơn MUST hoặc thử thách (Stretch Goal).,True,False,finance,doanh thu dự kiến;kế hoạch doanh thu;dự toán doanh thu;doanh thu NICE;kế hoạch NICE;planned revenue;revenue forecast;NICE revenue plan;projected revenue;plan_nice,metric,sum;avg;min;max,biz,
silver,finance_revenue_plan,plan_viettel_group_amount,"decimal(18,2)",1,,,Mục tiêu doanh thu TARGET do tập đoàn Viettel giao chỉ tiêu,True,False,finance,kế hoạch doanh thu Viettel Group;dự kiến doanh thu Viettel;plan_viettel_group;Viettel group revenue plan;planned revenue for Viettel;Viettel revenue forecast;doanh thu dự kiến Viettel;Viettel revenue target;bao nhiêu doanh thu dự kiến cho Viettel;Viettel group plan amount,metric,sum;avg;min;max,biz,
silver,finance_revenue_plan,customer_segment_l1,varchar,1,,,"Phân khúc khách hàng cấp cao nhất (Nội bộ, Bên ngoài, Quốc tế...).",True,True,sales,phân khúc cấp 1;segment L1;segment cấp 1;segment level 1;primary segment;first level segment;segment category;nhóm phân khúc;segment group;segment level one,dimension,count;count_distinct,biz,'Khác' ; 'Khách hàng ngoài' ; 'Bộ quốc phòng' ; 'Nội bộ' ; 'International'
silver,finance_revenue_plan,customer_segment_l1_alias,varchar,1,,,Tên gọi chuẩn hóa của phân khúc L1 dùng để hiển thị trên báo cáo.,True,False,sales,phân khúc cấp 1; tên phân khúc cấp 1; segment L1; segment level 1 alias; segment L1 name; first level segment; segment category; segment level 1; segment alias; segment name,dimension,count;count_distinct,biz,
silver,finance_revenue_plan,customer_segment_l2,varchar,1,,,"Phân khúc khách hàng chi tiết hơn (SI nội bộ, SI ngoài, Direct...).",True,True,finance,phân khúc cấp 2;segment cấp 2;segment l2;segment level 2;sub‑segment;nhóm phụ;segment con;secondary segment;segment phụ;segment level two,dimension,count;count_distinct,biz,'N/A' ; 'Khách hàng ngoài' ; 'Khách hàng SI ngoài' ; 'Khách hàng SI nội bộ' ; 'Direct / Local Channel' ; 'Viettel Global Partner' ; 'Khách hàng nội bộ'
silver,finance_fact_ratios,report_date,timestamp(3),0,,,Ngày chốt dữ liệu chỉ số (thường là ngày cuối tháng hoặc cuối quý).,True,True,time,,time,none,biz,
silver,finance_fact_ratios,metric_code,varchar,1,1.0,,"Mã định danh rút gọn của chỉ số (Ví dụ: ROE, ROS, CURRENT_RATIO).",True,True,finance,metric_code; metric_id; indicator_code; kpi_code; code; mã chỉ số;mã KPI;mã metric,dimension,count;count_distinct,biz,'CURRENT_RATIO' ; 'DEBT_TO_EQUITY' ; 'ROE'
silver,finance_fact_ratios,metric_name,varchar,1,,,Tên đầy đủ mang tính diễn giải của chỉ số (Ví dụ: Tỷ suất lợi nhuận trên vốn chủ sở hữu).,True,False,finance,metric_name; metric ; indicator_name ; kpi_name ; name ; tên chỉ số ; tên KPI ; tên metric; chỉ số,dimension,count;count_distinct,biz,'Hệ số thanh toán hiện thời' ; 'Hệ số nợ trên vốn chủ sở hữu (D/E)' ; 'ROE'
silver,finance_fact_ratios,metric_value,"decimal(18,4)",1,,,Giá trị thực tế của chỉ số tại thời điểm báo cáo (có thể âm/dương),True,True,finance,metric_value; value; metric_result ; kpi_value ; indicator_value; result ; số liệu ; giá trị ; kết quả ; số đo,metric,sum;avg;min;max,biz,-0.0532 ; -0.0377
silver,jira_msn,assignee,varchar,1,,,Tên đăng nhập (username) của người chịu trách nhiệm thực hiện.,True,False,product,người được giao việc;người thực hiện;người chịu trách nhiệm;assignee;assigned to;owner;task owner;person responsible;ai được giao;who is assigned,dimension,count;count_distinct,jira,
silver,jira_msn,created,date,1,,,Ngày tạo phiếu yêu cầu trên hệ thống.,True,False,product,ngày tạo;ngày khởi tạo;ngày mở ticket;ngày tạo issue;creation date;created date;issue created;ticket created;date created;when was the issue created,time,none,jira,
silver,jira_msn,department_center,varchar,1,,,Trung tâm hoặc phòng ban quản lý công việc này.,True,False,product,phòng ban; bộ phận; đơn vị; trung tâm; đơn vị chịu trách nhiệm; department; center; department center; cost center; business unit,dimension,count;count_distinct,jira,'TTSP Enterprise' ; 'TT Giám sát & PƯKGM' ; 'TT Dịch vụ ATTT' ; 'TT Sản phẩm TELCO' ; 'Trung tâm PTCSNC' ; 'TT KD & DV miền Nam' ; 'TTSX & CNTT'
silver,jira_msn,duedate,date,1,,,Hạn chót (Deadline) phải hoàn thành công việc.,True,False,product,ngày hết hạn;hạn chót;ngày đáo hạn;deadline;ngày hoàn thành dự kiến;khi nào phải hoàn thành;due date;target completion date;expected finish date,time,none,jira,
silver,jira_msn,key,varchar,1,,,(Primary Key) Mã định danh duy nhất của ticket (Ví dụ: IT-123).,True,False,product,mã công việc;issue key;ticket ID;khóa Jira;Jira key;ID công việc;issue ID;task key;Mã issue;Mã ticket,id,count_distinct,jira,
silver,jira_msn,projectkey,varchar,1,,,"Mã dự án chứa ticket này (Ví dụ: MASS09, TI18).",True,False,product,mã dự án;khóa dự án;project key;project code;project identifier;project ID;key dự án;projectkey;project key JIRA;project key trong JIRA,dimension,count;count_distinct,jira,
silver,jira_msn,start_date,date,1,,,Ngày bắt đầu thực hiện nhiệm vụ thực tế.,True,False,product,ngày bắt đầu;ngày khởi động;ngày bắt đầu công việc;ngày bắt đầu task;ngày bắt đầu issue;start date;begin date;task start date;issue start date;project start date,time,none,jira,
silver,jira_msn,status,varchar,1,,,"Trạng thái hiện tại của quy trình (TODO, In Progress, Done, Hủy, ...).",True,False,product,trạng thái; t tình trạng; tình hình công việc; status; issue status; ticket status; current state; workflow state; tình trạng issue; trạng thái công việc,dimension,count;count_distinct,jira,'TODO' ; 'Failed' ; 'Done' ; 'IN PROGRESS' ; 'Hoàn thành. ĐX đóng' ; 'ĐX Hủy' ; 'ĐX chuyển'
silver,jira_msn,summary,varchar,1,,,Tiêu đề hoặc tóm tắt nội dung chính của nhiệm vụ.,True,False,product,tiêu đề; tóm tắt; mô tả ngắn; tên công việc; tên issue; summary; title; issue summary; task title; description,dimension,count;count_distinct,jira,'Cộng đồng ISAC VIệt Nam' ; ...
silver,jira_msn,task_type,varchar,1,,,"Phân loại nhiệm vụ theo mục tiêu (BSC, Chỉ tiêu điều hành, Team).",True,False,product,loại công việc;kiểu nhiệm vụ;task type;issue type;loại task;dạng công việc;type công việc;category of work;type of issue;what is the task type,dimension,count;count_distinct,jira,'MSN Team' ; 'Công ty giao - Chỉ tiêu điều hành' ; 'Theo luồng BSC' ; nan
silver,jira_msn,updated,date,1,,,Ngày có sự thay đổi thông tin cuối cùng trên ticket.,True,False,product,ngày cập nhật;thời gian cập nhật;last updated;update date;ngày sửa đổi;thời điểm sửa đổi;when was the issue updated;ngày thay đổi;thời gian thay đổi;updated timestamp,time,none,jira,
silver,jira_task_operation,assignee,varchar,1,,,Username của người nhận và chịu trách nhiệm thực hiện.,True,False,product,người được giao;assignee;người thực hiện;assigned to;task owner;người chịu trách nhiệm;responsible person;ai được giao;who is assigned;người nhận việc,dimension,count;count_distinct,jira,
silver,jira_task_operation,assignor,varchar,1,,,Người chịu trách nhiệm giao nhiệm vụ trong hệ thống JIRA.,True,False,product,người giao;người chỉ định;người phân công;assignor;assigner;task assigner;person who assigned;người giao task;ai giao issue;who assigned the issue,dimension,count;count_distinct,jira,
silver,jira_task_operation,created,date,1,,,Ngày khởi tạo nhiệm vụ trên hệ thống.,True,False,product,ngày tạo;thời gian tạo;creation date;date created;ngày khởi tạo;thời điểm tạo;when created;when the task was created;ngày mở,time,none,jira,
silver,jira_task_operation,department_center,varchar,1,,,Trung tâm hoặc bộ phận chịu trách nhiệm thực hiện công việc trong Jira.,True,False,operations,phòng ban;đơn vị;trung tâm;bộ phận;đơn vị chịu trách nhiệm;department;center;business unit;cost center;team;task department,dimension,count;count_distinct,jira,'P.CX; TTSP Telco; TT TI; TTDVATTT' ; 'TTKDMB' ; 'TTKDMB; TTSP Enterprise' ; ...
silver,jira_task_operation,due_date,date,1,,,Hạn chót phải hoàn thành nhiệm vụ theo kế hoạch.,True,False,product,ngày hết hạn;deadline;due date;ngày đáo hạn;hạn chót;hạn cuối;ngày hoàn thành dự kiến;expected completion date;target date;ngày kết thúc,time,none,jira,
silver,jira_task_operation,issue_type,varchar,1,,,"Loại issue (ví dụ: Bug, Task, Story) trong hệ thống Jira.",True,False,product,loại issue;kiểu issue;loại công việc;kiểu ticket;issue type;ticket type;task type;Jira issue type;kiểu vấn đề trong Jira;type of issue,dimension,count;count_distinct,jira,'Task' ; 'Epic' ; 'Story'
silver,jira_task_operation,key,varchar,1,,,(Primary Key) Mã định danh duy nhất của ticket công việc.,True,False,product,mã công việc;mã task;task key;issue key;Jira key;ticket ID;issue ID;ID công việc;mã Jira;số ticket,id,count_distinct,jira,
silver,jira_task_operation,priority,varchar,1,,,"Mức độ ưu tiên (Critical, High, Medium, Low).",True,False,product,độ ưu tiên; mức độ ưu tiên; cấp độ ưu tiên; độ quan trọng; priority; task priority; urgency; importance level; mức độ khẩn cấp; importance,dimension,count;count_distinct,jira,'Medium' ; 'Critcal' ; 'Low' ; 'High' ; 'Highest'
silver,jira_task_operation,start_date,date,1,,,Ngày thực tế bắt đầu triển khai nhiệm vụ.,True,False,product,ngày bắt đầu;ngày khởi tạo;ngày bắt đầu công việc;ngày bắt đầu task;ngày bắt đầu issue;start date;task start date;issue start date;begin date;date started,time,none,jira,'2025-11-14' ; '2025-12-05' ; '2026-01-14' ; ...
silver,jira_task_operation,status,varchar,1,,,Trạng thái hiện tại của công việc trong Jira.,True,False,product,trạng thái; t tình trạng; tình trạng công việc; tình trạng nhiệm vụ; status; task status; issue status; ticket state; current status; trạng thái hiện tại,dimension,count;count_distinct,jira,'Hoàn thành. ĐX đóng' ; 'Done' ; 'OVERDUE' ; 'TO DO' ; 'ĐX chuyển' ; 'ĐX Hủy' ; 'IN PROGRESS' ; 'Pending'
silver,jira_task_operation,summary,varchar,1,,,Tiêu đề ngắn mô tả nội dung nhiệm vụ.,True,False,product,tóm tắt;tiêu đề;tên công việc;mô tả ngắn;đề mục;summary;title;task description;issue summary;brief description,dimension,count;count_distinct,jira,
silver,jira_task_operation,updated,date,1,,,Ngày cập nhật trạng thái hoặc nội dung cuối cùng.,True,False,product,ngày cập nhật;thời gian cập nhật;ngày sửa đổi;ngày thay đổi;thời điểm cập nhật;last updated;update date;modified date;timestamp;when was it updated,time,none,jira,
silver,jira_task_operation,work_group,varchar,1,,,"Nhóm nghiệp vụ cụ thể xử lý task (KLGB, CVCT, EAT...).",True,False,product,nhóm công việc;work group;đơn vị thực hiện;assigned group;team;bộ phận làm việc;nhóm thực hiện;department;group responsible;team nào,dimension,count;count_distinct,jira,'KLGB' ; 'CVCT' ; 'EAT' ; 'Others'
silver,noc_entities,customer,varchar,1,,,Tên khách hàng hoặc đối tác sở hữu/sử dụng tài nguyên.,True,False,crm,khách hàng; tên khách hàng; đối tác; công ty khách; client; customer; client name; customer name; ai là khách hàng,dimension,count;count_distinct,noc,'vts_socp2' ; 'viettel' ; 'vtnet-dr' ; ...
silver,noc_entities,host,varchar,1,,,(Key) Tên máy chủ hoặc định danh thiết bị mạng.,True,False,network,host;hostname;tên máy;tên host;địa chỉ host;máy chủ;server name;machine name;hostname of device;máy nào,dimension,count;count_distinct,noc,
silver,noc_entities,project,varchar,1,,,Tên dự án hoặc chiến dịch mà tài nguyên này phục vụ.,True,False,product,dự án;tên dự án;project;project name;công việc;tên công việc;initiative;program;dự án liên quan;project identifier,dimension,count;count_distinct,noc,
silver,noc_metrics,agg_type,varchar,1,,,"Cách thức tổng hợp dữ liệu (Min, Max, Mean, Last).",True,False,operations,loại tổng hợp;kiểu tổng hợp;phương pháp tính;cách tính;aggregation type;agg type;aggregation method;metric aggregation;kiểu agg;cách tổng hợp,dimension,count;count_distinct,noc,'max' ; 'mean' ; 'min' ; 'last'
silver,noc_metrics,customer,varchar,1,,,Khách hàng liên quan đến lưu lượng/tài nguyên đo được.,True,False,crm,khách hàng;customer;tên khách hàng;client;đối tác;account;người dùng;user;tên khách hàng;customer name,dimension,count;count_distinct,noc,'vtdc' ; 'pjico' ; 'soccloud' ; ...
silver,noc_metrics,dt,date,1,,,Ngày ghi nhận dữ liệu (phục vụ phân vùng dữ liệu).,True,False,operations,ngày;ngày ghi nhận;ngày dữ liệu;ngày thống kê;ngày metric;date;record date;metric date;day;ngày nào,time,none,noc,
silver,noc_metrics,host,varchar,1,,,Tên máy chủ phát sinh chỉ số đo lường.,True,False,it,host;hostname;máy chủ;địa chỉ máy chủ;tên host;tên máy chủ;server;machine name;máy nào;server name,dimension,count;count_distinct,noc,
silver,noc_metrics,metric_name,varchar,1,,,"Tên chỉ số đo lường (CPU, RAM, Disk IO, Network...).",True,False,operations,Tên chỉ số;Metric name;Tên KPI;Indicator name;Tên chỉ báo;Tên đo lường;Tên chỉ số hiệu suất;Performance metric name;Tên metric;Metric identifier,dimension,count;count_distinct,noc,'disk_used_percent' ; 'disk_project_io_util' ; 'net_customer_util' ; 'mem_usage_average' ; 'free_space_capacity' ; 'cpu_usage_average'
silver,noc_metrics,metric_time,varchar,1,,,Thời gian ghi nhận giá trị metric trong hệ thống NOC.,True,False,operations,thời gian metric;thời gian ghi nhận;thời gian đo lường;thời điểm thu thập dữ liệu;thời gian thu thập;metric time;measurement time;recorded time;data collection time;when was the metric recorded,time,none,noc,
silver,noc_metrics,metric_ts,bigint,1,,,(Time Key) Timestamp ghi nhận chỉ số (độ chính xác cao).,True,False,operations,thời gian metric;metric timestamp;thời điểm ghi nhận;metric_ts;metric time;thời gian thu thập;timestamp;thời gian đo lường;metric thời gian,time,none,noc,
silver,noc_metrics,metric_value,double,1,,,(Metric) Giá trị đo lường thực tế của chỉ số.,True,False,noc,giá trị chỉ số;giá trị metric;metric value;value of metric;độ đo;số liệu chỉ số;số đo;metric amount;value;số lượng metric,metric,sum;avg;min;max,noc,
silver,noc_metrics,project,varchar,1,,,Dự án liên quan đến chỉ số hiệu suất này.,True,False,product,dự án;tên dự án;project;project name;project code;tên project;project ID;tên dự án nào;which project;project identifier,dimension,count;count_distinct,noc,'datamining' ; 'siem' ; 'nsm' ; ...
silver,hr_employee_onboard,employee_code,varchar,1,1.0,,Mã nhân viên,True,True,HR,"emp_id,staff_id",dimension,,hr,001971 ; 004043 ; 008360 ; ...
silver,hr_employee_onboard,full_name,varchar,1,,,Họ và tên nhân viên,True,True,HR,"name,employee_name",dimension,,hr,
silver,hr_employee_onboard,current_status,varchar,1,,,Trạng thái hiện tại của nhân viên,True,False,HR,status,dimension,,hr,'Active' ; 'Deactive' ; 'Nghỉ việc (out chủ động)' ; 'Nghỉ việc (Fresher/SV/CTV)'
silver,hr_employee_onboard,recruitment_status,varchar,1,,,Trạng thái tuyển dụng,True,True,HR,hiring_status,dimension,,hr,'' ; 'Tuyển mới' ; 'SV lên'
silver,hr_employee_onboard,employee_type,varchar,1,,,Loại nhân viên (FT/PT/Contract),True,False,HR,emp_type,dimension,,hr,'TDS' ; 'NDS' ; 'CTV' ; 'OS' ; 'Fresher' ; 'SV' ; 'HDDV' ; 'IS'
silver,hr_employee_onboard,contract_company_independent,varchar,1,,,Loại hợp đồng công ty,True,False,HR,contract_type,dimension,,hr,'VCS' ; 'Nhân Kiệt' ; 'TDS' ; 'OS VTIT' ; 'VTIT' ; 'NK' ; 'HDDV' ; 'NMS' ; 'Revotech' ; '1Tek' ; 'Sonat' ; 'GEM'
silver,hr_employee_onboard,branch,varchar,1,,,Chi nhánh làm việc,True,False,HR,location,dimension,,hr,'VCS - HN' ; 'VCS - HCM' ; 'VCS - Philippine' ; 'VCS - Janpa'
silver,hr_employee_onboard,division,varchar,1,,,Khối/Division,True,False,HR,business_division,dimension,,hr,'Khối Cơ quan' ; 'Khối Lãnh đạo' ; 'Khối Kinh doanh' ; 'Khối Sản phẩm' ; 'Khối Dịch vụ' ; ''
silver,hr_employee_onboard,business_unit_level_1,varchar,1,,,Đơn vị kinh doanh cấp 1,True,True,HR,bu,dimension,,hr,'Phòng Chính trị Nhân sự' ; 'Ban Giám đốc' ; 'Văn phòng' ; 'Trung tâm Kinh doanh Miền Bắc' ; 'Ban Kiểm soát' ; 'Phòng Tài chính Kế toán' ; 'Trung tâm Sản phẩm Telco' ; 'Phòng Đầu tư' ; 'Phòng Hợp tác SI' ; 'Trung tâm Dịch vụ An toàn Thông tin' ; 'Trung tâm Sản phẩm Enterprise' ; 'Trung tâm Sản xuất và Công nghệ Thông tin' ; 'Phòng Trải nghiệm khách hàng' ; 'Phòng Kinh doanh Quốc tế' ; 'Trung tâm Kinh doanh và Dịch vụ miền Nam' ; 'Phòng Chiến lược Kinh doanh' ; 'Chương trình Đào tạo'
silver,hr_employee_onboard,department_level_2,varchar,1,,,Phòng ban cấp 2,True,True,HR,dept_lvl2,dimension,,hr,'BP. Chính trị Truyền thông' ; 'Thủ trưởng đơn vị' ; 'Lãnh đạo phòng' ; ...
silver,hr_employee_onboard,role_base,varchar,1,,,Vai trò công việc,True,True,HR,role,dimension,,hr,'Trợ lý Chính trị' ; 'Phó Giám đốc' ; 'Phó Chánh Văn phòng' ; ...
silver,hr_employee_onboard,job_level,varchar,1,,,Cấp bậc công việc,True,True,HR,level,dimension,,hr,'Experienced' ; 'Quản lý' ; 'Senior' ; 'Specialist' ; 'Expert' ; 'Junior' ; 'CTV' ; 'OS' ; 'Entry' ; 'Fresher' ; 'SV' ; 'IS'
silver,hr_employee_onboard,technical_grade_band,varchar,1,,,Ngạch kỹ thuật,True,False,HR,grade_band,dimension,,hr,
silver,hr_employee_onboard,technical_grade_level,integer,1,,,Cấp kỹ thuật (số),True,False,HR,grade_level,measure,"AVG,MAX",hr,3 ; 0 ; 2 ; 1
silver,hr_employee_onboard,management_level,varchar,1,,,Cấp quản lý,True,False,HR,mgmt_level,dimension,,hr,'' ; 'N' ; 'N-1' ; 'N-2'
silver,hr_employee_onboard,hire_date,date,1,,,Ngày vào công ty,True,False,HR,start_date,dimension,,hr,
silver,hr_employee_onboard,termination_date,date,1,,,Ngày nghỉ việc,True,False,HR,end_date,dimension,,hr,
silver,hr_employee_onboard,gender,varchar,1,,,Giới tính,True,False,HR,sex,dimension,,hr,'Nữ' ; 'Nam'
silver,hr_employee_onboard,pr_q1_2024,double,1,,,Performance rating Q1 2024,True,False,HR,perf_q1_2024,measure,AVG,hr,
silver,hr_employee_onboard,pr_q2_2024,double,1,,,Performance rating Q2 2024,True,False,HR,perf_q2_2024,measure,AVG,hr,
silver,hr_employee_onboard,pr_q3_2024,double,1,,,Performance rating Q3 2024,True,False,HR,perf_q3_2024,measure,AVG,hr,
silver,hr_employee_onboard,pr_q4_2024,double,1,,,Performance rating Q4 2024,True,False,HR,perf_q4_2024,measure,AVG,hr,
silver,hr_employee_onboard,pr_q1_2025,double,1,,,Performance rating Q1 2025,True,False,HR,perf_q1_2025,measure,AVG,hr,
silver,hr_employee_onboard,pr_q2_2025,double,1,,,Performance rating Q2 2025,True,False,HR,perf_q2_2025,measure,AVG,hr,
silver,hr_employee_onboard,pr_q3_2025,double,1,,,Performance rating Q3 2025,True,False,HR,perf_q3_2025,measure,AVG,hr,
silver,hr_employee_onboard,achievement_title_2024,varchar,1,,,Danh hiệu năm 2024,True,False,HR,award_2024,dimension,,hr,'' ; 'LĐTT' ; 'CSTĐ'
silver,hr_employee_onboard,talent_group,varchar,1,,,Nhóm nhân tài,True,False,HR,talent,dimension,,hr,'' ; 'Stars' ; 'High Performers' ; 'Core Players' ; 'Disfuntional Geniuses' ; 'Up/ Out Dilemmas' ; 'High Potentials' ; 'Workhorses' ; 'Up/Out Grinders' ; 'Bad hires'
silver,hr_employee_onboard,performance_level,varchar,1,,,Mức hiệu suất,True,False,HR,perf_level,dimension,,hr,'LOW' ; 'HIGH' ; 'MEDIUM'
silver,hr_employee_onboard,potential_level,varchar,1,,,Mức tiềm năng,True,False,HR,potential,dimension,,hr,'LOW' ; 'HIGH' ; 'MEDIUM'
silver,hr_employee_onboard,is_new_hire,varchar,1,,,Có phải nhân viên mới,True,False,HR,new_hire_flag,dimension,,hr,
silver,hr_employee_onboard,age,integer,1,,,Tuổi,True,False,HR,employee_age,measure,AVG,hr,
silver,hr_employee_onboard,age_group,varchar,1,,,Nhóm tuổi,True,False,HR,age_band,dimension,,hr,
silver,hr_employee_onboard,department_level_3,varchar,1,,,Phòng ban cấp 3,True,False,HR,dept_lvl3,dimension,,hr,"'' ; 'BP. Dịch vụ Redteam' ; 'EDR' ; 'Threat Radar' ; 'TNXH' ; 'TI Products' ; 'WAAP' ; 'BP. Dịch vụ Pentest' ; 'BP. Dịch vụ Infrastructure' ; 'TML, LIG, TAD' ; 'TAS' ; 'VCS-F2DR' ; 'AI LAB' ; 'Playbook Content'"
silver,hr_employee_onboard,key_core_group,integer,1,,,Nhóm nhân sự cốt lõi,True,False,HR,core_group,measure,COUNT,hr,
silver,hr_employee_onboard,is_key_employee,integer,1,,,Có phải nhân sự chủ chốt,True,False,HR,key_flag,measure,SUM,hr,
silver,hr_employee_onboard,employee_criticality_level,varchar,1,,,Mức độ quan trọng nhân sự,True,False,HR,criticality,dimension,,hr,'NON_CRITICAL' ; 'KEY'
silver,hr_employee_resigned,employee_code,varchar,1,,,Mã nhân viên,True,False,HR,"emp_id,staff_id",dimension,,hr,017061 ; 147113 ; 206302 ; ...
silver,hr_employee_resigned,full_name,varchar,1,,,Họ và tên nhân viên,True,False,HR,name,dimension,,hr,
silver,hr_employee_resigned,current_status,varchar,1,,,Trạng thái hiện tại,True,False,HR,status,dimension,,hr,'Deactive' ; 'Nghỉ việc (out chủ động)' ; 'Đang xin nghỉ' ; 'Nghỉ việc (Fresher/SV/CTV)'
silver,hr_employee_resigned,recruitment_status,varchar,1,,,Trạng thái tuyển dụng,True,False,HR,hiring_status,dimension,,hr,'' ; 'Tuyển mới'
silver,hr_employee_resigned,employee_type,varchar,1,,,Loại nhân viên,True,False,HR,emp_type,dimension,,hr,'TDS' ; 'NDS' ; 'SV' ; 'CTV' ; 'Fresher'
silver,hr_employee_resigned,contract_company_independent,varchar,1,,,Loại hợp đồng,True,False,HR,contract_type,dimension,,hr,'VCS' ; 'TDS' ; 'VTIT' ; 'Nhân Kiệt' ; 'NK' ; 'HDDV'
silver,hr_employee_resigned,branch,varchar,1,,,Chi nhánh,True,False,HR,location,dimension,,hr,'VCS - HN' ; 'VCS - HCM'
silver,hr_employee_resigned,division,varchar,1,,,Khối/Division,True,False,HR,business_division,dimension,,hr,'Khối Cơ quan' ; 'Khối Dịch vụ' ; 'Khối Sản phẩm' ; 'Khối Kinh doanh' ; ''
silver,hr_employee_resigned,business_unit_level_1,varchar,1,,,BU cấp 1,True,False,HR,bu,dimension,,hr,'Phòng Chính trị Nhân sự' ; 'Trung tâm Dịch vụ An toàn Thông tin' ; 'Trung tâm Sản phẩm Enterprise' ; 'Trung tâm Kinh doanh Miền Bắc' ; 'Trung tâm Sản phẩm Telco' ; 'Phòng Trải nghiệm khách hàng' ; 'Trung tâm Sản xuất và Công nghệ Thông tin' ; 'Chương trình Đào tạo' ; 'Văn phòng'
silver,hr_employee_resigned,department_level_2,varchar,1,,,Phòng ban cấp 2,True,False,HR,dept_lvl2,dimension,,hr,'BP. Chính trị Truyền thông' ; 'Ban Giám đốc Trung tâm' ; 'Dự án EDR (SOC v2)' ; 'Phòng Khách hàng lớn' ; 'Hệ sinh thái sản phẩm mảng Fraud' ; 'BP. Quản lý chất lượng' ; 'BP. Vận hành khai thác NOC - FO' ; 'BP. Xử lý sự cố' ; 'BP. Kiểm định chất lượng' ; 'Dự án SOC Platform (SOC v2)' ; 'BP. Vận hành' ; 'BP. Phát triển phần mềm' ; '' ; 'BP. Kế hoạch và Văn thư' ; 'BP. SOC-Autonomous' ; 'Phòng Điều hành dự án và Hỗ trợ kinh doanh' ; 'Phòng Nghiên cứu chuyên sâu' ; 'BP. Vận hành khai thác NOC - BO' ; 'Phòng Dịch vụ An toàn Thông tin' ; 'BP. SOC Manager'
silver,hr_employee_resigned,department_n_3,varchar,1,,,Phòng ban cấp 3,True,False,HR,dept_lvl3,dimension,,hr,
silver,hr_employee_resigned,role_base,varchar,1,,,Vai trò công việc,True,False,HR,role,dimension,,hr,'Trợ lý Chính trị' ; 'Phó Giám đốc Trung tâm' ; 'Technical Leader' ; 'Dev Core Agent' ; 'AM unnamed account' ; 'Business Analyst' ; 'Quality Assurance' ; 'FO' ; 'Cyber Incident Responder' ; 'Security Tester' ; 'Tester' ; 'Trưởng ca' ; 'UI/UX Designer' ; 'Project Manager' ; 'Intern' ; 'Kế hoạch quản trị' ; 'AI Engineer' ; 'Data Analyst' ; 'IC' ; 'Security Researcher' ; 'SRE_BO ứng dụng' ; 'Pentest' ; 'GS ATTT Tier 1' ; 'SOC Manager' ; 'Dev Backend' ; 'SV' ; 'Incident Response' ; 'AI LAB'
silver,hr_employee_resigned,job_level,varchar,1,,,Cấp bậc công việc,True,False,HR,level,dimension,,hr,'Experienced' ; 'Quản lý' ; 'Specialist' ; 'Senior' ; 'Junior' ; 'Entry' ; 'SV' ; 'CTV' ; 'Fresher'
silver,hr_employee_resigned,region,varchar,1,,,Khu vực,True,False,HR,geo_region,dimension,,hr,'' ; 'Vùng 2' ; 0 ; 'Vùng 1' ; 'Vùng 3'
silver,hr_employee_resigned,management_level,varchar,1,,,Cấp quản lý,True,False,HR,mgmt_level,dimension,,hr,'' ; 'N-1'
silver,hr_employee_resigned,hire_date,date,1,,,Ngày vào công ty,True,False,HR,start_date,dimension,,hr,
silver,hr_employee_resigned,hire_date_vcs,date,1,,,Ngày vào VCS,True,False,HR,internal_start_date,dimension,,hr,
silver,hr_employee_resigned,termination_date,date,1,,,Ngày nghỉ việc,True,False,HR,end_date,dimension,,hr,
silver,hr_employee_resigned,date_of_birth,date,1,,,Ngày sinh,True,False,HR,dob,dimension,,hr,
silver,hr_employee_resigned,gender,varchar,1,,,Giới tính,True,False,HR,sex,dimension,,hr,'Nam' ; 'Nữ'
silver,hr_employee_resigned,seniority_group,varchar,1,,,Phân nhóm nhân viên theo số năm gắn bó (Thâm niên).,True,False,HR,seniority_band,dimension,,hr,'1-2 năm' ; 'Trên 10 năm' ; '3-5 năm' ; 'Dưới 6 tháng' ; '2-3 năm' ; '6 tháng - 1 năm'
silver,hr_employee_resigned,pr_q1_2024,double,1,,,Performance Q1 2024,True,False,HR,perf_q1_2024,measure,AVG,hr,
silver,hr_employee_resigned,pr_q2_2024,double,1,,,Performance Q2 2024,True,False,HR,perf_q2_2024,measure,AVG,hr,
silver,hr_employee_resigned,pr_q3_2024,double,1,,,Performance Q3 2024,True,False,HR,perf_q3_2024,measure,AVG,hr,
silver,hr_employee_resigned,pr_q4_2024,double,1,,,Performance Q4 2024,True,False,HR,perf_q4_2024,measure,AVG,hr,
silver,hr_employee_resigned,pr_q1_2025,double,1,,,Performance Q1 2025,True,False,HR,perf_q1_2025,measure,AVG,hr,
silver,hr_employee_resigned,pr_q2_2025,double,1,,,Performance Q2 2025,True,False,HR,perf_q2_2025,measure,AVG,hr,
silver,hr_employee_resigned,achievement_2024,varchar,1,,,Thành tích 2024,True,False,HR,award_2024,dimension,,hr,'' ; 'LĐTT'
silver,hr_employee_resigned,talent_9box_group,varchar,1,,,Vị trí của nhân sự trong ma trận tài năng 9 ô.,True,False,HR,talent_group,dimension,,hr,'' ; 'High Performers' ; 'Core Players' ; 'High Potentials' ; 'Bad hires'
silver,hr_employee_resigned,performance_level,varchar,1,,,Mức hiệu suất,True,False,HR,perf_level,dimension,,hr,'LOW' ; 'HIGH' ; 'MEDIUM'
silver,hr_employee_resigned,potential_level,varchar,1,,,Mức tiềm năng,True,False,HR,potential,dimension,,hr,'LOW' ; 'MEDIUM' ; 'HIGH'
silver,hr_employee_resigned,leave_status,varchar,1,,,Trạng thái nghỉ việc,True,False,HR,exit_status,dimension,,hr,'' ; 'Nghỉ việc (out chủ động)' ; 'Nghỉ việc (Fresher/SV/CTV)'
silver,hr_employee_resigned,resignation_reason_level_1,varchar,1,,,"Nhóm lý do nghỉ việc chính (Cá nhân, Môi trường, Lương thưởng...).",True,False,HR,exit_reason1,dimension,,hr,'' ; 'Không gian phát triển' ; 'Cá nhân' ; 'Fresher/SV/CTV nghỉ việc' ; 'Điều kiện làm việc' ; 'Tính chất công việc' ; 'Chế độ đãi ngộ'
silver,hr_employee_resigned,resignation_reason_level_2,varchar,1,,,Lý do nghỉ cấp 2,True,False,HR,exit_reason2,dimension,,hr,'' ; 'Cá nhân' ; 'Chế độ đãi ngộ'
silver,hr_employee_resigned,resignation_reason_detail,varchar,1,,,Chi tiết lý do nghỉ,True,False,HR,exit_detail,dimension,,hr,
silver,hr_employee_resigned,next_workplace_score,double,1,,,Điểm đánh giá vị thế của công ty/nơi làm việc tiếp theo.,True,False,HR,next_company_score,measure,AVG,hr,
silver,hr_employee_resigned,employment_status,varchar,1,,,Trạng thái lao động,True,False,HR,emp_status,dimension,,hr,'INACTIVE' ; 'TERMINATED' ; 'PENDING_RESIGN'
silver,hr_employee_resigned,termination_reason,varchar,1,,,Lý do nghỉ việc tổng hợp,True,False,HR,exit_reason,dimension,,hr,'RESIGN_VOLUNTARY' ; 'INTERN_END'
silver,hr_employee_resigned,is_key_employee,integer,1,,,Nhân sự chủ chốt,True,False,HR,key_flag,measure,SUM,hr,0 ; 1
silver,hr_employee_resigned,is_high_potential,integer,1,,,Đánh dấu nhân sự thuộc nhóm tiềm năng cao (HiPo).,True,False,HR,hipo_flag,measure,SUM,hr,0
silver,hr_employee_headcount,headcount_plan,varchar,1,,,Phân loại dòng dữ liệu là Kế hoạch (Plan) hay Thực tế (Actual).,True,False,HR,headcount_plan,dimension,,hr,'ĐB 2026' ; 'NĐB 2026'
silver,hr_employee_headcount,headcount_status,varchar,1,,,"Trạng thái của vị trí trong định biên (Open: Đang trống, Filled: Đã có người).",True,False,HR,status,dimension,,hr,'Hiện có' ; 'Tuyển thay thế' ; 'Tuyển mới'
silver,hr_employee_headcount,division_n,varchar,1,,,Khối / Division,True,False,HR,business_division,dimension,,hr,'Khối Lãnh đạo' ; 'Khối Cơ quan' ; 'Khối Dịch vụ' ; 'Khối Kinh doanh' ; 'Khối Sản phẩm' ; 'Chương trình Đào tạo'
silver,hr_employee_headcount,unit_n_1,varchar,1,,,Đơn vị cấp 1,True,False,HR,unit,dimension,,hr,'Ban Giám đốc' ; 'Ban Kiểm soát' ; 'Phòng Chính trị Nhân sự' ; 'Phòng Đầu tư' ; 'Phòng Tài chính Kế toán' ; 'Phòng Trải nghiệm khách hàng' ; 'Văn phòng' ; 'Trung tâm Dịch vụ An toàn Thông tin' ; 'Phòng Chiến lược Kinh doanh' ; 'Phòng Hợp tác SI' ; 'Phòng Kinh doanh Quốc tế' ; 'Trung tâm Kinh doanh Miền Bắc' ; 'Trung tâm Kinh doanh và Dịch vụ miền Nam' ; 'Trung tâm Quốc phòng An ninh' ; 'Trung tâm Sản phẩm Enterprise' ; 'Trung tâm Sản phẩm Telco' ; 'Trung tâm Sản xuất và Công nghệ Thông tin' ; 'Chương trình Đào tạo'
silver,hr_employee_headcount,department_n_2,varchar,1,,,Phòng ban cấp 2,True,False,HR,dept_lvl2,dimension,,hr,'Thủ trưởng đơn vị' ; 'Lãnh đạo Ban' ; 'BP. Chính trị Truyền thông' ; ...
silver,hr_employee_headcount,department_n_3,varchar,1,,,Phòng ban cấp 3,True,False,HR,dept_lvl3,dimension,,hr,'' ; 'BP. Dịch vụ Infrastructure' ; 'BP. Dịch vụ Pentest' ; ...
silver,hr_employee_headcount,role_base,varchar,1,,,Vai trò công việc,True,False,HR,role,dimension,,hr,'Giám đốc' ; 'Phó Giám đốc' ; 'Trưởng Ban Kiểm soát' ; ...
silver,hr_employee_headcount,specialization,varchar,1,,,Chuyên môn hoặc kỹ năng yêu cầu cho vị trí này.,True,False,HR,specialty,dimension,,hr,'' ; 'IC - Event' ; 'IC - Content' ; ...
silver,hr_employee_headcount,required_level,varchar,1,,,Cấp bậc (Seniority) yêu cầu cho vị trí định biên.,True,False,HR,required_level,dimension,,hr,'N' ; 'N-1' ; 'Experienced' ; 'Senior' ; 'CTV' ; 'Junior' ; 'IS' ; 'OS' ; '' ; 'N-2' ; 'Expert' ; 'Entry' ; 'SV' ; 'Fresher' ; 'Specialist'
silver,hr_employee_headcount,position_status,varchar,1,,,Trạng thái vị trí,True,False,HR,position_status,dimension,,hr,'Đang làm việc' ; 'Trống' ; 'Đang xin nghỉ'
silver,hr_employee_headcount,full_name,varchar,1,,,Họ và tên nhân viên,True,False,HR,name,dimension,,hr,'Nguyễn Sơn Hải' ; 'Trần Anh Quân' ; 'Nguyễn Anh Tuấn' ; ...
silver,hr_employee_headcount,employee_code,varchar,1,,,Mã nhân viên (chỉ có giá trị nếu vị trí đã được Filled).,True,False,HR,emp_id,dimension,,hr,
silver,hr_employee_headcount,employee_object,varchar,1,,,Đối tượng nhân viên,True,False,HR,emp_obj,dimension,,hr,'TDS' ; 'NDS' ; '' ; 'CTV' ; 'OS' ; 'SV' ; 'Fresher' ; 'IS' ; 'HDDV'
silver,hr_employee_headcount,contract_type,varchar,1,,,Loại hợp đồng,True,False,HR,contract_type,dimension,,hr,'VCS' ; 'Nhân Kiệt' ; '' ; '1Tek' ; 'VTIT' ; 'OS VTIT' ; 'Sonat' ; 'NMS' ; 'HDDV' ; 'Revotech' ; 'GEM'
silver,hr_employee_headcount,hire_date_vcs,date,1,,,Ngày vào VCS,True,False,HR,start_date,dimension,,hr,'2014-09-01' ; '2017-06-01' ; '2014-10-13' ; ...
silver,hr_employee_headcount,level,varchar,1,,,Cấp bậc nhân viên,True,False,HR,level,dimension,,hr,'Quản lý' ; 'Experienced' ; '' ; 'Senior' ; 'CTV' ; 'Entry' ; 'Junior' ; 'IS' ; 'OS' ; 'Specialist' ; 'Expert' ; 'SV' ; 'Fresher'
silver,hr_employee_headcount,region,varchar,1,,,Khu vực làm việc,True,False,HR,geo_region,dimension,,hr,0 ; 'Vùng 2' ; '' ; 'Vùng 3' ; 'Vùng 1'
silver,hr_employee_headcount,management_level,varchar,1,,,Cấp quản lý,True,False,HR,mgmt_level,dimension,,hr,'N' ; 'N-1' ; 0 ; '' ; 'N-2'
silver,hr_employee_headcount,branch,varchar,1,,,Chi nhánh làm việc,True,False,HR,location,dimension,,hr,'VCS - HN' ; '' ; 'VCS - HCM' ; 'VCS - Janpa' ; 'VCS - Philippine'
silver,hr_employee_headcount,business_email,varchar,1,,,Email công việc,True,False,HR,work_email,dimension,,hr,
silver,hr_employee_headcount,job_framework_position,varchar,1,,,Vị trí job framework,True,False,HR,job_framework_pos,dimension,,hr,'Mức 1_ Nhóm Lõi' ; '' ; 'Mức 2_ Nhóm Khung' ; 'Tiềm năng quy hoạch'
silver,hr_employee_headcount,job_framework_position_2,varchar,1,,,Vị trí job framework 2,True,False,HR,job_framework_pos2,dimension,,hr,'x' ; '' ; ''
silver,hr_employee_headcount,service_group,varchar,1,,,Nhóm dịch vụ hoặc mảng nghiệp vụ mà vị trí này hỗ trợ.,True,False,HR,service_group,dimension,,hr,"'' ; 'Infrastructure Audit' ; 'Pentest_HN' ; 'Redteam' ; 'Security Researcher' ; 'MSS_HN' ; 'Threat Hunting_HN' ; 'Incident Response_HN' ; 'VCS-TI' ; 'TNXH_Threat Radar' ; 'Tư vấn' ; 'SI Products' ; 'Pentest_HCM' ; 'Incident Response_HCM' ; 'MSS_HCM' ; 'Threat Hunting_HCM' ; 'QPAN' ; 'Consolidate Platform' ; 'VCS-aJiant' ; 'SOC1 (VCS-CyM, VCS-NDR)' ; 'SOC2 (VCS-CyCir, SOC Platform)' ; 'TAS (Telco Authen Service)' ; 'VCS-F2DR' ; 'Telco_Pool chung' ; 'TNXH_Lá chắn số' ; 'TML, LIG, BRG, TAD' ; 'WAAP Solution' ; 'Telco_Vận hành Dịch vụ Mass'"
silver,hr_employee_headcount,service_group_new,varchar,1,,,Nhóm dịch vụ mới,True,False,HR,service_group_new,dimension,,hr,'' ; 'TNXH_Threat Radar' ; 'SI Products' ; 'QPAN' ; 'Consolidate Platform' ; 'TNXH_Lá chắn số'
silver,hr_employee_headcount,is_ai_group,integer,1,,,Đánh dấu vị trí thuộc nhóm phát triển trí tuệ nhân tạo (AI).,True,False,HR,ai_flag,dimension,,hr,
silver,hr_employee_headcount,is_ai_org,integer,1,,,Tổ chức AI,True,False,HR,ai_org_flag,dimension,,hr,
silver,hr_employee_headcount,is_philippines_japan_market,integer,1,,,Thị trường Philippines/Japan,True,False,HR,ph_jp_market,dimension,,hr,
silver,hr_employee_headcount,is_domestic_business,integer,1,,,Kinh doanh nội địa,True,False,HR,domestic_business,dimension,,hr,
silver,hr_employee_headcount,is_international_business,integer,1,,,Đánh dấu vị trí phục vụ thị trường quốc tế.,True,False,HR,intl_business,dimension,,hr,
silver,hr_employee_headcount,is_rnd,integer,1,,,Đánh dấu vị trí thuộc khối Nghiên cứu và Phát triển (R&D).,True,False,HR,rnd_flag,dimension,,hr,
silver,hr_employee_headcount,is_indirect_group,integer,1,,,Nhóm gián tiếp,True,False,HR,indirect_group,dimension,,hr,
silver,hr_employee_headcount,is_business_support,integer,1,,,Nhóm hỗ trợ kinh doanh,True,False,HR,business_support,dimension,,hr,
gold,company_contacts,company_id,varchar,0,,,Mã định danh duy nhất của công ty trong hệ thống CRM.,True,False,crm,Mã công ty;Company ID;Mã định danh công ty;Company Key;Mã khách hàng;Customer ID;Mã doanh nghiệp;Enterprise Key;Company Identifier,id,count_distinct,crm,
gold,company_contacts,company_name,varchar,0,,,Tên công ty mà liên hệ thuộc về trong hệ thống CRM.,True,False,crm,tên công ty;company name;tên doanh nghiệp;company;tên công ty khách hàng;customer company name;tên công ty liên hệ;company's name;Tên công ty trong CRM;company title,dimension,count;count_distinct,crm,
gold,company_contacts,created_at,timestamp(3),0,,,Thời điểm mà bản ghi liên hệ công ty được tạo trong hệ thống.,True,False,crm,ngày tạo;thời gian tạo;thời điểm tạo;ngày ghi nhận;thời gian ghi nhận;creation date;created timestamp;record creation time;date created;khi nào được tạo,time,none,crm,
gold,company_contacts,contact_name,varchar,1,,,Tên hiển thị của liên hệ trong hệ thống CRM.,True,False,crm,tên hiển thị;display name;tên liên hệ;contact name;tên đầy đủ;full name;Tên người liên hệ;person name;Tên trên giao diện;displayed name,dimension,count;count_distinct,crm,
gold,company_contacts,email,varchar,1,,,Địa chỉ email của liên hệ công ty.,True,False,crm,email;địa chỉ email;email liên hệ;contact email;địa chỉ thư điện tử;email của công ty;email address;địa chỉ email công ty;email người liên hệ;email field,dimension,count;count_distinct,crm,
gold,company_contacts,source_contact_id,varchar,0,1.0,,Mã định danh duy nhất của liên hệ trong hệ thống nguồn.,True,False,crm,ID nguồn liên hệ;Mã nguồn liên hệ;Source Contact ID;External Contact ID;Mã liên hệ từ hệ thống nguồn;Contact ID from source;Mã khách hàng nguồn;Source ID;ID liên hệ nguồn;Contact source identifier,id,count_distinct,crm,
gold,company_contacts,source_system,varchar,1,,,Hệ thống nguồn mà thông tin liên hệ được lấy về.,True,False,crm,hệ thống nguồn;nguồn hệ thống;nguồn dữ liệu;hệ thống gốc;hệ thống tạo liên hệ;source system;origin system;source application;originating system;source platform,dimension,count;count_distinct,crm,cso ; crm
gold,company_contacts,updated_at,timestamp(3),0,,,Thời điểm cuối cùng mà thông tin liên hệ công ty được cập nhật.,True,False,crm,thời gian cập nhật;ngày cập nhật;thời điểm cập nhật;cập nhật lúc;thời gian sửa đổi;last updated;update timestamp;modified at;record updated time;khi nào được cập nhật,time,none,crm,
gold,crm_contract_allocations,am_username,varchar,1,,,Tên đăng nhập của người quản lý tài khoản chịu trách nhiệm hợp đồng.,True,False,crm,tên đăng nhập AM;account manager username;AM username;tên người quản lý tài khoản;username của người bán;người phụ trách hợp đồng;sales rep username;who is the account manager,dimension,count;count_distinct,crm,
gold,crm_contract_allocations,company_alias,varchar,1,,,Tên viết tắt hoặc biệt danh của khách hàng (company) trong hệ thống CRM.,True,False,crm,bí danh công ty;company alias;tên viết tắt công ty;company short name;tên ngắn gọn công ty;company nickname;tên thay thế công ty;company alternative name;tên công ty (alias);company name alias,dimension,count;count_distinct,crm,
gold,crm_contract_allocations,company_id,varchar,1,1.0,,Mã định danh duy nhất của khách hàng công ty liên quan đến hợp đồng trong CRM.,True,False,crm,Mã công ty;Company ID;ID công ty;Company Code;Mã khách hàng;Company Identifier;Mã doanh nghiệp;Company key;Mã công ty trong CRM;Company identifier,id,count_distinct,crm,
gold,crm_contract_allocations,company_name,varchar,1,,,Tên đầy đủ về công ty của khách hàng liên quan đến hợp đồng.,True,False,crm,Tên công ty;Company name;Tên doanh nghiệp;Tên khách hàng;Tên công ty trong hợp đồng;Company;Tên công ty (client);Tên công ty (partner),dimension,count;count_distinct,crm,
gold,crm_contract_allocations,contract_id,bigint,0,1.0,,Mã định danh duy nhất của hợp đồng trong hệ thống CRM.,True,False,crm,Mã hợp đồng;Contract ID;Mã số hợp đồng;Contract identifier;ID hợp đồng;Contract number;Số hợp đồng;Mã hợp đồng CRM;Contract key;Mã hợp đồng duy nhất,id,count_distinct,crm,
gold,crm_contract_allocations,created_at,timestamp(3),0,,,Ngày tạo bản ghi phân bổ hợp đồng trong CRM.,True,False,crm,ngày tạo;thời gian tạo;ngày ghi nhận;ngày khởi tạo;thời điểm tạo;creation date;record creation date;date created;when was the record created,time,none,crm,
gold,crm_contract_allocations,currency_code,varchar,1,,,Mã tiền tệ được sử dụng cho hợp đồng trong hệ thống CRM.,True,False,finance,"Mã tiền tệ;Currency code;Mã tiền tệ hợp đồng;Currency;Tiền tệ;Mã tiền tệ giao dịch;Currency abbreviation;Mã tiền tệ (USD, VND);Tiền tệ trong hợp đồng;Currency symbol",dimension,count;count_distinct,crm,
gold,crm_contract_allocations,customer_group,varchar,1,,,Nhóm khách hàng theo mức độ ưu tiên,True,False,crm,nhóm khách hàng;customer group;phân khúc khách hàng;customer segment;loại khách hàng;customer type;phân loại khách hàng;customer classification;customer group name;nhóm khách hàng CRM,dimension,count;count_distinct,crm,'VVIP' ; 'VIP' ; 'Growth' ; 'Standard'
gold,crm_contract_allocations,customer_segment_l1,varchar,1,,,"Phân khúc cấp 1 của khách hàng, mô tả nhóm khách hàng chính dựa trên tiêu chí phân loại doanh nghiệp.",True,False,crm,phân khúc khách hàng cấp 1;customer segment level 1;đoạn khách hàng L1;primary customer segment;customer tier;nhóm khách hàng chính;customer segment;phân khúc L1;customer group level 1;loại khách hàng,dimension,count;count_distinct,crm,Khách hàng ngoài ; Nội bộ ; International ; Bộ Quốc phòng
gold,crm_contract_allocations,customer_segment_l2,varchar,1,,,"Phân khúc cấp 2 của khách hàng, mô tả nhóm chi tiết trong hệ thống CRM.",True,False,crm,phân khúc khách hàng cấp 2;customer segment level 2;customer sub‑segment;sub segment;segment 2;customer tier 2;phân khúc phụ;customer segment L2;segment khách hàng cấp 2;customer segment L2,dimension,count;count_distinct,crm,Khách hàng ngoài ; Khách hàng nội bộ ; Viettel Global Partner ; None ; Direct / Local Channel ; Khách hàng SI ngoài ; Khách hàng SI nội bộ
gold,crm_contract_allocations,customer_segment_l3,varchar,1,,,"Phân khúc khách hàng cấp 3, dùng để nhóm khách hàng theo tiêu chí chi tiết nhất trong hệ thống CRM.",True,False,crm,phân khúc khách hàng cấp 3;customer segment level 3;segment L3;khách hàng phân khúc L3;customer segment tier 3;phân khúc khách hàng mức 3;customer classification level 3;segment khách hàng cấp ba,dimension,count;count_distinct,crm,BFSI ; DNL ; GOV ; None ; Unname ; Province ; Energy
gold,crm_contract_allocations,days_since_last_update,integer,1,,,Số ngày đã trôi qua kể từ khi bản ghi hợp đồng được cập nhật lần cuối.,True,False,crm,số ngày kể từ lần cập nhật cuối;days since last update;days since last modified;khoảng cách thời gian cập nhật cuối;thời gian kể từ cập nhật cuối;time since last change;số ngày sau cập nhật cuối;days since last change,metric,sum;avg;min;max,crm,
gold,crm_contract_allocations,deal_id,varchar,0,1.0,,Mã định danh duy nhất của giao dịch (deal) trong hệ thống CRM.,True,False,crm,Mã giao dịch;Deal ID;Mã deal;Mã cơ hội;Opportunity ID;Mã cơ hội bán hàng;Deal code;Mã giao dịch bán hàng;Deal identifier,id,count_distinct,crm,
gold,crm_contract_allocations,deal_name,varchar,0,,,Tên của giao dịch hoặc cơ hội bán hàng trong hệ thống CRM.,True,False,crm,tên giao dịch;deal name;Tên hợp đồng;contract name;Tên cơ hội bán hàng;opportunity name;Tên deal;sales deal name;Tên thỏa thuận;agreement name,dimension,count;count_distinct,crm,
gold,crm_contract_allocations,deal_stage_name,varchar,0,,,Tên giai đoạn của giao dịch trong quy trình bán hàng.,True,False,crm,giai đoạn giao dịch; tên giai đoạn; deal stage; stage name; giai đoạn bán hàng; trạng thái giao dịch; sales stage; stage of deal; tên giai đoạn bán hàng; deal pipeline stage,dimension,count;count_distinct,crm,signed / ký hợp đồng
gold,crm_contract_allocations,deployment_type,varchar,1,,,"Kiểu triển khai của hợp đồng, mô tả cách thức cung cấp sản phẩm hoặc dịch vụ cho khách hàng.",True,False,crm,kiểu triển khai;loại triển khai;phương thức triển khai;hình thức triển khai;deployment type;implementation type;deployment method;deployment mode;cách triển khai;cách cung cấp dịch vụ,dimension,count;count_distinct,crm,Service ; None ; Standalone ;
gold,crm_contract_allocations,due_date,date,1,,,Ngày đáo hạn của hợp đồng hoặc giai đoạn thanh toán.,True,False,crm,ngày đáo hạn;due date;ngày hết hạn;payment due date;ngày đến hạn;deadline;ngày thanh toán;hạn thanh toán;ngày chốt hợp đồng,time,,crm,
gold,crm_contract_allocations,fac_date,date,1,,,Ngày mà hợp đồng được phân bổ cho khách hàng hoặc đơn vị kinh doanh.,True,False,crm,ngày phân bổ;ngày ghi nhận phân bổ;ngày giao dịch;allocation date;contract allocation date;fac date;date of allocation;date of contract allocation;when was the contract allocated,time,none,crm,
gold,crm_contract_allocations,first_payment_date,date,1,,,Ngày khách hàng thực hiện thanh toán đầu tiên cho hợp đồng.,True,False,crm,ngày thanh toán đầu tiên;ngày trả tiền đầu;ngày nhận tiền đầu;first payment date;initial payment date;date of first payment;first payment day;khi nào khách hàng trả tiền lần đầu,time,none,crm,
gold,crm_contract_allocations,id,varchar,1,1.0,,Mã định danh duy nhất của bản ghi phân bổ hợp đồng trong CRM.,True,False,crm,ID;Mã ID;Mã bản ghi;Record ID;Identifier;Mã phân bổ hợp đồng;Contract allocation ID;Mã hợp đồng phân bổ;Unique identifier;Mã duy nhất,id,count_distinct,crm,
gold,crm_contract_allocations,invoice_activation_date,date,1,,,Ngày mà hoá đơn bắt đầu có hiệu lực và được kích hoạt.,True,False,crm,ngày kích hoạt hoá đơn; ngày bắt đầu hoá đơn; ngày hiệu lực hoá đơn; invoice activation date; invoice start date; invoice effective date; ngày kích hoạt invoice; ngày start invoice; ngày hoá đơn có hiệu lực; activation date of invoice,time,none,crm,
gold,crm_contract_allocations,is_recurring,varchar,1,,,Cho biết hợp đồng có tính chất định kỳ (có thu nhập lặp lại) hay không.,True,False,crm,hợp đồng định kỳ;có tính định kỳ;có tính lặp lại;định kỳ hay không;recurring contract;is recurring;subscription flag;recurring;có tái ký;có tái tạo,dimension,count;count_distinct,crm,false ; true ; None
gold,crm_contract_allocations,period_index,integer,1,,,"Chỉ số thứ tự của kỳ hợp đồng, xác định vị trí tuần tự của mỗi kỳ trong chuỗi hợp đồng.",True,False,crm,chỉ số kỳ; số thứ tự ký; period index; period number; ký hợp đồng; contract period index; ký thứ bao nhiêu; order of period; period sequence; số ký,dimension,count;count_distinct,crm,
gold,crm_contract_allocations,period_name,varchar,1,,,"Tên kỳ thời gian của hợp đồng, dùng để phân biệt các giai đoạn thanh toán hoặc cung cấp.",True,False,crm,Tên kỳ;Period name;Tên giai đoạn;Contract period name;Tên kỳ hợp đồng;Period label;Tên chu kỳ;Billing period name;Tên thời gian;Period,dimension,count;count_distinct,crm,month
gold,crm_contract_allocations,period_number,integer,1,,,Số thứ tự của kỳ thanh toán trong hợp đồng phân bổ.,True,False,crm,số kỳ;period number;installment number;contract period number;period index;kỳ thanh toán;kỳ hợp đồng;period sequence;sequence number of period;period order,dimension,count;count_distinct,crm,
gold,crm_contract_allocations,period_value,"decimal(18,2)",1,,,Giá trị tiền tệ của kỳ hợp đồng được phân bổ.,True,False,crm,giá trị kỳ;giá trị giai đoạn;giá trị hợp đồng;tiền kỳ;period value;period amount;contract period amount;allocation value;period monetary value;value for the period,metric,sum;avg;min;max,crm,
gold,crm_contract_allocations,pricebook_id,varchar,1,1.0,,Mã định danh của bảng giá được áp dụng cho hợp đồng.,True,False,crm,pricebook_id;Mã bảng giá;ID bảng giá;pricebook ID;price book identifier;price list ID;Mã định danh bảng giá;pricebook identifier;Mã giá;price list identifier,id,count_distinct,crm,
gold,crm_contract_allocations,product_category,varchar,0,,,Danh mục sản phẩm được phân bổ trong hợp đồng khách hàng.,True,False,crm,danh mục sản phẩm;loại sản phẩm;product category;product type;phân loại sản phẩm;product group;nhóm sản phẩm;product classification;phân khúc sản phẩm,dimension,count;count_distinct,crm,VAPT (Pentest) ; Tư vấn ; VCS-aJiant ; Redteam ; VCS-TI ; VCS-CyCir ; MSS ; VCS-AMA ; VCS-CyM ; Threat Hunting ; VCS-NSM ; VCS-KIAN ; Cloudrity ; AntiDDos ; Infrastructure Audit ; Dịch vụ chuyên nghiệp khác ; Khác ; VCS-WSG ; VCS-NAC ; SI ; M-Suite ; VCS-InT ; VCS-ESG ; CA ; VCS-NDR ; VCS-F2DR ; Purple Team Service ; Diễn tập
gold,crm_contract_allocations,product_category_index,varchar,1,,,Mã chỉ số của danh mục sản phẩm trong hợp đồng.,True,False,crm,chỉ số danh mục sản phẩm;product category index;mã danh mục sản phẩm;product category code;category index;product group index;mã nhóm sản phẩm;product category identifier;chỉ số nhóm sản phẩm,dimension,count;count_distinct,crm,
gold,crm_contract_allocations,product_description,varchar,1,,,Mô tả chi tiết về sản phẩm trong hợp đồng.,True,False,crm,Mô tả sản phẩm;Product description;Chi tiết sản phẩm;Product details;Tên sản phẩm;Product name;Thông tin sản phẩm;Product info;Mô tả hàng hoá;Product info,dimension,count;count_distinct,crm,
gold,crm_contract_allocations,product_index,varchar,1,,,Mã hoặc chỉ số duy nhất dùng để nhận dạng sản phẩm trong hợp đồng.,True,False,crm,mã sản phẩm;product code;product index;chỉ số sản phẩm;product identifier;product SKU;mã SKU;product key;chỉ số SP,dimension,count;count_distinct,crm,
gold,crm_contract_allocations,product_total_value,"decimal(18,2)",0,,,Giá trị tiền tệ tổng cộng của sản phẩm trong một hợp đồng.,True,False,crm,giá trị tổng sản phẩm;total product value;product total value;giá trị tổng của sản phẩm;total product amount;product amount;giá trị sản phẩm;product revenue;tổng giá trị sản phẩm;product line total,metric,sum;avg;min;max,crm,
gold,crm_contract_allocations,product_type,varchar,1,,,Loại sản phẩm được phân bổ trong hợp đồng khách hàng.,True,False,crm,loại sản phẩm;product type;kiểu sản phẩm;product category;dòng sản phẩm;product line;phân loại sản phẩm;type of product;category of product;product classification,dimension,count;count_distinct,crm,New ; Upsale ; None ; Renewal ; ; Upsales ; Incident ; Dependent ; Renew
gold,crm_contract_allocations,sale_admin,varchar,1,,,Tên người quản lý hoặc nhân viên phụ trách bán hàng của hợp đồng.,True,False,crm,admin bán hàng;người quản lý bán hàng;người phụ trách bán hàng;sale admin;sales admin;sales administrator;contract admin;người quản lý hợp đồng,dimension,count;count_distinct,crm,
gold,crm_contract_allocations,sales_performance_value,"decimal(18,2)",0,,,Giá trị quy đổi để tính hoa hồng cho sales,True,False,sales,giá trị hiệu suất bán hàng;sales performance value;doanh thu bán hàng;sales revenue;giá trị bán hàng;sales KPI;giá trị KPI bán hàng;sales performance amount,metric,sum;avg;min;max,crm,
gold,crm_contract_allocations,territory_name,varchar,0,,,Tên khu vực hoặc vùng địa lý mà hợp đồng được phân bổ.,True,False,crm,khu vực;vùng bán hàng;Tên khu vực;territory;sales territory;region name;địa bàn;Tên vùng;region;area,dimension,count;count_distinct,crm,'Miền Bắc' ; 'Miền Nam' ; 'Philippines' ; 'Japan' ; 'Global Sale'
gold,crm_contract_allocations,updated_at,timestamp(3),0,,,Thời điểm bản ghi hợp đồng được cập nhật lần cuối trong hệ thống CRM.,True,False,crm,thời gian cập nhật;ngày cập nhật;ngày sửa đổi;thời điểm cập nhật;thời gian thay đổi;last updated;update timestamp;modified date;record update time;last modified,time,none,crm,
gold,crm_contracts,company_alias,varchar,0,,,Tên viết tắt hoặc biệt danh của công ty trong hợp đồng.,True,False,crm,tên viết tắt công ty;bí danh công ty;alias công ty;tên ngắn gọn công ty;company alias;company short name;company nickname;client alias;customer alias;Tên công ty trong hợp đồng,dimension,count;count_distinct,crm,
gold,crm_contracts,contract_number,varchar,1,,,Mã số hợp đồng duy nhất dùng để nhận diện một hợp đồng trong hệ thống CRM.,True,False,crm,số hợp đồng;contract number;mã hợp đồng;contract ID;số hợp đồng khách hàng;contract code;mã số hợp đồng;contract reference;contract identifier;contract no,id,count_distinct,crm,
gold,crm_contracts,contract_type,varchar,1,,,Loại hợp đồng mô tả hình thức hoặc nhóm của hợp đồng ký kết với khách hàng.,True,False,crm,loại hợp đồng;kiểu hợp đồng;dạng hợp đồng;hình thức hợp đồng;contract type;contract category;agreement type;type of contract;contract kind;category of contract,dimension,count;count_distinct,crm,Upsales ; New ; Renew
gold,crm_contracts,currency_code,varchar,0,,,Mã tiền tệ được sử dụng trong hợp đồng.,True,False,crm,mã tiền tệ;currency code;đơn vị tiền tệ;currency;mã tiền;tiền tệ hợp đồng;contract currency;đơn vị tiền;currency of contract;tiền tệ,dimension,count;count_distinct,crm,
gold,crm_contracts,customer_group,varchar,1,,,Nhóm khách hàng theo mức độ ưu tiên,True,False,crm,nhóm khách hàng;customer group;phân khúc khách hàng;customer segment;loại khách hàng;customer classification;đối tượng khách hàng;customer group code;phân loại khách hàng;customer group vi,dimension,count;count_distinct,crm,'VVIP' ; 'VIP' ; 'Growth' ; 'Standard'
gold,crm_contracts,customer_name,varchar,1,,,Tên khách hàng ký hợp đồng trong hệ thống CRM.,True,False,crm,tên khách hàng;customer name;khách hàng;client name;Tên đối tác;partner name;Tên công ty;company name;Tên người mua;buyer name,dimension,count;count_distinct,crm,
gold,crm_contracts,deal_id,varchar,0,,1.0,Mã định danh duy nhất của giao dịch trong hệ thống CRM.,True,False,crm,Mã giao dịch;Deal ID;Mã hợp đồng;Contract ID;Mã đơn hàng;Deal number;Transaction ID;Mã deal;Deal code;Mã giao dịch bán hàng,id,count_distinct,crm,
gold,crm_contracts,duration,double,0,,,"Thời gian thực hiện hợp đồng, tính bằng số tháng hoặc năm.",True,False,crm,thời gian hợp đồng;độ dài hợp đồng;khoảng thời gian hợp đồng;thời hạn hợp đồng;contract duration;contract length;duration;period of contract,metric,sum;avg;min;max,crm,
gold,crm_contracts,expire_date,timestamp(3),1,,,Ngày mà hợp đồng sẽ hết hiệu lực.,True,False,crm,ngày hết hạn;ngày hết hợp đồng;ngày kết thúc hợp đồng;ngày hết hiệu lực;expiration date;contract expiry date;contract end date;expiry date;khi nào hợp đồng hết hạn;khi nào hợp đồng kết thúc,time,none,crm,
gold,crm_contracts,fac_date,timestamp(3),1,,,Ngày Review lập hoá đơn của hợp đồng.,True,False,crm,ngày hoá đơn;ngày lập hoá đơn;ngày thanh toán;ngày ghi nhận hoá đơn;invoice date;billing date;fac date;contract invoice date,time,none,crm,
gold,crm_contracts,id,varchar,0,1.0,,Mã định danh duy nhất của hợp đồng trong hệ thống CRM.,True,False,crm,contract id;contract identifier;Mã hợp đồng;ID hợp đồng;Mã định danh hợp đồng;contract key;unique contract id;Mã duy nhất;identifier,id,count_distinct,crm,
gold,crm_contracts,name,varchar,1,,,"Tên hợp đồng, mô tả ngắn gọn để nhận diện hợp đồng trong hệ thống CRM.",True,False,crm,tên hợp đồng;contract name;tiêu đề hợp đồng;contract title;nhãn hợp đồng;contract label;tên hợp đồng bán hàng;sales contract name;tên hợp đồng khách hàng;customer contract name,dimension,count;count_distinct,crm,
gold,crm_contracts,partner_id,varchar,1,,1.0,Mã định danh duy nhất của đối tác ký hợp đồng.,True,False,crm,partner_id;Mã đối tác;Partner ID;Mã đối tác trong hợp đồng;Partner identifier;ID đối tác;Partner code;Mã đối tác CRM;Partner key,id,count_distinct,crm,
gold,crm_contracts,contract_amount,"decimal(18,2)",0,,,"Giá trị của hợp đồng thực tế, thể hiện giá trị tiền thu được từ hợp đồng.",True,False,sales,doanh số;giá trị hợp đồng;contract amount;total contract amount;giá trị hợp đồng;sales amount;amount;giá trị hợp đồng,metric,sum;avg;min;max,crm,
gold,crm_contracts,sale_account_id,bigint,1,,1.0,Mã định danh tài khoản bán hàng chịu trách nhiệm ký hợp đồng.,True,False,crm,mã tài khoản bán hàng;sales account ID;ID tài khoản bán hàng;sales account identifier;ID nhân viên kinh doanh;sales rep ID;account manager ID;mã nhân viên bán hàng;sales account number;người phụ trách bán hàng,id,count_distinct,crm,
gold,crm_contracts,customer_segment_l1,varchar,1,,,"Mức phân khúc cấp 1 của hợp đồng, cho biết nhóm khách hàng hoặc thị trường chính mà hợp đồng hướng tới.",True,False,crm,phân khúc cấp 1;segment level 1;segment L1;primary segment;segment tier 1;đối tượng phân khúc;nhóm khách hàng chính;segment category;segment level one;phân khúc chính,dimension,count;count_distinct,crm,Khách hàng ngoài ; Nội bộ ; International ; Bộ Quốc phòng ; UNKNOWN
gold,crm_contracts,customer_segment_l2,varchar,1,,,Mức phân khúc cấp 2 mô tả nhóm con của khách hàng hoặc hợp đồng trong CRM.,True,False,crm,phân khúc cấp 2;segment_l2;segment level 2;phân khúc phụ;sub‑segment;định nghĩa phân khúc;customer segment L2;segment tier 2;phân khúc con;secondary segment,dimension,count;count_distinct,crm,Khách hàng ngoài ; Khách hàng nội bộ ; Direct / Local Channel ; Khách hàng SI ngoài ; UNKNOWN ; Viettel Global Partner
gold,crm_contracts,customer_segment_l3,varchar,1,,,"Mức phân khúc cấp 3 của hợp đồng, thể hiện nhóm chi tiết trong phân khúc khách hàng.",True,False,crm,phân khúc cấp 3;segment level 3;segment_l3;chi tiết phân khúc;cấp độ phân khúc 3;contract segment tier 3;segment third level;phân khúc chi tiết,dimension,count;count_distinct,crm,DNL ; UNKNOWN ; GOV ; BFSI ; Province ; Energy ; Unname
gold,crm_contracts,sign_date,timestamp(3),1,,,Ngày mà hợp đồng được ký kết bởi khách hàng và công ty.,True,False,crm,ngày ký;ngày ký hợp đồng;ngày ký kết;date signed;sign date;contract signing date;contract date;when was the contract signed;khi nào hợp đồng được ký,time,none,crm,
gold,crm_contracts,signing_method,varchar,1,,,Phương thức mà hợp đồng được ký ký kết.,True,False,crm,phương thức ký; cách ký; hình thức ký; phương pháp ký; phương thức ký hợp đồng; cách ký hợp đồng; signing method; contract signing method; signature type,dimension,count;count_distinct,crm,DIRECT ; INDIRECT ; UNKNOWN
gold,crm_contracts,status,varchar,1,,,Trạng thái hiện tại của hợp đồng trong hệ thống CRM.,True,False,crm,trạng thái hợp đồng;tình trạng hợp đồng;status hợp đồng;contract status;deal status;status;current contract status;tình trạng;trạng thái;hợp đồng status,dimension,count;count_distinct,crm,DEPLOYMENT_COMPLETED ; SIGNED ; DEPLOYMENT
gold,crm_contracts,tax_code,varchar,1,,,Mã số thuế của khách hàng hoặc công ty ký hợp đồng.,True,False,finance,Mã số thuế;Tax code;Mã thuế;Tax identification number;MST;Tax ID;Số thuế;Mã số thuế doanh nghiệp;Tax number;Mã số thuế khách hàng,dimension,count;count_distinct,crm,
gold,crm_contracts,usd_exchange_rate,"decimal(18,2)",1,,,Tỷ giá chuyển đổi sang USD của hợp đồng.,True,False,finance,tỷ giá USD;tỷ giá chuyển đổi sang USD;đơn vị USD;USD exchange rate;exchange rate to USD;US dollar rate;tỷ lệ quy đổi USD;FX rate to USD,metric,sum;avg;min;max,crm,
gold,crm_contracts,user_am_id,varchar,1,,1.0,Mã định danh của nhân viên quản lý tài khoản chịu trách nhiệm hợp đồng.,True,False,crm,ID quản lý tài khoản;Mã AM;Mã nhân viên quản lý;Account manager ID;AM ID;Sales rep ID;Mã người phụ trách hợp đồng;User AM ID;who is the account manager;who handled the contract,id,count_distinct,crm,
gold,crm_contracts,vat,"decimal(18,2)",1,,,Số tiền thuế VAT được tính trên hợp đồng.,True,False,finance,VAT;thuế VAT;giá trị gia tăng;VAT amount;tax amount;thuế giá trị gia tăng;VAT tax;phí VAT;VAT fee;tax on contract,metric,sum;avg;min;max,crm,
gold,crm_contracts,vcs_contract_amount,"decimal(18,2)",0,,,Giá trị hợp đồng thực tế mà công ty (VCS) sẽ được hưởng.,True,False,finance,doanh số VCS;VCS amount;doanh số từ VCS;amount from VCS;VCS contract amount;doanh số hợp đồng VCS;VCS earnings;doanh số VCS (triệu đồng);VCS sales amount;doanh số VCS trong hợp đồng,metric,sum;avg;min;max,crm,
gold,crm_contracts,viettel_contract_amount,"decimal(18,2)",1,,,Số tiền thu được từ các hợp đồng thông qua Viettel.,True,False,crm,doanh số từ Viettel;tiền bán qua Viettel;giá trị hợp đồng qua Viettel;Viettel amount;Viettel sales;Viettel amount,metric,sum;avg;min;max,crm,
gold,crm_deal_interested_products,created_at,timestamp(3),0,,,Thời điểm mà bản ghi quan tâm sản phẩm được tạo trong hệ thống.,True,False,crm,ngày tạo;thời gian tạo;ngày ghi;thời gian ghi;created_at;creation date;record creation time;time of creation;timestamp;ngày tạo bản ghi,time,none,crm,
gold,crm_deal_interested_products,deal_id,varchar,0,,1.0,Mã định danh duy nhất của giao dịch (deal) trong hệ thống CRM.,True,False,crm,Mã giao dịch;Deal ID;Mã deal;Deal identifier;Mã số giao dịch;Transaction ID;Mã giao dịch CRM;Deal number;Mã giao dịch bán hàng;Deal code,id,count_distinct,crm,
gold,crm_deal_interested_products,interested_product_category,varchar,0,,,Danh mục sản phẩm mà khách hàng quan tâm trong giao dịch.,True,False,crm,danh mục sản phẩm quan tâm;product category interested;interested product category;loại sản phẩm quan tâm;product interest category;category sản phẩm;product category;sản phẩm quan tâm;interest product category;category of interested product,dimension,count;count_distinct,crm,SOC platform ; CA ; Redteam ; VAPT (Pentest) ; VCS-TI ; VCS-aJiant ; MSS ; Cloudrity ; AntiDDos ; Dịch vụ chuyên nghiệp khác ; Threat Hunting ; VCS-CyCir ; VCS-CyM ; VCS-NSM ; VCS-NAC ; M-Suite ; SI ; VCS-AMA ; VCS-NDR ; Tư vấn ; Diễn tập ; VCS-ESG ; Infrastructure Audit ; VCS-KIAN ; MDR Service ; VCS-WSG ; VCS-F2DR ; Content Security ; Software ; VCS-InT ; Unknown ; Khác ; Hardware ; Purple Team Service ; LIG
gold,crm_deal_quotation_products,base_price,"decimal(18,2)",1,,,Giá cơ bản là mức giá đơn vị của sản phẩm trong báo giá trước khi áp dụng bất kỳ chiết khấu nào.,True,False,crm,giá cơ bản;đơn giá gốc;đơn giá cơ bản;giá bán chưa giảm;list price;base price;unit price;original price;price before discount;giá mỗi đơn vị,metric,sum;avg;min;max,crm,
gold,crm_deal_quotation_products,base_total_amount,"decimal(18,2)",0,,,"Tổng giá trị cơ bản của sản phẩm trong báo giá, chưa tính giảm giá và thuế.",True,False,crm,tổng tiền cơ bản;giá trị cơ bản;total base amount;base total amount;gross amount;pre-discount total;total before discount;giá trị chưa giảm;original total;base amount,metric,sum;avg;min;max,crm,
gold,crm_deal_quotation_products,currency_code,varchar,0,,,Mã tiền tệ được sử dụng cho báo giá sản phẩm trong giao dịch.,True,False,finance,mã tiền tệ;đơn vị tiền tệ;code tiền tệ;currency code;currency;tiền tệ;ISO currency;currency identifier;đơn vị tiền tệ của báo giá,dimension,count;count_distinct,crm,
gold,crm_deal_quotation_products,deal_id,varchar,0,,1.0,Mã định danh duy nhất của giao dịch (cơ hội bán hàng) trong hệ thống CRM.,True,False,crm,Mã giao dịch;Deal ID;Deal code;Mã deal;Mã cơ hội bán hàng;Deal identifier;Deal number;Mã hợp đồng;Deal reference;Deal identifier,id,count_distinct,crm,
gold,crm_deal_quotation_products,discount,double,1,,,Mức chiết khấu được áp dụng cho sản phẩm trong báo giá.,True,False,crm,chiết khấu; discount; mức giảm giá; discount amount; giá giảm; amount of discount; discount value; mức chiết khấu; giảm giá trên sản phẩm,metric,sum;avg;min;max,crm,
gold,crm_deal_quotation_products,discount_type,varchar,1,,,Loại chiết khấu được áp dụng cho sản phẩm trong báo giá.,True,False,crm,loại chiết khấu;kiểu chiết khấu;hình thức giảm giá;phương thức chiết khấu;discount type;discount category;discount method;type of discount;discount kind;loại giảm giá,dimension,count;count_distinct,crm,amount ; percent
gold,crm_deal_quotation_products,duration,integer,1,,,Thời gian (số ngày hoặc số tháng) mà sản phẩm được sử dụng trong báo giá.,True,False,crm,thời gian;khoảng thời gian;độ dài;thời hạn;số tháng;duration;period;length;time span;contract length,metric,sum;avg;min;max,crm,
gold,crm_deal_quotation_products,final_total_amount,"decimal(18,2)",1,,,"Tổng số tiền của báo giá sau khi áp dụng các giảm giá, thuế và các điều chỉnh khác.",True,False,crm,tổng tiền cuối cùng;giá trị cuối cùng;final total amount;final amount;net total;total amount after discount;total thanh toán;tổng tiền sau giảm giá;final price;total amount,metric,sum;avg;min;max,crm,
gold,crm_deal_quotation_products,global_discount,"decimal(18,2)",1,,,Mức chiết khấu áp dụng cho toàn bộ báo giá trong giao dịch.,True,False,crm,global discount;overall discount;chiết khấu toàn cục;giảm giá toàn bộ;discount toàn bộ;giảm giá chung;total discount;global discount amount;giảm giá toàn phần,metric,sum;avg;min;max,crm,
gold,crm_deal_quotation_products,global_discount_type,varchar,1,,,Loại chiết khấu toàn cục được áp dụng cho sản phẩm trong báo giá.,True,False,crm,loại chiết khấu toàn cục;kiểu giảm giá toàn bộ;hình thức chiết khấu chung;phương thức giảm giá toàn cục;global discount type;overall discount type;discount category;discount method;type of discount;loại giảm giá,dimension,count;count_distinct,crm,percent ; amount
gold,crm_deal_quotation_products,id,varchar,1,1.0,,Mã định danh duy nhất của sản phẩm trong báo giá giao dịch.,True,False,crm,Mã ID;Mã sản phẩm;Mã báo giá;Quotation product ID;Deal quotation product identifier;Product line ID;Mã dòng sản phẩm;Product ID;Identifier;ID,id,count_distinct,crm,
gold,crm_deal_quotation_products,package,varchar,1,,,Tên gói sản phẩm được đề xuất trong báo giá.,True,False,crm,gói;gói sản phẩm;loại gói;tên gói;package;product package;bundle;quotation package;deal package;package name,dimension,count;count_distinct,crm,year ; time ; month ; ; perpetual
gold,crm_deal_quotation_products,product_id,varchar,1,,1.0,Mã định danh duy nhất của sản phẩm trong báo giá.,True,False,crm,mã sản phẩm;product_id;product id;product code;ID sản phẩm;product identifier;item id;item code;mã hàng;product key,id,count_distinct,crm,
gold,crm_deal_quotation_products,product_line_no,integer,1,,,"Số thứ tự dòng sản phẩm trong báo giá, xác định vị trí của từng mặt hàng.",True,False,crm,số dòng sản phẩm; số thứ tự sản phẩm; mã dòng sản phẩm; product line number; product line no; line number; product line index; order line number; product sequence; số thứ tự trong báo giá,dimension,count;count_distinct,crm,
gold,crm_deal_quotation_products,product_name,varchar,1,,,Tên của sản phẩm được đề xuất trong báo giá giao dịch.,True,False,crm,tên sản phẩm;product name;Tên mặt hàng;item name;Tên SP;product title;Tên hàng;product,dimension,count;count_distinct,crm,
gold,crm_deal_quotation_products,quantitative,integer,1,,,Số lượng sản phẩm được đề xuất trong báo giá.,True,False,crm,quantity;product quantity;unit count;number of items;định lượng;số lượng;số sản phẩm;số lượng hàng;số lượng trong báo giá;bao nhiêu sản phẩm,metric,sum;avg;min;max,crm,
gold,crm_deal_quotation_products,quotation_created_at,timestamp(3),1,,,Thời điểm mà báo giá được tạo trong hệ thống.,True,False,crm,ngày tạo báo giá;thời gian tạo báo giá;quotation creation date;quotation created time;date of quotation;thời điểm tạo báo giá;quotation_created_at;quotation date;ngày tạo quotation;thời gian tạo quotation,time,none,crm,
gold,crm_deal_quotation_products,quotation_id,varchar,1,,1.0,Mã định danh duy nhất của báo giá trong giao dịch CRM.,True,False,crm,mã báo giá;quotation id;ID báo giá;quotation identifier;Mã định danh báo giá;quote number;số báo giá;quote ID;Mã báo giá;quotation reference,id,count_distinct,crm,
gold,crm_deal_quotation_products,quotation_lang,varchar,1,,,Ngôn ngữ được sử dụng để tạo ra báo giá cho khách hàng.,True,False,crm,ngôn ngữ báo giá;quotation language;ngôn ngữ của báo giá;quote language;ngôn ngữ;language;ngôn ngữ báo giá trong CRM;quotation locale;ngôn ngữ tài liệu báo giá,dimension,count;count_distinct,crm,vi ; en
gold,crm_deal_quotation_products,quotation_status,varchar,1,,,Trạng thái hiện tại của báo giá trong quy trình CRM.,True,False,crm,trạng thái báo giá;tình trạng báo giá;status báo giá;quotation status;quote status;trạng thái báo giá hiện tại;status of quotation;quote condition;trạng thái báo giá trong CRM,dimension,count;count_distinct,crm,Requested
gold,crm_deal_quotation_products,product_unit,varchar,1,,,Đơn vị tính của sản phẩm trong báo giá.,True,False,crm,đơn vị;đơn vị tính;đơn vị đo lường;đơn vị sản phẩm;unit;unit of measure;UOM;measurement unit;đơn vị bán;unit of product,dimension,count;count_distinct,crm,Website ; Package ; Device ; Events / s ; PC / Desktop ; Server ; IP ; gói ; Point ; Server / Workstation ; Device IP ; phần mềm ; PC ; Gbps ; Account ; Email account ; Site ; User ; thiết bị ; Desktop ; Domain
gold,crm_deal_quotation_products,vat,integer,1,,,Thuế giá trị gia tăng (%) áp dụng cho sản phẩm trong báo giá.,True,False,finance,thuế VAT;thuế GTGT;thuế giá trị gia tăng;tỷ lệ VAT;tỷ lệ thuế;VAT;VAT %;tax rate;VAT percentage;value added tax,dimension,count;count_distinct,crm,
gold,crm_deal_quotations,created_at,timestamp(3),0,,,Thời điểm tạo báo giá trong hệ thống CRM.,True,False,crm,ngày tạo;thời gian tạo;thời điểm tạo báo giá;ngày tạo báo giá;thời gian tạo báo giá;creation date;created at;quotation creation time;when was the quotation created,time,none,crm,
gold,crm_deal_quotations,currency_code,varchar,1,,,Mã tiền tệ được sử dụng cho báo giá trong CRM.,True,False,crm,Mã tiền tệ;Currency code;Mã tiền tệ của báo giá;Currency;Đơn vị tiền tệ;Currency identifier;Mã tiền tệ trong CRM;Currency symbol,dimension,count;count_distinct,crm,
gold,crm_deal_quotations,deal_id,varchar,0,,1.0,Mã định danh duy nhất của giao dịch (deal) trong hệ thống CRM.,True,False,crm,Mã giao dịch;Deal ID;Mã deal;Deal identifier;Mã định danh giao dịch;Transaction ID;Mã giao dịch CRM;Deal code;Mã số giao dịch;Deal number,id,count_distinct,crm,
gold,crm_deal_quotations,global_discount,double,1,,,Mức chiết khấu toàn cục được áp dụng cho báo giá trong giao dịch.,True,False,crm,chiết khấu toàn cục;global discount;discount amount;discount rate;overall discount;chiết khấu chung;giảm giá toàn bộ;total discount;overall discount percentage;discount toàn bộ,metric,sum;avg;min;max,crm,
gold,crm_deal_quotations,global_discount_type,varchar,1,,,Loại giảm giá toàn cục được áp dụng cho báo giá trong CRM.,True,False,crm,loại giảm giá;kiểu chiết khấu;hình thức giảm giá;phương thức chiết khấu;discount type;global discount type;type of discount;discount category;loại chiết khấu toàn cục;kiểu giảm giá toàn bộ,dimension,count;count_distinct,crm,percent ; amount ; None
gold,crm_deal_quotations,quotation_id,varchar,0,1.0,,Mã định danh duy nhất của báo giá trong hệ thống CRM.,True,False,crm,mã báo giá;ID báo giá;quotation_id;quotation id;quote number;Mã trích dẫn;quote identifier;Mã báo giá CRM;quotation identifier,id,count_distinct,crm,
gold,crm_deal_quotations,status,varchar,1,,,Trạng thái hiện tại của báo giá trong giao dịch CRM.,True,False,crm,trạng thái báo giá;tình trạng báo giá;status báo giá;quotation status;quote status;trạng thái;tình trạng;status;status của báo giá;status of quotation,dimension,count;count_distinct,crm,Requested ; None
gold,crm_deal_quotations,tlang,varchar,1,,,Ngôn ngữ được sử dụng cho báo giá trong giao dịch.,True,False,crm,ngôn ngữ báo giá;quotation language;ngôn ngữ;language;mã ngôn ngữ;language code;tlang;ngôn ngữ giao dịch;deal language;ngôn ngữ của báo giá,dimension,count;count_distinct,crm,vi ; en ; None
gold,crm_deal_reasons,id,varchar,0,1.0,,Mã định danh duy nhất cho mỗi lý do giao dịch trong CRM.,True,False,crm,Mã ID;Identifier;Deal reason ID;Mã lý do giao dịch;Reason ID;Mã duy nhất;Unique identifier;ID của lý do,id,count_distinct,crm,
gold,crm_deal_reasons,reason_name,varchar,0,,,Tên lý do mà khách hàng hoặc nhân viên ghi nhận khi giao dịch không thành công.,True,False,crm,lý do giao dịch;reason;deal reason;nguyên nhân giao dịch;nguyên nhân mất giao dịch;deal loss reason;nguyên nhân không thành công;reason name;Tên lý do;lý do không chốt,dimension,count;count_distinct,crm,JUNK LEAD ; APPOINTMENT MISSED ; NO REQUIREMENT ; PRICE IS TOO HIGH ; NEED ONLY IN FUTURE ; NOT INTERESTED ; NO PROPER FOLLOW-UP ; PRODUCT NOT SATISFYING ; OPTED OUR RIVAL
silver,crm_deals,contract_type,varchar,1,,,Loại hợp đồng mô tả hình thức hoặc nhóm của hợp đồng ký kết với khách hàng.,True,False,crm,loại hợp đồng;kiểu hợp đồng;dạng hợp đồng;hình thức hợp đồng;contract type;contract category;agreement type;type of contract;contract kind;category of contract,dimension,count;count_distinct,crm,'New' ; 'Upsales' ; 'Renew'
gold,crm_deals,am_user_id,varchar,1,,1.0,Mã người dùng của nhân viên quản lý tài khoản chịu trách nhiệm giao dịch.,True,False,crm,mã nhân viên AM;ID người quản lý tài khoản;am_user_id;account manager user id;AM user ID;account manager ID;sales rep ID;người dùng AM,id,count_distinct,crm,
gold,crm_deals,am_username,varchar,1,,,Tên đăng nhập của người quản lý tài khoản (Account Manager) phụ trách giao dịch.,True,False,crm,tên đăng nhập AM;account manager username;AM username;username của AM;tên người quản lý tài khoản;sales rep login;who is the account manager;ai là người phụ trách,dimension,count;count_distinct,crm,
gold,crm_deals,bidding_required,boolean,1,,,Cho biết liệu giao dịch có yêu cầu đấu thầu hay không.,True,False,crm,có cần đấu thầu;cần đấu thầu;đấu thầu có bắt buộc;yêu cầu đấu thầu;đấu thầu có yêu cầu;bidding required;require bidding;is bidding needed;needs bidding,dimension,count;count_distinct,crm,
gold,crm_deals,budget_amount,"decimal(18,2)",1,,,"Ngân sách dự kiến cho giao dịch, giúp đánh giá kế hoạch chi tiêu.",True,False,sales,ngân sách giao dịch;budget amount;budget;budgeted amount;giá trị ngân sách;số tiền ngân sách;tiền dự trù;deal budget;budgeted deal amount,metric,sum;avg;min;max,crm,
gold,crm_deals,channel,varchar,1,,,"Kênh mà giao dịch được thực hiện, thể hiện cách thức tiếp cận hoặc bán hàng.",True,False,crm,channel;sales channel;kênh bán hàng;kênh tiếp cận;kênh giao dịch;đường bán hàng;phương thức bán hàng;đường tiếp cận khách hàng,dimension,count;count_distinct,crm,Direct ; Partner
gold,crm_deals,closed_date,timestamp(3),1,,,Ngày mà giao dịch được đóng hoặc ký hợp đồng.,True,False,crm,ngày đóng;ngày kết thúc giao dịch;ngày ký hợp đồng;ngày chốt;ngày hoàn thành;closed date;deal close date;contract signing date;closing date;deal closure date,time,none,crm,
gold,crm_deals,company_address,varchar,1,,,Địa chỉ của công ty khách hàng trong giao dịch.,True,False,crm,địa chỉ công ty;địa chỉ khách hàng;company address;address of the company;company location;địa chỉ doanh nghiệp;address;địa chỉ trụ sở;where is the company located,dimension,count;count_distinct,crm,
gold,crm_deals,company_alias,varchar,0,,,Tên viết tắt hoặc biệt danh của công ty trong hệ thống CRM.,True,False,crm,tên viết tắt công ty;company alias;biệt danh công ty;company nickname;tên ngắn gọn công ty;company short name;tên thay thế công ty;company alternative name;tên gọi khác;company other name,dimension,count;count_distinct,crm,
gold,crm_deals,company_contact,varchar,1,,,Tên người đại diện hoặc người liên hệ của công ty trong giao dịch.,True,False,crm,liên hệ công ty;người liên hệ;đại diện công ty;contact person;company contact;người phụ trách;tên người liên hệ;contact name,dimension,count;count_distinct,crm,None ; ...
gold,crm_deals,company_country,varchar,1,,,Quốc gia của công ty khách hàng trong giao dịch.,True,False,crm,quốc gia công ty;country of company;company country;nước công ty;quốc gia khách hàng;client country;country;nation of client;địa chỉ quốc gia,dimension,count;count_distinct,crm,None ; Philippines ; Japan ; South Africa ; Vietnam ; Laos
gold,crm_deals,company_id,varchar,1,,1.0,Mã định danh duy nhất của công ty liên quan đến giao dịch.,True,False,crm,Mã công ty;Company ID;ID công ty;Company code;Mã khách hàng;Company identifier;Mã doanh nghiệp;Company key;Mã công ty trong CRM,id,count_distinct,crm,
gold,crm_deals,company_name,varchar,0,,,Tên công ty hoặc khách hàng liên quan đến giao dịch.,True,False,crm,tên công ty;tên doanh nghiệp;tên khách hàng;company name;business name;client name;tên đối tác;tên công ty trong giao dịch,dimension,count;count_distinct,crm,
gold,crm_deals,company_province,varchar,1,,,Tỉnh hoặc thành phố nơi công ty khách hàng đặt trụ sở.,True,False,crm,tỉnh công ty;province of company;địa chỉ tỉnh;company province;province;tỉnh;client province;province of client;địa chỉ tỉnh công ty;company's province,dimension,count;count_distinct,crm,None ; Thành phố Hà Nội ; Thành phố Hồ Chí Minh ; Tỉnh Đồng Nai ; Thành phố Đà Nẵng ; Tỉnh Quảng Ninh ; Tỉnh Lâm Đồng ; Tỉnh Khánh Hòa ; Tỉnh Tây Ninh ; Tỉnh Quảng Ngãi ; Tỉnh Cà Mau ; Tỉnh Lai Châu ; Thành phố Hải Phòng ; Tỉnh Nghệ An ; Tỉnh Phú Thọ
gold,crm_deals,contract_duration_month,bigint,1,,,Thời gian ký kết hợp đồng tính bằng số tháng.,True,False,sales,thời gian hợp đồng (tháng);độ dài hợp đồng (tháng);contract duration month;contract length in months;contract term (months);số tháng hợp đồng;duration of contract;hợp đồng kéo dài bao nhiêu tháng,metric,sum;avg;min;max,crm,
gold,crm_deals,contract_id,bigint,1,,1.0,Mã định danh duy nhất của hợp đồng trong hệ thống CRM.,True,False,crm,contract_id;Mã hợp đồng;Contract number;Số hợp đồng;Contract identifier;ID hợp đồng;Contract key;Mã định danh hợp đồng;Contract reference;Mã hợp đồng CRM,id,count_distinct,crm,
gold,crm_deals,created_at,timestamp(3),1,,,Thời điểm tạo giao dịch trong hệ thống CRM.,True,False,crm,ngày tạo;thời gian tạo;thời điểm tạo;created_at;creation time;created date;deal creation timestamp;thời điểm khởi tạo;timestamp tạo;when was the deal created,time,none,crm,
gold,crm_deals,currency_amount,"decimal(18,2)",1,,,Giá trị giao dịch theo đơn vị tiền tệ gốc tương ứng trong cột currency_code.,True,False,sales,số tiền;giá trị tiền tệ;giá trị giao dịch;tiền giao dịch;deal amount;transaction amount;currency amount;deal value;amount in currency;tổng tiền,metric,sum;avg;min;max,crm,
gold,crm_deals,currency_code,varchar,1,,,Mã tiền tệ được sử dụng cho giao dịch trong CRM.,True,False,crm,mã tiền tệ;currency code;mã tiền;currency;đơn vị tiền tệ;currency abbreviation;đơn vị tiền tệ giao dịch;transaction currency;tiền tệ giao dịch;currency symbol,dimension,count;count_distinct,crm,
gold,crm_deals,customer_group,varchar,1,,,Nhóm khách hàng theo mức độ ưu tiên,True,False,crm,nhóm khách hàng;customer group;phân khúc khách hàng;customer segment;loại khách hàng;customer type;đối tượng khách hàng;customer category;nhóm khách hàng mục tiêu;target customer group,dimension,count;count_distinct,crm,'VVIP' ; 'VIP' ; 'Growth' ; 'Standard'
gold,crm_deals,days_to_close,integer,1,,,Số ngày từ khi tạo đến khi giao dịch đóng thành công.,True,False,crm,số ngày để đóng;days to close;thời gian chốt;closing days;thời gian đóng giao dịch;deal closing days;thời gian hoàn thành giao dịch;time to close;ngày chốt;closing duration,metric,sum;avg;min;max,crm,
gold,crm_deals,deal_id,varchar,0,1.0,,Mã định danh duy nhất của giao dịch trong hệ thống CRM.,True,False,crm,Mã giao dịch;Deal ID;Mã số giao dịch;Transaction ID;Mã hợp đồng;Deal number;ID giao dịch;Deal identifier;Mã deal;Deal code,id,count_distinct,crm,
gold,crm_deals,deal_name,varchar,1,,,"Tên giao dịch hoặc tên cơ hội bán hàng, dùng để nhận diện cơ hội trong CRM.",True,False,crm,Tên giao dịch;Deal name;Tên cơ hội;Tên đề xuất;Deal title;Tên deal;Tên cơ hội bán hàng;Deal identifier;Tên hợp đồng,dimension,count;count_distinct,crm,
gold,crm_deals,deal_payment_status,varchar,1,,,"Trạng thái thanh toán của giao dịch, cho biết giao dịch đã được thanh toán, đang chờ hoặc chưa thanh toán.",True,False,crm,trạng thái thanh toán; t tình trạng thanh toán; status thanh toán; payment status; deal payment status; tình trạng chi trả; trạng thái chi trả; đã thanh toán chưa; có thanh toán hay không; payment condition,dimension,count;count_distinct,crm,N/A ; Offline; Online
gold,crm_deals,deal_payment_status_id,varchar,1,,1.0,Mã trạng thái thanh toán của giao dịch.,True,False,crm,trạng thái thanh toán;payment status;status thanh toán;deal payment status;deal payment status id;payment status id;id trạng thái thanh toán;trạng thái thanh toán giao dịch;deal payment status code;status thanh toán giao dịch,dimension,count;count_distinct,crm,
gold,crm_deals,deal_reason,varchar,1,,,"Nguyên nhân tạo ra giao dịch hoặc lý do thất bại, hỗ trợ phân tích nguyên nhân.",True,False,crm,lý do giao dịch;deal reason;reason of deal;nguyên nhân giao dịch;deal motivation;reason for closing;lý do ký hợp đồng;cause of deal;động cơ giao dịch;deal reason ID,dimension,count;count_distinct,crm,
gold,crm_deals,deal_reason_id,varchar,1,,1.0,Mã định danh cho lý do của giao dịch trong CRM.,True,False,crm,mã lý do giao dịch;deal reason id;reason code;id lý do;mã lý do;lý do giao dịch;deal reason identifier;reason identifier;deal loss reason id;mã lý do deal,id,count_distinct,crm,
gold,crm_deals,deal_stage_code,varchar,1,,,Mã thể hiện giai đoạn hiện tại của một giao dịch trong quy trình bán hàng.,True,False,crm,giai đoạn giao dịch;deal stage;trạng thái giao dịch;deal stage code;stage code;mã giai đoạn;mã trạng thái;status of deal;deal status;stage of deal,dimension,count;count_distinct,crm,
gold,crm_deals,deal_stage_id,varchar,1,,1.0,Mã định danh của giai đoạn trong quy trình bán hàng.,True,False,crm,giai đoạn giao dịch;deal stage;stage id;stage identifier;mã giai đoạn;deal stage code;trạng thái giai đoạn;pipeline stage;stage of deal;ID giai đoạn,id,count_distinct,crm,
gold,crm_deals,deal_stage_name,varchar,1,,,Tên giai đoạn hiện tại của giao dịch trong quy trình bán hàng.,True,False,crm,giai đoạn giao dịch;tên giai đoạn;deal stage;stage name;trạng thái giai đoạn;stage of deal;giai đoạn bán hàng;sales stage;stage of sales;tên trạng thái,dimension,count;count_distinct,crm,Signed / Ký hợp đồng ; New ; Negotiation / Đàm phán ; Lost ; Quotation Sent / Báo giá ; POC
gold,crm_deals,deal_type_id,varchar,1,,1.0,"Mã loại giao dịch, xác định kiểu hợp đồng hoặc cơ hội bán hàng.",True,False,crm,loại giao dịch;kiểu giao dịch;deal type;type of deal;deal_category;category of deal;deal_type_id;type_deal;loại hợp đồng;contract type,dimension,count;count_distinct,crm,
gold,crm_deals,due_date,timestamp(3),1,,,"Ngày đáo hạn của giao dịch, thể hiện thời hạn cần hoàn thành hoặc thanh toán.",True,False,crm,ngày đáo hạn;ngày hết hạn;deadline;due date;ngày đến hạn;ngày thanh toán;ngày chốt giao dịch;ngày cần hoàn thành;ngày cam kết,time,none,crm,
gold,crm_deals,expected_close_date,timestamp(3),1,,,Ngày dự kiến giao dịch sẽ được chốt và hoàn tất.,True,False,crm,ngày dự kiến đóng;expected close date;ngày kết thúc dự kiến;expected closing date;ngày chốt dự kiến;closing date dự kiến;ngày chốt giao dịch;expected closing date of deal,time,none,crm,
gold,crm_deals,expected_deal_value,"decimal(18,2)",1,,,"Giá trị dự kiến của giao dịch, thể hiện mức giá trị hợp đồng (doanh số) ước tính khi giao dịch thành công.",True,False,crm,giá trị dự kiến giao dịch;expected deal value;giá trị ước tính;forecasted revenue;giá trị dự đoán;estimated deal amount;giá trị hợp đồng dự kiến;expected revenue,metric,sum;avg;min;max,crm,
gold,crm_deals,expire_date,timestamp(3),1,,,Ngày mà giao dịch sẽ hết hiệu lực nếu không được ký hoặc hoàn thành.,True,False,crm,ngày hết hạn;expire date;ngày kết thúc;deadline;ngày hết hạn giao dịch;date of expiration;ngày hết hạn hợp đồng;expiration date;ngày hết hạn đề xuất;deal expiration date,time,none,crm,
gold,crm_deals,fac_date,timestamp(3),1,,,Ngày thực hiện hoạt động đầu tiên của giao dịch.,True,False,crm,ngày hoạt động đầu tiên;ngày đầu tiên của giao dịch;first activity date;ngày fac;ngày khởi tạo giao dịch;deal first activity date;ngày bắt đầu giao dịch;initial activity date,time,none,crm,
gold,crm_deals,get_live_date,timestamp(3),1,,,Ngày mà hợp đồng hoặc đề nghị bắt đầu có hiệu lực và được triển khai thực tế.,True,False,crm,ngày kích hoạt;ngày bắt đầu hoạt động;ngày ra mắt;live date;activation date;start date;ngày triển khai;date of go-live,time,none,crm,
gold,crm_deals,has_budget,boolean,1,,,Cho biết giao dịch có ngân sách dự kiến hay không.,True,False,crm,có ngân sách;has budget;budget allocated;budget flag;đã có ngân sách;budget existence;có kinh phí;budget available;có dự trù ngân sách;budget presence,dimension,count;count_distinct,crm,
gold,crm_deals,initial_source,varchar,1,,,Nguồn gốc ban đầu mà giao dịch được tạo ra.,True,False,crm,nguồn gốc ban đầu;nguồn khởi tạo;initial source;source of deal;nguồn lead;nguồn giao dịch;origin of deal;source;nguồn khách hàng;đầu vào nguồn,dimension,count;count_distinct,crm,None ; Manual ; Event ; Facebook Ads ; Messenger ; Organic Website ; Email marketing ; Organic Email ; Webinar ; Linkedin
gold,crm_deals,last_assigned_at,timestamp(3),1,,,Thời điểm cuối cùng mà giao dịch được giao cho người phụ trách.,True,False,crm,thời gian giao việc cuối;last assigned time;thời điểm giao dịch được giao lần cuối;last_assigned_at;thời gian giao cho người phụ trách;last assignment timestamp;thời gian chuyển giao cuối;last assigned date;thời gian giao việc cuối cùng,time,none,crm,
gold,crm_deals,last_contacted_activity_status,varchar,1,,,Trạng thái của hoạt động cuối cùng mà nhân viên bán hàng đã liên hệ với khách hàng trong giao dịch.,True,False,crm,trạng thái hoạt động cuối cùng;last contacted activity status;trạng thái liên hệ cuối;status of last contact;trạng thái tương tác gần nhất;last contact status;status of recent activity;trạng thái hoạt động liên hệ cuối;last activity status,dimension,count;count_distinct,crm,UNKNOWN ; MEETING ; TASK
gold,crm_deals,last_contacted_activity_time,timestamp(3),1,,,Thời gian hoạt động liên hệ cuối cùng với cơ hội bán hàng.,True,False,crm,thời gian liên hệ cuối cùng;last contact time;thời điểm liên lạc gần nhất;last contacted activity time;thời gian hoạt động cuối cùng;last activity timestamp;thời gian tương tác cuối;last interaction time;thời gian tiếp xúc cuối;last contacted time,time,none,crm,
gold,crm_deals,is_deal_locked,boolean,1,,,Cho biết giao dịch đã bị khóa và không thể chỉnh sửa dữ liệu giá trị,True,False,crm,khóa doanh thu;revenue locked;đã khóa doanh thu;is revenue locked;trạng thái khóa doanh thu;lock revenue flag;revenue lock status;đánh dấu khóa doanh thu,dimension,count;count_distinct,crm,
gold,crm_deals,next_scheduled_activity_time,timestamp(3),1,,,Thời gian dự kiến cho hoạt động tiếp theo của giao dịch trong CRM.,True,False,crm,thời gian hoạt động tiếp theo;thời gian hẹn tiếp theo;next scheduled activity time;next activity time;thời gian lịch hoạt động kế tiếp;thời gian dự kiến liên hệ tiếp;next activity scheduled time;thời gian hoạt động sắp tới,time,none,crm,
gold,crm_deals,periodicity,varchar,1,,,"Chu kỳ hoặc tần suất thanh toán, gia hạn của giao dịch trong CRM.",True,False,crm,định kỳ; tần suất; chu kỳ thanh toán; payment frequency; billing cycle; contract period; frequency; periodicity; mức độ thường xuyên; how often,dimension,count;count_distinct,crm,None ; year ; month ; quarter ; half-year
gold,crm_deals,presales_name,varchar,1,,,Tên của nhân viên tiền bán hàng (presales) phụ trách giao dịch.,True,False,crm,tên nhân viên tiền bán hàng;presales name;presales person;người tiền bán hàng;pre-sales representative;Tên presales;người hỗ trợ tiền bán hàng;pre-sales engineer;ai là người tiền bán hàng;who is the presales,dimension,count;count_distinct,crm,
gold,crm_deals,probability,bigint,1,,,"Xác suất thành công của giao dịch (0-100%), dùng để dự báo cơ hội chốt.",True,False,crm,xác suất thắng;probability;cơ hội thắng;deal win probability;chance of closing;tỷ lệ thành công;probability of closing;tỷ lệ đóng giao dịch;cơ hội chốt;win rate,metric,sum;avg;min;max,crm,
gold,crm_deals,probability_bucket,varchar,1,,,Trạng thái mô tả mức độ xác suất thành công của cơ hội bán hàng.,True,False,crm,trạng thái xác suất;probability status;xác suất thắng;win probability;trạng thái cơ hội;deal probability status;status xác suất;probability level;cấp độ xác suất;status cơ hội,dimension,count;count_distinct,crm,SUCCESS ; POTENTIAL ; FAILED ; UNCERTAIN
gold,crm_deals,project_manager,varchar,1,,,Tên người chịu trách nhiệm quản lý và giám sát dự án bán hàng trong giao dịch.,True,False,crm,người quản lý dự án;PM;quản lý dự án;trưởng dự án;người phụ trách dự án;project manager;project lead;deal manager;account manager;ai là người quản lý dự án,dimension,count;count_distinct,crm,
gold,crm_deals,quotation_status,varchar,1,,,Trạng thái hiện tại của báo giá trong quy trình bán hàng.,True,False,sales,trạng thái báo giá;quotation status;trạng thái đề xuất giá;quote status;status of quotation;trạng thái báo giá trong hợp đồng;quotation phase;status of offer,dimension,count;count_distinct,crm,None ; Requested
gold,crm_deals,recent_note,varchar,1,,,Ghi chú mới nhất được nhập cho giao dịch trong CRM.,True,False,crm,ghi chú gần nhất;note mới nhất;latest note;recent comment;bình luận gần đây;cập nhật gần nhất;deal note;ghi chú giao dịch;deal recent note;note của giao dịch,dimension,count;count_distinct,crm,
gold,crm_deals,sales_admin,varchar,1,,,Tên người quản trị bán hàng phụ trách giao dịch.,True,False,crm,người quản trị bán hàng;admin bán hàng;sale admin;người phụ trách bán hàng;người quản lý bán hàng;sales admin;sales administrator;deal admin;sales manager;account admin,dimension,count;count_distinct,crm,
gold,crm_deals,sales_account_id,varchar,1,,1.0,Mã định danh tài khoản bán hàng chịu trách nhiệm cho giao dịch.,True,False,crm,mã tài khoản bán hàng;sales account id;ID tài khoản bán hàng;sales account identifier;Mã nhân viên bán hàng;account manager id;ID nhân viên bán hàng;sales rep id,id,count_distinct,crm,
gold,crm_deals,customer_segment_l1,varchar,1,,,"Phân khúc khách hàng cấp 1 của giao dịch, thể hiện nhóm thị trường hoặc loại khách hàng chính.",True,False,crm,phân khúc cấp 1;segment L1;segment cấp 1;primary segment;segment level 1;đối tượng khách hàng chính;customer segment level 1;phân khúc chính;segment;segment category,dimension,count;count_distinct,crm,International ; Bộ Quốc phòng ; Nội bộ ; Khách hàng ngoài ; UNKNOWN
gold,crm_deals,customer_segment_l2,varchar,1,,,"Mức phân khúc khách hàng cấp 2 của giao dịch, cho biết nhóm khách hàng hoặc ngành nghề chi tiết hơn.",True,False,crm,phân khúc cấp 2;segment level 2;sub‑segment;segment l2;segment 2;nhóm phân khúc phụ;đối tượng phân khúc chi tiết;segment classification;segment tier 2;cấp độ phân khúc 2,dimension,count;count_distinct,crm,Viettel Global Partner ; Direct / Local Channel ; UNKNOWN ; Khách hàng nội bộ ; Khách hàng ngoài ; Khách hàng SI ngoài ; Khách hàng SI nội bộ
gold,crm_deals,customer_segment_l3,varchar,1,,,"Phân khúc khách hàng cấp 3 của giao dịch, mô tả chi tiết nhóm khách hàng hoặc thị trường mà cơ hội kinh doanh thuộc về.",True,False,crm,phân khúc cấp 3; segment level 3; segment L3; sub‑segment; subcategory; market sub‑segment; chi tiết phân khúc; third level segment; customer segment tier 3; phân khúc chi tiết,dimension,count;count_distinct,crm,UNKNOWN ; DNL ; BFSI ; GOV ; Unname ; Energy ; Province
gold,crm_deals,sign_date,timestamp(3),1,,,Ngày mà khách hàng ký hợp đồng trong giao dịch.,True,False,crm,ngày ký;ngày ký hợp đồng;ngày ký deal;ngày ký giao dịch;ngày ký hợp đồng bán hàng;sign date;contract signing date;deal signing date;date signed;signature date,time,none,crm,
gold,crm_deals,signing_delay_days,integer,1,,,Số ngày chậm ký hợp đồng giữa ngày dự kiến và ngày thực tế ký hợp đồng.,True,False,crm,số ngày trễ ký;độ trễ ký hợp đồng;signing delay days;delay days to sign;ngày chậm ký;thời gian trễ ký;delay in signing;số ngày chậm ký;khoảng thời gian trễ ký;signing lag days,metric,sum;avg;min;max,crm,
gold,crm_deals,stage_updated_time,timestamp(3),1,,,Thời gian cập nhật lần cuối của giai đoạn giao dịch.,True,False,crm,thời gian cập nhật giai đoạn;thời gian thay đổi giai đoạn;thời điểm cập nhật trạng thái;thời gian cập nhật trạng thái giao dịch;thời gian cập nhật stage;stage update time;stage updated time;last stage update timestamp;stage change time;deal stage update time,time,none,crm,
gold,crm_deals,deal_status,varchar,0,,,Trạng thái hiện tại của giao dịch/Deal trong CRM.,True,False,crm,trạng thái giao dịch;deal status;trạng thái;tình trạng;status;tình trạng giao dịch;status of deal;trạng thái cơ hội;deal condition;status of opportunity,dimension,count;count_distinct,crm,OPEN;CLOSED WON;CLOSED LOST
gold,crm_deals,territory_name,varchar,1,,,Tên khu vực hoặc vùng địa lý mà giao dịch được thực hiện.,True,False,crm,khu vực;vùng;địa bàn;tên khu vực;tên vùng;territory;region;area;sales territory;geographic region,dimension,count;count_distinct,crm,'Miền Bắc' ; 'Miền Nam' ; 'Philippines' ; 'Japan' ; 'Global Sale'
gold,crm_deals,updated_at,timestamp(3),1,,,Thời gian cập nhật cuối cùng của giao dịch trong CRM.,True,False,crm,thời gian cập nhật;thời điểm cập nhật cuối;last updated time;update timestamp;thời gian sửa đổi;updated_at;thời gian thay đổi;transaction last update;thời gian cập nhật giao dịch,time,none,crm,
gold,crm_deals,usd_to_vnd,double,1,,,Tỷ giá chuyển đổi từ đô la Mỹ (USD) sang đồng Việt Nam (VND) được sử dụng theo từng giao dịch,True,False,finance,tỷ giá USD/VND;đổi USD sang VND;usd to vnd rate;exchange rate USD to VND;tỷ giá chuyển đổi USD sang VND;usd/vnd conversion;đơn vị chuyển đổi USD sang VND;tỷ giá ngoại tệ USD/VND;usd to vnd exchange;rate usd to vnd,metric,sum;avg;min;max,crm,
gold,crm_deals,vnd_amount,"decimal(18,2)",1,,,"Giá trị giao dịch quy đổi sang VND, dùng để so sánh nội bộ, doanh số bán hàng",True,False,crm,số tiền VND;giá trị giao dịch VND;đơn vị tiền tệ VND;deal amount in VND;vnd amount;giá trị hợp đồng (VND);tiền VND;deal value VND;amount in Vietnamese Dong;transaction amount VND,metric,sum;avg;min;max,crm,
gold,crm_deals,warm_up_source,varchar,1,,,Nguồn gốc khởi tạo hoặc tiếp cận ban đầu của khách hàng tiềm năng trước khi chuyển sang giai đoạn giao dịch.,True,False,crm,nguồn khởi tạo;nguồn tiếp cận;warm-up source;lead source;nguồn lead;nguồn tiềm năng;cách tiếp cận ban đầu;origin of warm-up;source of initial contact;kênh khởi tạo,dimension,count;count_distinct,crm,None ; Event ; Email marketing
gold,crm_deals,opportunity_weight_pct,double,1,,,"Trọng số cơ hội kinh doanh, thể hiện mức độ ưu tiên hoặc quan trọng (0-100%)",True,False,crm,trọng số;độ ưu tiên;độ quan trọng;priority weight;deal priority;importance level;cấp độ ưu tiên;weight of deal;độ trọng số;priority score,dimension,count;count_distinct,crm,
gold,crm_partners,partner_address,varchar,1,,,Địa chỉ của đối tác trong hệ thống CRM.,True,False,crm,địa chỉ đối tác;địa chỉ công ty;partner address;company address;địa chỉ;address;địa chỉ doanh nghiệp;address of partner;địa chỉ liên hệ;address field,dimension,count;count_distinct,crm,
gold,crm_partners,company_alias,varchar,1,,,Tên gọi thay thế hoặc biệt danh của công ty đối tác trong hệ thống CRM.,True,False,crm,bí danh công ty;tên gọi khác;tên viết tắt;alias công ty;company alias;partner alias;alternate company name;company nickname;tên thay thế;business alias,dimension,count;count_distinct,crm,
gold,crm_partners,contact_email,varchar,1,,,Email của người liên hệ chính,True,False,crm,email liên hệ;địa chỉ email;contact email;partner contact email;email của người đại diện;email address;email liên lạc;email đối tác;contact's email;địa chỉ email liên hệ,dimension,count;count_distinct,crm,
gold,crm_partners,contact_mobile,varchar,1,,,Số điện thoại di động của người liên hệ chính,True,False,crm,số di động;số điện thoại di động;mobile;số liên hệ;số điện thoại liên hệ;contact mobile;mobile number;partner contact phone;contact phone;số điện thoại partner,dimension,count;count_distinct,crm,
gold,crm_partners,contact_name,varchar,1,,,Tên người liên hệ chính,True,False,crm,Tên liên hệ;Tên người đại diện;Contact name;Tên người phụ trách;Contact person;Tên người giao dịch;Tên người liên lạc;Contact person name,dimension,count;count_distinct,crm,
gold,crm_partners,country,varchar,1,,,Quốc gia nơi đối tác hoạt động,True,False,crm,quốc gia;nước;đối tác quốc gia;partner country;country of partner;nation;vùng địa lý;location country;của đối tác ở quốc gia nào;partner's country,dimension,count;count_distinct,crm,Japan ; Myanmar ; American Samoa ; Philippines ; None ; France ; Indonesia ; Viet Nam ; Lao People's Democratic Republic ; Cambodia ; Singapore ; Malaysia ; Timor-Leste ; Mauritania ; United Arab Emirates
gold,crm_partners,document_type,varchar,1,,,"Loại tài liệu hoặc hợp đồng đối tác (PDF, DOCX, Agreement…)",True,False,crm,định dạng tài liệu;loại tài liệu;định dạng file;kiểu tài liệu;định dạng hồ sơ;document format;file type;file format;document type;format of document,dimension,count;count_distinct,crm,
gold,crm_partners,document_number,varchar,1,,,Số hoặc mã định danh tài liệu/hợp đồng đối tác,True,False,crm,số chứng từ;document number;mã số doanh nghiệp;business registration number;tax ID;registration number;partner document ID;document ID;số đăng ký kinh doanh,dimension,count;count_distinct,crm,
gold,crm_partners,effective_date,timestamp(3),1,,,Ngày bắt đầu hiệu lực của đối tác/hợp đồng,True,False,crm,ngày hiệu lực;ngày bắt đầu;ngày có hiệu lực;ngày kích hoạt;ngày áp dụng;effective date;start date;activation date;valid from;date of effect,time,none,crm,
gold,crm_partners,expiration_date,timestamp(3),1,,,Ngày hết hiệu lực của đối tác/hợp đồng,True,False,crm,ngày hết hạn;ngày kết thúc hợp đồng;hạn sử dụng;expiration date;contract end date;partner expiry;expiry date;khi nào hợp đồng kết thúc;khi nào hết hạn;ngày hết hạn hợp đồng,time,none,crm,
gold,crm_partners,id,varchar,1,1.0,,Mã định danh duy nhất của đối tác,True,False,crm,mã đối tác;partner id;partner code;partner identifier;partner key;định danh đối tác;mã số đối tác;partner unique id;ID khách hàng,id,count_distinct,crm,
gold,crm_partners,partner_name,varchar,1,,,"Tên đối tác (công ty, khách hàng, nhà cung cấp)",True,False,crm,tên đối tác;partner name;Tên công ty;company name;Tên khách hàng;client name;Tên nhà cung cấp;vendor name;name;Tên,dimension,count;count_distinct,crm,
gold,crm_partners,partner_type,varchar,1,,,"Loại hình hoặc nhóm mà đối tác thuộc, xác định vai trò kinh doanh của họ.",True,False,crm,loại đối tác;partner type;type of partner;phân loại đối tác;category of partner;đối tác loại nào;partner classification;nhóm đối tác;partner group;đối tác nhóm,dimension,count;count_distinct,crm,None ; Partner ; Agent ; Distributor
gold,crm_partners,partner_status,varchar,1,,,"Trạng thái hợp tác hiện tại của đối tác (Active, Expired…)",True,False,crm,trạng thái;tình trạng;status;trạng thái đối tác;partner status;account status;tình trạng hợp tác;status của đối tác;đối tác đang ở trạng thái gì;partner condition,dimension,count;count_distinct,crm,None ; Active ; Expired ; In progress
gold,crm_expected_revenue,am_username,varchar,1,,,Tên đăng nhập của Account Manager chịu trách nhiệm dự báo thanh toán,True,False,crm,tên đăng nhập AM;tên đăng nhập người quản lý tài khoản;account manager username;AM username;username của người quản lý;sales rep login;account manager login;tên người phụ trách;tên tài khoản quản lý,dimension,count;count_distinct,crm,
gold,crm_expected_revenue,company_alias,varchar,1,,,Tên viết tắt hoặc biệt danh của công ty khách hàng,True,False,crm,tên viết tắt công ty;company alias;biệt danh công ty;company nickname;tên ngắn gọn công ty;company short name;tên công ty;company name;mã công ty;company identifier,dimension,count;count_distinct,crm,
gold,crm_expected_revenue,contract_allocation_id,varchar,0,1.0,,"Mã phân bổ hợp đồng, xác định phần tài chính được gán",True,False,crm,Mã phân bổ hợp đồng; Contract Allocation ID; mã phân bổ; contract allocation code; allocation id; contract allocation identifier; mã hợp đồng phân bổ; allocation identifier; contract allocation number,id,count_distinct,crm,
gold,crm_expected_revenue,contract_id,varchar,0,1.0,,Mã định danh duy nhất của hợp đồng,True,False,crm,Mã hợp đồng;Contract ID;ID hợp đồng;Số hợp đồng;Contract number;Contract identifier;Mã hợp đồng khách hàng;Contract key,id,count_distinct,crm,
gold,crm_expected_revenue,currency_amount,"decimal(18,2)",1,,,Số tiền dự báo/đã thanh toán theo đơn vị tiền tệ gốc,True,False,finance,số tiền;giá trị tiền tệ;currency amount;amount;tiền tệ;tiền dự báo;forecast amount;payment amount;giá trị dự báo;payment value,metric,sum;avg;min;max,crm,
gold,crm_expected_revenue,currency_code,varchar,1,,,"Mã tiền tệ dùng cho số tiền dự báo (VND, USD, ...)",True,False,finance,mã tiền tệ;đơn vị tiền tệ;code tiền tệ;currency code;currency;loại tiền;đơn vị tiền;currency symbol;money code;currency type,dimension,count;count_distinct,crm,
gold,crm_expected_revenue,customer_group,varchar,1,,,"Nhóm khách hàng theo mức độ ưu tiên (VIP, Khách hàng lớn…)",True,False,crm,nhóm khách hàng;phân khúc khách hàng;loại khách hàng;customer group;client group;customer segment;client segment;group of customers;phân loại khách hàng;customer classification,dimension,count;count_distinct,crm,'VVIP' ; 'VIP' ; 'Growth' ; 'Standard'
gold,crm_expected_revenue,customer_id,varchar,0,1.0,,Mã định danh duy nhất khách hàng trong CRM,True,False,crm,Mã khách hàng;Customer ID;ID khách hàng;Customer identifier;Mã KH;Customer code;Mã khách hàng duy nhất;Customer key;Mã khách hàng CRM,id,count_distinct,crm,
gold,crm_expected_revenue,customer_name,varchar,1,,,Tên khách hàng/đối tác thực hiện giao dịch,True,False,crm,Tên khách hàng;Customer Name;Tên đối tác;Tên công ty;Tên khách hàng mua hàng;Customer;Tên khách hàng (client);Tên khách hàng (buyer);Tên khách hàng trong CRM,dimension,count;count_distinct,crm,
gold,crm_expected_revenue,customer_segment_l1,varchar,1,,,Phân khúc khách hàng cấp 1,True,False,crm,phân khúc khách hàng cấp 1;customer segment level 1;đối tượng khách hàng;customer tier;loại khách hàng;customer group level 1;phân loại khách hàng;customer classification,dimension,count;count_distinct,crm,Khách hàng ngoài ; Nội bộ ; International ; Bộ Quốc phòng
gold,crm_expected_revenue,customer_segment_l2,varchar,1,,,Phân khúc khách hàng cấp 2,True,False,crm,phân khúc khách hàng cấp 2;customer segment level 2;customer segment L2;segment khách hàng cấp 2;customer tier 2;phân khúc khách hàng thứ hai;customer group level 2;phân loại khách hàng cấp 2,dimension,count;count_distinct,crm,Khách hàng ngoài ; Khách hàng nội bộ ; Viettel Global Partner ; None ; Direct / Local Channel ; Khách hàng SI ngoài ; Khách hàng SI nội bộ
gold,crm_expected_revenue,customer_segment_l3,varchar,1,,,Phân khúc khách hàng cấp 3,True,False,crm,phân khúc khách hàng cấp 3;customer segment level 3;customer sub‑segment;phân khúc phụ khách hàng;customer tier 3;segment khách hàng chi tiết;phân loại khách hàng cấp ba;customer segment L3;đối tượng khách hàng chi tiết;customer classification level 3,dimension,count;count_distinct,crm,BFSI ; DNL ; GOV ; None ; Unname ; Province ; Energy
gold,crm_expected_revenue,deal_id,varchar,0,1.0,,Mã định danh giao dịch bán hàng,True,False,crm,deal_id;Mã giao dịch;Mã deal;ID giao dịch;ID deal;Deal ID;Deal identifier;Transaction ID;Opportunity ID;Mã cơ hội bán hàng,id,count_distinct,crm,
gold,crm_expected_revenue,deal_stage_name,varchar,1,,,Giai đoạn hiện tại của giao dịch bán hàng,True,False,crm,giai đoạn giao dịch;deal stage;trạng thái giao dịch;stage of deal;tên giai đoạn;tên trạng thái giao dịch;deal pipeline stage;giai đoạn bán hàng;sales stage;tên giai đoạn bán hàng,dimension,count;count_distinct,crm,signed / ký hợp đồng
gold,crm_expected_revenue,deployment_type,varchar,1,,,Loại hình triển khai dịch vụ hoặc sản phẩm,True,False,crm,loại triển khai;kiểu triển khai;hình thức triển khai;phương thức triển khai;deployment type;deployment model;deployment method;implementation type;deployment style;cách triển khai,dimension,count;count_distinct,crm,Service ; None ; Standalone ;
gold,crm_expected_revenue,due_date,timestamp(3),0,,,Ngày đến hạn thanh toán dự kiến,True,False,finance,ngày đến hạn;ngày thanh toán;ngày dự kiến thanh toán;ngày nợ;ngày đáo hạn;due date;payment due date;expected payment date;invoice due date;settlement date,time,none,crm,
gold,crm_expected_revenue,is_actual,boolean,1,,,True nếu khoản thanh toán đã thực tế phát sinh,True,False,crm,là thực tế;đã thực hiện;thực tế;đã thanh toán;có phải thanh toán thực tế;is actual;actual payment;realized;actual flag;payment is actual,dimension,count;count_distinct,crm,
gold,crm_expected_revenue,is_recurring,boolean,1,,,True nếu khoản thanh toán có tính định kỳ,True,False,crm,định kỳ;có tính định kỳ;giao dịch định kỳ;recurring;is_recurring;recurring payment;repeat payment;subscription;có thanh toán định kỳ;payment is recurring,dimension,count;count_distinct,crm,
gold,crm_expected_revenue,payment_date,timestamp(3),1,,,Ngày dự kiến hoặc thực tế nhận thanh toán,True,False,crm,ngày thanh toán;payment date;ngày dự kiến thanh toán;expected payment date;ngày nhận tiền;receipt date;ngày chi trả;date of payment;ngày giao dịch;transaction date,time,none,crm,
gold,crm_expected_revenue,product_category,varchar,1,,,Danh mục sản phẩm liên quan giao dịch,True,False,crm,danh mục sản phẩm;loại sản phẩm;product category;product type;nhóm sản phẩm;product group;phân loại sản phẩm;product classification;loại hàng;category of product,dimension,count;count_distinct,crm,VAPT (Pentest) ; Tư vấn ; VCS-aJiant ; Redteam ; VCS-TI ; VCS-CyCir ; MSS ; VCS-AMA ; VCS-CyM ; Threat Hunting ; VCS-NSM ; VCS-KIAN ; AntiDDos ; Infrastructure Audit ; Dịch vụ chuyên nghiệp khác ; Khác ; VCS-WSG ; VCS-NAC ; Cloudrity ; SI ; M-Suite ; VCS-InT ; VCS-ESG ; CA ; VCS-NDR ; VCS-F2DR ; Purple Team Service ; Diễn tập
gold,crm_expected_revenue,product_type,varchar,1,,,"Loại sản phẩm dự báo thanh toán (New, Renewal, Upsale…)",True,False,crm,loại sản phẩm;kiểu sản phẩm;dạng sản phẩm;phân loại sản phẩm;product type;product kind;product classification;type of product;product category;product type in forecast,dimension,count;count_distinct,crm,New ; Upsale ; None ; Renewal ; Renew ; ; Upsales ; Dependent
gold,crm_expected_revenue,sales_admin_username,varchar,1,,,Tên người quản lý bán hàng chịu trách nhiệm,True,False,crm,admin bán hàng;người phụ trách bán hàng;sale admin;sales admin;người quản lý bán hàng;sales administrator;người chịu trách nhiệm bán hàng;sales manager,dimension,count;count_distinct,crm,
gold,crm_expected_revenue,territory_name,varchar,1,,,Tên khu vực hoặc vùng địa lý mà khách hàng và giao dịch thuộc về.,True,False,crm,khu vực;vùng bán hàng;territory;sales territory;region;địa bàn;Tên khu vực;area name;Tên vùng;region name,dimension,count;count_distinct,crm,'Miền Bắc' ; 'Miền Nam' ; 'Philippines' ; 'Japan' ; 'Global Sale'
gold,crm_expected_revenue,update_at,timestamp(3),0,,,Thời điểm dữ liệu dự báo được cập nhật,True,False,crm,thời gian cập nhật;ngày cập nhật;thời điểm sửa đổi;thời gian sửa đổi;update timestamp;last updated;modified at;record update time;data refresh time;khi nào dữ liệu được cập nhật,time,none,crm,
gold,crm_expected_revenue,vnd_amount,"decimal(18,2)",0,,,Số tiền dự báo bằng VND,True,False,finance,vnd_amount;số tiền VND;giá trị VND;đơn vị tiền tệ VND;tiền dự báo VND;VND amount;Vietnamese Dong amount;forecasted VND amount;payment amount in VND;total VND value,metric,sum;avg;min;max,crm,
gold,crm_pricebook,catalog_id,bigint,1,,1.0,Mã định danh duy nhất của danh mục (catalog) trong hệ thống CRM.,True,False,crm,mã danh mục;catalog_id;catalog ID;ID danh mục;catalog identifier;catalog key;pricebook catalog ID;catalog number;ID của catalog;catalog code,id,count_distinct,crm,
gold,crm_pricebook,created_at,timestamp(3),0,,,Ngày và giờ bản ghi pricebook được tạo.,True,False,crm,ngày tạo;thời gian tạo;thời điểm tạo;ngày ghi;thời gian ghi;creation date;created date;record creation time;timestamp;created_at,time,none,crm,
gold,crm_pricebook,csmp_discount,"decimal(18,2)",1,,,Mức chiết khấu CSMP áp dụng cho sản phẩm.,True,False,crm,chiết khấu CSMP;giảm giá CSMP;mức giảm CSMP;giá trị chiết khấu;CSMP discount;discount amount;pricebook discount;discount rate,metric,sum;avg;min;max,crm,
gold,crm_pricebook,csmp_discount_diamond,"decimal(18,2)",1,,,Chiết khấu dành cho khách hàng hạng Kim Cương.,True,False,crm,chiết khấu kim cương;giảm giá hạng kim cương;diamond discount;discount diamond;csmp_discount_diamond;mức chiết khấu kim cương;discount for diamond tier;diamond tier discount;giảm giá cho khách hàng kim cương;khách hàng hạng kim cương chiết khấu,metric,sum;avg;min;max,crm,
gold,crm_pricebook,csmp_discount_gold,"decimal(18,2)",1,,,Chiết khấu dành cho khách hàng hạng Vàng.,True,False,crm,chiết khấu Vàng;gold discount;discount gold;giảm giá hạng Vàng;csmp_discount_gold;Mức chiết khấu cho khách hàng Vàng;Gold tier discount;giá trị chiết khấu Vàng;discount for gold customers;giảm giá cho khách hàng hạng Vàng,metric,sum;avg;min;max,crm,
gold,crm_pricebook,csmp_discount_silver,"decimal(18,2)",1,,,Chiết khấu dành cho khách hàng hạng Silver.,True,False,crm,chiết khấu Silver;giảm giá hạng Silver;Silver discount;discount Silver;Silver tier discount;Mức chiết khấu cho khách hàng Silver;Silver level discount;tỷ lệ chiết khấu Silver,metric,sum;avg;min;max,crm,
gold,crm_pricebook,currency_code,varchar,1,,,Mã tiền tệ dùng cho mức giá sản phẩm.,True,False,finance,Mã tiền tệ;Currency code;Mã tiền;Đơn vị tiền tệ;Currency;Tiền tệ;Mã tiền tệ của sản phẩm;Currency identifier;Mã tiền tệ trong bảng giá;Currency symbol,dimension,count;count_distinct,crm,
gold,crm_pricebook,is_active,boolean,1,,,True nếu bản ghi bảng giá đang được kích hoạt.,True,False,crm,trạng thái hoạt động;có đang hoạt động;đang sử dụng;được kích hoạt;có hiệu lực;active flag;is active;active status;enabled;currently active,dimension,count;count_distinct,crm,
gold,crm_pricebook,is_quantity_based,boolean,1,,,True nếu mức giá dựa trên số lượng mua.,True,False,crm,giá theo số lượng;price based on quantity;quantity based pricing;dựa trên số lượng;is_quantity_based;quantity based flag;có tính dựa vào số lượng;price quantity flag,dimension,count;count_distinct,crm,
gold,crm_pricebook,is_related_csmp,boolean,1,,,True nếu bảng giá liên quan chương trình CSMP.,True,False,crm,liên quan đến CSMP;có CSMP;được gắn với CSMP;có liên kết CSMP;trạng thái CSMP;is related to CSMP;CSMP related flag;CSMP association;CSMP linked,dimension,count;count_distinct,crm,
gold,crm_pricebook,item_type,varchar,1,,,Loại mặt hàng (Product/Service) trong bảng giá.,True,False,crm,loại mặt hàng;item type;kiểu mục;dạng sản phẩm;product type;category of item;pricebook item type;loại sản phẩm;type of item;nhóm mặt hàng,dimension,count;count_distinct,crm,Product ; Service ; None
gold,crm_pricebook,package,varchar,1,,,Gói sản phẩm/dịch vụ áp dụng trong bảng giá.,True,False,crm,gói;gói sản phẩm;gói dịch vụ;package;price package;package type;bundle;Tên gói;loại gói;product bundle,dimension,count;count_distinct,crm,year ; time ; perpetual ; month
gold,crm_pricebook,price,"decimal(18,2)",0,,,Giá bán của sản phẩm.,True,False,crm,giá;đơn giá;giá bán;giá sản phẩm;giá trong bảng giá;price;unit price;selling price;list price;price amount,metric,sum;avg;min;max,crm,
gold,crm_pricebook,price_max,"decimal(18,2)",1,,,Giá tối đa sản phẩm có thể áp dụng.,True,False,crm,giá tối đa;giá max;giá cao nhất;giá lớn nhất;price_max;maximum price;max price;price ceiling;upper price limit;giá tối đa của sản phẩm,metric,sum;avg;min;max,crm,
gold,crm_pricebook,price_min,"decimal(18,2)",1,,,Giá tối thiểu sản phẩm có thể áp dụng.,True,False,crm,giá tối thiểu;giá thấp nhất;giá min;minimum price;min price;lowest price;price floor;price min;giá thấp nhất trong bảng giá;lowest price in pricebook,metric,sum;avg;min;max,crm,
gold,crm_pricebook,price_type,varchar,1,,,"Loại giá (ví dụ: danh sách, khuyến mại).",True,False,crm,loại giá;kiểu giá;dạng giá;price type;price category;pricing type;giá bán;giá khuyến mại;giá ưu đãi;price kind,dimension,count;count_distinct,crm,New ; Add-on ; Support ; Audit ; Reaudit
gold,crm_pricebook,price_unit,varchar,1,,,"Đơn vị tính của mức giá (ví dụ: mỗi người dùng, mỗi tháng).",True,False,crm,price unit;đơn vị giá;đơn vị tính giá;đơn vị;price measurement unit;unit of price;đơn vị giá bán;price per unit;đơn vị tính;price unit of measure,dimension,count;count_distinct,crm,PC / Desktop ; Server ; Package ; Email account ; Device ; phần mềm ; CCU ; gói ; assets ; Events / s ; PC ; đợt ; Website ; IP ; Instance ; Device IP ; Account ; Point ; Agent ; Gói ; User ; Quote ; VND ; thiết bị ; USD ; Server / Workstation ; Asset ; Site ; Node ; Desktop ; Domain ; Mbps ; Gbps ; Phần mềm
gold,crm_pricebook,product_category,varchar,0,,,"Danh mục sản phẩm mà sản phẩm thuộc (ví dụ: VCS-aJiant, MSS, SI, ...).",True,False,product,loại sản phẩm;danh mục sản phẩm;product category;product type;category;product group;nhóm sản phẩm;phân loại sản phẩm;product classification;category of product,dimension,count;count_distinct,crm,VCS-aJiant ; Khác ; VCS-ESG ; Infrastructure Audit ; MSS ; SI ; LIG ; VCS-TI ; VCS-NDR ; VCS-NAC ; VCS-NSM ; VAPT (Pentest) ; M-Suite ; VCS-InT ; VCS-CyM ; Dịch vụ chuyên nghiệp khác ; Redteam ; AntiDDos ; Cloudrity ; VCS-KIAN ; VCS-CyCir ; CA ; Threat Hunting ; VCS-F2DR ; Diễn tập ; VCS-WSG ; VCS-AMA ; Tư vấn ; Content Security ; Purple Team Service
gold,crm_pricebook,product_description,varchar,0,,,Mô tả chi tiết sản phẩm.,True,False,crm,mô tả sản phẩm;product description;chi tiết sản phẩm;product details;miêu tả sản phẩm;description of product;thông tin mô tả sản phẩm;product info description;đặc tả sản phẩm;product spec,dimension,count;count_distinct,crm,
gold,crm_pricebook,product_id,varchar,0,,,Mã định danh duy nhất của sản phẩm.,True,False,product,mã sản phẩm;product ID;product code;ID sản phẩm;product identifier;mã hàng;product key;mã SP;item ID;product SKU,id,count_distinct,crm,
gold,crm_pricebook,product_license,varchar,0,,,"Loại giấy phép (Subscription, Perpetual, Time).",True,False,crm,giấy phép sản phẩm;product license;loại giấy phép;license type;kiểu giấy phép;product licensing;phân loại giấy phép;license category;loại giấy phép sản phẩm;product license type,dimension,count;count_distinct,crm,Subscription ; Perpetual ; Time
gold,crm_pricebook,product_name,varchar,0,,,Tên sản phẩm.,True,False,crm,tên sản phẩm;tên mặt hàng;product name;item name;tên sản phẩm trong bảng giá;product title;Tên hàng;product label;Tên item;product identifier,dimension,count;count_distinct,crm,
gold,crm_pricebook,product_type,varchar,0,,,Loại sản phẩm (nhóm/dạng sản phẩm).,True,False,crm,loại sản phẩm;product type;dạng sản phẩm;product category;type of product;nhóm sản phẩm;product group;kiểu sản phẩm;product classification;phân loại sản phẩm,dimension,count;count_distinct,crm,
gold,crm_pricebook,product_version,varchar,0,,,Phiên bản sản phẩm.,True,False,product,phiên bản sản phẩm;product version;phiên bản;phiên bản của sản phẩm;software version;phiên bản phần mềm;product release;phiên bản gói;current version;phiên bản SKU,dimension,count;count_distinct,crm,
gold,crm_pricebook,related_pricebook_id,varchar,1,1.0,,Mã bảng giá liên quan (parent/linked pricebook).,True,False,crm,bảng giá liên quan;related pricebook;pricebook liên quan;linked pricebook id;id bảng giá liên quan;parent pricebook;associated pricebook;pricebook liên kết;related pricebook id;pricebook liên quan ID,id,count_distinct,crm,
gold,crm_pricebook,sku,varchar,0,,,Mã SKU duy nhất của sản phẩm.,True,False,product,mã SKU;SKU;mã sản phẩm;product code;product identifier;item code;stock keeping unit;item identifier;Mã hàng;product SKU,dimension,count;count_distinct,crm,
gold,crm_pricebook,sub_type,varchar,0,,,"Phân loại phụ của sản phẩm hoặc gói dịch vụ (ví dụ: Diamond, Gold, Silver, ...).",True,False,crm,loại phụ;phân loại phụ;sub type;subtype;kiểu phụ;loại phụ giá;phân loại phụ giá;pricebook sub type;pricing sub type;kiểu phụ của bảng giá,dimension,count;count_distinct,crm,None ; Diamond ; CA 2 Times ; Original Site ; Silver ; Extended Site ; CA 3 Times ; Other ; Gold ; CA 1 Time ; CA 4 Times
gold,crm_pricebook,updated_at,timestamp(3),0,,,Thời điểm bản ghi được cập nhật lần cuối.,True,False,crm,ngày cập nhật;thời gian cập nhật;thời điểm cập nhật;last updated;update timestamp;modified date;thời điểm sửa đổi;update time;thời gian thay đổi;updated_at,time,none,crm,
gold,crm_sales_accounts,address,varchar,1,,,Địa chỉ của khách hàng hoặc đối tác kinh doanh.,True,False,crm,địa chỉ;address;địa chỉ công ty;company address;địa chỉ khách hàng;customer address;địa chỉ doanh nghiệp;business address;địa chỉ liên hệ;contact address,dimension,count;count_distinct,crm,
gold,crm_sales_accounts,am_username,varchar,1,,,Tên đăng nhập của người quản lý tài khoản chịu trách nhiệm chăm sóc khách hàng.,True,False,crm,tên đăng nhập AM;account manager username;username của người quản lý tài khoản;login AM;username AM;tên người phụ trách tài khoản;sales manager login;tên đăng nhập người phụ trách;account manager ID,dimension,count;count_distinct,crm,
gold,crm_sales_accounts,business_type,varchar,1,,,Loại hình kinh doanh của tài khoản khách hàng.,True,False,crm,loại hình kinh doanh;business type;kiểu doanh nghiệp;type of business;phân loại doanh nghiệp;business category;ngành nghề kinh doanh;business classification;hình thức kinh doanh;business model,dimension,count;count_distinct,crm,
gold,crm_sales_accounts,city,varchar,1,,,Thành phố nơi công ty khách hàng đặt trụ sở.,True,False,crm,thành phố;địa chỉ thành phố;thành phố trụ sở;city;customer city;account city;city of company;where is the account located;ở thành phố nào,dimension,count;count_distinct,crm,
gold,crm_sales_accounts,company_alias,varchar,0,,,Tên viết tắt hoặc biệt danh của công ty được sử dụng trong hệ thống CRM.,True,False,crm,tên viết tắt công ty;company alias;biệt danh công ty;company nickname;tên ngắn gọn công ty;alternative company name;Tên gọi khác của công ty;company short name;Tên thay thế công ty;company alternative name,dimension,count;count_distinct,crm,
gold,crm_sales_accounts,company_id,varchar,1,,1.0,Mã định danh duy nhất của công ty trong hệ thống CRM.,True,False,crm,Mã công ty;ID công ty;Mã khách hàng;Company ID;Company Code;Customer ID;Mã doanh nghiệp;Company identifier,id,count_distinct,crm,
gold,crm_sales_accounts,country,varchar,1,,,Quốc gia nơi công ty khách hàng đăng ký hoạt động.,True,False,crm,quốc gia;country;đất nước;nation;quốc gia khách hàng;country of account;vùng địa lý;country name;nước đăng ký;account country,dimension,count;count_distinct,crm,None ; Việt Nam ; United States ; Philippines ; Vietnam
gold,crm_sales_accounts,created_at,timestamp(3),0,,,Ngày mà tài khoản khách hàng được tạo trong hệ thống CRM.,True,False,crm,ngày tạo;thời gian tạo;ngày khởi tạo;ngày ghi nhận;ngày lập hồ sơ;creation date;created date;account creation time;when was the account created,time,none,crm,
gold,crm_sales_accounts,days_since_update,integer,1,,,Số ngày đã trôi qua kể từ khi thông tin tài khoản được cập nhật lần cuối.,True,False,crm,số ngày kể từ lần cập nhật cuối;days since last update;age of record;thời gian không cập nhật;days since update;độ trễ cập nhật;time since last modification;ngày kể từ khi cập nhật;days since change;khoảng cách thời gian cập nhật,metric,sum;avg;min;max,crm,
gold,crm_sales_accounts,id,varchar,0,1.0,,Mã định danh duy nhất của tài khoản bán hàng.,True,False,crm,Mã tài khoản;Account ID;Mã khách hàng;Customer ID;Mã số tài khoản;Account identifier;ID tài khoản;ID khách hàng;Mã định danh;Unique account key,id,count_distinct,crm,
gold,crm_sales_accounts,incorporation_date,date,1,,,Ngày mà công ty được thành lập hoặc đăng ký kinh doanh.,True,False,crm,ngày thành lập;ngày đăng ký kinh doanh;ngày thành lập công ty;incorporation date;date of incorporation;company registration date;founding date;establishment date;khi nào công ty được thành lập;khi nào công ty đăng ký,time,none,crm,
gold,crm_sales_accounts,industry_type,varchar,1,,,Loại ngành công nghiệp mà tài khoản khách hàng đang hoạt động.,True,False,crm,ngành nghề;loại ngành;industry;industry type;ngành công nghiệp;loại hình kinh doanh;business sector;sector;ngành;industry sector,dimension,count;count_distinct,crm,"Retail & Wholesale ; Telecommunications ; Defense ; Cargo Handling ; Machinery ; Food, Beverage & Tobacco ; Banking ; Electronics ; None ; Software ; Insurance ; Other ; Advertising ; Gaming ; Financial Services ; Real Estate ; Manufacturing ; Energy ; Hospitality ; Education ; Consulting ; Agriculture ; Call Centers ; Airline ; Media ; Government ; Pharmaceuticals ; Technology ; Shipping ; Transportation ; Construction ; Accounting ; Service ; Health Care ; Securities & Commodity Exchanges"
gold,crm_sales_accounts,initial_source,varchar,1,,,Nguồn gốc ban đầu mà tài khoản được tạo hoặc tiếp cận.,True,False,crm,nguồn gốc ban đầu;nguồn tiếp cận đầu tiên;initial source;source of acquisition;nguồn khách hàng;kênh thu hút ban đầu;acquisition source;kênh tiếp cận đầu tiên,dimension,count;count_distinct,crm,None ; Manual ; Event ; Facebook Ads ; Organic Website ; Linkedin ; Organic Email ; Email marketing ; Webinar ; Messenger
gold,crm_sales_accounts,last_assigned_at,date,1,,,Ngày cuối cùng tài khoản được giao cho nhân viên bán hàng.,True,False,crm,ngày giao cuối cùng;thời gian giao cuối;lần cuối cùng được giao;ngày giao tài khoản;thời điểm giao tài khoản;last assigned date;last assignment time;last assigned at;account assignment date;date of last assignment,time,none,crm,
gold,crm_sales_accounts,last_contacted_sales_activity_mode,varchar,1,,,Phương thức hoặc kênh mà nhân viên bán hàng đã liên hệ với khách hàng lần cuối.,True,False,crm,phương thức liên hệ cuối cùng; cách tiếp cận cuối cùng; kênh liên hệ cuối cùng; hình thức liên lạc cuối cùng; chế độ liên hệ cuối cùng; last contact mode; last sales activity channel; final contact method; most recent contact mode,dimension,count;count_distinct,crm,None ; Task ; Email ; Meeting
gold,crm_sales_accounts,last_contacted_via_sales_activity,date,1,,,Ngày cuối cùng tài khoản được liên hệ qua hoạt động bán hàng.,True,False,crm,ngày liên hệ cuối cùng qua hoạt động bán hàng;last contact date via sales activity;ngày tiếp cận cuối cùng;last contacted date;ngày giao dịch bán hàng gần nhất;most recent sales contact date;ngày liên lạc cuối cùng;last sales activity contact;ngày cuối cùng bán hàng;last contacted via sales activity,time,none,crm,
gold,crm_sales_accounts,name,varchar,1,,,Tên của tài khoản khách hàng trong hệ thống CRM.,True,False,crm,tên tài khoản;account name;Tên công ty;company name;Tên khách hàng;customer name;Tên doanh nghiệp;business name;Tên;client name,dimension,count;count_distinct,crm,
gold,crm_sales_accounts,number_of_employees,bigint,1,,,Số lượng nhân viên của tài khoản khách hàng.,True,False,crm,số lượng nhân viên; số nhân viên; số nhân sự; employee count; headcount; number of staff; staff size; workforce size; bao nhiêu nhân viên; how many employees,metric,sum;avg;min;max,crm,
gold,crm_sales_accounts,open_deals_amount,"decimal(18,2)",1,,,Tổng giá trị các giao dịch đang mở của tài khoản.,True,False,crm,giá trị giao dịch mở;open deals amount;giá trị các cơ hội đang mở;pipeline value;total open deals amount;giá trị cơ hội bán hàng mở;open deal amount;giá trị giao dịch chưa chốt;open deals total,metric,sum;avg;min;max,crm,
gold,crm_sales_accounts,open_deals_count,bigint,1,,,Số lượng giao dịch (deal) đang mở của tài khoản.,True,False,crm,số giao dịch đang mở;open deals count;count of open deals;số deal chưa đóng;số cơ hội bán hàng đang mở;open opportunities count;số hợp đồng chưa hoàn thành;open deals number,metric,sum;avg;min;max,crm,
gold,crm_sales_accounts,parent_sales_account_id,varchar,1,,1.0,"Mã định danh tài khoản cha, dùng để xác định quan hệ phân cấp.",True,False,crm,ID tài khoản cha;parent_sales_account_id;parent account ID;ID của tài khoản cha;parent account identifier;mã tài khoản cha;parent account reference;ID tài khoản gốc;parent sales account;mã ID tài khoản cha,id,count_distinct,crm,
gold,crm_sales_accounts,phone,varchar,1,,,Số điện thoại liên hệ của khách hàng trong hệ thống CRM.,True,False,crm,số điện thoại;điện thoại;Số liên lạc;Số di động;phone;phone number;contact phone;telephone;customer phone;account phone,dimension,count;count_distinct,crm,
gold,crm_sales_accounts,sales_admin,varchar,1,,,Tên nhân viên quản lý bán hàng chịu trách nhiệm cho tài khoản này.,True,False,crm,người quản lý bán hàng;admin bán hàng;sale admin;người phụ trách bán hàng;sales admin;sales administrator;account manager;sales representative;who is the sales admin;ai là người bán hàng phụ trách,dimension,count;count_distinct,crm,
gold,crm_sales_accounts,customer_segment_l1,varchar,1,,,Mức phân khúc khách hàng cấp 1 của tài khoản bán hàng.,True,False,crm,phân khúc cấp 1;segment L1;segment level 1;customer segment level 1;phân khúc khách hàng;first level segment;segment cấp 1;segment level one;đối tượng khách hàng chính,dimension,count;count_distinct,crm,Khách hàng ngoài ; International ; Bộ Quốc phòng ; Nội bộ
gold,crm_sales_accounts,customer_segment_l2,varchar,1,,,"Mức phân khúc cấp 2 của tài khoản khách hàng, dùng để nhóm khách hàng theo tiêu chí kinh doanh.",True,False,crm,phân khúc cấp 2;segment level 2;segment l2;segment 2;customer segment level 2;phân khúc khách hàng cấp 2;segment classification;segment tier 2;phân khúc doanh nghiệp;business segment level 2,dimension,count;count_distinct,crm,Khách hàng ngoài ; Direct / Local Channel ; Viettel Global Partner ; Khách hàng SI ngoài ; Khách hàng SI nội bộ ; None ; Khách hàng nội bộ
gold,crm_sales_accounts,customer_segment_l3,varchar,1,,,Mức phân khúc cấp 3 của tài khoản khách hàng trong hệ thống CRM.,True,False,crm,phân khúc cấp 3;segment level 3;segment_l3;phân khúc chi tiết;account segment tier 3;segment 3;cấp độ phân khúc 3;segment level three;phân khúc L3;segment tier 3,dimension,count;count_distinct,crm,DNL ; Unname ; None ; BFSI ; Energy ; GOV ; Province
gold,crm_sales_accounts,service_level,varchar,1,,,"Mức độ dịch vụ mà khách hàng được cung cấp (ví dụ: Gold, Silver, Platinum).",True,False,crm,cấp độ dịch vụ;service level;service tier;hạng dịch vụ;loại dịch vụ;service grade;độ ưu tiên dịch vụ;service class;service category;độ mức dịch vụ,dimension,count;count_distinct,crm,None ; Tier 3*
gold,crm_sales_accounts,soc_brand,varchar,1,,,Thương hiệu SOC (Service Organization Control) của tài khoản.,True,False,crm,thương hiệu SOC;SOC brand;nhãn hiệu SOC;brand SOC;brand;thương hiệu;nhãn hiệu;SOC brand name;Tên thương hiệu SOC;account brand,dimension,count;count_distinct,crm,None ; NCS ; CMC ; VSEC ; Local via TIM ; BKAV ; FPT ; Panasonic Đài Loan triển khai
gold,crm_sales_accounts,state,varchar,1,,,Tỉnh hoặc tiểu bang nơi tài khoản khách hàng đặt trụ sở.,True,False,crm,tỉnh;bang;miền;province;state;region;địa chỉ tỉnh;vùng địa lý;account state;account province,dimension,count;count_distinct,crm,None ; Makati ; NCR ; Cavite ; Baguio ; Na - Vietnam ; Makati City
gold,crm_sales_accounts,tax_code,varchar,1,,,Mã số thuế của khách hàng hoặc công ty trong hệ thống CRM.,True,False,finance,mã thuế;mã số thuế;MST;tax code;tax identification number;TIN;tax ID;VAT number;tax code của khách hàng,dimension,count;count_distinct,crm,
gold,crm_sales_accounts,updated_at,timestamp(3),1,,,Thời điểm cập nhật cuối cùng của thông tin tài khoản bán hàng.,True,False,crm,ngày cập nhật;thời gian cập nhật;cập nhật lần cuối;last updated;update timestamp;thời điểm sửa đổi;last modified date;updated date;thời gian thay đổi;update time,time,none,crm,
gold,crm_sales_accounts,using_soc,varchar,1,,,Cho biết tài khoản có áp dụng tiêu chuẩn SOC hay không.,True,False,crm,sử dụng SOC;có SOC;đang dùng SOC;trạng thái SOC;SOC usage;using SOC;SOC enabled;is SOC used;account có SOC;account uses SOC,dimension,count;count_distinct,crm,No ; Unknown ; Yes
gold,crm_sales_accounts,vcs_soc_others,varchar,1,,,Thông tin về các kênh hoặc nguồn liên hệ khác mà khách hàng được ghi nhận trong hệ thống VCS.,True,False,crm,kênh liên hệ khác;nguồn liên hệ khác;SOC khác;vcs_soc_others;kênh giao tiếp khác;other contact channel;other source of contact;other SOC;additional communication source;miscellaneous contact source,dimension,count;count_distinct,crm,None ; VCS ; Others
gold,crm_sales_accounts,warm_up_source,varchar,1,,,Nguồn khởi tạo (warm‑up) của tài khoản trong hệ thống CRM.,True,False,crm,nguồn khởi tạo;nguồn làm ấm;warm-up source;kênh tiếp cận ban đầu;kênh làm ấm;source of warm-up;nguồn tiếp cận;lead source;nguồn khách hàng tiềm năng;origin of warm-up,dimension,count;count_distinct,crm,None ; Event ; Email marketing
gold,crm_sales_accounts,website,varchar,1,,,Địa chỉ website của tài khoản khách hàng trong hệ thống CRM.,True,False,crm,website;địa chỉ website;URL;địa chỉ URL;trang web;địa chỉ trang web;website của khách hàng;customer website;company website;site,dimension,count;count_distinct,crm,
gold,crm_sales_accounts,won_deals_amount,"decimal(18,2)",1,,,Tổng giá trị tiền tệ của các giao dịch đã thắng của tài khoản.,True,False,crm,tổng giá trị giao dịch thắng;won deals amount;giá trị giao dịch đã thắng;won revenue;tổng doanh thu thắng;amount of won deals;giá trị hợp đồng thắng;won deals total,metric,sum;avg;min;max,crm,
gold,crm_sales_accounts,won_deals_count,bigint,1,,,Số lượng giao dịch thành công (được thắng) của tài khoản.,True,False,crm,số hợp đồng thắng;won deals count;number of won deals;số deal đã thắng;đếm giao dịch thắng;won deals number;số giao dịch thành công;count of won deals,metric,sum;avg;min;max,crm,
gold,crm_sales_accounts,zipcode,varchar,1,,,Mã bưu điện của khách hàng hoặc địa chỉ doanh nghiệp.,True,False,crm,mã bưu điện;zip code;postal code;zipcode;Mã zip;Mã vùng;Mã địa chỉ;postal code of account;zip code of customer;mã bưu điện của công ty,dimension,count;count_distinct,crm,
gold,cx_cso_ticket_tags,created_at,timestamp(3),0,,,Ngày/giờ tạo thẻ ticket trong hệ thống.,True,False,crm,ngày tạo;thời gian tạo;thời điểm tạo;thời gian ghi nhận;created_at;creation time;time of creation;when tag created;thời gian tạo thẻ;thời gian tạo ticket,time,none,cx_cso,
gold,cx_cso_ticket_tags,tag,varchar,0,,,Nhãn phân loại nội dung hoặc chủ đề của ticket hỗ trợ khách hàng.,True,False,crm,nhãn;thẻ;đánh dấu;phân loại;tag;label;category;ticket tag;ticket label;nhãn ticket,dimension,count;count_distinct,cx_cso,
gold,cx_cso_ticket_tags,ticket_id,varchar,0,,1.0,Mã định danh duy nhất của ticket hỗ trợ khách hàng.,True,False,crm,mã ticket;ticket ID;ticket number;ID ticket;ID yêu cầu;mã yêu cầu;số ticket;support ticket ID;case ID;mã số ticket,id,count_distinct,cx_cso,
gold,cx_cso_ticket_tags,updated_at,timestamp(3),0,,,Ngày/giờ cập nhật cuối cùng của thẻ ticket.,True,False,crm,thời gian cập nhật;ngày cập nhật;thời điểm cập nhật;updated_at;updated at;last updated time;thời gian sửa đổi;timestamp cập nhật;thời điểm sửa đổi;update timestamp,time,none,cx_cso,
gold,cx_cso_support_tickets,action_program,varchar,1,,,Tên chương trình hoặc biện pháp hành động được áp dụng cho ticket.,True,False,crm,chương trình hành động;action program;program hành động;hành động thực hiện;action taken;program xử lý;chương trình giải quyết;ticket action program;biện pháp xử lý;program applied,dimension,count;count_distinct,cx_cso,
gold,cx_cso_support_tickets,assigned_to,varchar,1,,,Tên hoặc mã nhân viên hỗ trợ cấp 1 chịu trách nhiệm xử lý ticket.,True,False,crm,đại lý cấp 1;nhân viên hỗ trợ cấp 1;người xử lý cấp 1;L1 agent;first level agent;level 1 support agent;agent L1;support rep L1;người hỗ trợ L1;who handled L1,dimension,count;count_distinct,cx_cso,
gold,cx_cso_support_tickets,call_reminder,varchar,1,,,Trạng thái hoặc nội dung nhắc nhở thực hiện cuộc gọi với khách hàng.,True,False,crm,nhắc gọi;call reminder;lời nhắc gọi;reminder call;cờ nhắc gọi;gọi lại;call reminder flag;đánh dấu nhắc gọi,dimension,count;count_distinct,cx_cso,None ; Call Center follow-up
gold,cx_cso_support_tickets,issue_category,varchar,1,,,Loại vấn đề hoặc chủ đề của ticket hỗ trợ khách hàng.,True,False,crm,category;loại ticket;danh mục;phân loại;ticket category;issue category;support category;kiểu vấn đề;chủ đề ticket;type of issue,dimension,count;count_distinct,cx_cso,None ; Cloudrity ; EDR ; SIEM ; SOAR ; NAC ; TKCG ; SOC247 ; Others ; Msuite ; SOC Platform ; Threat Intelligence ; SIRC ; Pentest ; NDR ; NSM/NetAD ; WSG ; My Safe ; KIAN ; ESG ; AntiDDos ; Data Security ; INT ; F2DR ; LIG ; SE ; TI Content ; V2S ; AMA ; BRG ; TAD ; BOHT ; Asset Management ; SDM ; OA ; IML
gold,cx_cso_support_tickets,closed_at,timestamp(3),1,,,Ngày mà ticket được đóng trong hệ thống hỗ trợ khách hàng.,True,False,crm,ngày đóng;thời gian đóng;thời điểm đóng;ngày kết thúc ticket;ngày hoàn thành ticket;closed date;ticket close time;closure date;when was the ticket closed;khi nào ticket được đóng,time,none,cx_cso,
gold,cx_cso_support_tickets,communication_effectiveness,varchar,1,,,Mức độ hiệu quả của giao tiếp trong quá trình xử lý ticket.,True,False,crm,hiệu quả giao tiếp;communication effectiveness;đánh giá giao tiếp;communication rating;độ hiệu quả trao đổi;communication quality;mức độ truyền đạt;communication performance,dimension,count;count_distinct,cx_cso,None ; Cao ; Không xác định ; Thấp ; Số lần trao đổi là 3
gold,cx_cso_support_tickets,company_alias,varchar,1,,,Tên công ty được viết tắt liên quan tới yêu cầu hỗ trợ trong ticket.,True,False,crm,công ty;doanh nghiệp;tên công ty;công ty khách hàng;client company;company;business;organization;corporate;công ty liên quan;company name,dimension,count;count_distinct,cx_cso,
gold,cx_cso_support_tickets,company_name,varchar,1,,,Tên công ty đầy đủ liên quan tới yêu cầu hỗ trợ trong ticket.,True,False,crm,tên công ty;company name;tên doanh nghiệp;business name;tên khách hàng;client company;organization name;tên công ty trong ticket;company of the ticket;tên công ty khách hàng,dimension,count;count_distinct,cx_cso,
gold,cx_cso_support_tickets,created_at,timestamp(3),0,,,Thời điểm mà ticket được tạo trong hệ thống.,True,False,crm,ngày tạo;thời gian tạo;thời điểm tạo;ngày mở ticket;thời gian mở yêu cầu;creation date;created date;ticket creation time;when was the ticket created;ticket opened at,time,none,cx_cso,
gold,cx_cso_support_tickets,customer_entry_channel,varchar,1,,,Kênh mà khách hàng sử dụng để tạo yêu cầu hỗ trợ.,True,False,crm,kênh khách hàng;kênh tiếp cận;kênh tạo ticket;customer entry channel;customer contact channel;cách khách hàng liên hệ;phương thức đăng ký hỗ trợ;source channel,dimension,count;count_distinct,cx_cso,None ; Survey ; Email ; OTT ; Internal ; Portal ; On behalf of Customer ; Phone ; Official Letter
gold,cx_cso_support_tickets,customer_respond_date,timestamp(3),1,,,Ngày mà khách hàng trả lời hoặc phản hồi lại yêu cầu hỗ trợ.,True,False,crm,ngày phản hồi của khách hàng;customer response date;ngày khách trả lời;customer reply date;ngày trả lời khách;date of customer reply;ngày phản hồi;customer feedback date;ngày khách hàng phản hồi,time,none,cx_cso,
gold,cx_cso_support_tickets,customer_satisfaction_rating,bigint,1,,,Mức độ hài lòng của khách hàng được ghi lại sau khi giải quyết ticket.,True,False,crm,đánh giá hài lòng của khách hàng;customer satisfaction rating;điểm hài lòng khách hàng;customer satisfaction score;CSAT;đánh giá CSAT;đánh giá mức độ hài lòng;customer rating,metric,sum;avg;min;max,cx_cso,
gold,cx_cso_support_tickets,customer_group,varchar,1,,,"Phân loại khách hàng theo cấp độ: VVIP, VIP, Growth, Standard",True,False,crm,loại khách hàng;kiểu khách hàng;phân loại khách hàng;customer type;customer category;type of customer;customer segment;customer classification;đối tượng khách hàng;customer group;client_tier; customer_segment; loyalty_level,dimension,count;count_distinct,cx_cso,'VVIP' ; 'VIP' ; 'Growth' ; 'Standard'
gold,cx_cso_support_tickets,first_responded_at,timestamp(3),1,,,Thời gian phản hồi đầu tiên của ticket từ nhân viên hỗ trợ.,True,False,crm,thời gian phản hồi đầu tiên;first_responded_at;first response time;thời điểm trả lời đầu tiên;first responded at;ngày trả lời đầu tiên;first reply date;lần trả lời đầu tiên;first response datetime;thời gian trả lời đầu tiên,time,none,cx_cso,
gold,cx_cso_support_tickets,first_response_time_minutes,double,1,,,Thời gian tính bằng phút từ khi ticket được tạo đến khi nhận được phản hồi đầu tiên của nhân viên hỗ trợ.,True,False,crm,thời gian phản hồi đầu tiên (giờ);first response time (hours);thời gian trả lời đầu tiên;first reply time;thời gian phản hồi ban đầu;first response duration;thời gian trả lời đầu tiên (giờ);first response time hours;thời gian phản hồi đầu tiên của ticket;first response hour,metric,sum;avg;min;max,cx_cso,
gold,cx_cso_support_tickets,imported_ticket_date,date,1,,,Ngày mà vé hỗ trợ được nhập vào hệ thống.,True,False,crm,ngày nhập vé;ngày nhập ticket;ngày nhập dữ liệu ticket;ngày nhập;ticket import date;imported ticket date;date ticket was imported;import date;when was the ticket imported;khi nào ticket được nhập,time,none,cx_cso,
gold,cx_cso_support_tickets,imported_ticket_due_date,date,1,,,Ngày dự kiến hoàn thành (hạn chót) của ticket được nhập vào hệ thống.,True,False,crm,ngày đáo hạn ticket;hạn chót ticket;ngày hết hạn ticket;ticket due date;deadline ticket;ngày dự kiến giải quyết;ngày hoàn thành dự kiến;due date của ticket,time,none,cx_cso,
gold,cx_cso_support_tickets,incident_root_cause,varchar,1,,,Nguyên nhân gốc gây ra sự cố được ghi nhận trong ticket hỗ trợ.,True,False,crm,nguyên nhân gốc;root cause;nguyên nhân sự cố;incident root cause;nguyên nhân phát sinh;cause of incident;nguyên nhân ticket;ticket root cause;lý do sự cố;incident cause,dimension,count;count_distinct,cx_cso,None ; Nguyên nhân từ phía KH ; Nội bộ_Lỗi sản phẩm ; Nội bộ_Hạ tầng ; Nội bộ_Thao tác sai
gold,cx_cso_support_tickets,is_duplicated_ticket,boolean,1,,,Cho biết ticket có phải là bản sao của ticket đã tồn tại hay không.,True,False,crm,ticket trùng lặp;duplicate ticket;ticket lặp lại;is duplicated;có ticket trùng;duplicate issue;ticket sao chép;is duplicate ticket,dimension,count;count_distinct,cx_cso,
gold,cx_cso_support_tickets,is_overdue,boolean,1,,,Cho biết ticket đã vượt quá thời hạn xử lý hay chưa.,True,False,crm,quá hạn;đã quá hạn;ticket quá hạn;trễ hạn;độ trễ;overdue;is overdue;ticket overdue;past due;late ticket,dimension,count;count_distinct,cx_cso,
gold,cx_cso_support_tickets,is_vcs,boolean,1,,,Cho biết ticket có được tạo từ kênh VCS (Voice Call Service) hay không.,True,False,crm,có phải VCS;is VCS;ticket VCS;đánh dấu VCS;VCS flag;VCS ticket flag;liệu ticket thuộc VCS;is_vcs flag;VCS indicator;ticket từ kênh VCS,dimension,count;count_distinct,cx_cso,
gold,cx_cso_support_tickets,issues_type,varchar,1,,,Loại vấn đề được ghi nhận trong ticket hỗ trợ khách hàng.,True,False,crm,loại vấn đề;kiểu sự cố;dạng vấn đề;issue type;ticket issue type;type of issue;category of issue;vấn đề;loại ticket;issue category,dimension,count;count_distinct,cx_cso,Support ; Incident ; Bug ; Service Request ; Task ; Change ; Improvement ; None ; Spam ; Ext-Feedback ; Consultation ; Complain ; Problem
gold,cx_cso_support_tickets,l1,boolean,1,,,True xác định ticket đã trải qua xử lý tại cấp độ 1,True,False,crm,cấp độ 1;L1;first level support;độ ưu tiên L1;ticket L1;first line ticket;cấp hỗ trợ đầu tiên;support level 1,dimension,count;count_distinct,cx_cso,
gold,cx_cso_support_tickets,l1_time_actual_minutes,double,1,,,"Thời gian thực tế mà nhóm hỗ trợ cấp 1 (L1) đã dành để xử lý ticket, tính bằng phút.",True,False,crm,thời gian thực tế L1 (phút);thời gian xử lý L1;L1 actual time minutes;actual L1 handling time;L1 processing time (minutes);Level 1 actual minutes;thời gian làm việc L1;L1 work duration;bao lâu L1 đã xử lý;thời gian L1 thực hiện,metric,sum;avg;min;max,cx_cso,
gold,cx_cso_support_tickets,l1_time_allowed_minutes,double,1,,,Thời gian tối đa (phút) mà cấp độ hỗ trợ L1 được phép xử lý một ticket.,True,False,crm,thời gian cho phép L1 (phút);L1 time allowed minutes;thời gian tối đa L1;L1 allowed time (minutes);thời gian xử lý L1 cho phép;L1 time limit (min);thời gian giới hạn L1;L1 allowed minutes,metric,sum;avg;min;max,cx_cso,
gold,cx_cso_support_tickets,l1_violated,boolean,1,,,Cho biết ticket có vi phạm tiêu chuẩn thời gian phản hồi cấp độ 1 hay không.,True,False,crm,vi phạm L1;L1 vi phạm;L1 SLA breached;vi phạm SLA cấp 1;L1 breach;đã vượt quá thời gian L1;L1 time violation;violation of level 1 SLA,dimension,count;count_distinct,cx_cso,
gold,cx_cso_support_tickets,l2,boolean,1,,,True xác định ticket đã trải qua xử lý tại cấp độ 2,True,False,crm,cấp độ L2; cấp hỗ trợ L2; ticket L2; độ ưu tiên L2; L2; Level 2 flag; L2 escalation; second level support; L2 ticket; cấp 2,dimension,count;count_distinct,cx_cso,
gold,cx_cso_support_tickets,l2_time_actual_minutes,double,1,,,Thời gian thực tế (phút) mà nhóm hỗ trợ cấp 2 (L2) dành để xử lý ticket.,True,False,crm,thời gian thực tế L2 (phút);thời gian xử lý L2;L2 actual time minutes;actual L2 handling time;L2 processing time (minutes);Level 2 actual minutes;thời gian hỗ trợ cấp 2;L2 work duration;thời gian L2 đã dùng,metric,sum;avg;min;max,cx_cso,
gold,cx_cso_support_tickets,l2_time_allowed_minutes,double,1,,,Thời gian tối đa (phút) được phép để xử lý ticket ở cấp độ L2 theo quy định SLA.,True,False,crm,thời gian cho phép L2 (phút);thời gian SLA L2;thời gian tối đa L2;L2 time allowed minutes;L2 allowed time minutes;L2 SLA minutes;allowed minutes for L2;L2 time limit,metric,sum;avg;min;max,cx_cso,
gold,cx_cso_support_tickets,l2_violated,boolean,1,,,Cho biết ticket có vi phạm thời gian đáp ứng mức độ 2 (L2) hay không.,True,False,crm,vi phạm L2;L2 bị vi phạm;L2 violation;L2 breached;độ trễ L2;L2 không đạt;L2 SLA vi phạm;L2 SLA breach;vi phạm mức độ 2;L2 level violated,dimension,count;count_distinct,cx_cso,
gold,cx_cso_support_tickets,l3,boolean,1,,,True xác định ticket đã trải qua xử lý tại cấp độ 3,True,False,crm,cấp độ L3;đã lên L3;ticket L3;cấp hỗ trợ L3;đã chuyển lên L3;L3 level;L3 escalation;level 3 flag;L3 status;L3 indicator,dimension,count;count_distinct,cx_cso,
gold,cx_cso_support_tickets,l3_time_actual_minutes,double,1,,,Thời gian thực tế (tính bằng phút) mà mức hỗ trợ L3 đã xử lý ticket.,True,False,crm,thời gian thực tế L3 (phút);L3 actual minutes;thời gian xử lý L3;L3 processing time (minutes);thời gian thực tế cấp độ 3;L3 time spent;thời gian L3 thực tế;actual minutes at level 3,metric,sum;avg;min;max,cx_cso,
gold,cx_cso_support_tickets,l3_time_allowed_minutes,double,1,,,"Thời gian tối đa được phép xử lý ticket ở mức độ L3, tính bằng phút.",True,False,crm,thời gian cho phép L3 (phút);thời gian SLA L3;thời gian tối đa L3;thời gian cho phép cấp độ 3;L3 time allowed minutes;L3 allowed time minutes;L3 SLA minutes;allowed minutes for L3;L3 time limit;L3 allowed response time,metric,sum;avg;min;max,cx_cso,
gold,cx_cso_support_tickets,l3_violated,boolean,1,,,Cho biết ticket có vi phạm tiêu chuẩn thời gian phản hồi mức độ 3 (L3) hay không.,True,False,crm,vi phạm L3;L3 bị vi phạm;L3 violation;L3 breached;vi phạm mức độ 3;L3 SLA vi phạm;exceeded L3 SLA;đã vượt quá thời gian L3,dimension,count;count_distinct,cx_cso,
gold,cx_cso_support_tickets,l4,boolean,1,,,True xác định ticket đã trải qua xử lý tại cấp độ 4,True,False,crm,cấp độ L4; cấp hỗ trợ L4; ticket L4; độ ưu tiên L4; L4; Level 4; L4 escalation; Tier 4 flag; cấp độ hỗ trợ 4; Escalated to L4,dimension,count;count_distinct,cx_cso,
gold,cx_cso_support_tickets,l4_time_actual_minutes,double,1,,,Thời gian thực tế (phút) mà ticket được xử lý ở cấp độ L4.,True,False,crm,thời gian thực tế L4 (phút);thời gian xử lý L4;L4 actual minutes;actual minutes at level 4;thời gian L4 thực tế;L4 processing time (minutes);thời gian xử lý cấp độ 4;L4 time spent;thời gian thực hiện L4,metric,sum;avg;min;max,cx_cso,
gold,cx_cso_support_tickets,l4_time_allowed_minutes,double,1,,,Thời gian tối đa (phút) được phép để xử lý ticket ở cấp độ L4.,True,False,crm,thời gian cho phép L4 (phút);L4 time allowed minutes;thời gian SLA L4;L4 allowed minutes;thời gian tối đa L4;L4 time limit;thời gian dự kiến L4;allowed minutes for L4,metric,sum;avg;min;max,cx_cso,
gold,cx_cso_support_tickets,l4_violated,boolean,1,,,Cho biết ticket có vi phạm ngưỡng thời gian mức độ 4 (L4) hay không.,True,False,crm,vi phạm L4;L4 bị vi phạm;đã vượt thời gian L4;có vi phạm mức độ 4;trạng thái vi phạm L4;L4 violated;L4 breach;L4 SLA breach;L4 violation flag;ticket L4 violation,dimension,count;count_distinct,cx_cso,
gold,cx_cso_support_tickets,note,varchar,1,,,Nội dung ghi chú do nhân viên hỗ trợ nhập vào mỗi ticket.,True,False,crm,ghi chú;note;nhận xét;comment;chú thích;remark;ticket note;agent note;nội dung ghi chú;bình luận,dimension,count;count_distinct,cx_cso,
gold,cx_cso_support_tickets,is_notification,boolean,1,,,Cho biết ticket có được gửi thông báo cho khách hàng hoặc nhân viên hỗ trợ hay không.,True,False,crm,thông báo;notification;đã gửi thông báo;cờ thông báo;notification status;có thông báo không;đã nhận thông báo;notification flag,dimension,count;count_distinct,cx_cso,
gold,cx_cso_support_tickets,number_of_due_date_changes,bigint,1,,,Số lần ngày đáo hạn của ticket được thay đổi.,True,False,crm,số lần thay đổi ngày đáo hạn;number of due date changes;due date change count;lần thay đổi ngày hết hạn;count of due date modifications;số lần cập nhật hạn chót;due date revisions;frequency of due date changes;độ thay đổi ngày đáo hạn,metric,sum;avg;min;max,cx_cso,
gold,cx_cso_support_tickets,old_due_date,timestamp(3),1,,,Ngày đáo hạn ban đầu của ticket trước khi được thay đổi.,True,False,crm,ngày đáo hạn cũ;ngày hết hạn ban đầu;ngày due date gốc;ngày hạn chót trước khi thay đổi;original due date;old due date;previous due date;initial due date,time,none,cx_cso,
gold,cx_cso_support_tickets,is_one_day_before_due,boolean,1,,,Cho biết ticket còn lại một ngày trước ngày đáo hạn.,True,False,crm,còn một ngày đến hạn;trước hạn một ngày;one day before due;due tomorrow;cảnh báo một ngày trước hạn;ticket due in 1 day;cờ ngày đến hạn;alert 1 day before due,dimension,count;count_distinct,cx_cso,
gold,cx_cso_support_tickets,is_one_hour_before_due,boolean,1,,,Cho biết ticket có đang trong khoảng thời gian một giờ trước hạn chót hay không.,True,False,crm,cảnh báo 1 giờ trước hạn;one hour before due;cờ 1 giờ trước hạn;reminder 1h trước deadline;ticket gần hạn 1 giờ;alert 1 hour before due date;cảnh báo trước 1 giờ;one hour prior to due;cờ nhắc nhở 1 giờ;flag within 1 hour of due,dimension,count;count_distinct,cx_cso,
gold,cx_cso_support_tickets,priority_level,varchar,1,,,"Mức độ ưu tiên của ticket hỗ trợ, thể hiện mức quan trọng cần xử lý.",True,False,crm,cấp độ ưu tiên;độ ưu tiên;độ quan trọng;mức độ ưu tiên;priority level;ticket priority;priority;urgency;mức độ quan trọng;độ ưu tiên ticket,dimension,count;count_distinct,cx_cso,Low ; Medium ; High ; Urgent
gold,cx_cso_support_tickets,reason,varchar,1,,,Lý do khách hàng tạo hoặc yêu cầu hỗ trợ trong ticket.,True,False,crm,lý do;nguyên nhân;động cơ;lý do tạo ticket;lý do liên hệ;reason;cause;ticket reason;reason for ticket;why the ticket was opened,dimension,count;count_distinct,cx_cso,
gold,cx_cso_support_tickets,related_ticket,varchar,1,,,Mã vé hoặc mã yêu cầu hỗ trợ được liên kết với vé hiện tại.,True,False,crm,vé liên quan;related ticket;ticket liên kết;linked ticket;vé phụ;parent ticket;child ticket;duplicate ticket;vé gốc;associated ticket,dimension,count;count_distinct,cx_cso,
gold,cx_cso_support_tickets,is_reminder_update,boolean,1,,,Cho biết ticket đã được cập nhật nhắc nhở hay chưa.,True,False,crm,cập nhật nhắc nhở;reminder đã được cập nhật;reminder update flag;trạng thái reminder;đã thay đổi nhắc nhở;reminder update;reminder status;cờ nhắc nhở;reminder đã thay đổi;reminder cập nhật,dimension,count;count_distinct,cx_cso,
gold,cx_cso_support_tickets,requester_name,varchar,1,,,Tên của người tạo hoặc yêu cầu hỗ trợ trong phiếu.,True,False,crm,Tên người yêu cầu;Tên người gửi yêu cầu;Tên khách hàng yêu cầu;Tên người tạo ticket;Tên người đề nghị;Requester name;Ticket requester;Tên người mở phiếu;Tên người yêu cầu hỗ trợ;Ticket requester name,dimension,count;count_distinct,cx_cso,
gold,cx_cso_support_tickets,resolution_time_minutes,double,1,,,Thời gian (tính bằng giờ) mà yêu cầu hỗ trợ được giải quyết hoàn toàn.,True,False,crm,thời gian giải quyết (giờ);resolution time hours;thời gian xử lý ticket;ticket resolution duration;thời gian đóng vé;time to resolve;thời gian hoàn thành yêu cầu;hours to close ticket;thời gian giải quyết yêu cầu;resolution duration,metric,sum;avg;min;max,cx_cso,
gold,cx_cso_support_tickets,resolved_at,timestamp(3),1,,,Thời điểm mà ticket được giải quyết và đóng lại.,True,False,crm,ngày giải quyết;thời gian giải quyết;resolved date;resolution date;ngày đóng ticket;thời điểm đóng;khi ticket được giải quyết;when ticket was resolved;ngày hoàn thành;resolution time,time,none,cx_cso,
gold,cx_cso_support_tickets,response_time_minutes,double,1,,,"Thời gian để nhân viên hỗ trợ trả lời yêu cầu của khách hàng, tính bằng phút.",True,False,crm,thời gian phản hồi (phút);thời gian trả lời;thời gian đáp ứng;thời gian trả lời khách hàng;thời gian phản hồi ticket;response time minutes;response time;reply time;ticket response time;time to respond,metric,sum;avg;min;max,cx_cso,
gold,cx_cso_support_tickets,market_segment,varchar,1,,,Phân khúc khách hàng theo thị trường,True,False,crm,segment;phân khúc;đoạn thị trường;đối tượng khách hàng;customer segment;market segment;ticket segment;phân khúc khách hàng;segment của ticket;customer group,dimension,count;count_distinct,cx_cso,None ; Domestic ; International
gold,cx_cso_support_tickets,sentiment,varchar,1,,,"Mức độ cảm xúc của khách hàng thể hiện qua ticket, như tích cực, tiêu cực hoặc trung tính.",True,False,crm,cảm xúc;sentiment;đánh giá cảm xúc;customer sentiment;tone;phân tích cảm xúc;đánh giá tâm trạng;customer tone;cảm nhận của khách hàng;emotional tone,dimension,count;count_distinct,cx_cso,None ; Neutral ; Very Negative ; Negative
gold,cx_cso_support_tickets,severity_level,varchar,1,,,Mức độ nghiêm trọng của ticket phản ánh mức độ ưu tiên xử lý và tác động kinh doanh.,True,False,crm,severity level;severity;cấp độ nghiêm trọng;mức độ nghiêm trọng;độ nghiêm trọng;độ nghiêm trọng của ticket;ticket severity;ticket severity level;cấp độ severity,dimension,count;count_distinct,cx_cso,None ; Medium ; High ; Low ; Critical
gold,cx_cso_support_tickets,spam_type,varchar,1,,,"Loại spam được gán cho mỗi ticket, cho biết nội dung hoặc tính chất spam của yêu cầu.",True,False,crm,loại spam;kiểu spam;phân loại spam;spam ticket;spam type;spam category;spam classification;ticket spam type;spam flag;spam level,dimension,count;count_distinct,cx_cso,None ; System mail ; Out-bound mail ; Unassigned Inquiry ; Test
gold,cx_cso_support_tickets,status_name,varchar,1,,,Trạng thái hiện tại của phiếu hỗ trợ khách hàng.,True,False,crm,trạng thái ticket;ticket status;status;tình trạng;tình trạng phiếu;trạng thái yêu cầu;ticket state;status name;trạng thái hỗ trợ;status of ticket,dimension,count;count_distinct,cx_cso,Closed ; Under Investigation ; Processing ; Waiting for Customer ; Resolved ; Open ; Pending
gold,cx_cso_support_tickets,subject,varchar,1,,,Tiêu đề mô tả ngắn gọn vấn đề hoặc yêu cầu của ticket.,True,False,crm,tiêu đề ticket;chủ đề;đề mục;tiêu đề yêu cầu;tiêu đề hỗ trợ;subject;ticket title;issue title;case subject;request subject,dimension,count;count_distinct,cx_cso,
gold,cx_cso_support_tickets,support_category,varchar,1,,,Loại danh mục hỗ trợ mà khách hàng yêu cầu trong phiếu dịch vụ.,True,False,crm,loại hỗ trợ;danh mục hỗ trợ;category hỗ trợ;support category;ticket category;issue category;support type;category ticket;kiểu hỗ trợ;type of support,dimension,count;count_distinct,cx_cso,
gold,cx_cso_support_tickets,is_third_four_time,boolean,1,,,Cho biết ticket đã được xử lý ở lần trả lời thứ ba hoặc thứ tư hay chưa.,True,False,crm,cờ lần trả lời thứ ba;cờ lần trả lời thứ tư;đánh dấu lần thứ ba/bốn;cờ thời gian 3/4;third/fourth time flag;is third or fourth response;third fourth time indicator;ticket third/fourth response flag;cờ third four time,dimension,count;count_distinct,cx_cso,
gold,cx_cso_support_tickets,is_reopened_by_cx,boolean,1,,,Cho biết ticket có được đưa vào báo cáo trải nghiệm khách hàng (CX) hay không.,True,False,crm,báo cáo CX;ticket trong báo cáo CX;có trong báo cáo CX;được báo cáo CX;ticket CX;CX report flag;included in CX report;CX report indicator;customer experience report;ticket in CX report,dimension,count;count_distinct,cx_cso,
gold,cx_cso_support_tickets,ticket_id,varchar,0,1.0,,Mã định danh duy nhất của phiếu hỗ trợ khách hàng.,True,False,crm,Mã ticket;Mã phiếu hỗ trợ;Ticket ID;Ticket Number;Mã số yêu cầu;Mã yêu cầu khách hàng;Support ticket identifier;Ticket identifier;Mã yêu cầu;Số phiếu,id,count_distinct,cx_cso,
gold,cx_cso_support_tickets,time_to_response_minutes,double,1,,,Thời gian tính bằng phút từ khi ticket được tạo đến khi nhận được phản hồi đầu tiên.,True,False,crm,thời gian phản hồi (phút);thời gian trả lời ticket;response time minutes;time to first response;thời gian trả lời đầu tiên;thời gian phản hồi khách hàng;response latency;thời gian phản hồi trung bình,metric,sum;avg;min;max,cx_cso,
gold,cx_cso_support_tickets,ttr_overdue,varchar,1,,,Cho biết ticket có vượt quá thời gian giải quyết mục tiêu (TTR) so với SLA hay không.,True,False,crm,ttr_overdue;quá hạn TTR;độ trễ TTR;ticket quá hạn;overdue TTR;overdue time to resolution;trạng thái quá hạn;có vượt quá thời gian giải quyết;TTR quá hạn;overdue ticket,dimension,count;count_distinct,cx_cso,No ; Yes ; None
gold,cx_cso_support_tickets,violated_level,integer,1,0.0,,"Mức độ vi phạm SLA của ticket hỗ trợ, thể hiện mức độ nghiêm trọng của việc không đáp ứng thời gian quy định.",True,False,crm,mức độ vi phạm;violation level;cấp độ vi phạm;SLA breach level;độ vi phạm;ticket violation level;violation severity;level vi phạm SLA;severity of violation;violation tier,dimension,count;count_distinct,cx_cso,
gold,cx_cso_support_tickets,assigned_agent_stage,varchar,1,0.0,,Giai đoạn hiện tại của ticket mà nhân viên hỗ trợ được giao.,True,False,crm,giai đoạn nhân viên phụ trách;trạng thái nhân viên được giao;công đoạn xử lý của nhân viên;agent assigned stage;assigned agent stage;agent handling stage;support agent phase;ticket handling stage;agent status;stage của agent,dimension,count;count_distinct,cx_cso,L2_AGENT ; UNASSIGNED ; L1_AGENT ; L3_AGENT ; L4_AGENT
gold,cx_cso_support_tickets,updated_at,timestamp(3),1,,,Thời gian cập nhật cuối cùng của ticket trong hệ thống.,True,False,crm,thời gian cập nhật;ngày cập nhật;ngày sửa đổi;thời điểm chỉnh sửa;thời gian thay đổi;last updated;update timestamp;modified date;ticket update time;when was the ticket last updated,time,none,cx_cso,
gold,cx_cso_support_tickets,updated_at,timestamp(3),1,,,Thời gian cập nhật cuối cùng của ticket trong hệ thống.,True,False,crm,thời gian cập nhật;ngày cập nhật;ngày sửa đổi;thời điểm chỉnh sửa;thời gian thay đổi;last updated;update timestamp;modified date;ticket update time;when was the ticket last updated,time,none,cx_cso,
gold,cx_sur_question_response,answer_number,double,1,,,Số thứ tự của câu trả lời trong mỗi bản khảo sát.,True,False,crm,số câu trả lời;answer number;answer sequence;response order;Số thứ tự trả lời;Mã trả lời;Câu trả lời thứ mấy;Câu trả lời số;response number;answer id,dimension,count;count_distinct,cx_cso,
gold,cx_sur_question_response,answer_string,varchar,1,,,Nội dung câu trả lời dạng văn bản mà khách hàng cung cấp trong khảo sát.,True,False,crm,câu trả lời;đáp án;nội dung trả lời;answer text;response string;answer content;survey answer;free text response;đáp án khách hàng;what did the customer say,dimension,count;count_distinct,cx_cso,
gold,cx_sur_question_response,answer_tag,varchar,1,,,Nhãn mô tả loại hoặc nhóm câu trả lời trong khảo sát khách hàng.,True,False,crm,nhãn câu trả lời;answer tag;loại câu trả lời;answer type;nhãn trả lời;tag câu trả lời;label answer;phân loại câu trả lời;answer category;tag trả lời,dimension,count;count_distinct,cx_cso,N/A ; detractor ; promoter ; passive
gold,cx_sur_question_response,choice_content,varchar,1,,,Nội dung văn bản của lựa chọn mà khách hàng đã chọn trong câu hỏi khảo sát.,True,False,crm,nội dung lựa chọn;giá trị lựa chọn;câu trả lời lựa chọn;nội dung đáp án;choice content;selected option text;answer choice;response option;survey choice;selected answer,dimension,count;count_distinct,cx_cso,
gold,cx_sur_question_response,choice_id,varchar,0,,1.0,Mã định danh của lựa chọn trả lời được khách hàng chọn trong khảo sát.,True,False,crm,mã lựa chọn;choice id;ID lựa chọn;choice identifier;mã đáp án;answer choice id;choice code;mã câu trả lời;choice key;ID câu hỏi lựa chọn,id,count_distinct,cx_cso,
gold,cx_sur_question_response,collected_date,timestamp(3),0,,,Ngày ghi nhận dữ liệu trả lời khảo sát.,True,False,crm,ngày thu thập;ngày ghi nhận;ngày thu thập dữ liệu;ngày thu thập câu trả lời;collected date;date collected;date of collection;survey collection date;ngày thu thập khảo sát,time,none,cx_cso,
gold,cx_sur_question_response,comment,varchar,1,,,Bình luận hoặc nhận xét tự do của khách hàng trong khảo sát.,True,False,crm,bình luận;nhận xét;ý kiến;comment;feedback;góp ý;chú thích;note;câu trả lời mở;open-ended response,dimension,count;count_distinct,cx_cso,
gold,cx_sur_question_response,customer_touchpoint,varchar,1,,,Điểm tiếp xúc của khách hàng trong hành trình tương tác.,True,False,crm,điểm tiếp xúc khách hàng;customer touchpoint;kênh tương tác;interaction channel;điểm chạm;touchpoint;kênh tiếp cận khách hàng;customer interaction point;điểm giao tiếp;contact point,dimension,count;count_distinct,cx_cso,Feedback ; N/A ; Ticket CSO ; Khảo sát định kỳ quý ; Tính năng app ; Kích hoạt ; Báo cáo định kỳ ; Close SOAR ticket
gold,cx_sur_question_response,item_content,varchar,1,,,Nội dung văn bản của mục câu hỏi trong khảo sát khách hàng.,True,False,crm,nội dung mục;item content;question text;nội dung câu hỏi;survey item description;văn bản mục;question wording;nội dung khảo sát;text of the item;item wording,dimension,count;count_distinct,cx_cso,
gold,cx_sur_question_response,item_score_value,"decimal(10,2)",1,,,"Điểm số dạng số, nếu có; =0 nếu chỉ là đánh giá text",True,False,crm,điểm mục;điểm câu hỏi;item score;question score;item rating;đánh giá mục;đánh giá câu hỏi;answer score,metric,sum;avg;min;max,cx_cso,
gold,cx_sur_question_response,item_score_label,varchar,1,,,"Đánh giá dạng text, ví dụ Good/Bad/Medium",True,False,crm,điểm mục;điểm câu hỏi;item score;question score;item rating;đánh giá mục;đánh giá câu hỏi;answer score,metric,sum;avg;min;max,cx_cso,
gold,cx_sur_question_response,journey,varchar,1,,,Giai đoạn trải nghiệm,True,False,crm,hành trình khách hàng;customer journey;giai đoạn hành trình;journey stage;bước trong hành trình;customer touchpoint stage;các giai đoạn trải nghiệm;journey;stage;phase,dimension,count;count_distinct,cx_cso,"5. Sử dụng ; N/A ; 6. CSKH ; 4. Triển khai, chuyển giao ; 2. Cân nhắc"
gold,cx_sur_question_response,kpi_group,varchar,1,,,"Nhóm KPI mà câu trả lời thuộc về, dùng để phân loại các chỉ tiêu hiệu suất.",True,False,crm,nhóm KPI;KPI group;nhóm chỉ tiêu;KPI category;phân loại KPI;KPI classification;loại KPI;KPI type group;nhóm chỉ số hiệu suất;performance indicator group,dimension,count;count_distinct,cx_cso,UNKNOWN ; CSAT_TRANSACTIONAL ; CSAT_RELATIONAL ; CES ; NPS
gold,cx_sur_question_response,kpi_type,varchar,1,,,Loại Chỉ số đo lường,True,False,crm,loại KPI;kiểu KPI;type of KPI;KPI category;KPI type;chỉ số KPI;phân loại KPI;KPI classification;KPI metric type;định dạng KPI,dimension,count;count_distinct,cx_cso,Sau ; N/A ; CSAT điểm chạm ; No ; Khác ; Nhân sự bad ; Tính năng good ; Nhân sự good ; Quy trình good ; Hiệu năng bad ; Tính năng bad ; Quy trình bad ; Hiệu năng good ; CSAT SPDV ; CES ; CSAT quy trình ; CSAT nhân sự ; Chuyên gia ; Đồng hành
gold,cx_sur_question_response,product_category,varchar,1,,,Danh mục sản phẩm dịch vụ trong khảo sát.,True,False,product,danh mục sản phẩm;loại sản phẩm;phân loại sản phẩm;nhóm sản phẩm;product category;product type;product group;product line;category of product;loại hàng,dimension,count;count_distinct,cx_cso,TNXH ; N/A ; MSS ; Mysafe ; PENTEST + AUDIT ; VCS-CyM ; Pentest ; ALL ; VCS-Threat Intelligence ; VCS-NDR ; VCS-CyCir ; Cloudrity ; VCS-aJiant (EDR) ; VCS-LI Voice ; VCS-BRG ; VCS-Anti DDoS ; VCS M-Suite ; VCS-InT ; VCS-KIAN ; VCS-NSM ; Đào tạo CSMP
gold,cx_sur_question_response,question_id,varchar,0,,1.0,Mã định danh duy nhất của câu hỏi trong khảo sát.,True,False,crm,mã câu hỏi;question ID;question identifier;ID câu hỏi;question code;survey question id;câu hỏi;question key;question number,id,count_distinct,cx_cso,
gold,cx_sur_question_response,question_type,varchar,1,,,"Loại câu hỏi được sử dụng trong khảo sát, mô tả dạng hoặc nhóm câu hỏi.",True,False,crm,loại câu hỏi;kiểu câu hỏi;dạng câu hỏi;question type;question category;type of question;survey question type;phân loại câu hỏi;question_type;câu hỏi dạng nào,dimension,count;count_distinct,cx_cso,single ; rating ; numerical_scale ; nps ; csat ; text ; matrix ; multiple ; smiley_scale ; ranking ; form
gold,cx_sur_question_response,respondent_uuid,varchar,0,,,Mã định danh duy nhất của người trả lời khảo sát.,True,False,crm,mã người trả lời;respondent id;respondent uuid;uuid người trả lời;identifier of respondent;ID người tham gia khảo sát;survey respondent id;mã định danh người trả lời;respondent identifier,id,count_distinct,cx_cso,
gold,cx_sur_question_response,response_id,varchar,0,,1.0,Mã định danh duy nhất cho mỗi phản hồi trong khảo sát.,True,False,crm,Mã phản hồi;Response ID;ID phản hồi;answer identifier;Mã trả lời;survey response id;ID câu trả lời;identifier of response;Mã duy nhất phản hồi;Response identifier,id,count_distinct,cx_cso,
gold,cx_sur_question_response,survey_id,varchar,0,,1.0,Mã định danh của khảo sát mà câu trả lời thuộc về.,True,False,crm,survey_id;Mã khảo sát;ID khảo sát;Survey identifier;Mã định danh khảo sát;Mã cuộc khảo sát;Survey code;Mã survey;Survey ID;Mã ID khảo sát,id,count_distinct,cx_cso,
gold,cx_sur_question_answer_choices,answer_choice_content,varchar,1,,,Nội dung văn bản của lựa chọn trả lời trong câu hỏi khảo sát.,True,False,crm,nội dung lựa chọn trả lời;answer choice content;đáp án;answer option;phương án trả lời;survey answer text;content of answer choice;lựa chọn câu trả lời,dimension,count;count_distinct,cx_cso,
gold,cx_sur_question_answer_choices,answer_choice_id,varchar,0,1.0,,Mã định danh duy nhất cho mỗi lựa chọn trả lời trong khảo sát.,True,False,crm,mã lựa chọn trả lời;answer choice id;ID lựa chọn;choice identifier;answer option id;Mã đáp án;choice id;identifier của lựa chọn trả lời;answer choice identifier;Mã câu trả lời,id,count_distinct,cx_cso,
gold,cx_sur_question_answer_choices,customer_touchpoint,varchar,1,,,Điểm tiếp xúc mà khách hàng tương tác với doanh nghiệp trong hành trình mua hàng.,True,False,crm,điểm tiếp xúc khách hàng;customer touchpoint;kênh tương tác;interaction channel;contact point;touch point;địa điểm tiếp xúc;customer channel;kênh giao tiếp;customer interaction point,dimension,count;count_distinct,cx_cso,Tính năng app ; None ; Khảo sát định kỳ quý ; Ticket CSO ; ; Báo cáo định kỳ ; Feedback ; Close SOAR ticket ; Tính năng web ; Kích hoạt
gold,cx_sur_question_answer_choices,journey,varchar,1,,,Giai đoạn trải nghiệm,True,False,crm,hành trình khách hàng;journey;giai đoạn hành trình;journey stage;customer journey;đường đi khách hàng;customer path;giai đoạn mua hàng;stage of journey;phase of journey,dimension,count;count_distinct,cx_cso,"5. Sử dụng ; None ; ; 6. CSKH ; 4. Triển khai, chuyển giao ; 2. Cân nhắc"
gold,cx_sur_question_answer_choices,kpi_type,varchar,1,,,Chỉ số đo lường,True,False,crm,loại KPI;kiểu KPI;dạng KPI;KPI type;KPI category;type KPI;kpi_type;KPI classification;loại chỉ số hiệu suất,dimension,count;count_distinct,cx_cso,Sau ; None ; NPS ; No ; Nhân sự bad ; Nhân sự good ; Tính năng bad ; Quy trình good ; CES ; Quy trình bad ; Khác ; Hiệu năng bad ; CSAT điểm chạm ; CSAT SPDV ; Đồng hành ; CSAT quy trình ; CSAT nhân sự ; Chuyên gia ; Tính năng good ; Hiệu năng good
gold,cx_sur_question_answer_choices,product_category,varchar,0,,,Danh mục sản phẩm dịch vụ khảo sát,True,False,product,danh mục sản phẩm;product category;loại sản phẩm;product type;nhóm sản phẩm;product group;phân loại sản phẩm;category of product;loại hàng;product line,dimension,count;count_distinct,cx_cso,Mysafe ; None ; VCS-NSM ; ; VCS-BRG ; VCS-Anti DDoS ; VCS-Threat Intelligence ; MSS ; VCS M-Suite ; Pentest ; VCS-CyCir ; Cloudrity ; TNXH ; ALL ; VCS-CyM ; Redteam ; VCS-KIAN ; Đào tạo CSMP ; VCS-NDR ; VCS-InT ; VCS-F2DR ; VCS-LI Voice ; VCS-aJiant (EDR) ; VCS-F2DR ; PENTEST + AUDIT ; Audit
gold,cx_sur_question_answer_choices,question_clean,varchar,1,,,Tiêu đề câu hỏi,True,False,crm,câu hỏi đã làm sạch; câu hỏi gốc; nội dung câu hỏi; câu hỏi chuẩn; question_clean; cleaned question; survey question text; question content,dimension,count;count_distinct,cx_cso,
gold,cx_sur_question_answer_choices,question_id,varchar,0,,1.0,Mã định danh duy nhất của câu hỏi trong khảo sát.,True,False,crm,mã câu hỏi;question id;question identifier;ID câu hỏi;định danh câu hỏi;survey question id;question key;ID của câu hỏi,id,count_distinct,cx_cso,
gold,cx_sur_question_answer_choices,question_type,varchar,1,,,Loại câu hỏi được sử dụng trong khảo sát khách hàng.,True,False,crm,loại câu hỏi;kiểu câu hỏi;dạng câu hỏi;question type;question format;type of question;survey question type;question category;phân loại câu hỏi;question_type,dimension,count;count_distinct,cx_cso,single ; text ; rating ; multiple ; nps ; matrix ; empty ; csat ; smiley_scale ; button_close ; ranking ; button_next ; numerical_scale ; form ; button_link
gold,cx_sur_question_answer_choices,survey_id,varchar,0,,1.0,Mã định danh duy nhất của khảo sát thu thập phản hồi khách hàng.,True,False,crm,survey_id;survey ID;ID khảo sát;Mã khảo sát;Mã phiếu khảo sát;questionnaire ID;survey identifier;identifier of survey,id,count_distinct,cx_cso,
gold,cx_sur_surveys,created_at,timestamp(3),0,,,Ngày giờ khởi tạo bản khảo sát trên hệ thống.,True,False,crm,ngày tạo;thời gian tạo;thời điểm tạo;ngày ghi;thời gian ghi;creation date;created timestamp;survey creation time;when was the survey created;thời gian tạo khảo sát,time,none,cx_cso,
gold,cx_sur_surveys,customer_touchpoint,varchar,1,,,"Điểm tiếp xúc cụ thể kích hoạt khảo sát (Ticket, App, Báo cáo định kỳ).",True,False,crm,điểm tiếp xúc khách hàng;customer touchpoint;kênh tiếp xúc;contact point;điểm chạm khách hàng;interaction channel;điểm giao tiếp;customer contact channel;touch point;điểm mà khách hàng tiếp cận,dimension,count;count_distinct,cx_cso,N/A ; Tính năng app ; Kích hoạt ; Báo cáo định kỳ ; Khảo sát định kỳ quý ; Tính năng web ; Feedback ; Ticket CSO ; Close SOAR ticket
gold,cx_sur_surveys,enabled,boolean,0,,,Trạng thái hoạt động (True: Đang thu thập dữ liệu / False: Đã đóng).,True,False,crm,được bật;đang hoạt động;kích hoạt;trạng thái bật;cờ bật;enabled;active;is enabled;survey active flag;enabled flag,dimension,count;count_distinct,cx_cso,
gold,cx_sur_surveys,folder_name,varchar,1,,,"Tên thư mục quản lý (Dùng để nhóm theo quý hoặc theo đơn vị CSKH, SOC...).",True,False,crm,tên thư mục;folder name;thư mục khảo sát;survey folder;Tên thư mục khảo sát;folder;thư mục;Tên thư mục lưu trữ;survey folder name;Tên thư mục,dimension,count;count_distinct,cx_cso,
gold,cx_sur_surveys,journey,varchar,1,,,"Giai đoạn hành trình khách hàng (Cân nhắc, Triển khai, Sử dụng, CSKH).",True,False,crm,hành trình khách hàng;giai đoạn khách hàng;đường đi khách hàng;journey;customer journey;journey stage;customer path;giai đoạn hành trình;bước trong hành trình;customer experience stage,dimension,count;count_distinct,cx_cso,"N/A ; 4. Triển khai, chuyển giao ; 5. Sử dụng ; 6. CSKH ; 2. Cân nhắc"
gold,cx_sur_surveys,product_category,varchar,1,,,Danh mục sản phẩm được khảo sát trong cuộc thăm dò.,True,False,product,danh mục sản phẩm;loại sản phẩm;nhóm sản phẩm;phân loại sản phẩm;product category;product type;product group;category of product;type of product;product classification,dimension,count;count_distinct,cx_cso,N/A ; Mysafe ; VCS-Threat Intelligence ; MSS ; TNXH ; VCS-KIAN ; VCS-LI Voice ; VCS-CyCir ; VCS-Anti DDoS ; VCS-CyM ; VCS-NDR ; VCS-BRG ; ALL ; Đào tạo CSMP ; VCS M-Suite ; VCS-F2DR ; Cloudrity ; VCS-NSM ; Audit ; Pentest ; VCS-InT ; VCS-aJiant (EDR) ; VCS-F2DR ; PENTEST + AUDIT ; Redteam
gold,cx_sur_surveys,survey_id,varchar,0,1.0,,Mã định danh duy nhất của mỗi cuộc khảo sát.,True,False,crm,Mã khảo sát;Survey ID;ID khảo sát;survey identifier;Mã định danh khảo sát;Mã ID khảo sát;survey code;Mã khảo sát khách hàng;Survey identifier;Mã khảo sát duy nhất,id,count_distinct,cx_cso,
gold,cx_sur_surveys,survey_name,varchar,0,,,Tên hiển thị của phiếu khảo sát,True,False,crm,Tên khảo sát;Tên cuộc khảo sát;Survey name;Tên survey;Tên biểu mẫu;Tên phiếu khảo sát;Tên mẫu khảo sát;Survey title;Tên đề tài khảo sát;Tên câu hỏi khảo sát,dimension,count;count_distinct,cx_cso,
gold,cx_sur_surveys,survey_type,varchar,0,,,"Hình thức triển khai khảo sát (Mobile, Web Page, Widget nhúng).",True,False,crm,loại khảo sát;kiểu khảo sát;dạng khảo sát;phân loại khảo sát;survey type;survey category;type of survey;kind of survey;khảo sát nào;kiểu khảo sát nào,dimension,count;count_distinct,cx_cso,MobileSurvey ; PageSurvey ; WidgetSurvey
gold,finance_actual_cost,base_currency_amount,"decimal(18,2)",0,,,Giá trị chi phí đã quy đổi về đồng tiền cơ sở (VND).,True,False,finance,base_currency_amount;giá trị tiền tệ cơ sở;tiền tệ gốc;số tiền quy đổi sang đồng cơ sở;amount in base currency;base currency value;converted amount;tổng chi phí tính bằng đồng gốc,metric,sum;avg;min;max,biz,
gold,finance_actual_cost,product_category_code,varchar,0,,,Mã loại sản phẩm/dịch vụ,True,False,finance,mã danh mục;product category code;mã sản phẩm dịch vụ;product category;,dimension,count;count_distinct,biz,
gold,finance_actual_cost,cost_group,varchar,1,,,"Nhóm bản chất chi phí (Khấu hao, Nhân công, Thuê ngoài, Phân bổ...).",True,False,finance,nhóm chi phí;phân loại chi phí;loại chi phí;cost group;expense group;cost category;expense category;cost classification;group chi phí;chi phí nhóm,dimension,count;count_distinct,biz,"Chi phí khấu hao tài sản cố định ; Chi phí Nhân công & OS trực tiếp ; Chi phí phân bổ khác ; Chi phí phục vụ bán hàng phân bổ ; Chi phí OS kinh doanh ; Chi phí quản lý, chung thường xuyên phân bổ ; Chi phí tài nguyên, CCDC phục vụ sản xuất ; Chi phí phần cứng, phần mềm mua/thuê ngoài"
gold,finance_actual_cost,currency_code,varchar,1,,,"Mã loại tiền tệ gốc của chứng từ (VND, USD...).",True,False,finance,mã tiền tệ;đơn vị tiền tệ;code tiền tệ;currency code;currency;tiền tệ;currency identifier;loại tiền tệ;currency type;mã tiền,dimension,count;count_distinct,biz,
gold,finance_actual_cost,product_category,varchar,1,,,Danh mục sản phẩm/dịch vụ chịu chi phí này.,True,False,finance,danh mục sản phẩm;product category;loại sản phẩm;product line;nhóm sản phẩm;product type;phân loại sản phẩm;category of product;product group;category sản phẩm,dimension,count;count_distinct,biz,BRG ; Cloudrity ; CA ; Dịch vụ chuyên nghiệp khác ; Infrastructure Audit ; VCS-InT ; Khác ; LI ; MSS ; SI ; VAPT ; Purple Team Service ; Redteam ; SOC platform ; TAD ; TAS (Telco Authen Service) ; Threat Hunting ; TML ; Tư vấn ; VCS-V2S ; M-Suite ; VCS-aJiant ; VCS-AMA ; AntiDDos ; VCS-CyCir ; VCS-CyM ; VCS-ESG ; VCS-F2DR ; VCS-KIAN ; VCS-NAC ; VCS-NDR ; VCS-NSM ; VCS-TI ; VCS-WSG ; Viettel Safe platform
gold,finance_actual_cost,report_date,timestamp(3),0,,,Ngày ghi nhận chi phí (thường là ngày cuối tháng hoặc ngày hạch toán).,True,False,finance,ngày báo cáo;report date;ngày báo cáo tài chính;financial report date;ngày ghi nhận;record date;ngày thực tế;actual date;ngày tháng báo cáo;reporting date,time,none,biz,
gold,finance_actual_cost,territory_name,varchar,1,,,Tên khu vực địa lý mà chi phí thực tế được ghi nhận.,True,False,sales,tên khu vực;vùng bán hàng;khu vực;địa bàn;miền;territory name;region;sales region;geographic area;area name,dimension,count;count_distinct,biz,Miền bắc ; Miền nam
gold,finance_actual_cost,business_unit_level_1,varchar,1,,,"Đơn vị doanh nghiệp cấp cao nhất chịu trách nhiệm về khoản chi (TTSP, TTGS...).",True,False,finance,đơn vị cấp 1;unit level 1;cấp 1;first level unit;đơn vị cấp đầu;top-level unit;đơn vị cấp cao nhất;primary unit,dimension,count;count_distinct,biz,TTSP TELCO ; TTGS ; TTSP ENTERPRISE ; Khác ; TTDVMN ; TTDVATTT ; TT TI ; TTSX &CNTT
gold,finance_allocated_revenue,am_username,varchar,1,,,Nhân viên quản lý tài khoản (AM) chịu trách nhiệm chính.,True,False,finance,tên đăng nhập AM;username AM;account manager username;account manager login;tên người quản lý tài khoản;tên người thu tiền;cash collector username;người thu tiền login,dimension,count;count_distinct,biz,
gold,finance_allocated_revenue,product_category_code,varchar,0,,,Mã loại sản phẩm/dịch vụ,True,False,finance,mã danh mục;product category code;mã sản phẩm dịch vụ;product category;,dimension,count;count_distinct,biz,
gold,finance_allocated_revenue,channel_name,varchar,1,,,Tên kênh mà doanh nghiệp thu tiền từ khách hàng.,True,False,finance,kênh thu tiền;Tên kênh;kênh thanh toán;phương thức thu;phương thức thanh toán;collection channel;payment channel;channel name;payment method;cách thu tiền,dimension,count;count_distinct,biz,Khách hàng - trực tiếp ; Khách hàng - chia sẻ VTS ; Thị Trường ; Quốc tế ; Kênh ; Khách hàng - chia sẻ IDC ; ; Kênh CBO ; Khách hàng - chia sẻ Innet ; Khách hàng - Chia sẻ Nét Nam ; Khách hàng trực tiếp ; Khách hàng - chia sẻ CBO ; Siêu việt ; Khách hàng - chia sẻ Siêu Việt ; Khách hàng - trực tiếp kênh Trí Nam
gold,finance_allocated_revenue,company_alias,varchar,1,,,Tên viết tắt hoặc biệt danh của công ty được sử dụng trong báo cáo thu tiền.,True,False,finance,tên công ty;bí danh công ty;company alias;company nickname;company short name;alias công ty;tên viết tắt công ty;client alias;company label;tên công ty trong báo cáo,dimension,count;count_distinct,biz,
gold,finance_allocated_revenue,currency_code,varchar,1,,,Mã tiền tệ được sử dụng trong giao dịch thu tiền.,True,False,finance,Mã tiền tệ;Currency code;Mã tiền tệ giao dịch;Currency;Tiền tệ;Mã tiền tệ thu tiền;Currency identifier;Mã tiền tệ trong báo cáo;Currency symbol,dimension,count;count_distinct,biz,
gold,finance_allocated_revenue,department_alias,varchar,1,,,Tên viết tắt hoặc biệt danh của phòng ban thực hiện thu tiền.,True,False,finance,phòng ban; bộ phận; department; department name; department alias; tên phòng ban; tên bộ phận; department abbreviation; department nickname; bộ phận thu tiền,dimension,count;count_distinct,biz,
gold,finance_allocated_revenue,is_soc,boolean,1,,,Cho biết giao dịch thu tiền có phải thuộc loại SOC (Service Order Contract) hay không.,True,False,finance,có phải SOC;SOC flag;is_soc;đánh dấu SOC;trạng thái SOC;SOC indicator;liệu là SOC;SOC status;giao dịch SOC;SOC,dimension,count;count_distinct,biz,
gold,finance_allocated_revenue,payment_stage,varchar,1,,,"Giai đoạn thanh toán (Hóa đơn, Tạm tính, Giảm trừ, Đối soát).",True,False,finance,giai đoạn thanh toán;trạng thái thanh toán;công đoạn thu tiền;cấp độ thanh toán;giai đoạn thu tiền;payment stage;payment status;collection stage;cash collection phase;payment phase,dimension,count;count_distinct,biz,
gold,finance_allocated_revenue,presale_name,varchar,1,,,Tên người phụ trách giai đoạn tiền bán của giao dịch thu tiền.,True,False,sales,tên presale;tên người tiền bán;người phụ trách tiền bán;presale name;pre-sales representative;pre-sales person;presale staff;presale owner;ai là người presale;who is the presale,dimension,count;count_distinct,biz,
gold,finance_allocated_revenue,product_category,varchar,1,,,Loại danh mục sản phẩm mà khoản thu tiền mặt thuộc.,True,False,finance,loại sản phẩm;product category;danh mục sản phẩm;product type;nhóm sản phẩm;product group;phân loại sản phẩm;category of product;loại hàng;product line,dimension,count;count_distinct,biz,
gold,finance_allocated_revenue,product_growth_type,varchar,1,,,"Loại hình tăng trưởng (Mới, Tái tục, Bán thêm/Upsell).",True,False,sales,Mới;New;First time;Launch;Tái tục;Renewal;Gia hạn;Renewed;Bán thêm/Upsell;Upsell;Cross-sell;Add-on,dimension,count;count_distinct,biz,DT renew ; DT Upsales ; DT cũ ; DT mới ; SPDV mới ; Doanh thu upsell ; DT upsell ; ; DT mới
gold,finance_allocated_revenue,product_service_group,varchar,1,,,Nhóm sản phẩm hoặc dịch vụ mà giao dịch thu tiền thuộc về.,True,False,product,nhóm sản phẩm;nhóm dịch vụ;product service group;product group;service group;product category;service category;phân loại sản phẩm;phân loại dịch vụ;product line,dimension,count;count_distinct,biz,Phần mềm ; MSS ; Dịch vụ ; PC ; DỊch ;
gold,finance_allocated_revenue,report_date,timestamp(3),0,,,Ngày mà dữ liệu thu tiền được báo cáo trong hệ thống.,True,False,finance,ngày báo cáo;ngày ghi nhận;ngày thu tiền;ngày lập báo cáo;ngày giao dịch;report date;reporting date;transaction date;collection date;date,time,none,biz,
gold,finance_allocated_revenue,revenue_amount,"decimal(18,2)",0,,,Số tiền doanh thu/thu tiền (trước thuế).,True,False,finance,doanh thu;số tiền thu;tiền thu;giá trị doanh thu;revenue amount;revenue;sales revenue;cash collected;total revenue;total cash collected,metric,sum;avg;min;max,biz,
gold,finance_allocated_revenue,revenue_group,varchar,1,,,Nhóm mô tả cách phân loại nguồn tiền thu nhập tổng quát nhất,True,False,finance,nhóm doanh thu;revenue group;phân loại doanh thu;revenue category;loại doanh thu;revenue segment;đối tượng doanh thu;revenue classification,dimension,count;count_distinct,biz,Nội bộ ; Ngoài ; Thị trường ; Quốc tế ; Khác ; SI-Ngoài
gold,finance_allocated_revenue,revenue_type,varchar,1,,,Loại doanh thu mô tả cách thức hoặc nguồn thu nhập của giao dịch thu tiền.,True,False,finance,loại doanh thu;kiểu doanh thu;revenue type;type of revenue;dòng doanh thu;revenue category;phân loại doanh thu;revenue classification;kiểu thu nhập,dimension,count;count_distinct,biz,Doanh thu gia hạn ; Doanh thu bán gia tăng ; Doanh thu hiện hữu ; Doanh thu mới ; Doanh thu bán thêm ; Khác ; Sản phẩm / Dịch vụ mới
gold,finance_allocated_revenue,customer_segment_l1,varchar,1,,,Mức phân khúc cấp 1 của khách hàng hoặc giao dịch trong báo cáo thu tiền.,True,False,finance,phân khúc cấp 1;segment L1;segment level 1;segment tier 1;đoạn thị trường cấp 1;business segment;customer segment;segment;segment level one;phân khúc doanh nghiệp,dimension,count;count_distinct,biz,Nội bộ ; Khách hàng ngoài ; International
gold,finance_allocated_revenue,customer_segment_l3,varchar,1,,,"Phân khúc khách hàng chi tiết (BFSI, GOV, Manufacturing...).",True,False,sales,phân khúc L3;segment L3;segment level 3;cấp độ phân khúc 3;sub‑segment 3;phân khúc chi tiết;segment tier 3;segment classification;segment third level;phân khúc cấp 3,dimension,count;count_distinct,biz,Nội bộ ; DNL ; Năng lượng ; Thị Trường ; Doanh nghiệp ; BFSI ; GOV ; Khác ; Chứng khoán ; Tỉnh ; Quốc tế ; ; BQP ; Mid-end
gold,finance_allocated_revenue,business_unit_level_1,varchar,1,,,"Các trung tâm, đơn vị cấp 1 trong cấu trúc tổ chức, Đơn vị kinh doanh (BU) cấp cao nhất chịu trách nhiệm.",True,False,finance,đơn vị cấp 1;cấp độ đơn vị 1;đơn vị tổ chức cấp 1;unit level 1;first level unit;top-level unit;business unit level 1;primary unit;đơn vị cấp cao nhất;cấp độ tổ chức 1,dimension,count;count_distinct,biz,TTGS ; TTSP ENTERPRISE ; TTSX &CNTT ; TTDVATTT ; TTSP TELCO ; TT TI ; Khác ; TTDVMN
gold,finance_allocated_revenue,vat,"decimal(18,2)",1,,,Số tiền thuế giá trị gia tăng tương ứng.,True,False,finance,thuế VAT;giá trị gia tăng;VAT amount;tax amount;value added tax;tiền thuế;VAT;thuế GTGT;VAT collected;tiền thuế VAT,metric,sum;avg;min;max,biz,
gold,finance_allocated_revenue,territory_name,varchar,1,,,Tên khu vực địa lý mà chi phí thực tế được ghi nhận.,True,False,sales,tên khu vực;vùng bán hàng;khu vực;địa bàn;miền;territory name;region;sales region;geographic area;area name,dimension,count;count_distinct,biz,Miền bắc ; Miền nam
gold,finance_cost_plan,cost_code,varchar,0,,,Mã định danh cho từng loại chi phí trong kế hoạch tài chính.,True,False,finance,mã chi phí;cost code;mã chi;cost identifier;mã loại chi phí;cost category code;mã chi phí dự kiến;planned cost code;chi phí code;cost ID,dimension,count;count_distinct,biz,
gold,finance_cost_plan,cost_group,varchar,0,,,Nhóm chi phí mà doanh nghiệp phân loại các khoản chi theo mục đích hoặc loại hình.,True,False,finance,nhóm chi phí;cost group;phân loại chi phí;cost category;loại chi phí;expense group;nhóm chi phí dự kiến;cost grouping;phân nhóm chi phí;expense category,dimension,count;count_distinct,biz,
gold,finance_cost_plan,currency_code,varchar,0,,,Mã tiền tệ sử dụng trong bản kế hoạch (thường chuẩn hóa về VND).,True,False,finance,mã tiền tệ;đơn vị tiền tệ;loại tiền tệ;tiền tệ;currency code;currency;currency type;currency symbol;đơn vị tiền tệ của chi phí;currency used in cost plan,dimension,count;count_distinct,biz,
gold,finance_cost_plan,expected_cost_value,"decimal(18,2)",0,,,Chi phí dự kiến cho từng mục chi phí trong kế hoạch tài chính.,True,False,finance,chi phí dự kiến;expected cost;budgeted cost;chi phí ước tính;estimated cost;planned expense;chi phí dự tính;cost forecast;chi phí dự kiến trong kế hoạch;forecasted cost,metric,sum;avg;min;max,biz,
gold,finance_cost_plan,plan_date,timestamp(3),0,,,Ngày dự kiến thực hiện chi phí trong kế hoạch tài chính.,True,False,finance,ngày kế hoạch;ngày dự kiến;ngày lập kế hoạch;plan date;planned date;budget date;cost plan date;ngày chi phí dự kiến;when is the cost planned;ngày dự trù,time,none,biz,
gold,finance_product_revenue_plan,product_category_code,varchar,0,,,Mã loại sản phẩm/dịch vụ,True,False,finance,mã danh mục;product category code;mã sản phẩm dịch vụ;product category;,dimension,count;count_distinct,biz,
gold,finance_product_revenue_plan,currency_code,varchar,0,,,Mã tiền tệ của bản kế hoạch (thường là VND).,True,False,finance,mã tiền tệ;currency;đơn vị tiền tệ;currency code;đơn vị tiền;tiền tệ;currency abbreviation;loại tiền;plan currency;đơn vị tiền của kế hoạch,dimension,count;count_distinct,biz,
gold,finance_product_revenue_plan,plan_date,timestamp(3),0,,,Kỳ kế hoạch doanh thu (Tháng/Quý/Năm).,True,False,finance,ngày kế hoạch;plan date;ngày dự kiến;planned date;ngày lập kế hoạch;date of plan;ngày dự tính;forecast date;ngày dự báo;date,time,none,biz,
gold,finance_product_revenue_plan,plan_must_amount,"decimal(18,2)",0,,,Doanh thu kế hoạch MUST tối thiểu bắt buộc phải đạt được theo từng sản phẩm/dịch vụ,True,False,finance,doanh thu dự kiến bắt buộc;doanh thu mục tiêu tối thiểu;kế hoạch doanh thu bắt buộc;doanh thu phải đạt;mandatory revenue plan;required revenue target;must revenue;planned mandatory revenue,metric,sum;avg;min;max,biz,
gold,finance_product_revenue_plan,plan_nice_amount,"decimal(18,2)",0,,,Doanh thu kế hoạch NICE mục tiêu kỳ vọng (Stretch Goal) theo từng sản phẩm/dịch vụ,True,False,finance,kế hoạch doanh thu;doanh thu dự kiến;số tiền dự kiến;plan_nice;plan revenue;estimated revenue;budgeted revenue;revenue forecast;doanh thu kế hoạch;planned revenue,metric,sum;avg;min;max,biz,
gold,finance_product_revenue_plan,product_group,varchar,0,,,"Phân nhóm chiến lược của sản phẩm (SOC, Telecom Security...).",True,False,product,nhóm sản phẩm;product group;loại sản phẩm;product category;phân nhóm sản phẩm;product segment;nhóm hàng;product line;phân khúc sản phẩm;product group name,dimension,count;count_distinct,biz,"HST SOC (Sản phẩm, dịch vụ thuộc HST Soc) ; PROFESSIONAL SERVICE (Dịch vụ ATTT chuyên sâu) ; SPDV MỚI ; TELECOM SECURITY (SP An ninh Viễn thông)"
gold,finance_product_revenue_plan,product_name,varchar,0,,,Tên chi tiết của sản phẩm/dịch vụ mục tiêu.,True,False,product,Tên sản phẩm;Product name;Tên mặt hàng;Product;Tên SP;Tên hàng;Tên sản phẩm trong kế hoạch;Product identifier,dimension,count;count_distinct,biz,MSS ; VCS-CyM ; VCS-CyCir ; VCS-aJiant ; VCS-NDR ; VCS-NSM ; M-Suite ; VCS-F2DR ; VCS-TI ; VCS-InT ; Viettel Safe platform ; WAAP Solution ; MDR Service ; LI ; TML ; BRG ; TAD ; TAS (Telco Authen Service) ; VCS-KIAN ; VCS-AMA ; VCS-ESG ; VCS-WSG ; VCS-NAC ; SOC platform ; VAPT (Pentest) ; Redteam ; Infrastructure Audit ; Tư vấn ; Threat Hunting ; Purple Team Service ; CA ; Dịch vụ chuyên nghiệp khác ; Cloudrity ; AntiDDos
gold,finance_production_cost_allocations,base_currency_amount,"decimal(18,2)",0,,,"Giá trị chi phí đã phân bổ, quy đổi về đồng tiền cơ sở (VND).",True,False,finance,số tiền cơ sở;giá trị tiền tệ gốc;base currency amount;amount in base currency;giá trị cơ sở;base currency value;tiền tính bằng đồng gốc;total amount in base currency;original currency amount;local currency amount,metric,sum;avg;min;max,biz,
gold,finance_production_cost_allocations,product_category_code,varchar,0,,,Mã loại sản phẩm/dịch vụ,True,False,finance,mã danh mục;product category code;mã sản phẩm dịch vụ;product category;,dimension,count;count_distinct,biz,
gold,finance_production_cost_allocations,cost_group,varchar,1,,,"Nhóm tính chất chi phí (Nhân công trực tiếp, Khấu hao, Chi phí quản lý phân bổ...).",True,False,finance,nhóm chi phí;cost group;nhóm chi;phân loại chi phí;cost category;nhóm chi tiêu;expense group;phân nhóm chi phí;cost grouping,dimension,count;count_distinct,biz,"Chi phí Nhân công & OS trực tiếp ; Chi phí OS kinh doanh ; Chi phí khấu hao tài sản cố định ; Chi phí tài nguyên, CCDC phục vụ sản xuất ; Chi phí phục vụ bán hàng phân bổ ; Chi phí quản lý, chung thường xuyên phân bổ ; Chi phí phân bổ khác ; Chi phí phần cứng, phần mềm mua/thuê ngoài"
gold,finance_production_cost_allocations,currency_code,varchar,1,,,Mã tiền tệ gốc của giao dịch trước khi quy đổi.,True,False,finance,Mã tiền tệ;Currency code;Mã tiền;Currency;Mã tiền tệ ISO;ISO currency code;Mã tiền tệ trong báo cáo;Report currency code,dimension,count;count_distinct,biz,
gold,finance_production_cost_allocations,expense_code,varchar,1,,,Mã định danh cụ thể cho khoản mục chi phí sản xuất.,True,False,finance,mã chi phí;expense code;mã khoản chi;expense identifier;mã chi tiêu;expense category code;code chi phí;chi phí code;expense classification;mã phân loại chi phí,dimension,count;count_distinct,biz,
gold,finance_production_cost_allocations,market_name,varchar,1,,,"Tên phân khúc thị trường chịu phí (Miền Bắc, Miền Nam, Quốc tế...).",True,False,finance,tên thị trường;thị trường;khu vực thị trường;địa điểm thị trường;market name;market;sales market;market segment;thị trường bán hàng;market used in cost allocation,dimension,count;count_distinct,biz,Miền bắc ; Miền nam
gold,finance_production_cost_allocations,old_product_category,varchar,1,,,Danh mục sản phẩm cũ (Dùng để đối chiếu dữ liệu lịch sử trước khi đổi code).,True,False,finance,danh mục cũ;old category;nhóm danh mục trước;previous category;old cost category;phân loại cũ;previous cost group;old cost group,dimension,count;count_distinct,biz,
gold,finance_production_cost_allocations,report_date,timestamp(3),1,,,Kỳ báo cáo ghi nhận việc phân bổ chi phí.,True,False,finance,ngày báo cáo;report date;ngày ghi nhận;reporting date;ngày thống kê;date of report;thời gian báo cáo;date;thời điểm báo cáo;reporting period date,time,none,biz,
gold,finance_production_cost_allocations,territory_name,varchar,1,,,Tên khu vực địa lý cụ thể phát sinh hoặc nhận phân bổ chi phí.,True,False,finance,tên khu vực;territory name;region name;khu vực bán hàng;area name;địa bàn;geographic territory;sales territory;vùng địa lý;region,dimension,count;count_distinct,biz,Miền bắc ; Miền nam
gold,finance_revenue_plan,currency_code,varchar,1,,,Mã tiền tệ của bản kế hoạch (thường chuẩn hóa về VND).,True,False,finance,"mã tiền tệ;đơn vị tiền tệ;loại tiền tệ;currency code;currency;đơn vị tiền tệ (USD, VND);mã tiền tệ (USD);currency symbol;tiền tệ;currency",dimension,count;count_distinct,biz,
gold,finance_revenue_plan,plan_date,timestamp(3),1,,,Kỳ kế hoạch áp dụng các chỉ tiêu doanh thu.,True,False,finance,ngày kế hoạch;plan date;ngày dự kiến;planned date;ngày lập kế hoạch;date of plan;ngày dự báo;forecast date;ngày dự tính;estimated date,time,none,biz,
gold,finance_revenue_plan,plan_must_amount,"decimal(18,2)",1,,,Mục tiêu doanh thu MUST (tối thiểu) phải đạt trong kỳ.,True,False,finance,doanh thu mục tiêu bắt buộc;doanh thu phải đạt;kế hoạch doanh thu bắt buộc;plan must revenue;must revenue;target revenue;mandatory revenue;revenue must;doanh thu dự kiến bắt buộc;revenue target (must),metric,sum;avg;min;max,biz,
gold,finance_revenue_plan,plan_nice_amount,"decimal(18,2)",1,,,Mục tiêu doanh thu NICE kỳ vọng cao hơn MUST hoặc thử thách (Stretch Goal).,True,False,finance,doanh thu dự kiến;kế hoạch doanh thu;dự toán doanh thu;doanh thu NICE;kế hoạch NICE;planned revenue;revenue forecast;NICE revenue plan;projected revenue;plan_nice,metric,sum;avg;min;max,biz,
gold,finance_revenue_plan,plan_viettel_group_amount,"decimal(18,2)",1,,,Mục tiêu doanh thu TARGET do tập đoàn Viettel giao chỉ tiêu,True,False,finance,kế hoạch doanh thu Viettel Group;dự kiến doanh thu Viettel;plan_viettel_group;Viettel group revenue plan;planned revenue for Viettel;Viettel revenue forecast;doanh thu dự kiến Viettel;Viettel revenue target;bao nhiêu doanh thu dự kiến cho Viettel;Viettel group plan amount,metric,sum;avg;min;max,biz,
gold,finance_revenue_plan,customer_segment_l1,varchar,1,,,"Phân khúc khách hàng cấp cao nhất (Nội bộ, Bên ngoài, Quốc tế...).",True,False,sales,phân khúc cấp 1;segment L1;segment cấp 1;segment level 1;primary segment;first level segment;segment category;nhóm phân khúc;segment group;segment level one,dimension,count;count_distinct,biz,Khác ; Khách hàng ngoài ; Bộ quốc phòng ; Nội bộ ; International
gold,finance_revenue_plan,customer_segment_l1_alias,varchar,1,,,Tên gọi chuẩn hóa của phân khúc L1 dùng để hiển thị trên báo cáo.,True,False,sales,phân khúc cấp 1; tên phân khúc cấp 1; segment L1; segment level 1 alias; segment L1 name; first level segment; segment category; segment level 1; segment alias; segment name,dimension,count;count_distinct,biz,
gold,finance_revenue_plan,customer_segment_l2,varchar,1,,,"Phân khúc khách hàng chi tiết hơn (SI nội bộ, SI ngoài, Direct...).",True,False,finance,phân khúc cấp 2;segment cấp 2;segment l2;segment level 2;sub‑segment;nhóm phụ;segment con;secondary segment;segment phụ;segment level two,dimension,count;count_distinct,biz,None ; Khách hàng ngoài ; Khách hàng SI ngoài ; Khách hàng SI nội bộ ; Direct / Local Channel ; Viettel Global Partner ; Khách hàng nội bộ
gold,finance_fact_ratios,report_date,timestamp(3),0,,,Ngày chốt dữ liệu chỉ số (thường là ngày cuối tháng hoặc cuối quý).,True,False,time,,time,none,biz,
gold,finance_fact_ratios,metric_code,varchar,1,1.0,,"Mã định danh rút gọn của chỉ số (Ví dụ: ROE, ROS, CURRENT_RATIO).",True,False,finance,metric_code; metric_id; indicator_code; kpi_code; code; mã chỉ số;mã KPI;mã metric,dimension,count;count_distinct,biz,
gold,finance_fact_ratios,metric_name,varchar,1,,,Tên đầy đủ mang tính diễn giải của chỉ số (Ví dụ: Tỷ suất lợi nhuận trên vốn chủ sở hữu).,True,False,finance,metric_name; metric ; indicator_name ; kpi_name ; name ; tên chỉ số ; tên KPI ; tên metric; chỉ số,dimension,count;count_distinct,biz,
gold,finance_fact_ratios,metric_value,"decimal(18,4)",1,,,Giá trị thực tế của chỉ số tại thời điểm báo cáo (có thể âm/dương),True,False,finance,metric_value; value; metric_result ; kpi_value ; indicator_value; result ; số liệu ; giá trị ; kết quả ; số đo,metric,sum;avg;min;max,biz,
gold,finance_sales_product_revenue,contract_id,varchar,1,,1.0,Mã định danh hợp đồng (giả lập từ dữ liệu nguồn).,True,False,finance,mã hợp đồng;contract id;contract identifier;id hợp đồng;hợp đồng id;contract key,id,count_distinct,biz,
gold,finance_sales_product_revenue,invoice_id,varchar,1,1.0,,Mã định danh hóa đơn (giả lập theo invoice + ngày).,True,False,finance,mã hóa đơn;invoice id;invoice identifier;id hóa đơn;invoice key,id,count_distinct,biz,
gold,finance_sales_product_revenue,invoice_tag,varchar,1,,,"Phân loại nguồn dữ liệu hóa đơn (ALL, SOC).",True,False,dimension,tag,dimension,count;count_distinct,biz,ALL;SOC
gold,finance_sales_product_revenue,invoice_date,timestamp(3),1,,,(Time Key) Ngày phát hành hóa đơn chính thức.,True,False,finance,ngày hóa đơn;invoice date;ngày xuất hóa đơn;billing date,time,none,biz,
gold,finance_sales_product_revenue,invoice_month,bigint,1,,,Tháng của hóa đơn (dạng số).,True,False,finance,tháng hóa đơn;invoice month;tháng phát sinh,time,count,biz,
gold,finance_sales_product_revenue,invoice_type,varchar,1,,,"Loại hóa đơn (HD,...).",True,False,finance,loại hóa đơn;invoice type;loại chứng từ,dimension,count;count_distinct,biz,GT;HD;PB;TT
gold,finance_sales_product_revenue,billing_description,varchar,1,,,Mô tả nội dung tính phí hoặc dịch vụ trong hóa đơn.,True,False,finance,mô tả;description;billing description;nội dung hóa đơn;diễn giải,dimension,count,biz,
gold,finance_sales_product_revenue,revenue_amount,"decimal(18,2)",0,,,Doanh thu gốc chưa bao gồm VAT.,True,False,finance,doanh thu;revenue;net revenue;doanh thu thuần,measure,sum;avg,biz,
gold,finance_sales_product_revenue,revenue_share_amount,"decimal(18,2)",0,,,Giá trị doanh thu sau khi thực hiện các quy tắc phân chia (Share).,True,False,finance,doanh thu chia sẻ;shared revenue;revenue share,measure,sum;avg,biz,
gold,finance_sales_product_revenue,final_revenue_amount,"decimal(18,2)",1,,,(Metric) Doanh thu cuối cùng dùng để tính KPI sau mọi điều chỉnh.,True,False,finance,doanh thu cuối;final revenue;adjusted revenue,measure,sum;avg,biz,
gold,finance_sales_product_revenue,vat_amount,"decimal(18,2)",0,,,Giá trị thuế VAT của hóa đơn.,True,False,finance,vat;thuế;thuế VAT;vat amount,tax,sum,biz,
gold,finance_sales_product_revenue,gross_amount,"decimal(18,2)",1,,,Tổng doanh thu bao gồm VAT.,True,False,finance,tổng tiền;gross;gross revenue;doanh thu gồm VAT,measure,sum,biz,
gold,finance_sales_product_revenue,revenue_recognition_type,varchar,0,,,"Loại ghi nhận doanh thu (1 lần, phân bổ...).",True,False,finance,ghi nhận doanh thu;recognition type;revenue type,dimension,count;count_distinct,biz,
gold,finance_sales_product_revenue,service_category,varchar,1,,,"Nhóm dịch vụ lớn (MSS, Phần mềm, PC...).",True,False,finance,nhóm dịch vụ;service category;service group,dimension,count;count_distinct,biz,Dịch vụ;Dịch vụ ;MSS;PC;Phần mềm
gold,finance_sales_product_revenue,customer_segment_l1,varchar,1,,,Phân loại khách hàng cấp 1 (nội bộ/ngoài/quốc tế).,True,False,finance,khách hàng cấp 1; segment L1; customer segment l1,dimension,count;count_distinct,biz,
gold,finance_sales_product_revenue,revenue_source_name,varchar,1,,,Nguồn doanh thu hoặc loại khách hàng,True,False,finance,loại khách hàng; nguồn doanh thu,dimension,count;count_distinct,biz,
gold,finance_sales_product_revenue,customer_channel,varchar,1,,,Kênh bán hàng hoặc tiếp cận khách hàng.,True,False,finance,kênh khách hàng;channel;sales channel,dimension,count;count_distinct,biz,
gold,finance_sales_product_revenue,company_alias,varchar,1,,,Tên viết tắt / biệt danh công ty,True,False,finance,tên khách hàng;customer name;client name;tên công ty; alias công ty,dimension,count;count_distinct,biz,
gold,finance_sales_product_revenue,customer_segment_l3,varchar,1,,,"Phân khúc khách hàng chiến lược cấp 3 (BFSI, GOV, Quốc tế...).",True,False,finance,phân khúc;segment;customer segment; khách hàng cấp 3; segment L3,dimension,count;count_distinct,biz,BFSI;DNL;GOV;Năng lượng ;Nội bộ;Quốc tế;Tỉnh
gold,finance_sales_product_revenue,department_alias,varchar,1,,,Tên viết tắt / biệt danh phòng ban kinh doanh,True,False,finance,phòng ban kinh doanh; bộ phận kinh doanh,dimension,count;count_distinct,biz,
gold,finance_sales_product_revenue,customer_industry,varchar,1,,,Ngành nghề / nhóm khách hàng.,True,False,finance,ngành nghề; lĩnh vực; nhóm khách hàng,dimension,count;count_distinct,biz,
gold,finance_sales_product_revenue,account_manager,varchar,1,,,Nhân viên quản lý tài khoản chịu trách nhiệm doanh thu này.,True,False,finance,account manager;AM;quản lý khách hàng,dimension,count;count_distinct,biz,
gold,finance_sales_product_revenue,service_name,varchar,1,,,Tên dịch vụ/sản phẩm.,True,False,finance,tên dịch vụ;service name;product name,dimension,count;count_distinct,biz,
gold,finance_sales_product_revenue,revenue_type,varchar,1,,,"Phân loại tăng trưởng: Mới (New), Tái tục (Renew), Bán thêm (Upsell).",True,False,finance,loại doanh thu;revenue type,dimension,count;count_distinct,biz,DT Cũ;DT Renew;DT Upsales;DT cũ;DT cũ ;DT mới;DT mới ;DT renew;DT upsales;Doanh thu upsell;Dt mới;SPDV mới
gold,finance_sales_product_revenue,soc_type,varchar,1,,,Phân loại SOC / non-SOC.,True,False,finance,soc;SOC type,dimension,count;count_distinct,biz,
gold,finance_sales_product_revenue,mss_shared_revenue,varchar,1,,,Cờ xác định doanh thu MSS có chia sẻ hay không.,True,False,finance,mss share;shared revenue flag,dimension,count;count_distinct,biz,
gold,finance_sales_product_revenue,market_scope,varchar,1,,,"Phạm vi thị trường (miền, khu vực).",True,False,finance,thị trường;market scope;region,dimension,count;count_distinct,biz,
gold,finance_sales_product_revenue,service_code,varchar,1,,,Mã dịch vụ/sản phẩm.,True,False,finance,mã dịch vụ;service code;product code,id,count_distinct,biz,
gold,finance_sales_product_revenue,region,varchar,1,,,Khu vực địa lý phát sinh doanh thu (Trong nước & Quốc tế).,True,False,finance,vùng;region;area,dimension,count;count_distinct,biz,Miền bắc;Nam;Nam ;Nhật Bản ;Philippines;Taiwan;Timor-Leste;nan
gold,finance_sales_product_revenue,note,double,1,,,Ghi chú bổ sung.,True,False,finance,note;ghi chú,dimension,count,biz,
gold,finance_sales_product_revenue,current_account_manager,varchar,1,,,Nhân sự quản lý khách hàng hiện tại.,True,False,finance,current AM;account manager,dimension,count;count_distinct,biz,
gold,finance_sales_product_revenue,currency_code,varchar,1,,,"Loại tiền tệ (VND, USD...).",True,False,finance,tiền tệ;currency;currency code,dimension,count;count_distinct,biz,
gold,finance_daily_business_metrics,report_date,timestamp,0,0.0,,"Ngày ghi nhận số liệu tài chính dùng để theo dõi doanh thu, chi phí và lợi nhuận theo thời gian.",True,True,finance,ngày báo cáo;report date;ngày dữ liệu;data date;ngày tài chính;financial date;ngày ghi nhận;record date;ngày giao dịch;transaction date,time,sum;count,biz,
gold,finance_daily_business_metrics,product_category,varchar,1,0.0,,Nhóm sản phẩm hoặc danh mục dịch vụ mà doanh thu hoặc chi phí được ghi nhận.,True,False,finance,nhóm sản phẩm;product category;danh mục sản phẩm;product group;loại sản phẩm;product type;phân loại sản phẩm;product classification,dimension,count;count_distinct,biz,
gold,finance_daily_business_metrics,business_unit_level_1,varchar,1,0.0,,Đơn vị kinh doanh cấp 1 chịu trách nhiệm về doanh thu hoặc chi phí của sản phẩm.,True,False,finance,đơn vị kinh doanh;business unit;khối kinh doanh;business division;bộ phận kinh doanh;sales unit;đơn vị phụ trách;responsible unit,dimension,count;count_distinct,biz,
gold,finance_daily_business_metrics,territory_name,varchar,1,0.0,,Khu vực hoặc thị trường nơi doanh thu hoặc chi phí được ghi nhận.,True,False,finance,khu vực;territory;thị trường;market;vùng kinh doanh;sales region;địa bàn;business territory;vùng địa lý;geographical area,dimension,count;count_distinct,biz,
gold,finance_daily_business_metrics,actual_cost_amount,bigint,1,0.0,,Tổng chi phí thực tế phát sinh cho sản phẩm hoặc dịch vụ trong ngày báo cáo.,True,False,finance,chi phí thực tế;actual cost;chi phí sản xuất;production cost;chi phí vận hành;operating cost;total cost;chi phí thực;real cost,measure,sum;avg;max;min,biz,
gold,finance_daily_business_metrics,allocated_revenue_amount,bigint,1,0.0,,Tổng số tiền doanh thu đã được phân bổ từ khách hàng trong ngày báo cáo.,True,False,finance,tiền thu khách hàng;cash collection;doanh thu đã thu;collected revenue;thu tiền;received payment;tiền thu thực tế;actual collected cash,measure,sum;avg;max;min,biz,
gold,finance_daily_business_metrics,sales_revenue_amount,bigint,1,0.0,,Tổng doanh thu bán hàng được ghi nhận trong ngày báo cáo.,True,False,finance,doanh thu bán hàng;sales revenue;doanh thu;revenue;bán hàng;sales income;doanh số;sales amount,measure,sum;avg;max;min,biz,
gold,finance_daily_business_metrics,planned_revenue_must_amount,bigint,1,0.0,,Kế hoạch doanh thu bắt buộc cần đạt được theo kế hoạch kinh doanh.,True,False,finance,kế hoạch doanh thu bắt buộc;mandatory revenue plan;doanh thu mục tiêu;target revenue;doanh thu kế hoạch;planned revenue;must plan revenue,measure,sum;avg;max;min,biz,
gold,finance_daily_business_metrics,planned_revenue_nice_amount,bigint,1,0.0,,Kế hoạch doanh thu kỳ vọng hoặc mục tiêu mở rộng ngoài mức bắt buộc.,True,False,finance,kế hoạch doanh thu kỳ vọng;nice revenue plan;doanh thu kỳ vọng;expected revenue;doanh thu mục tiêu mở rộng;stretch revenue plan,measure,sum;avg;max;min,biz,
gold,finance_daily_business_metrics,gross_profit_amount,bigint,1,0.0,,Lợi nhuận gộp được tính bằng doanh thu bán hàng trừ đi chi phí thực tế.,True,False,finance,lợi nhuận gộp;gross profit;lợi nhuận trước chi phí khác;gross margin value;profit before overhead;lãi gộp;gross earnings,measure,sum;avg;max;min,biz,
gold,finance_daily_business_metrics,revenue_vs_plan_gap_amount,bigint,1,0.0,,Chênh lệch giữa doanh thu thực thu và kế hoạch doanh thu bắt buộc.,True,False,finance,chênh lệch doanh thu kế hoạch;revenue vs plan gap;khoảng cách doanh thu;revenue gap;thiếu hụt doanh thu;revenue shortfall;vượt kế hoạch doanh thu;revenue surplus,measure,sum;avg;max;min,biz,
gold,hr_master_report,age,integer,1,0.0,,Tuổi của nhân viên tại thời điểm báo cáo.,True,False,hr,tuổi;độ tuổi;age;employee age;tuổi nhân viên;age of employee;age of staff;số năm tuổi;age (years);tuổi hiện tại,dimension,count;count_distinct,hr,
gold,hr_master_report,current_status,varchar,1,0.0,,"Trạng thái hiện tại của nhân viên (ví dụ: đang làm việc, nghỉ phép, thôi việc).",True,False,hr,trạng thái hiện tại; t tình trạng nhân viên; status hiện tại; employee status; current status; trạng thái công việc; tình trạng công việc; status của nhân viên; nhân viên đang ở trạng thái gì; what is the employee's current status,dimension,count;count_distinct,hr,Deactive ; Active ; Nghỉ việc (out chủ động) ; Nghỉ việc (Fresher/SV/CTV) ; Nghỉ việc (VCS cho nghỉ) ; Đang xin nghỉ
gold,hr_master_report,department_level_2,varchar,1,0.0,,Tên cấp 2 của bộ phận hoặc phòng ban trong cấu trúc tổ chức.,True,False,hr,bộ phận cấp 2;phòng ban cấp 2;đơn vị cấp 2;sub-department;second-level department;department level 2;department tier 2;nhóm phòng cấp 2;đơn vị phụ;department subunit,dimension,count;count_distinct,hr,
gold,hr_master_report,division,varchar,1,0.0,,"Division là bộ phận hoặc đơn vị lớn trong công ty, dùng để phân loại nhân viên.",True,False,hr,phòng ban;đơn vị;bộ phận;division;department;business unit;unit;cấp bộ phận;division name;unit name,dimension,count;count_distinct,hr,Khối Kinh doanh ; Khối Sản phẩm ; Khối Cơ quan ; Khối Dịch vụ ; ; Khối Lãnh đạo ; Chương trình Đào tạo
gold,hr_master_report,employee_code,varchar,1,0.0,,Mã định danh duy nhất của mỗi nhân viên trong công ty.,True,False,hr,mã nhân viên;employee code;ID nhân viên;employee ID;staff code;personnel number;mã nhân viên trong hệ thống;employee identifier;mã nhân viên HR;staff identifier,id,count_distinct,hr,
gold,hr_master_report,email_username,varchar,1,0.0,,"Username của email (phần trước dấu @), dùng để định danh người dùng trong hệ thống.",True,False,hr,username;user_name;login_name;account_name;email_prefix;email_local_part;user_handle,id,count_distinct,hr,
gold,hr_master_report,employment_status,varchar,1,0.0,,"Trạng thái hiện tại của nhân viên trong công ty (ví dụ: đang làm việc, nghỉ phép, chấm dứt hợp đồng).",True,False,hr,trạng thái việc làm; t tình trạng công việc; status việc làm; employment status; job status; employee status; tình trạng nhân viên; trạng thái công việc; status công việc; status nhân viên,dimension,count;count_distinct,hr,ACTIVE ; TERMINATED ; PENDING_RESIGN ; INACTIVE
gold,hr_master_report,gender,varchar,1,0.0,,Giới tính của nhân viên.,True,False,hr,giới tính;giới tính nhân viên;giới tính nhân sự;gender;employee gender;staff gender;nam hay nữ;male or female;giới tính của nhân viên,dimension,count;count_distinct,hr,Nam ; Nữ ;
gold,hr_master_report,hire_date,timestamp(3),1,0.0,,Ngày nhân viên bắt đầu làm việc tại công ty.,True,False,hr,ngày tuyển dụng;ngày vào làm;ngày bắt đầu công việc;ngày gia nhập;hire date;date of hire;joining date;start date;khi nào nhân viên được tuyển;khi nhân viên bắt đầu làm việc,time,none,hr,
gold,hr_master_report,is_key_employee_flag,integer,1,0.0,,Cột này cho biết nhân viên có được đánh dấu là nhân viên chủ chốt (quan trọng) hay không.,True,False,hr,nhân viên chủ chốt;key employee flag;đánh dấu nhân viên quan trọng;critical talent indicator;is_key_employee_flag;cờ nhân viên then chốt;nhân viên quan trọng;is key employee;flag nhân viên quan trọng;strategic employee flag,dimension,count;count_distinct,hr,
gold,hr_master_report,job_level,varchar,1,0.0,,"Cấp bậc công việc của nhân viên, thể hiện mức độ vị trí trong tổ chức.",True,False,hr,cấp bậc công việc;job level;position level;job grade;role level;employee level;cấp độ công việc;cấp chức vụ;cấp bậc nhân viên;job position level,dimension,count;count_distinct,hr,Senior ; Quản lý ; Experienced ; Junior ; Fresher ; SV ; Entry ; ; Specialist ; Expert ; CTV ; Teamlead
gold,hr_master_report,management_level,varchar,1,0.0,,Mức độ quản lý của nhân viên trong tổ chức.,True,False,hr,cấp quản lý;cấp bậc quản lý;cấp độ quản lý;management level;managerial level;leadership level;cấp quản trị;org level,dimension,count;count_distinct,hr,; N-2 ; N-1 ; N
gold,hr_master_report,num_cnxs_awards,double,1,0.0,,Số lượng giải thưởng CNXS mà nhân viên đã nhận.,True,False,hr,số giải thưởng CNXS; number of CNXS awards; CNXS awards count; số lần nhận giải CNXS; employee award count; số giải thưởng; award count; số giải công nhận; number of employee awards; số giải thưởng nhân viên,metric,sum;avg;min;max,hr,
gold,hr_master_report,performance_level,varchar,1,0.0,,Mức độ hiệu suất công việc của nhân viên trong kỳ đánh giá.,True,False,hr,cấp độ hiệu suất;đánh giá hiệu suất;hạng mục hiệu suất;performance level;performance rating;employee performance grade;performance score;level hiệu suất;xếp hạng nhân viên;performance tier,dimension,count;count_distinct,hr,HIGH ; MEDIUM ; LOW
gold,hr_master_report,potential_level,varchar,1,0.0,,"Mức độ tiềm năng của nhân viên, phản ánh khả năng phát triển và đóng góp trong tương lai.",True,False,hr,cấp độ tiềm năng;tiềm năng nhân viên;potential level;employee potential;đánh giá tiềm năng;potential rating;tiềm năng nhân sự;potential score,dimension,count;count_distinct,hr,LOW ; HIGH ; MEDIUM
gold,hr_master_report,resignation_reason_group_1,varchar,1,0.0,,"Nhóm lý do chính mà nhân viên nghỉ việc, được phân loại cấp 1.",True,False,hr,lý do nghỉ việc;nhóm lý do nghỉ việc;nguyên nhân nghỉ việc;resignation reason;resignation reason group;group 1 resignation reason;category of resignation reason;động cơ nghỉ việc;nguyên nhân thôi việc;reason for leaving,dimension,count;count_distinct,hr,; Cá nhân ; Gap giữa yêu cầu công việc và mức độ đáp ứng của cá nhân ; Chế độ đãi ngộ ; Fresher/SV/CTV nghỉ việc ; Không gian phát triển ; KQCV không đạt yêu cầu ; Tổ chức công việc và điều kiện làm việc ; Chuyển nội bộ VTGroup ; Cân bằng tải việc và kết quả/ghi nhận/đãi ngộ ; Trực ca kíp 247 ; Chờ nghỉ hưu ; Đặc điểm con người ; Tạm dừng HĐ ; Tương tác nội bộ
gold,hr_master_report,talent_9box_label,varchar,1,0.0,,Nhãn 9-box đánh giá vị trí tài năng của nhân viên dựa trên hiệu suất và tiềm năng.,True,False,hr,nhãn 9-box;đánh giá 9-box;hạng mục 9-box;nhãn tài năng 9-box;phân loại 9-box;9-box label;talent 9-box rating;9-box classification;performance-potential grid label;talent matrix label,dimension,count;count_distinct,hr,High Performers – High Potential ; Unclassified ; Core Contributors ; Strong Performers ; High Potential Talent ; Reliable Contributors
gold,hr_master_report,termination_date,timestamp(3),1,0.0,,Ngày mà nhân viên chấm dứt hợp đồng hoặc rời khỏi công ty.,True,True,hr,ngày nghỉ việc;ngày chấm dứt;ngày thôi việc;ngày kết thúc hợp đồng;ngày rời công ty;termination date;end date;quit date;resignation date;employee exit date,time,none,hr,
gold,hr_master_report,termination_reason,varchar,1,0.0,,Lý do chấm dứt hợp đồng hoặc nghỉ việc của nhân viên.,True,False,hr,lý do nghỉ việc;reason for termination;nguyên nhân chấm dứt;termination reason;nguyên nhân nghỉ việc;cause of leaving;lý do thôi việc;why employee left;động cơ nghỉ việc;termination cause,dimension,count;count_distinct,hr,None ; RESIGN_VOLUNTARY ; RESIGN_INVOLUNTARY ; INTERN_END
gold,hr_master_report,business_unit_level_1,varchar,1,0.0,,Tên cấp 1 của đơn vị tổ chức trong công ty.,True,False,hr,đơn vị cấp 1;đơn vị tổ chức cấp 1;đơn vị;bộ phận cấp 1;đơn vị kinh doanh cấp 1;unit level 1;first level unit;business unit level 1;org unit level 1;cấp độ đơn vị 1,dimension,count;count_distinct,hr,Trung tâm Kinh doanh Miền Bắc ; Trung tâm Dịch vụ An toàn Thông tin ; Trung tâm Kinh doanh và Dịch vụ miền Nam ; Trung tâm Phân tích và chia sẻ nguy cơ an ninh mạng ; Trung tâm Sản phẩm Enterprise ; Trung tâm Sản phẩm Telco ; Trung tâm Giám sát và Phản ứng trên không gian mạng ; Phòng Sản phẩm mới ; Trung tâm Sản xuất và Công nghệ Thông tin ; Phòng Chính trị Nhân sự ; Phòng Tổ chức Hành chính ; Phòng Bán hàng ; Chương trình Đào tạo ; Trung tâm Kinh doanh và Dịch vụ Miền Nam ; Trung tâm Dịch vụ ATTT ; Trung tâm Giám sát & Phản ứng trên không gian mạng ; Phòng Kinh doanh Quốc tế ; Phòng Sản phẩm an ninh viễn thông và quốc phòng ; Phòng Chiến lược Kinh doanh ; Văn phòng ; Phòng Hợp tác SI ; Phòng Tài chính Kế toán ; Phòng Đầu tư ; Phòng Điều hành dự án kinh doanh ; Ban Giám đốc ; Trung tâm Phân tích chia sẻ nguy cơ An ninh mạng ; Phòng Sản phẩm Mass ; Phòng Sản phẩm ứng dụng trí tuệ nhân tạo ; Phòng Sản phẩm MSS ; Phòng Sản phẩm chống tấn công có chủ đích ; Phòng Trải nghiệm khách hàng ; Ban Kiểm soát ; Phòng Đầu tư Pháp chế ; Phòng Kỹ thuật Công nghệ ; Phòng Kế hoạch và quy trình ; Phòng Kinh doanh quốc tế ; Phòng Sản phẩm Next Gen Management
gold,cx_cso_support_tickets,agent_name,varchar,1,0.0,0.0,Tên của nhân viên hỗ trợ xử lý ticket.,True,True,crm,tên agent;người xử lý;support agent;tên nhân viên;nhân viên hỗ trợ,dimension,count;count_distinct,cx_cso,
gold,cx_cso_support_tickets,resolution_time_in_business_hours,float,1,0.0,0.0,Thời gian giải quyết ticket tính theo giờ làm việc.,True,False,crm,thời gian giải quyết;resolution time;giờ làm việc;tổng thời gian xử lý,measure,avg;max;min;sum,cx_cso,
gold,cx_cso_support_tickets,agent_reply_count,int,1,0.0,0.0,Số lần nhân viên hỗ trợ phản hồi trong ticket.,True,False,crm,số lần phản hồi;lượt trả lời;reply count;số lần tương tác,measure,sum;avg;max,cx_cso,
gold,cx_cso_support_tickets,first_response_date,timestamp,1,0.0,0.0,Ngày và giờ phản hồi đầu tiên của nhân viên cho khách hàng.,True,False,crm,ngày phản hồi đầu tiên;lần đầu phản hồi;first response date;thời điểm phản hồi,dimension,count,cx_cso,
gold,cx_cso_support_tickets,due_date_change_count,int,1,0.0,0.0,Số lần thay đổi hạn chót (due date) của ticket.,True,False,crm,số lần đổi hạn;thay đổi deadline;due date changes;gia hạn ticket,measure,sum;avg,cx_cso,
gold,cx_cso_support_tickets,tickets_first_responded_within_sla,boolean,1,0.0,0.0,Đánh dấu ticket có phản hồi đầu tiên nằm trong hạn SLA hay không.,True,False,crm,phản hồi trong hạn;SLA response;đạt SLA phản hồi;within SLA response,dimension,count,cx_cso,
gold,cx_cso_support_tickets,tickets_resolved_within_sla,boolean,1,0.0,0.0,Đánh dấu ticket được giải quyết xong trong thời hạn SLA hay không.,True,False,crm,giải quyết đúng hạn;SLA resolution;đạt SLA xử lý;within SLA resolved,dimension,count,cx_cso,
gold,cx_cso_support_tickets,ttr_time_minutes,int,1,0.0,0.0,Thời gian giải quyết ticket (Time to Resolve) tính bằng phút.,True,False,crm,thời gian xử lý phút;TTR;thời gian đóng ticket;tốc độ xử lý,measure,avg;max;min;sum,cx_cso,
gold,cx_cso_support_tickets,product_category,varchar,1,0.0,0.0,Phân loại sản phẩm/dịch vụ liên quan đến ticket.,True,True,crm,loại sản phẩm;danh mục sản phẩm;product type;nhóm dịch vụ,dimension,count;count_distinct,cx_cso,MSS;VCS-aJiant;VCS-WSG;VCS-CyM;Cloudrity;M-Suite;SOC Platform;VCS-ESG;VCS-TI;VCS-CyCir;TKCG;VCS-NDR;My Safe;Khác;VCS-InT;AntiDDos;VCS-NSM;SI;TAD;SIRC;SE;VCS-F2DR;Content Security;LIG;VAPT (Pentest);VCS-NAC;VCS-KIAN;SDM;VCS-V2S;VCS-AMA;BRG
gold,cx_cso_support_tickets,updated_at,timestamp(3),1,,,Thời gian cập nhật cuối cùng của ticket trong hệ thống.,True,False,crm,thời gian cập nhật;ngày cập nhật;ngày sửa đổi;thời điểm chỉnh sửa;thời gian thay đổi;last updated;update timestamp;modified date;ticket update time;when was the ticket last updated,time,none,cx_cso,
gold,cx_cso_support_tickets,updated_at,timestamp(3),1,,,Thời gian cập nhật cuối cùng của ticket trong hệ thống.,True,False,crm,thời gian cập nhật;ngày cập nhật;ngày sửa đổi;thời điểm chỉnh sửa;thời gian thay đổi;last updated;update timestamp;modified date;ticket update time;when was the ticket last updated,time,none,cx_cso,
gold,cx_cso_support_tickets,customer_segment_l1,varchar,1,,,"Phân khúc khách hàng cấp 1 của giao dịch, thể hiện nhóm thị trường hoặc loại khách hàng chính.",True,False,crm,phân khúc cấp 1;segment L1;segment cấp 1;primary segment;segment level 1;đối tượng khách hàng chính;customer segment level 1;phân khúc chính;segment;segment category,dimension,count;count_distinct,cx_cso,International ; Bộ Quốc phòng ; Nội bộ ; Khách hàng ngoài ; UNKNOWN
gold,cx_cso_support_tickets,customer_segment_l2,varchar,1,,,"Mức phân khúc khách hàng cấp 2 của giao dịch, cho biết nhóm khách hàng hoặc ngành nghề chi tiết hơn.",True,False,crm,phân khúc cấp 2;segment level 2;sub‑segment;segment l2;segment 2;nhóm phân khúc phụ;đối tượng phân khúc chi tiết;segment classification;segment tier 2;cấp độ phân khúc 2,dimension,count;count_distinct,cx_cso,Viettel Global Partner ; Direct / Local Channel ; UNKNOWN ; Khách hàng nội bộ ; Khách hàng ngoài ; Khách hàng SI ngoài ; Khách hàng SI nội bộ
gold,cx_cso_support_tickets,customer_segment_l3,varchar,1,,,"Phân khúc khách hàng cấp 3 của giao dịch, mô tả chi tiết nhóm khách hàng hoặc thị trường mà cơ hội kinh doanh thuộc về.",True,False,crm,phân khúc cấp 3; segment level 3; segment L3; sub‑segment; subcategory; market sub‑segment; chi tiết phân khúc; third level segment; customer segment tier 3; phân khúc chi tiết,dimension,count;count_distinct,cx_cso,UNKNOWN ; DNL ; BFSI ; GOV ; Unname ; Energy ; Province
gold,cx_cso_support_tickets,product_item_type,varchar,1,,,Loại mặt hàng (Product/Service) trong bảng giá.,True,False,crm,loại mặt hàng;item type;kiểu mục;dạng sản phẩm;product type;category of item;pricebook item type;loại sản phẩm;type of item;nhóm mặt hàng,dimension,count;count_distinct,cx_cso,Product ; Service ; None
gold,crm_deals,contract_type,varchar,1,,,Loại hợp đồng mô tả hình thức hoặc nhóm của hợp đồng ký kết với khách hàng.,True,False,crm,loại hợp đồng;kiểu hợp đồng;dạng hợp đồng;hình thức hợp đồng;contract type;contract category;agreement type;type of contract;contract kind;category of contract,dimension,count;count_distinct,crm,Upsales ; New ; Renew
silver,finance_contract_collected_invoices,idd,varchar,1,,,ID bản ghi công nợ.,True,True,finance,id;record id;primary id,master,,biz,
silver,finance_contract_collected_invoices,sales_channel,varchar,1,,,Kênh bán hàng.,True,True,finance,channel;sales channel;kênh bán,dimension,,biz,
silver,finance_contract_collected_invoices,transaction_code,varchar,1,,,Mã giao dịch liên quan hóa đơn.,True,True,finance,transaction;transaction code,master,,biz,
silver,finance_contract_collected_invoices,invoice_number,varchar,1,,,Mã hóa đơn.,True,True,finance,invoice;invoice id;mã hóa đơn,dimension,,biz,
silver,finance_contract_collected_invoices,contract_num,varchar,1,,,Mã hợp đồng.,True,True,finance,contract;contract id;mã hợp đồng,dimension,,biz,
silver,finance_contract_collected_invoices,customer_code,varchar,1,,,Mã khách hàng.,True,True,finance,customer;client;mã khách hàng,dimension,,biz,
silver,finance_contract_collected_invoices,contract_description,varchar,1,,,Mô tả hợp đồng.,True,True,finance,contract description;description;mô tả,master,,biz,
silver,finance_contract_collected_invoices,company_name,varchar,1,,,Tên khách hàng / doanh nghiệp.,True,True,finance,customer name;company;client name,dimension,,biz,
silver,finance_contract_collected_invoices,original_amount,"decimal(18,3)",1,,,Giá trị gốc hóa đơn.,True,True,finance,invoice amount;original amount;giá trị hóa đơn,metric,sum;avg;min;max,biz,
silver,finance_contract_collected_invoices,initial_receivable_amount,"decimal(18,3)",1,,,Công nợ phải thu ban đầu.,True,True,finance,receivable;AR;công nợ ban đầu,metric,sum;avg;min;max,biz,
silver,finance_contract_collected_invoices,total_received_amount,"decimal(18,3)",1,,,Số tiền đã thu.,True,True,finance,collected amount;received;đã thu,metric,sum;avg;min;max,biz,
silver,finance_contract_collected_invoices,remaining_balance_amount,"decimal(18,3)",1,,,Dư nợ còn lại chưa thu.,True,True,finance,outstanding;remaining;balance;dư nợ,metric,sum;avg;min;max,biz,
silver,finance_contract_collected_invoices,invoice_date,timestamp(3),1,,,Ngày xuất hóa đơn.,True,True,finance,invoice date;billing date;ngày hóa đơn,time,,biz,
silver,finance_contract_collected_invoices,payment_deadline,timestamp(3),1,,,Hạn thanh toán.,True,True,finance,due date;deadline;hạn thanh toán,time,,biz,
silver,finance_contract_collected_invoices,payment_date,timestamp(3),1,,,Ngày thanh toán thực tế.,True,True,finance,payment date;paid date;ngày thanh toán,time,,biz,
silver,finance_contract_collected_invoices,overdue_months_numeric,double,1,,,Số tháng quá hạn.,True,True,finance,overdue months;aging months;tháng quá hạn,metric,avg;max,biz,
silver,finance_contract_collected_invoices,overdue_status_enum,varchar,1,,,Trạng thái quá hạn.,True,True,finance,overdue status;aging bucket;trạng thái quá hạn,dimension,,biz,
silver,finance_contract_collected_invoices,am_username,varchar,1,,,Account Manager phụ trách.,True,True,finance,AM;account manager;sales owner,dimension,,biz,
gold,finance_product_revenue_plan,plan_should_amount,"decimal(18,2)",0,,,Doanh thu kế hoạch SHOULD theo từng sản phẩm/dịch vụ,True,False,finance,kế hoạch doanh thu;doanh thu dự kiến;số tiền dự kiến;plan_nice;plan revenue;estimated revenue;budgeted revenue;revenue forecast;doanh thu kế hoạch;planned revenue,metric,sum;avg;min;max,biz,
silver,finance_product_revenue_plan,plan_should_amount,"decimal(18,2)",0,,,Doanh thu kế hoạch SHOULD theo từng sản phẩm/dịch vụ,True,False,finance,kế hoạch doanh thu;doanh thu dự kiến;số tiền dự kiến;plan_nice;plan revenue;estimated revenue;budgeted revenue;revenue forecast;doanh thu kế hoạch;planned revenue,metric,sum;avg;min;max,biz,
silver,crm_expected_revenue,payment_period_start_date,timestamp(3),1,,,Ngày bắt đầu kỳ phân bổ doanh thu/thanh toán,True,False,finance,ngày bắt đầu kỳ thanh toán;ngày bắt đầu phân bổ;payment period start date;period start date;revenue start date;allocation start date;ngày đầu kỳ,time,none,crm,
silver,crm_expected_revenue,payment_period_end_date,timestamp(3),1,,,Ngày kết thúc kỳ phân bổ doanh thu/thanh toán,True,False,finance,ngày kết thúc kỳ thanh toán;ngày kết thúc phân bổ;payment period end date;period end date;revenue end date;allocation end date;ngày cuối kỳ,time,none,crm,
silver,crm_expected_revenue,product_total_value,"decimal(18,2)",1,,,Tổng giá trị của sản phẩm hoặc hạng mục được phân bổ doanh thu,True,False,finance,tổng giá trị sản phẩm;giá trị sản phẩm;product total value;total product value;allocated product value;contract item value;giá trị hợp đồng sản phẩm,metric,sum;avg;min;max,crm,
silver,crm_expected_revenue,payment_index,bigint,1,,,Thứ tự kỳ thanh toán/phân bổ doanh thu của hợp đồng,True,False,finance,kỳ thanh toán;thứ tự kỳ;payment index;payment sequence;allocation index;installment number;revenue period index;payment order,dimension,count;count_distinct,crm,
silver,crm_expected_revenue,used_days,bigint,1,,,Số ngày thực tế được sử dụng để tính doanh thu phân bổ trong kỳ,True,False,finance,số ngày sử dụng;số ngày phân bổ;used days;allocation days;revenue days;payment days;số ngày tính doanh thu,metric,sum;avg;min;max,crm,
silver,crm_expected_revenue,exchange_rate,"decimal(18,2)",1,,,Tỷ giá quy đổi dùng để chuyển đổi giá trị thanh toán sang VND,True,False,finance,tỷ giá;exchange rate;currency exchange rate;conversion rate;fx rate;tỷ giá chuyển đổi;tỷ giá VND,metric,avg;min;max,crm,
silver,crm_expected_revenue,sign_date,timestamp(3),1,,,Ngày ký hợp đồng hoặc xác nhận giao dịch,True,False,crm,ngày ký hợp đồng;ngày ký;sign date;contract sign date;signed date;deal sign date;ngày xác nhận hợp đồng,time,none,crm,
silver,crm_expected_revenue,fac_date,timestamp(3),1,,,Ngày FAC/nghiệm thu hoặc kích hoạt dịch vụ thực tế,True,False,crm,ngày FAC;ngày nghiệm thu;ngày kích hoạt;fac date;acceptance date;activation date;go live date;ngày bàn giao,time,none,crm,
silver,crm_expected_revenue,product_category_index,varchar,1,,,Mã chỉ mục danh mục sản phẩm trong cấu trúc phân bổ hợp đồng,True,False,crm,chỉ mục sản phẩm;product category index;allocation product index;product allocation id;product item index;mã phân loại sản phẩm,dimension,count;count_distinct,crm,
silver,crm_expected_revenue,pricebook_id,varchar,1,,,Mã định danh pricebook hoặc gói sản phẩm áp dụng cho giao dịch,True,False,crm,mã bảng giá;pricebook id;pricebook identifier;pricing package id;catalog id;mã sản phẩm giá;pricing reference,dimension,count;count_distinct,crm,
silver,crm_expected_revenue,contract_number,varchar,1,,,Số hợp đồng thực tế được ghi nhận trong hệ thống hợp đồng,True,False,crm,số hợp đồng;contract number;contract no;agreement number;contract code;mã số hợp đồng;reference contract number,id,count_distinct,crm,
silver,crm_expected_revenue,contract_total_days,bigint,1,,,Tổng số ngày của toàn bộ chu kỳ hợp đồng/phân bổ doanh thu,True,False,finance,tổng số ngày hợp đồng;contract total days;total contract days;allocation duration days;revenue allocation days;số ngày chu kỳ,metric,sum;avg;min;max,crm,
silver,crm_expected_revenue,revenue_type,varchar,1,,,Loại doanh thu được ghi nhận: doanh thu thực tế hoặc doanh thu dự báo,True,False,finance,loại doanh thu;revenue type;actual revenue;forecast revenue;doanh thu thực tế;doanh thu dự báo;revenue classification,dimension,count;count_distinct,crm,'Actual_revenue' ; 'Forecast_revenue'
silver,finance_allocated_revenue,report_year,integer,1,,,"Năm ghi nhận doanh thu, được lấy từ report_date.",True,False,finance,năm báo cáo;năm ghi nhận;report year;revenue year;year,time,none,biz,
silver,finance_allocated_revenue,report_month,integer,1,,,"Tháng ghi nhận doanh thu, được lấy từ report_date.",True,False,finance,tháng báo cáo;tháng ghi nhận;report month;revenue month;month,time,none,biz,
silver,finance_allocated_revenue,deal_id,varchar,1,,,Mã cơ hội bán hàng/deal trong CRM dùng để truy vết nguồn doanh thu phân bổ.,True,True,sales,mã deal;deal id;crm deal id;opportunity id;mã cơ hội bán hàng,dimension,count;count_distinct,biz,
silver,finance_allocated_revenue,update_at,timestamp(3),1,,,Thời điểm dữ liệu doanh thu phân bổ được xử lý/cập nhật vào bảng.,True,False,finance,thời điểm cập nhật;ngày cập nhật;update time;updated at;etl time;processing time,time,none,biz,
silver,finance_allocated_revenue,currency_amount,"decimal(18,2)",1,,,"Giá trị doanh thu theo nguyên tệ của từng kỳ, được phân bổ theo số ngày thực tế used_days. Kỳ cuối nhận phần còn lại để tổng các kỳ bằng đúng tổng giá trị phân bổ.",True,True,finance,số tiền nguyên tệ;currency amount;foreign currency amount;amount before conversion;giá trị nguyên tệ,metric,sum;avg;min;max,biz,
silver,finance_allocated_revenue,is_actual,boolean,1,,,Cho biết kỳ doanh thu đã đến thời điểm ghi nhận thực tế hay chưa. TRUE nếu report_date nhỏ hơn hoặc bằng ngày xử lý dữ liệu.,True,False,finance,doanh thu thực tế;actual flag;is actual;đã phát sinh;đã đến hạn ghi nhận,dimension,count;count_distinct,biz,
silver,finance_allocated_revenue,due_date,timestamp(3),1,,,"Ngày đến hạn/kết thúc hợp đồng lấy từ CRM, dùng để tham chiếu thông tin hợp đồng, không dùng để tính số kỳ phân bổ doanh thu.",True,False,finance,ngày đến hạn;ngày hết hạn;due date;contract due date;expire date;ngày kết thúc hợp đồng,time,none,biz,
silver,finance_allocated_revenue,deployment_type,varchar,1,,,Loại hình triển khai hoặc hình thức cung cấp dịch vụ/sản phẩm của khoản doanh thu.,True,False,product,loại triển khai;deployment type;implementation type;service deployment;hình thức triển khai,dimension,count;count_distinct,biz,
silver,finance_allocated_revenue,pricebook_id,varchar,1,,,Mã pricebook hoặc mã định danh sản phẩm/dịch vụ trong bảng giá CRM.,True,False,product,mã pricebook;pricebook id;product pricebook id;mã bảng giá;mã sản phẩm trong bảng giá,dimension,count;count_distinct,biz,
silver,finance_allocated_revenue,is_recurring,boolean,1,,,Cho biết doanh thu có tính chất định kỳ/lặp lại hay không.,True,False,finance,doanh thu định kỳ;recurring revenue;is recurring;recurrent revenue;doanh thu lặp lại,dimension,count;count_distinct,biz,
silver,finance_allocated_revenue,product_index,varchar,1,,,Mã thứ tự hoặc mã định danh sản phẩm sau khi chuẩn hóa từ dữ liệu CRM.,True,False,product,chỉ mục sản phẩm;product index;product id normalized;mã sản phẩm,dimension,count;count_distinct,biz,
silver,finance_allocated_revenue,customer_id,varchar,1,,,Mã định danh khách hàng/công ty trong CRM.,True,True,finance,mã khách hàng;customer id;company id;account id;mã công ty,dimension,count;count_distinct,biz,
silver,finance_allocated_revenue,customer_name,varchar,1,,,Tên khách hàng/công ty phát sinh doanh thu phân bổ.,True,True,finance,tên khách hàng;customer name;company name;tên công ty;client name,dimension,count;count_distinct,biz,
silver,finance_allocated_revenue,customer_group,varchar,1,,,Nhóm khách hàng của công ty trong CRM.,True,False,finance,nhóm khách hàng;customer group;client group;phân nhóm khách hàng,dimension,count;count_distinct,biz,
silver,finance_allocated_revenue,product_category_index,varchar,1,,,"Mã danh mục sản phẩm gốc từ CRM allocation, giữ nguyên raw id như 8-1, 8-2 để truy vết chi tiết allocation.",True,False,product,mã danh mục sản phẩm;product category index;allocation product id;raw product id;mã allocation sản phẩm,dimension,count;count_distinct,biz,
silver,finance_allocated_revenue,contract_id,varchar,1,,,Mã hợp đồng liên quan đến khoản doanh thu phân bổ.,True,True,finance,mã hợp đồng;contract id;contract number;số hợp đồng,dimension,count;count_distinct,biz,
silver,finance_allocated_revenue,payment_index,bigint,1,,,"Thứ tự kỳ phân bổ doanh thu. Nếu hợp đồng bắt đầu giữa tháng, số kỳ thực tế có thể lớn hơn period_number do phát sinh kỳ partial.",True,False,finance,thứ tự kỳ;kỳ thanh toán;payment index;period index;revenue allocation period,dimension,count;count_distinct,biz,
silver,finance_allocated_revenue,contract_allocation_id,varchar,1,,,"Khóa định danh allocation gốc từ CRM contract allocations, dùng để truy vết toàn bộ các kỳ doanh thu phát sinh từ cùng một allocation.",True,True,finance,mã allocation;contract allocation id;allocation id;mã phân bổ hợp đồng,dimension,count;count_distinct,biz,
silver,crm_committed_revenue,report_year,integer,1,,,"Năm ghi nhận doanh thu, được lấy từ report_date.",True,False,finance,năm báo cáo;năm ghi nhận;report year;revenue year;year,time,none,crm,
silver,crm_committed_revenue,report_month,integer,1,,,"Tháng ghi nhận doanh thu, được lấy từ report_date.",True,False,finance,tháng báo cáo;tháng ghi nhận;report month;revenue month;month,time,none,crm,
silver,crm_committed_revenue,deal_id,varchar,1,,,Mã cơ hội bán hàng/deal trong CRM dùng để truy vết nguồn doanh thu phân bổ.,True,True,sales,mã deal;deal id;crm deal id;opportunity id;mã cơ hội bán hàng,dimension,count;count_distinct,crm,
silver,crm_committed_revenue,update_at,timestamp(3),1,,,Thời điểm dữ liệu doanh thu phân bổ được xử lý/cập nhật vào bảng.,True,False,finance,thời điểm cập nhật;ngày cập nhật;update time;updated at;etl time;processing time,time,none,crm,
silver,crm_committed_revenue,currency_amount,"decimal(18,2)",1,,,"Giá trị doanh thu theo nguyên tệ của từng kỳ, được phân bổ theo số ngày thực tế used_days. Kỳ cuối nhận phần còn lại để tổng các kỳ bằng đúng tổng giá trị phân bổ.",True,True,finance,số tiền nguyên tệ;currency amount;foreign currency amount;amount before conversion;giá trị nguyên tệ,metric,sum;avg;min;max,crm,
silver,crm_committed_revenue,is_actual,boolean,1,,,Cho biết kỳ doanh thu đã đến thời điểm ghi nhận thực tế hay chưa. TRUE nếu report_date nhỏ hơn hoặc bằng ngày xử lý dữ liệu.,True,False,finance,doanh thu thực tế;actual flag;is actual;đã phát sinh;đã đến hạn ghi nhận,dimension,count;count_distinct,crm,
silver,crm_committed_revenue,due_date,timestamp(3),1,,,"Ngày đến hạn/kết thúc hợp đồng lấy từ CRM, dùng để tham chiếu thông tin hợp đồng, không dùng để tính số kỳ phân bổ doanh thu.",True,False,finance,ngày đến hạn;ngày hết hạn;due date;contract due date;expire date;ngày kết thúc hợp đồng,time,none,crm,
silver,crm_committed_revenue,deployment_type,varchar,1,,,Loại hình triển khai hoặc hình thức cung cấp dịch vụ/sản phẩm của khoản doanh thu.,True,False,product,loại triển khai;deployment type;implementation type;service deployment;hình thức triển khai,dimension,count;count_distinct,crm,
silver,crm_committed_revenue,pricebook_id,varchar,1,,,Mã pricebook hoặc mã định danh sản phẩm/dịch vụ trong bảng giá CRM.,True,False,product,mã pricebook;pricebook id;product pricebook id;mã bảng giá;mã sản phẩm trong bảng giá,dimension,count;count_distinct,crm,
silver,crm_committed_revenue,is_recurring,boolean,1,,,Cho biết doanh thu có tính chất định kỳ/lặp lại hay không.,True,False,finance,doanh thu định kỳ;recurring revenue;is recurring;recurrent revenue;doanh thu lặp lại,dimension,count;count_distinct,crm,
silver,crm_committed_revenue,product_index,varchar,1,,,Mã thứ tự hoặc mã định danh sản phẩm sau khi chuẩn hóa từ dữ liệu CRM.,True,False,product,chỉ mục sản phẩm;product index;product id normalized;mã sản phẩm,dimension,count;count_distinct,crm,
silver,crm_committed_revenue,customer_id,varchar,1,,,Mã định danh khách hàng/công ty trong CRM.,True,True,finance,mã khách hàng;customer id;company id;account id;mã công ty,dimension,count;count_distinct,crm,
silver,crm_committed_revenue,customer_name,varchar,1,,,Tên khách hàng/công ty phát sinh doanh thu phân bổ.,True,True,finance,tên khách hàng;customer name;company name;tên công ty;client name,dimension,count;count_distinct,crm,
silver,crm_committed_revenue,customer_group,varchar,1,,,Nhóm khách hàng của công ty trong CRM.,True,False,finance,nhóm khách hàng;customer group;client group;phân nhóm khách hàng,dimension,count;count_distinct,crm,
silver,crm_committed_revenue,product_category_index,varchar,1,,,"Mã danh mục sản phẩm gốc từ CRM allocation, giữ nguyên raw id như 8-1, 8-2 để truy vết chi tiết allocation.",True,False,product,mã danh mục sản phẩm;product category index;allocation product id;raw product id;mã allocation sản phẩm,dimension,count;count_distinct,crm,
silver,crm_committed_revenue,contract_id,varchar,1,,,Mã hợp đồng liên quan đến khoản doanh thu phân bổ.,True,True,finance,mã hợp đồng;contract id;contract number;số hợp đồng,dimension,count;count_distinct,crm,
silver,crm_committed_revenue,payment_index,bigint,1,,,"Thứ tự kỳ phân bổ doanh thu. Nếu hợp đồng bắt đầu giữa tháng, số kỳ thực tế có thể lớn hơn period_number do phát sinh kỳ partial.",True,False,finance,thứ tự kỳ;kỳ thanh toán;payment index;period index;revenue allocation period,dimension,count;count_distinct,crm,
silver,crm_committed_revenue,contract_allocation_id,varchar,1,,,"Khóa định danh allocation gốc từ CRM contract allocations, dùng để truy vết toàn bộ các kỳ doanh thu phát sinh từ cùng một allocation.",True,True,finance,mã allocation;contract allocation id;allocation id;mã phân bổ hợp đồng,dimension,count;count_distinct,crm,
